Country Name,Supply Plan Bucket Description,L5 - Product,Review Status - Inventory,Review Status - Supply Plan,DataMeasure,Scenario,Period,Value
Kenya,MOH Supply Plan,"Medroxyprogesterone Acetate 104 mg/0.65 mL, Subcutaneous, Pre-Filled Device",Ready to Use Approved,Ready to Use Approved,Monthly Consumption,Base,2026-02,96927.0
Kenya,MOH Supply Plan,"Medroxyprogesterone Acetate 104 mg/0.65 mL, Subcutaneous, Pre-Filled Device",Ready to Use Approved,Ready to Use Approved,Monthly Consumption,Base,2026-03,117253.0
Kenya,MOH Supply Plan,"Medroxyprogesterone Acetate 104 mg/0.65 mL, Subcutaneous, Pre-Filled Device",Ready to Use Approved,Ready to Use Approved,Monthly Consumption,Base,2026-04,116106.0
Kenya,MOH Supply Plan,"Medroxyprogesterone Acetate 104 mg/0.65 mL, Subcutaneous, Pre-Filled Device",Ready to Use Approved,Ready to Use Approved,Monthly Consumption,Base,2026-05,116106.0
Kenya,MOH Supply Plan,"Medroxyprogesterone Acetate 104 mg/0.65 mL, Subcutaneous, Pre-Filled Device",Ready to Use Approved,Ready to Use Approved,Monthly Consumption,Base,2026-06,116106.0
Kenya,MOH Supply Plan,"Medroxyprogesterone Acetate 104 mg/0.65 mL, Subcutaneous, Pre-Filled Device",Ready to Use Approved,Ready to Use Approved,Monthly Consumption,Base,2026-07,118660.0
Kenya,MOH Supply Plan,"Medroxyprogesterone Acetate 104 mg/0.65 mL, Subcutaneous, Pre-Filled Device",Ready to Use Approved,Ready to Use Approved,Monthly Consumption,Base,2026-08,118660.0
Kenya,MOH Supply Plan,"Medroxyprogesterone Acetate 104 mg/0.65 mL, Subcutaneous, Pre-Filled Device",Ready to Use Approved,Ready to Use Approved,Monthly Consumption,Base,2026-09,118660.0
Kenya,MOH Supply Plan,"Medroxyprogesterone Acetate 104 mg/0.65 mL, Subcutaneous, Pre-Filled Device",Ready to Use Approved,Ready to Use Approved,Monthly Consumption,Base,2026-10,118660.0
Kenya,MOH Supply Plan,"Medroxyprogesterone Acetate 104 mg/0.65 mL, Subcutaneous, Pre-Filled Device",Ready to Use Approved,Ready to Use Approved,Monthly Consumption,Base,2026-11,118660.0
Kenya,MOH Supply Plan,"Medroxyprogesterone Acetate 104 mg/0.65 mL, Subcutaneous, Pre-Filled Device",Ready to Use Approved,Ready to Use Approved,Monthly Consumption,Base,2026-12,118660.0
Kenya,MOH Supply Plan,"Medroxyprogesterone Acetate 104 mg/0.65 mL, Subcutaneous, Pre-Filled Device",Ready to Use Approved,Ready to Use Approved,Monthly Consumption,Base,2027-01,118660.0
Kenya,MOH Supply Plan,"Medroxyprogesterone Acetate 104 mg/0.65 mL, Subcutaneous, Pre-Filled Device",Ready to Use Approved,Ready to Use Approved,Monthly Consumption,Base,2027-02,118660.0
Kenya,MOH Supply Plan,"Medroxyprogesterone Acetate 104 mg/0.65 mL, Subcutaneous, Pre-Filled Device",Ready to Use Approved,Ready to Use Approved,Monthly Consumption,Base,2027-03,118660.0
Kenya,MOH Supply Plan,"Medroxyprogesterone Acetate 104 mg/0.65 mL, Subcutaneous, Pre-Filled Device",Ready to Use Approved,Ready to Use Approved,Monthly Consumption,Base,2027-04,118660.0
Kenya,MOH Supply Plan,"Medroxyprogesterone Acetate 104 mg/0.65 mL, Subcutaneous, Pre-Filled Device",Ready to Use Approved,Ready to Use Approved,Monthly Consumption,Base,2027-05,118660.0
Kenya,MOH Supply Plan,"Medroxyprogesterone Acetate 104 mg/0.65 mL, Subcutaneous, Pre-Filled Device",Ready to Use Approved,Ready to Use Approved,Monthly Consumption,Base,2027-06,118660.0
Kenya,MOH Supply Plan,"Medroxyprogesterone Acetate 104 mg/0.65 mL, Subcutaneous, Pre-Filled Device",Ready to Use Approved,Ready to Use Approved,Monthly Consumption,Base,2027-07,121271.0
Kenya,MOH Supply Plan,"Medroxyprogesterone Acetate 104 mg/0.65 mL, Subcutaneous, Pre-Filled Device",Ready to Use Approved,Ready to Use Approved,Monthly Consumption,Base,2027-08,121271.0
Kenya,MOH Supply Plan,"Medroxyprogesterone Acetate 104 mg/0.65 mL, Subcutaneous, Pre-Filled Device",Ready to Use Approved,Ready to Use Approved,Monthly Consumption,Base,2027-09,121271.0
Kenya,MOH Supply Plan,"Medroxyprogesterone Acetate 104 mg/0.65 mL, Subcutaneous, Pre-Filled Device",Ready to Use Approved,Ready to Use Approved,Monthly Consumption,Base,2027-10,121271.0
Kenya,MOH Supply Plan,"Medroxyprogesterone Acetate 104 mg/0.65 mL, Subcutaneous, Pre-Filled Device",Ready to Use Approved,Ready to Use Approved,Monthly Consumption,Base,2027-11,121271.0
Kenya,MOH Supply Plan,"Medroxyprogesterone Acetate 104 mg/0.65 mL, Subcutaneous, Pre-Filled Device",Ready to Use Approved,Ready to Use Approved,Monthly Consumption,Base,2027-12,121271.0
Kenya,MOH Supply Plan,"Medroxyprogesterone Acetate 104 mg/0.65 mL, Subcutaneous, Pre-Filled Device",Ready to Use Approved,Ready to Use Approved,Monthly Consumption,Base,2028-01,121271.0
Kenya,MOH Supply Plan,"Medroxyprogesterone Acetate 104 mg/0.65 mL, Subcutaneous, Pre-Filled Device",Ready to Use Approved,Ready to Use Approved,Monthly Consumption,Base,2028-02,121271.0
Kenya,MOH Supply Plan,"Medroxyprogesterone Acetate 104 mg/0.65 mL, Subcutaneous, Pre-Filled Device",Ready to Use Approved,Ready to Use Approved,Monthly Consumption,Base,2028-03,121271.0
Kenya,MOH Supply Plan,"Medroxyprogesterone Acetate 104 mg/0.65 mL, Subcutaneous, Pre-Filled Device",Ready to Use Approved,Ready to Use Approved,Monthly Consumption,Base,2028-04,121271.0
Kenya,MOH Supply Plan,"Medroxyprogesterone Acetate 104 mg/0.65 mL, Subcutaneous, Pre-Filled Device",Ready to Use Approved,Ready to Use Approved,Monthly Consumption,Base,2028-05,121271.0
Kenya,MOH Supply Plan,"Medroxyprogesterone Acetate 104 mg/0.65 mL, Subcutaneous, Pre-Filled Device",Ready to Use Approved,Ready to Use Approved,Monthly Consumption,Base,2028-06,121271.0
Kenya,MOH Supply Plan,"Medroxyprogesterone Acetate 104 mg/0.65 mL, Subcutaneous, Pre-Filled Device",Ready to Use Approved,Ready to Use Approved,Prev. Monthly Consumption,Base,2026-02,116106.0
Kenya,MOH Supply Plan,"Medroxyprogesterone Acetate 104 mg/0.65 mL, Subcutaneous, Pre-Filled Device",Ready to Use Approved,Ready to Use Approved,Prev. Monthly Consumption,Base,2026-03,116106.0
Kenya,MOH Supply Plan,"Medroxyprogesterone Acetate 104 mg/0.65 mL, Subcutaneous, Pre-Filled Device",Ready to Use Approved,Ready to Use Approved,Prev. Monthly Consumption,Base,2026-04,116106.0
Kenya,MOH Supply Plan,"Medroxyprogesterone Acetate 104 mg/0.65 mL, Subcutaneous, Pre-Filled Device",Ready to Use Approved,Ready to Use Approved,Prev. Monthly Consumption,Base,2026-05,116106.0
Kenya,MOH Supply Plan,"Medroxyprogesterone Acetate 104 mg/0.65 mL, Subcutaneous, Pre-Filled Device",Ready to Use Approved,Ready to Use Approved,Prev. Monthly Consumption,Base,2026-06,116106.0
Kenya,MOH Supply Plan,"Medroxyprogesterone Acetate 104 mg/0.65 mL, Subcutaneous, Pre-Filled Device",Ready to Use Approved,Ready to Use Approved,Prev. Monthly Consumption,Base,2026-07,118660.0
Kenya,MOH Supply Plan,"Medroxyprogesterone Acetate 104 mg/0.65 mL, Subcutaneous, Pre-Filled Device",Ready to Use Approved,Ready to Use Approved,Prev. Monthly Consumption,Base,2026-08,118660.0
Kenya,MOH Supply Plan,"Medroxyprogesterone Acetate 104 mg/0.65 mL, Subcutaneous, Pre-Filled Device",Ready to Use Approved,Ready to Use Approved,Prev. Monthly Consumption,Base,2026-09,118660.0
Kenya,MOH Supply Plan,"Medroxyprogesterone Acetate 104 mg/0.65 mL, Subcutaneous, Pre-Filled Device",Ready to Use Approved,Ready to Use Approved,Prev. Monthly Consumption,Base,2026-10,118660.0
Kenya,MOH Supply Plan,"Medroxyprogesterone Acetate 104 mg/0.65 mL, Subcutaneous, Pre-Filled Device",Ready to Use Approved,Ready to Use Approved,Prev. Monthly Consumption,Base,2026-11,118660.0
Kenya,MOH Supply Plan,"Medroxyprogesterone Acetate 104 mg/0.65 mL, Subcutaneous, Pre-Filled Device",Ready to Use Approved,Ready to Use Approved,Prev. Monthly Consumption,Base,2026-12,118660.0
Kenya,MOH Supply Plan,"Medroxyprogesterone Acetate 104 mg/0.65 mL, Subcutaneous, Pre-Filled Device",Ready to Use Approved,Ready to Use Approved,Prev. Monthly Consumption,Base,2027-01,118660.0
Kenya,MOH Supply Plan,"Medroxyprogesterone Acetate 104 mg/0.65 mL, Subcutaneous, Pre-Filled Device",Ready to Use Approved,Ready to Use Approved,Prev. Monthly Consumption,Base,2027-02,118660.0
Kenya,MOH Supply Plan,"Medroxyprogesterone Acetate 104 mg/0.65 mL, Subcutaneous, Pre-Filled Device",Ready to Use Approved,Ready to Use Approved,Prev. Monthly Consumption,Base,2027-03,118660.0
Kenya,MOH Supply Plan,"Medroxyprogesterone Acetate 104 mg/0.65 mL, Subcutaneous, Pre-Filled Device",Ready to Use Approved,Ready to Use Approved,Prev. Monthly Consumption,Base,2027-04,118660.0
Kenya,MOH Supply Plan,"Medroxyprogesterone Acetate 104 mg/0.65 mL, Subcutaneous, Pre-Filled Device",Ready to Use Approved,Ready to Use Approved,Prev. Monthly Consumption,Base,2027-05,118660.0
Kenya,MOH Supply Plan,"Medroxyprogesterone Acetate 104 mg/0.65 mL, Subcutaneous, Pre-Filled Device",Ready to Use Approved,Ready to Use Approved,Prev. Monthly Consumption,Base,2027-06,118660.0
Kenya,MOH Supply Plan,"Medroxyprogesterone Acetate 104 mg/0.65 mL, Subcutaneous, Pre-Filled Device",Ready to Use Approved,Ready to Use Approved,Prev. Monthly Consumption,Base,2027-07,121271.0
Kenya,MOH Supply Plan,"Medroxyprogesterone Acetate 104 mg/0.65 mL, Subcutaneous, Pre-Filled Device",Ready to Use Approved,Ready to Use Approved,Prev. Monthly Consumption,Base,2027-08,121271.0
Kenya,MOH Supply Plan,"Medroxyprogesterone Acetate 104 mg/0.65 mL, Subcutaneous, Pre-Filled Device",Ready to Use Approved,Ready to Use Approved,Prev. Monthly Consumption,Base,2027-09,121271.0
Kenya,MOH Supply Plan,"Medroxyprogesterone Acetate 104 mg/0.65 mL, Subcutaneous, Pre-Filled Device",Ready to Use Approved,Ready to Use Approved,Prev. Monthly Consumption,Base,2027-10,121271.0
Kenya,MOH Supply Plan,"Medroxyprogesterone Acetate 104 mg/0.65 mL, Subcutaneous, Pre-Filled Device",Ready to Use Approved,Ready to Use Approved,Prev. Monthly Consumption,Base,2027-11,121271.0
Kenya,MOH Supply Plan,"Medroxyprogesterone Acetate 104 mg/0.65 mL, Subcutaneous, Pre-Filled Device",Ready to Use Approved,Ready to Use Approved,Prev. Monthly Consumption,Base,2027-12,121271.0
Kenya,MOH Supply Plan,"Medroxyprogesterone Acetate 104 mg/0.65 mL, Subcutaneous, Pre-Filled Device",Ready to Use Approved,Ready to Use Approved,Prev. Monthly Consumption,Base,2028-01,121271.0
Kenya,MOH Supply Plan,"Medroxyprogesterone Acetate 104 mg/0.65 mL, Subcutaneous, Pre-Filled Device",Ready to Use Approved,Ready to Use Approved,Prev. Monthly Consumption,Base,2028-02,121271.0
Kenya,MOH Supply Plan,"Medroxyprogesterone Acetate 104 mg/0.65 mL, Subcutaneous, Pre-Filled Device",Ready to Use Approved,Ready to Use Approved,Prev. Monthly Consumption,Base,2028-03,121271.0
Kenya,MOH Supply Plan,"Medroxyprogesterone Acetate 104 mg/0.65 mL, Subcutaneous, Pre-Filled Device",Ready to Use Approved,Ready to Use Approved,Prev. Monthly Consumption,Base,2028-04,121271.0
Kenya,MOH Supply Plan,"Medroxyprogesterone Acetate 104 mg/0.65 mL, Subcutaneous, Pre-Filled Device",Ready to Use Approved,Ready to Use Approved,Prev. Monthly Consumption,Base,2028-05,121271.0
Kenya,MOH Supply Plan,"Medroxyprogesterone Acetate 104 mg/0.65 mL, Subcutaneous, Pre-Filled Device",Ready to Use Approved,Ready to Use Approved,Prev. Monthly Consumption,Base,2028-06,121271.0
Kenya,MOH Supply Plan,"Medroxyprogesterone Acetate 104 mg/0.65 mL, Subcutaneous, Pre-Filled Device",Ready to Use Approved,Ready to Use Approved,Supply Plan Inventory,Base,2026-02,751662.0
Kenya,MOH Supply Plan,"Medroxyprogesterone Acetate 104 mg/0.65 mL, Subcutaneous, Pre-Filled Device",Ready to Use Approved,Ready to Use Approved,Supply Plan Inventory,Base,2026-03,686518.0
Kenya,MOH Supply Plan,"Medroxyprogesterone Acetate 104 mg/0.65 mL, Subcutaneous, Pre-Filled Device",Ready to Use Approved,Ready to Use Approved,Supply Plan Inventory,Base,2026-04,570412.0
Kenya,MOH Supply Plan,"Medroxyprogesterone Acetate 104 mg/0.65 mL, Subcutaneous, Pre-Filled Device",Ready to Use Approved,Ready to Use Approved,Supply Plan Inventory,Base,2026-05,454306.0
Kenya,MOH Supply Plan,"Medroxyprogesterone Acetate 104 mg/0.65 mL, Subcutaneous, Pre-Filled Device",Ready to Use Approved,Ready to Use Approved,Supply Plan Inventory,Base,2026-06,338200.0
Kenya,MOH Supply Plan,"Medroxyprogesterone Acetate 104 mg/0.65 mL, Subcutaneous, Pre-Filled Device",Ready to Use Approved,Ready to Use Approved,Supply Plan Inventory,Base,2026-07,219540.0
Kenya,MOH Supply Plan,"Medroxyprogesterone Acetate 104 mg/0.65 mL, Subcutaneous, Pre-Filled Device",Ready to Use Approved,Ready to Use Approved,Supply Plan Inventory,Base,2026-08,2827380.0
Kenya,MOH Supply Plan,"Medroxyprogesterone Acetate 104 mg/0.65 mL, Subcutaneous, Pre-Filled Device",Ready to Use Approved,Ready to Use Approved,Supply Plan Inventory,Base,2026-09,2708720.0
Kenya,MOH Supply Plan,"Medroxyprogesterone Acetate 104 mg/0.65 mL, Subcutaneous, Pre-Filled Device",Ready to Use Approved,Ready to Use Approved,Supply Plan Inventory,Base,2026-10,2590060.0
Kenya,MOH Supply Plan,"Medroxyprogesterone Acetate 104 mg/0.65 mL, Subcutaneous, Pre-Filled Device",Ready to Use Approved,Ready to Use Approved,Supply Plan Inventory,Base,2026-11,2471400.0
Kenya,MOH Supply Plan,"Medroxyprogesterone Acetate 104 mg/0.65 mL, Subcutaneous, Pre-Filled Device",Ready to Use Approved,Ready to Use Approved,Supply Plan Inventory,Base,2026-12,2352740.0
Kenya,MOH Supply Plan,"Medroxyprogesterone Acetate 104 mg/0.65 mL, Subcutaneous, Pre-Filled Device",Ready to Use Approved,Ready to Use Approved,Supply Plan Inventory,Base,2027-01,2234080.0
Kenya,MOH Supply Plan,"Medroxyprogesterone Acetate 104 mg/0.65 mL, Subcutaneous, Pre-Filled Device",Ready to Use Approved,Ready to Use Approved,Supply Plan Inventory,Base,2027-02,2847820.0
Kenya,MOH Supply Plan,"Medroxyprogesterone Acetate 104 mg/0.65 mL, Subcutaneous, Pre-Filled Device",Ready to Use Approved,Ready to Use Approved,Supply Plan Inventory,Base,2027-03,2729160.0
Kenya,MOH Supply Plan,"Medroxyprogesterone Acetate 104 mg/0.65 mL, Subcutaneous, Pre-Filled Device",Ready to Use Approved,Ready to Use Approved,Supply Plan Inventory,Base,2027-04,2610500.0
Kenya,MOH Supply Plan,"Medroxyprogesterone Acetate 104 mg/0.65 mL, Subcutaneous, Pre-Filled Device",Ready to Use Approved,Ready to Use Approved,Supply Plan Inventory,Base,2027-05,2491840.0
Kenya,MOH Supply Plan,"Medroxyprogesterone Acetate 104 mg/0.65 mL, Subcutaneous, Pre-Filled Device",Ready to Use Approved,Ready to Use Approved,Supply Plan Inventory,Base,2027-06,2373180.0
Kenya,MOH Supply Plan,"Medroxyprogesterone Acetate 104 mg/0.65 mL, Subcutaneous, Pre-Filled Device",Ready to Use Approved,Ready to Use Approved,Supply Plan Inventory,Base,2027-07,2251909.0
Kenya,MOH Supply Plan,"Medroxyprogesterone Acetate 104 mg/0.65 mL, Subcutaneous, Pre-Filled Device",Ready to Use Approved,Ready to Use Approved,Supply Plan Inventory,Base,2027-08,2889638.0
Kenya,MOH Supply Plan,"Medroxyprogesterone Acetate 104 mg/0.65 mL, Subcutaneous, Pre-Filled Device",Ready to Use Approved,Ready to Use Approved,Supply Plan Inventory,Base,2027-09,2768367.0
Kenya,MOH Supply Plan,"Medroxyprogesterone Acetate 104 mg/0.65 mL, Subcutaneous, Pre-Filled Device",Ready to Use Approved,Ready to Use Approved,Supply Plan Inventory,Base,2027-10,2647096.0
Kenya,MOH Supply Plan,"Medroxyprogesterone Acetate 104 mg/0.65 mL, Subcutaneous, Pre-Filled Device",Ready to Use Approved,Ready to Use Approved,Supply Plan Inventory,Base,2027-11,2525825.0
Kenya,MOH Supply Plan,"Medroxyprogesterone Acetate 104 mg/0.65 mL, Subcutaneous, Pre-Filled Device",Ready to Use Approved,Ready to Use Approved,Supply Plan Inventory,Base,2027-12,2404554.0
Kenya,MOH Supply Plan,"Medroxyprogesterone Acetate 104 mg/0.65 mL, Subcutaneous, Pre-Filled Device",Ready to Use Approved,Ready to Use Approved,Supply Plan Inventory,Base,2028-01,2283283.0
Kenya,MOH Supply Plan,"Medroxyprogesterone Acetate 104 mg/0.65 mL, Subcutaneous, Pre-Filled Device",Ready to Use Approved,Ready to Use Approved,Supply Plan Inventory,Base,2028-02,2910412.0
Kenya,MOH Supply Plan,"Medroxyprogesterone Acetate 104 mg/0.65 mL, Subcutaneous, Pre-Filled Device",Ready to Use Approved,Ready to Use Approved,Supply Plan Inventory,Base,2028-03,2789141.0
Kenya,MOH Supply Plan,"Medroxyprogesterone Acetate 104 mg/0.65 mL, Subcutaneous, Pre-Filled Device",Ready to Use Approved,Ready to Use Approved,Supply Plan Inventory,Base,2028-04,2667870.0
Kenya,MOH Supply Plan,"Medroxyprogesterone Acetate 104 mg/0.65 mL, Subcutaneous, Pre-Filled Device",Ready to Use Approved,Ready to Use Approved,Supply Plan Inventory,Base,2028-05,2546599.0
Kenya,MOH Supply Plan,"Medroxyprogesterone Acetate 104 mg/0.65 mL, Subcutaneous, Pre-Filled Device",Ready to Use Approved,Ready to Use Approved,Supply Plan Inventory,Base,2028-06,2425328.0
Kenya,MOH Supply Plan,"Medroxyprogesterone Acetate 104 mg/0.65 mL, Subcutaneous, Pre-Filled Device",Ready to Use Approved,Ready to Use Approved,Supply Plan Inventory,Base,2028-07,2425328.0
Kenya,MOH Supply Plan,"Medroxyprogesterone Acetate 104 mg/0.65 mL, Subcutaneous, Pre-Filled Device",Ready to Use Approved,Ready to Use Approved,Supply Plan Inventory,Base,2028-08,2425328.0
Kenya,MOH Supply Plan,"Medroxyprogesterone Acetate 104 mg/0.65 mL, Subcutaneous, Pre-Filled Device",Ready to Use Approved,Ready to Use Approved,Monthly Inventory,Base,2026-02,751662.0
Kenya,MOH Supply Plan,"Medroxyprogesterone Acetate 104 mg/0.65 mL, Subcutaneous, Pre-Filled Device",Ready to Use Approved,Ready to Use Approved,Monthly Inventory,Base,2026-03,686518.0
Kenya,MOH Supply Plan,"Medroxyprogesterone Acetate 104 mg/0.65 mL, Subcutaneous, Pre-Filled Device",Ready to Use Approved,Ready to Use Approved,Monthly Inventory,Base,2026-04,599580.0
Kenya,MOH Supply Plan,"Medroxyprogesterone Acetate 104 mg/0.65 mL, Subcutaneous, Pre-Filled Device",Ready to Use Approved,Ready to Use Approved,Monthly Inventory,Base,2026-05,488302.0
Kenya,MOH Supply Plan,"Medroxyprogesterone Acetate 104 mg/0.65 mL, Subcutaneous, Pre-Filled Device",Ready to Use Approved,Ready to Use Approved,Monthly Inventory,Base,2026-06,396358.0
Kenya,MOH Supply Plan,"Medroxyprogesterone Acetate 104 mg/0.65 mL, Subcutaneous, Pre-Filled Device",Ready to Use Approved,Ready to Use Approved,Projected Inventory Adjustment,Base,2026-02,112883.0
Kenya,MOH Supply Plan,"Medroxyprogesterone Acetate 104 mg/0.65 mL, Subcutaneous, Pre-Filled Device",Ready to Use Approved,Ready to Use Approved,Projected Inventory Adjustment,Base,2026-03,52109.0
Kenya,MOH Supply Plan,"Medroxyprogesterone Acetate 104 mg/0.65 mL, Subcutaneous, Pre-Filled Device",Ready to Use Approved,Ready to Use Approved,Projected Inventory Adjustment,Base,2026-04,0.0
Kenya,MOH Supply Plan,"Medroxyprogesterone Acetate 104 mg/0.65 mL, Subcutaneous, Pre-Filled Device",Ready to Use Approved,Ready to Use Approved,Projected Inventory Adjustment,Base,2026-05,0.0
Kenya,MOH Supply Plan,"Medroxyprogesterone Acetate 104 mg/0.65 mL, Subcutaneous, Pre-Filled Device",Ready to Use Approved,Ready to Use Approved,Projected Inventory Adjustment,Base,2026-06,0.0
Kenya,MOH Supply Plan,"Medroxyprogesterone Acetate 104 mg/0.65 mL, Subcutaneous, Pre-Filled Device",Ready to Use Approved,Ready to Use Approved,Projected Inventory Adjustment,Base,2026-07,0.0
Kenya,MOH Supply Plan,"Medroxyprogesterone Acetate 104 mg/0.65 mL, Subcutaneous, Pre-Filled Device",Ready to Use Approved,Ready to Use Approved,Projected Inventory Adjustment,Base,2026-08,0.0
Kenya,MOH Supply Plan,"Medroxyprogesterone Acetate 104 mg/0.65 mL, Subcutaneous, Pre-Filled Device",Ready to Use Approved,Ready to Use Approved,Projected Inventory Adjustment,Base,2026-09,0.0
Kenya,MOH Supply Plan,"Medroxyprogesterone Acetate 104 mg/0.65 mL, Subcutaneous, Pre-Filled Device",Ready to Use Approved,Ready to Use Approved,Projected Inventory Adjustment,Base,2026-10,0.0
Kenya,MOH Supply Plan,"Medroxyprogesterone Acetate 104 mg/0.65 mL, Subcutaneous, Pre-Filled Device",Ready to Use Approved,Ready to Use Approved,Projected Inventory Adjustment,Base,2026-11,0.0
Kenya,MOH Supply Plan,"Medroxyprogesterone Acetate 104 mg/0.65 mL, Subcutaneous, Pre-Filled Device",Ready to Use Approved,Ready to Use Approved,Projected Inventory Adjustment,Base,2026-12,0.0
Kenya,MOH Supply Plan,"Medroxyprogesterone Acetate 104 mg/0.65 mL, Subcutaneous, Pre-Filled Device",Ready to Use Approved,Ready to Use Approved,Projected Inventory Adjustment,Base,2027-01,0.0
Kenya,MOH Supply Plan,"Medroxyprogesterone Acetate 104 mg/0.65 mL, Subcutaneous, Pre-Filled Device",Ready to Use Approved,Ready to Use Approved,Projected Inventory Adjustment,Base,2027-02,0.0
Kenya,MOH Supply Plan,"Medroxyprogesterone Acetate 104 mg/0.65 mL, Subcutaneous, Pre-Filled Device",Ready to Use Approved,Ready to Use Approved,Projected Inventory Adjustment,Base,2027-03,0.0
Kenya,MOH Supply Plan,"Medroxyprogesterone Acetate 104 mg/0.65 mL, Subcutaneous, Pre-Filled Device",Ready to Use Approved,Ready to Use Approved,Projected Inventory Adjustment,Base,2027-04,0.0
Kenya,MOH Supply Plan,"Medroxyprogesterone Acetate 104 mg/0.65 mL, Subcutaneous, Pre-Filled Device",Ready to Use Approved,Ready to Use Approved,Projected Inventory Adjustment,Base,2027-05,0.0
Kenya,MOH Supply Plan,"Medroxyprogesterone Acetate 104 mg/0.65 mL, Subcutaneous, Pre-Filled Device",Ready to Use Approved,Ready to Use Approved,Projected Inventory Adjustment,Base,2027-06,0.0
Kenya,MOH Supply Plan,"Medroxyprogesterone Acetate 104 mg/0.65 mL, Subcutaneous, Pre-Filled Device",Ready to Use Approved,Ready to Use Approved,Projected Inventory Adjustment,Base,2027-07,0.0
Kenya,MOH Supply Plan,"Medroxyprogesterone Acetate 104 mg/0.65 mL, Subcutaneous, Pre-Filled Device",Ready to Use Approved,Ready to Use Approved,Projected Inventory Adjustment,Base,2027-08,0.0
Kenya,MOH Supply Plan,"Medroxyprogesterone Acetate 104 mg/0.65 mL, Subcutaneous, Pre-Filled Device",Ready to Use Approved,Ready to Use Approved,Projected Inventory Adjustment,Base,2027-09,0.0
Kenya,MOH Supply Plan,"Medroxyprogesterone Acetate 104 mg/0.65 mL, Subcutaneous, Pre-Filled Device",Ready to Use Approved,Ready to Use Approved,Projected Inventory Adjustment,Base,2027-10,0.0
Kenya,MOH Supply Plan,"Medroxyprogesterone Acetate 104 mg/0.65 mL, Subcutaneous, Pre-Filled Device",Ready to Use Approved,Ready to Use Approved,Projected Inventory Adjustment,Base,2027-11,0.0
Kenya,MOH Supply Plan,"Medroxyprogesterone Acetate 104 mg/0.65 mL, Subcutaneous, Pre-Filled Device",Ready to Use Approved,Ready to Use Approved,Projected Inventory Adjustment,Base,2027-12,0.0
Kenya,MOH Supply Plan,"Medroxyprogesterone Acetate 104 mg/0.65 mL, Subcutaneous, Pre-Filled Device",Ready to Use Approved,Ready to Use Approved,Projected Inventory Adjustment,Base,2028-01,0.0
Kenya,MOH Supply Plan,"Medroxyprogesterone Acetate 104 mg/0.65 mL, Subcutaneous, Pre-Filled Device",Ready to Use Approved,Ready to Use Approved,Projected Inventory Adjustment,Base,2028-02,0.0
Kenya,MOH Supply Plan,"Medroxyprogesterone Acetate 104 mg/0.65 mL, Subcutaneous, Pre-Filled Device",Ready to Use Approved,Ready to Use Approved,Projected Inventory Adjustment,Base,2028-03,0.0
Kenya,MOH Supply Plan,"Medroxyprogesterone Acetate 104 mg/0.65 mL, Subcutaneous, Pre-Filled Device",Ready to Use Approved,Ready to Use Approved,Projected Inventory Adjustment,Base,2028-04,0.0
Kenya,MOH Supply Plan,"Medroxyprogesterone Acetate 104 mg/0.65 mL, Subcutaneous, Pre-Filled Device",Ready to Use Approved,Ready to Use Approved,Projected Inventory Adjustment,Base,2028-05,0.0
Kenya,MOH Supply Plan,"Medroxyprogesterone Acetate 104 mg/0.65 mL, Subcutaneous, Pre-Filled Device",Ready to Use Approved,Ready to Use Approved,Projected Inventory Adjustment,Base,2028-06,0.0
Kenya,MOH Supply Plan,"Medroxyprogesterone Acetate 104 mg/0.65 mL, Subcutaneous, Pre-Filled Device",Ready to Use Approved,Ready to Use Approved,Projected Inventory Adjustment,Base,2028-07,0.0
Kenya,MOH Supply Plan,"Medroxyprogesterone Acetate 104 mg/0.65 mL, Subcutaneous, Pre-Filled Device",Ready to Use Approved,Ready to Use Approved,Projected Inventory Adjustment,Base,2028-08,0.0
Kenya,MOH Supply Plan,"Medroxyprogesterone Acetate 104 mg/0.65 mL, Subcutaneous, Pre-Filled Device",Ready to Use Approved,Ready to Use Approved,Expected Requirements,Base,2026-08,2726500.0
Kenya,MOH Supply Plan,"Medroxyprogesterone Acetate 104 mg/0.65 mL, Subcutaneous, Pre-Filled Device",Ready to Use Approved,Ready to Use Approved,Expected Requirements,Base,2027-02,732400.0
Kenya,MOH Supply Plan,"Medroxyprogesterone Acetate 104 mg/0.65 mL, Subcutaneous, Pre-Filled Device",Ready to Use Approved,Ready to Use Approved,Expected Requirements,Base,2027-08,759000.0
Kenya,MOH Supply Plan,"Medroxyprogesterone Acetate 104 mg/0.65 mL, Subcutaneous, Pre-Filled Device",Ready to Use Approved,Ready to Use Approved,Expected Requirements,Base,2028-02,748400.0
Kenya,MOH Supply Plan,"Medroxyprogesterone Acetate 104 mg/0.65 mL, Subcutaneous, Pre-Filled Device",Ready to Use Approved,Ready to Use Approved,Un-Shipped Orders,Base,2026-10,560000.0
Kenya,MOH Supply Plan,"Medroxyprogesterone Acetate 104 mg/0.65 mL, Subcutaneous, Pre-Filled Device",Ready to Use Approved,Ready to Use Approved,Un-Shipped Orders,Base,2026-11,870000.0
Kenya,MOH Supply Plan,"Medroxyprogesterone Acetate 104 mg/0.65 mL, Subcutaneous, Pre-Filled Device",Ready to Use Approved,Ready to Use Approved,In-Transit Shipments,Base,2026-08,1312000.0
Kenya,MOH Supply Plan,"Medroxyprogesterone Acetate 104 mg/0.65 mL, Subcutaneous, Pre-Filled Device",Ready to Use Approved,Ready to Use Approved,Projected Inventory,Base,2026-02,0.0
Kenya,MOH Supply Plan,"Medroxyprogesterone Acetate 104 mg/0.65 mL, Subcutaneous, Pre-Filled Device",Ready to Use Approved,Ready to Use Approved,Projected Inventory,Base,2026-03,0.0
Kenya,MOH Supply Plan,"Medroxyprogesterone Acetate 104 mg/0.65 mL, Subcutaneous, Pre-Filled Device",Ready to Use Approved,Ready to Use Approved,Projected Inventory,Base,2026-04,0.0
Kenya,MOH Supply Plan,"Medroxyprogesterone Acetate 104 mg/0.65 mL, Subcutaneous, Pre-Filled Device",Ready to Use Approved,Ready to Use Approved,Projected Inventory,Base,2026-05,0.0
Kenya,MOH Supply Plan,"Medroxyprogesterone Acetate 104 mg/0.65 mL, Subcutaneous, Pre-Filled Device",Ready to Use Approved,Ready to Use Approved,Projected Inventory,Base,2026-06,396358.0
Kenya,MOH Supply Plan,"Medroxyprogesterone Acetate 104 mg/0.65 mL, Subcutaneous, Pre-Filled Device",Ready to Use Approved,Ready to Use Approved,Projected Inventory,Base,2026-07,277698.0
Kenya,MOH Supply Plan,"Medroxyprogesterone Acetate 104 mg/0.65 mL, Subcutaneous, Pre-Filled Device",Ready to Use Approved,Ready to Use Approved,Projected Inventory,Base,2026-08,1471038.0
Kenya,MOH Supply Plan,"Medroxyprogesterone Acetate 104 mg/0.65 mL, Subcutaneous, Pre-Filled Device",Ready to Use Approved,Ready to Use Approved,Projected Inventory,Base,2026-09,1352378.0
Kenya,MOH Supply Plan,"Medroxyprogesterone Acetate 104 mg/0.65 mL, Subcutaneous, Pre-Filled Device",Ready to Use Approved,Ready to Use Approved,Projected Inventory,Base,2026-10,1793718.0
Kenya,MOH Supply Plan,"Medroxyprogesterone Acetate 104 mg/0.65 mL, Subcutaneous, Pre-Filled Device",Ready to Use Approved,Ready to Use Approved,Projected Inventory,Base,2026-11,2545058.0
Kenya,MOH Supply Plan,"Medroxyprogesterone Acetate 104 mg/0.65 mL, Subcutaneous, Pre-Filled Device",Ready to Use Approved,Ready to Use Approved,Projected Inventory,Base,2026-12,2426398.0
Kenya,MOH Supply Plan,"Medroxyprogesterone Acetate 104 mg/0.65 mL, Subcutaneous, Pre-Filled Device",Ready to Use Approved,Ready to Use Approved,Projected Inventory,Base,2027-01,2307738.0
Kenya,MOH Supply Plan,"Medroxyprogesterone Acetate 104 mg/0.65 mL, Subcutaneous, Pre-Filled Device",Ready to Use Approved,Ready to Use Approved,Projected Inventory,Base,2027-02,2189078.0
Kenya,MOH Supply Plan,"Medroxyprogesterone Acetate 104 mg/0.65 mL, Subcutaneous, Pre-Filled Device",Ready to Use Approved,Ready to Use Approved,Projected Inventory,Base,2027-03,2070418.0
Kenya,MOH Supply Plan,"Medroxyprogesterone Acetate 104 mg/0.65 mL, Subcutaneous, Pre-Filled Device",Ready to Use Approved,Ready to Use Approved,Projected Inventory,Base,2027-04,1951758.0
Kenya,MOH Supply Plan,"Medroxyprogesterone Acetate 104 mg/0.65 mL, Subcutaneous, Pre-Filled Device",Ready to Use Approved,Ready to Use Approved,Projected Inventory,Base,2027-05,1833098.0
Kenya,MOH Supply Plan,"Medroxyprogesterone Acetate 104 mg/0.65 mL, Subcutaneous, Pre-Filled Device",Ready to Use Approved,Ready to Use Approved,Projected Inventory,Base,2027-06,1714438.0
Kenya,MOH Supply Plan,"Medroxyprogesterone Acetate 104 mg/0.65 mL, Subcutaneous, Pre-Filled Device",Ready to Use Approved,Ready to Use Approved,Projected Inventory,Base,2027-07,1593167.0
Kenya,MOH Supply Plan,"Medroxyprogesterone Acetate 104 mg/0.65 mL, Subcutaneous, Pre-Filled Device",Ready to Use Approved,Ready to Use Approved,Projected Inventory,Base,2027-08,1471896.0
Kenya,MOH Supply Plan,"Medroxyprogesterone Acetate 104 mg/0.65 mL, Subcutaneous, Pre-Filled Device",Ready to Use Approved,Ready to Use Approved,Projected Inventory,Base,2027-09,1350625.0
Kenya,MOH Supply Plan,"Medroxyprogesterone Acetate 104 mg/0.65 mL, Subcutaneous, Pre-Filled Device",Ready to Use Approved,Ready to Use Approved,Projected Inventory,Base,2027-10,1229354.0
Kenya,MOH Supply Plan,"Medroxyprogesterone Acetate 104 mg/0.65 mL, Subcutaneous, Pre-Filled Device",Ready to Use Approved,Ready to Use Approved,Projected Inventory,Base,2027-11,1108083.0
Kenya,MOH Supply Plan,"Medroxyprogesterone Acetate 104 mg/0.65 mL, Subcutaneous, Pre-Filled Device",Ready to Use Approved,Ready to Use Approved,Projected Inventory,Base,2027-12,986812.0
Kenya,MOH Supply Plan,"Medroxyprogesterone Acetate 104 mg/0.65 mL, Subcutaneous, Pre-Filled Device",Ready to Use Approved,Ready to Use Approved,Projected Inventory,Base,2028-01,865541.0
Kenya,MOH Supply Plan,"Medroxyprogesterone Acetate 104 mg/0.65 mL, Subcutaneous, Pre-Filled Device",Ready to Use Approved,Ready to Use Approved,Projected Inventory,Base,2028-02,744270.0
Kenya,MOH Supply Plan,"Medroxyprogesterone Acetate 104 mg/0.65 mL, Subcutaneous, Pre-Filled Device",Ready to Use Approved,Ready to Use Approved,Projected Inventory,Base,2028-03,622999.0
Kenya,MOH Supply Plan,"Medroxyprogesterone Acetate 104 mg/0.65 mL, Subcutaneous, Pre-Filled Device",Ready to Use Approved,Ready to Use Approved,Projected Inventory,Base,2028-04,501728.0
Kenya,MOH Supply Plan,"Medroxyprogesterone Acetate 104 mg/0.65 mL, Subcutaneous, Pre-Filled Device",Ready to Use Approved,Ready to Use Approved,Projected Inventory,Base,2028-05,380457.0
Kenya,MOH Supply Plan,"Medroxyprogesterone Acetate 104 mg/0.65 mL, Subcutaneous, Pre-Filled Device",Ready to Use Approved,Ready to Use Approved,Projected Inventory,Base,2028-06,259186.0
Kenya,MOH Supply Plan,"Medroxyprogesterone Acetate 104 mg/0.65 mL, Subcutaneous, Pre-Filled Device",Ready to Use Approved,Ready to Use Approved,Projected Inventory,Base,2028-07,259186.0
Kenya,MOH Supply Plan,"Medroxyprogesterone Acetate 104 mg/0.65 mL, Subcutaneous, Pre-Filled Device",Ready to Use Approved,Ready to Use Approved,Projected Inventory,Base,2028-08,259186.0
Kenya,MOH Supply Plan,"Medroxyprogesterone Acetate 104 mg/0.65 mL, Subcutaneous, Pre-Filled Device",Ready to Use Approved,Ready to Use Approved,Projected MOS,Base,2026-02,0.0
Kenya,MOH Supply Plan,"Medroxyprogesterone Acetate 104 mg/0.65 mL, Subcutaneous, Pre-Filled Device",Ready to Use Approved,Ready to Use Approved,Projected MOS,Base,2026-03,0.0
Kenya,MOH Supply Plan,"Medroxyprogesterone Acetate 104 mg/0.65 mL, Subcutaneous, Pre-Filled Device",Ready to Use Approved,Ready to Use Approved,Projected MOS,Base,2026-04,0.0
Kenya,MOH Supply Plan,"Medroxyprogesterone Acetate 104 mg/0.65 mL, Subcutaneous, Pre-Filled Device",Ready to Use Approved,Ready to Use Approved,Projected MOS,Base,2026-05,0.0
Kenya,MOH Supply Plan,"Medroxyprogesterone Acetate 104 mg/0.65 mL, Subcutaneous, Pre-Filled Device",Ready to Use Approved,Ready to Use Approved,Projected MOS,Base,2026-06,3.4
Kenya,MOH Supply Plan,"Medroxyprogesterone Acetate 104 mg/0.65 mL, Subcutaneous, Pre-Filled Device",Ready to Use Approved,Ready to Use Approved,Projected MOS,Base,2026-07,2.3
Kenya,MOH Supply Plan,"Medroxyprogesterone Acetate 104 mg/0.65 mL, Subcutaneous, Pre-Filled Device",Ready to Use Approved,Ready to Use Approved,Projected MOS,Base,2026-08,12.4
Kenya,MOH Supply Plan,"Medroxyprogesterone Acetate 104 mg/0.65 mL, Subcutaneous, Pre-Filled Device",Ready to Use Approved,Ready to Use Approved,Projected MOS,Base,2026-09,11.4
Kenya,MOH Supply Plan,"Medroxyprogesterone Acetate 104 mg/0.65 mL, Subcutaneous, Pre-Filled Device",Ready to Use Approved,Ready to Use Approved,Projected MOS,Base,2026-10,15.1
Kenya,MOH Supply Plan,"Medroxyprogesterone Acetate 104 mg/0.65 mL, Subcutaneous, Pre-Filled Device",Ready to Use Approved,Ready to Use Approved,Projected MOS,Base,2026-11,21.4
Kenya,MOH Supply Plan,"Medroxyprogesterone Acetate 104 mg/0.65 mL, Subcutaneous, Pre-Filled Device",Ready to Use Approved,Ready to Use Approved,Projected MOS,Base,2026-12,20.4
Kenya,MOH Supply Plan,"Medroxyprogesterone Acetate 104 mg/0.65 mL, Subcutaneous, Pre-Filled Device",Ready to Use Approved,Ready to Use Approved,Projected MOS,Base,2027-01,19.4
Kenya,MOH Supply Plan,"Medroxyprogesterone Acetate 104 mg/0.65 mL, Subcutaneous, Pre-Filled Device",Ready to Use Approved,Ready to Use Approved,Projected MOS,Base,2027-02,18.4
Kenya,MOH Supply Plan,"Medroxyprogesterone Acetate 104 mg/0.65 mL, Subcutaneous, Pre-Filled Device",Ready to Use Approved,Ready to Use Approved,Projected MOS,Base,2027-03,17.4
Kenya,MOH Supply Plan,"Medroxyprogesterone Acetate 104 mg/0.65 mL, Subcutaneous, Pre-Filled Device",Ready to Use Approved,Ready to Use Approved,Projected MOS,Base,2027-04,16.4
Kenya,MOH Supply Plan,"Medroxyprogesterone Acetate 104 mg/0.65 mL, Subcutaneous, Pre-Filled Device",Ready to Use Approved,Ready to Use Approved,Projected MOS,Base,2027-05,15.3
Kenya,MOH Supply Plan,"Medroxyprogesterone Acetate 104 mg/0.65 mL, Subcutaneous, Pre-Filled Device",Ready to Use Approved,Ready to Use Approved,Projected MOS,Base,2027-06,14.2
Kenya,MOH Supply Plan,"Medroxyprogesterone Acetate 104 mg/0.65 mL, Subcutaneous, Pre-Filled Device",Ready to Use Approved,Ready to Use Approved,Projected MOS,Base,2027-07,13.1
Kenya,MOH Supply Plan,"Medroxyprogesterone Acetate 104 mg/0.65 mL, Subcutaneous, Pre-Filled Device",Ready to Use Approved,Ready to Use Approved,Projected MOS,Base,2027-08,12.1
Kenya,MOH Supply Plan,"Medroxyprogesterone Acetate 104 mg/0.65 mL, Subcutaneous, Pre-Filled Device",Ready to Use Approved,Ready to Use Approved,Projected MOS,Base,2027-09,11.1
Kenya,MOH Supply Plan,"Medroxyprogesterone Acetate 104 mg/0.65 mL, Subcutaneous, Pre-Filled Device",Ready to Use Approved,Ready to Use Approved,Projected MOS,Base,2027-10,10.1
Kenya,MOH Supply Plan,"Medroxyprogesterone Acetate 104 mg/0.65 mL, Subcutaneous, Pre-Filled Device",Ready to Use Approved,Ready to Use Approved,Projected MOS,Base,2027-11,9.1
Kenya,MOH Supply Plan,"Medroxyprogesterone Acetate 104 mg/0.65 mL, Subcutaneous, Pre-Filled Device",Ready to Use Approved,Ready to Use Approved,Projected MOS,Base,2027-12,8.1
Kenya,MOH Supply Plan,"Medroxyprogesterone Acetate 104 mg/0.65 mL, Subcutaneous, Pre-Filled Device",Ready to Use Approved,Ready to Use Approved,Projected MOS,Base,2028-01,7.1
Kenya,MOH Supply Plan,"Medroxyprogesterone Acetate 104 mg/0.65 mL, Subcutaneous, Pre-Filled Device",Ready to Use Approved,Ready to Use Approved,Projected MOS,Base,2028-02,6.1
Kenya,MOH Supply Plan,"Medroxyprogesterone Acetate 104 mg/0.65 mL, Subcutaneous, Pre-Filled Device",Ready to Use Approved,Ready to Use Approved,Projected MOS,Base,2028-03,5.1
Kenya,MOH Supply Plan,"Medroxyprogesterone Acetate 104 mg/0.65 mL, Subcutaneous, Pre-Filled Device",Ready to Use Approved,Ready to Use Approved,Projected MOS,Base,2028-04,4.1
Kenya,MOH Supply Plan,"Medroxyprogesterone Acetate 104 mg/0.65 mL, Subcutaneous, Pre-Filled Device",Ready to Use Approved,Ready to Use Approved,Projected MOS,Base,2028-05,3.1
Kenya,MOH Supply Plan,"Medroxyprogesterone Acetate 104 mg/0.65 mL, Subcutaneous, Pre-Filled Device",Ready to Use Approved,Ready to Use Approved,Projected MOS,Base,2028-06,2.1
Kenya,MOH Supply Plan,"Medroxyprogesterone Acetate 104 mg/0.65 mL, Subcutaneous, Pre-Filled Device",Ready to Use Approved,Ready to Use Approved,Projected MOS with Sugg Repl,Base,2026-08,24.0
Kenya,MOH Supply Plan,"Medroxyprogesterone Acetate 104 mg/0.65 mL, Subcutaneous, Pre-Filled Device",Ready to Use Approved,Ready to Use Approved,Projected MOS with Sugg Repl,Base,2026-09,23.0
Kenya,MOH Supply Plan,"Medroxyprogesterone Acetate 104 mg/0.65 mL, Subcutaneous, Pre-Filled Device",Ready to Use Approved,Ready to Use Approved,Projected MOS with Sugg Repl,Base,2026-10,26.7
Kenya,MOH Supply Plan,"Medroxyprogesterone Acetate 104 mg/0.65 mL, Subcutaneous, Pre-Filled Device",Ready to Use Approved,Ready to Use Approved,Projected MOS with Sugg Repl,Base,2026-11,33.1
Kenya,MOH Supply Plan,"Medroxyprogesterone Acetate 104 mg/0.65 mL, Subcutaneous, Pre-Filled Device",Ready to Use Approved,Ready to Use Approved,Projected MOS with Sugg Repl,Base,2026-12,32.1
Kenya,MOH Supply Plan,"Medroxyprogesterone Acetate 104 mg/0.65 mL, Subcutaneous, Pre-Filled Device",Ready to Use Approved,Ready to Use Approved,Projected MOS with Sugg Repl,Base,2027-01,31.1
Kenya,MOH Supply Plan,"Medroxyprogesterone Acetate 104 mg/0.65 mL, Subcutaneous, Pre-Filled Device",Ready to Use Approved,Ready to Use Approved,Projected MOS with Sugg Repl,Base,2027-02,30.1
Kenya,MOH Supply Plan,"Medroxyprogesterone Acetate 104 mg/0.65 mL, Subcutaneous, Pre-Filled Device",Ready to Use Approved,Ready to Use Approved,Projected MOS with Sugg Repl,Base,2027-03,29.1
Kenya,MOH Supply Plan,"Medroxyprogesterone Acetate 104 mg/0.65 mL, Subcutaneous, Pre-Filled Device",Ready to Use Approved,Ready to Use Approved,Projected MOS with Sugg Repl,Base,2027-04,28.1
Kenya,MOH Supply Plan,"Medroxyprogesterone Acetate 104 mg/0.65 mL, Subcutaneous, Pre-Filled Device",Ready to Use Approved,Ready to Use Approved,Projected MOS with Sugg Repl,Base,2027-05,26.9
Kenya,MOH Supply Plan,"Medroxyprogesterone Acetate 104 mg/0.65 mL, Subcutaneous, Pre-Filled Device",Ready to Use Approved,Ready to Use Approved,Projected MOS with Sugg Repl,Base,2027-06,25.7
Kenya,MOH Supply Plan,"Medroxyprogesterone Acetate 104 mg/0.65 mL, Subcutaneous, Pre-Filled Device",Ready to Use Approved,Ready to Use Approved,Projected MOS with Sugg Repl,Base,2027-07,24.5
Kenya,MOH Supply Plan,"Medroxyprogesterone Acetate 104 mg/0.65 mL, Subcutaneous, Pre-Filled Device",Ready to Use Approved,Ready to Use Approved,Projected MOS with Sugg Repl,Base,2027-08,23.5
Kenya,MOH Supply Plan,"Medroxyprogesterone Acetate 104 mg/0.65 mL, Subcutaneous, Pre-Filled Device",Ready to Use Approved,Ready to Use Approved,Projected MOS with Sugg Repl,Base,2027-09,22.5
Kenya,MOH Supply Plan,"Medroxyprogesterone Acetate 104 mg/0.65 mL, Subcutaneous, Pre-Filled Device",Ready to Use Approved,Ready to Use Approved,Projected MOS with Sugg Repl,Base,2027-10,21.5
Kenya,MOH Supply Plan,"Medroxyprogesterone Acetate 104 mg/0.65 mL, Subcutaneous, Pre-Filled Device",Ready to Use Approved,Ready to Use Approved,Projected MOS with Sugg Repl,Base,2027-11,20.5
Kenya,MOH Supply Plan,"Medroxyprogesterone Acetate 104 mg/0.65 mL, Subcutaneous, Pre-Filled Device",Ready to Use Approved,Ready to Use Approved,Projected MOS with Sugg Repl,Base,2027-12,19.5
Kenya,MOH Supply Plan,"Medroxyprogesterone Acetate 104 mg/0.65 mL, Subcutaneous, Pre-Filled Device",Ready to Use Approved,Ready to Use Approved,Projected MOS with Sugg Repl,Base,2028-01,18.5
Kenya,MOH Supply Plan,"Medroxyprogesterone Acetate 104 mg/0.65 mL, Subcutaneous, Pre-Filled Device",Ready to Use Approved,Ready to Use Approved,Projected MOS with Sugg Repl,Base,2028-02,24.0
Kenya,MOH Supply Plan,"Medroxyprogesterone Acetate 104 mg/0.65 mL, Subcutaneous, Pre-Filled Device",Ready to Use Approved,Ready to Use Approved,Projected MOS with Sugg Repl,Base,2028-03,23.0
Kenya,MOH Supply Plan,"Medroxyprogesterone Acetate 104 mg/0.65 mL, Subcutaneous, Pre-Filled Device",Ready to Use Approved,Ready to Use Approved,Projected MOS with Sugg Repl,Base,2028-04,22.0
Kenya,MOH Supply Plan,"Medroxyprogesterone Acetate 104 mg/0.65 mL, Subcutaneous, Pre-Filled Device",Ready to Use Approved,Ready to Use Approved,Projected MOS with Sugg Repl,Base,2028-05,21.0
Kenya,MOH Supply Plan,"Medroxyprogesterone Acetate 104 mg/0.65 mL, Subcutaneous, Pre-Filled Device",Ready to Use Approved,Ready to Use Approved,Projected MOS with Sugg Repl,Base,2028-06,20.0
Kenya,MOH Supply Plan,"Medroxyprogesterone Acetate 104 mg/0.65 mL, Subcutaneous, Pre-Filled Device",Ready to Use Approved,Ready to Use Approved,Monthly Consumption,S1,2026-02,96927.0
Kenya,MOH Supply Plan,"Medroxyprogesterone Acetate 104 mg/0.65 mL, Subcutaneous, Pre-Filled Device",Ready to Use Approved,Ready to Use Approved,Monthly Consumption,S1,2026-03,117253.0
Kenya,MOH Supply Plan,"Medroxyprogesterone Acetate 104 mg/0.65 mL, Subcutaneous, Pre-Filled Device",Ready to Use Approved,Ready to Use Approved,Monthly Consumption,S1,2026-04,116106.0
Kenya,MOH Supply Plan,"Medroxyprogesterone Acetate 104 mg/0.65 mL, Subcutaneous, Pre-Filled Device",Ready to Use Approved,Ready to Use Approved,Monthly Consumption,S1,2026-05,116106.0
Kenya,MOH Supply Plan,"Medroxyprogesterone Acetate 104 mg/0.65 mL, Subcutaneous, Pre-Filled Device",Ready to Use Approved,Ready to Use Approved,Monthly Consumption,S1,2026-06,116106.0
Kenya,MOH Supply Plan,"Medroxyprogesterone Acetate 104 mg/0.65 mL, Subcutaneous, Pre-Filled Device",Ready to Use Approved,Ready to Use Approved,Monthly Consumption,S1,2026-07,118660.0
Kenya,MOH Supply Plan,"Medroxyprogesterone Acetate 104 mg/0.65 mL, Subcutaneous, Pre-Filled Device",Ready to Use Approved,Ready to Use Approved,Monthly Consumption,S1,2026-08,118660.0
Kenya,MOH Supply Plan,"Medroxyprogesterone Acetate 104 mg/0.65 mL, Subcutaneous, Pre-Filled Device",Ready to Use Approved,Ready to Use Approved,Monthly Consumption,S1,2026-09,118660.0
Kenya,MOH Supply Plan,"Medroxyprogesterone Acetate 104 mg/0.65 mL, Subcutaneous, Pre-Filled Device",Ready to Use Approved,Ready to Use Approved,Monthly Consumption,S1,2026-10,118660.0
Kenya,MOH Supply Plan,"Medroxyprogesterone Acetate 104 mg/0.65 mL, Subcutaneous, Pre-Filled Device",Ready to Use Approved,Ready to Use Approved,Monthly Consumption,S1,2026-11,118660.0
Kenya,MOH Supply Plan,"Medroxyprogesterone Acetate 104 mg/0.65 mL, Subcutaneous, Pre-Filled Device",Ready to Use Approved,Ready to Use Approved,Monthly Consumption,S1,2026-12,118660.0
Kenya,MOH Supply Plan,"Medroxyprogesterone Acetate 104 mg/0.65 mL, Subcutaneous, Pre-Filled Device",Ready to Use Approved,Ready to Use Approved,Monthly Consumption,S1,2027-01,118660.0
Kenya,MOH Supply Plan,"Medroxyprogesterone Acetate 104 mg/0.65 mL, Subcutaneous, Pre-Filled Device",Ready to Use Approved,Ready to Use Approved,Monthly Consumption,S1,2027-02,118660.0
Kenya,MOH Supply Plan,"Medroxyprogesterone Acetate 104 mg/0.65 mL, Subcutaneous, Pre-Filled Device",Ready to Use Approved,Ready to Use Approved,Monthly Consumption,S1,2027-03,118660.0
Kenya,MOH Supply Plan,"Medroxyprogesterone Acetate 104 mg/0.65 mL, Subcutaneous, Pre-Filled Device",Ready to Use Approved,Ready to Use Approved,Monthly Consumption,S1,2027-04,118660.0
Kenya,MOH Supply Plan,"Medroxyprogesterone Acetate 104 mg/0.65 mL, Subcutaneous, Pre-Filled Device",Ready to Use Approved,Ready to Use Approved,Monthly Consumption,S1,2027-05,118660.0
Kenya,MOH Supply Plan,"Medroxyprogesterone Acetate 104 mg/0.65 mL, Subcutaneous, Pre-Filled Device",Ready to Use Approved,Ready to Use Approved,Monthly Consumption,S1,2027-06,118660.0
Kenya,MOH Supply Plan,"Medroxyprogesterone Acetate 104 mg/0.65 mL, Subcutaneous, Pre-Filled Device",Ready to Use Approved,Ready to Use Approved,Monthly Consumption,S1,2027-07,121271.0
Kenya,MOH Supply Plan,"Medroxyprogesterone Acetate 104 mg/0.65 mL, Subcutaneous, Pre-Filled Device",Ready to Use Approved,Ready to Use Approved,Monthly Consumption,S1,2027-08,121271.0
Kenya,MOH Supply Plan,"Medroxyprogesterone Acetate 104 mg/0.65 mL, Subcutaneous, Pre-Filled Device",Ready to Use Approved,Ready to Use Approved,Monthly Consumption,S1,2027-09,121271.0
Kenya,MOH Supply Plan,"Medroxyprogesterone Acetate 104 mg/0.65 mL, Subcutaneous, Pre-Filled Device",Ready to Use Approved,Ready to Use Approved,Monthly Consumption,S1,2027-10,121271.0
Kenya,MOH Supply Plan,"Medroxyprogesterone Acetate 104 mg/0.65 mL, Subcutaneous, Pre-Filled Device",Ready to Use Approved,Ready to Use Approved,Monthly Consumption,S1,2027-11,121271.0
Kenya,MOH Supply Plan,"Medroxyprogesterone Acetate 104 mg/0.65 mL, Subcutaneous, Pre-Filled Device",Ready to Use Approved,Ready to Use Approved,Monthly Consumption,S1,2027-12,121271.0
Kenya,MOH Supply Plan,"Medroxyprogesterone Acetate 104 mg/0.65 mL, Subcutaneous, Pre-Filled Device",Ready to Use Approved,Ready to Use Approved,Monthly Consumption,S1,2028-01,121271.0
Kenya,MOH Supply Plan,"Medroxyprogesterone Acetate 104 mg/0.65 mL, Subcutaneous, Pre-Filled Device",Ready to Use Approved,Ready to Use Approved,Monthly Consumption,S1,2028-02,121271.0
Kenya,MOH Supply Plan,"Medroxyprogesterone Acetate 104 mg/0.65 mL, Subcutaneous, Pre-Filled Device",Ready to Use Approved,Ready to Use Approved,Monthly Consumption,S1,2028-03,121271.0
Kenya,MOH Supply Plan,"Medroxyprogesterone Acetate 104 mg/0.65 mL, Subcutaneous, Pre-Filled Device",Ready to Use Approved,Ready to Use Approved,Monthly Consumption,S1,2028-04,121271.0
Kenya,MOH Supply Plan,"Medroxyprogesterone Acetate 104 mg/0.65 mL, Subcutaneous, Pre-Filled Device",Ready to Use Approved,Ready to Use Approved,Monthly Consumption,S1,2028-05,121271.0
Kenya,MOH Supply Plan,"Medroxyprogesterone Acetate 104 mg/0.65 mL, Subcutaneous, Pre-Filled Device",Ready to Use Approved,Ready to Use Approved,Monthly Consumption,S1,2028-06,121271.0
Kenya,MOH Supply Plan,"Medroxyprogesterone Acetate 104 mg/0.65 mL, Subcutaneous, Pre-Filled Device",Ready to Use Approved,Ready to Use Approved,Projected Supplies,S1,2026-10,560000.0
Kenya,MOH Supply Plan,"Medroxyprogesterone Acetate 104 mg/0.65 mL, Subcutaneous, Pre-Filled Device",Ready to Use Approved,Ready to Use Approved,Projected Supplies,S1,2026-11,150000.0
Kenya,MOH Supply Plan,"Medroxyprogesterone Acetate 104 mg/0.65 mL, Subcutaneous, Pre-Filled Device",Ready to Use Approved,Ready to Use Approved,Projected Supplies,S1,2026-12,554500.0
Kenya,MOH Supply Plan,"Medroxyprogesterone Acetate 104 mg/0.65 mL, Subcutaneous, Pre-Filled Device",Ready to Use Approved,Ready to Use Approved,Projected Supplies,S1,2027-01,0.0
Kenya,MOH Supply Plan,"Medroxyprogesterone Acetate 104 mg/0.65 mL, Subcutaneous, Pre-Filled Device",Ready to Use Approved,Ready to Use Approved,Projected Supplies,S1,2027-02,732400.0
Kenya,MOH Supply Plan,"Medroxyprogesterone Acetate 104 mg/0.65 mL, Subcutaneous, Pre-Filled Device",Ready to Use Approved,Ready to Use Approved,Projected Supplies,S1,2027-08,759000.0
Kenya,MOH Supply Plan,"Medroxyprogesterone Acetate 104 mg/0.65 mL, Subcutaneous, Pre-Filled Device",Ready to Use Approved,Ready to Use Approved,Projected Inventory,S1,2026-02,0.0
Kenya,MOH Supply Plan,"Medroxyprogesterone Acetate 104 mg/0.65 mL, Subcutaneous, Pre-Filled Device",Ready to Use Approved,Ready to Use Approved,Projected Inventory,S1,2026-03,0.0
Kenya,MOH Supply Plan,"Medroxyprogesterone Acetate 104 mg/0.65 mL, Subcutaneous, Pre-Filled Device",Ready to Use Approved,Ready to Use Approved,Projected Inventory,S1,2026-04,0.0
Kenya,MOH Supply Plan,"Medroxyprogesterone Acetate 104 mg/0.65 mL, Subcutaneous, Pre-Filled Device",Ready to Use Approved,Ready to Use Approved,Projected Inventory,S1,2026-05,0.0
Kenya,MOH Supply Plan,"Medroxyprogesterone Acetate 104 mg/0.65 mL, Subcutaneous, Pre-Filled Device",Ready to Use Approved,Ready to Use Approved,Projected Inventory,S1,2026-06,396358.0
Kenya,MOH Supply Plan,"Medroxyprogesterone Acetate 104 mg/0.65 mL, Subcutaneous, Pre-Filled Device",Ready to Use Approved,Ready to Use Approved,Projected Inventory,S1,2026-07,277698.0
Kenya,MOH Supply Plan,"Medroxyprogesterone Acetate 104 mg/0.65 mL, Subcutaneous, Pre-Filled Device",Ready to Use Approved,Ready to Use Approved,Projected Inventory,S1,2026-08,159038.0
Kenya,MOH Supply Plan,"Medroxyprogesterone Acetate 104 mg/0.65 mL, Subcutaneous, Pre-Filled Device",Ready to Use Approved,Ready to Use Approved,Projected Inventory,S1,2026-09,40378.0
Kenya,MOH Supply Plan,"Medroxyprogesterone Acetate 104 mg/0.65 mL, Subcutaneous, Pre-Filled Device",Ready to Use Approved,Ready to Use Approved,Projected Inventory,S1,2026-10,481718.0
Kenya,MOH Supply Plan,"Medroxyprogesterone Acetate 104 mg/0.65 mL, Subcutaneous, Pre-Filled Device",Ready to Use Approved,Ready to Use Approved,Projected Inventory,S1,2026-11,513058.0
Kenya,MOH Supply Plan,"Medroxyprogesterone Acetate 104 mg/0.65 mL, Subcutaneous, Pre-Filled Device",Ready to Use Approved,Ready to Use Approved,Projected Inventory,S1,2026-12,948898.0
Kenya,MOH Supply Plan,"Medroxyprogesterone Acetate 104 mg/0.65 mL, Subcutaneous, Pre-Filled Device",Ready to Use Approved,Ready to Use Approved,Projected Inventory,S1,2027-01,830238.0
Kenya,MOH Supply Plan,"Medroxyprogesterone Acetate 104 mg/0.65 mL, Subcutaneous, Pre-Filled Device",Ready to Use Approved,Ready to Use Approved,Projected Inventory,S1,2027-02,1443978.0
Kenya,MOH Supply Plan,"Medroxyprogesterone Acetate 104 mg/0.65 mL, Subcutaneous, Pre-Filled Device",Ready to Use Approved,Ready to Use Approved,Projected Inventory,S1,2027-03,1325318.0
Kenya,MOH Supply Plan,"Medroxyprogesterone Acetate 104 mg/0.65 mL, Subcutaneous, Pre-Filled Device",Ready to Use Approved,Ready to Use Approved,Projected Inventory,S1,2027-04,1206658.0
Kenya,MOH Supply Plan,"Medroxyprogesterone Acetate 104 mg/0.65 mL, Subcutaneous, Pre-Filled Device",Ready to Use Approved,Ready to Use Approved,Projected Inventory,S1,2027-05,1087998.0
Kenya,MOH Supply Plan,"Medroxyprogesterone Acetate 104 mg/0.65 mL, Subcutaneous, Pre-Filled Device",Ready to Use Approved,Ready to Use Approved,Projected Inventory,S1,2027-06,969338.0
Kenya,MOH Supply Plan,"Medroxyprogesterone Acetate 104 mg/0.65 mL, Subcutaneous, Pre-Filled Device",Ready to Use Approved,Ready to Use Approved,Projected Inventory,S1,2027-07,848067.0
Kenya,MOH Supply Plan,"Medroxyprogesterone Acetate 104 mg/0.65 mL, Subcutaneous, Pre-Filled Device",Ready to Use Approved,Ready to Use Approved,Projected Inventory,S1,2027-08,1485796.0
Kenya,MOH Supply Plan,"Medroxyprogesterone Acetate 104 mg/0.65 mL, Subcutaneous, Pre-Filled Device",Ready to Use Approved,Ready to Use Approved,Projected Inventory,S1,2027-09,1364525.0
Kenya,MOH Supply Plan,"Medroxyprogesterone Acetate 104 mg/0.65 mL, Subcutaneous, Pre-Filled Device",Ready to Use Approved,Ready to Use Approved,Projected Inventory,S1,2027-10,1243254.0
Kenya,MOH Supply Plan,"Medroxyprogesterone Acetate 104 mg/0.65 mL, Subcutaneous, Pre-Filled Device",Ready to Use Approved,Ready to Use Approved,Projected Inventory,S1,2027-11,1121983.0
Kenya,MOH Supply Plan,"Medroxyprogesterone Acetate 104 mg/0.65 mL, Subcutaneous, Pre-Filled Device",Ready to Use Approved,Ready to Use Approved,Projected Inventory,S1,2027-12,1000712.0
Kenya,MOH Supply Plan,"Medroxyprogesterone Acetate 104 mg/0.65 mL, Subcutaneous, Pre-Filled Device",Ready to Use Approved,Ready to Use Approved,Projected Inventory,S1,2028-01,879441.0
Kenya,MOH Supply Plan,"Medroxyprogesterone Acetate 104 mg/0.65 mL, Subcutaneous, Pre-Filled Device",Ready to Use Approved,Ready to Use Approved,Projected Inventory,S1,2028-02,758170.0
Kenya,MOH Supply Plan,"Medroxyprogesterone Acetate 104 mg/0.65 mL, Subcutaneous, Pre-Filled Device",Ready to Use Approved,Ready to Use Approved,Projected Inventory,S1,2028-03,636899.0
Kenya,MOH Supply Plan,"Medroxyprogesterone Acetate 104 mg/0.65 mL, Subcutaneous, Pre-Filled Device",Ready to Use Approved,Ready to Use Approved,Projected Inventory,S1,2028-04,515628.0
Kenya,MOH Supply Plan,"Medroxyprogesterone Acetate 104 mg/0.65 mL, Subcutaneous, Pre-Filled Device",Ready to Use Approved,Ready to Use Approved,Projected Inventory,S1,2028-05,394357.0
Kenya,MOH Supply Plan,"Medroxyprogesterone Acetate 104 mg/0.65 mL, Subcutaneous, Pre-Filled Device",Ready to Use Approved,Ready to Use Approved,Projected Inventory,S1,2028-06,273086.0
Kenya,MOH Supply Plan,"Medroxyprogesterone Acetate 104 mg/0.65 mL, Subcutaneous, Pre-Filled Device",Ready to Use Approved,Ready to Use Approved,Projected Inventory,S1,2028-07,273086.0
Kenya,MOH Supply Plan,"Medroxyprogesterone Acetate 104 mg/0.65 mL, Subcutaneous, Pre-Filled Device",Ready to Use Approved,Ready to Use Approved,Projected Inventory,S1,2028-08,273086.0
Kenya,MOH Supply Plan,"Medroxyprogesterone Acetate 104 mg/0.65 mL, Subcutaneous, Pre-Filled Device",Ready to Use Approved,Ready to Use Approved,Projected MOS,S1,2026-02,0.0
Kenya,MOH Supply Plan,"Medroxyprogesterone Acetate 104 mg/0.65 mL, Subcutaneous, Pre-Filled Device",Ready to Use Approved,Ready to Use Approved,Projected MOS,S1,2026-03,0.0
Kenya,MOH Supply Plan,"Medroxyprogesterone Acetate 104 mg/0.65 mL, Subcutaneous, Pre-Filled Device",Ready to Use Approved,Ready to Use Approved,Projected MOS,S1,2026-04,0.0
Kenya,MOH Supply Plan,"Medroxyprogesterone Acetate 104 mg/0.65 mL, Subcutaneous, Pre-Filled Device",Ready to Use Approved,Ready to Use Approved,Projected MOS,S1,2026-05,0.0
Kenya,MOH Supply Plan,"Medroxyprogesterone Acetate 104 mg/0.65 mL, Subcutaneous, Pre-Filled Device",Ready to Use Approved,Ready to Use Approved,Projected MOS,S1,2026-06,3.4
Kenya,MOH Supply Plan,"Medroxyprogesterone Acetate 104 mg/0.65 mL, Subcutaneous, Pre-Filled Device",Ready to Use Approved,Ready to Use Approved,Projected MOS,S1,2026-07,2.3
Kenya,MOH Supply Plan,"Medroxyprogesterone Acetate 104 mg/0.65 mL, Subcutaneous, Pre-Filled Device",Ready to Use Approved,Ready to Use Approved,Projected MOS,S1,2026-08,1.3
Kenya,MOH Supply Plan,"Medroxyprogesterone Acetate 104 mg/0.65 mL, Subcutaneous, Pre-Filled Device",Ready to Use Approved,Ready to Use Approved,Projected MOS,S1,2026-09,0.3
Kenya,MOH Supply Plan,"Medroxyprogesterone Acetate 104 mg/0.65 mL, Subcutaneous, Pre-Filled Device",Ready to Use Approved,Ready to Use Approved,Projected MOS,S1,2026-10,4.1
Kenya,MOH Supply Plan,"Medroxyprogesterone Acetate 104 mg/0.65 mL, Subcutaneous, Pre-Filled Device",Ready to Use Approved,Ready to Use Approved,Projected MOS,S1,2026-11,4.3
Kenya,MOH Supply Plan,"Medroxyprogesterone Acetate 104 mg/0.65 mL, Subcutaneous, Pre-Filled Device",Ready to Use Approved,Ready to Use Approved,Projected MOS,S1,2026-12,8.0
Kenya,MOH Supply Plan,"Medroxyprogesterone Acetate 104 mg/0.65 mL, Subcutaneous, Pre-Filled Device",Ready to Use Approved,Ready to Use Approved,Projected MOS,S1,2027-01,7.0
Kenya,MOH Supply Plan,"Medroxyprogesterone Acetate 104 mg/0.65 mL, Subcutaneous, Pre-Filled Device",Ready to Use Approved,Ready to Use Approved,Projected MOS,S1,2027-02,12.2
Kenya,MOH Supply Plan,"Medroxyprogesterone Acetate 104 mg/0.65 mL, Subcutaneous, Pre-Filled Device",Ready to Use Approved,Ready to Use Approved,Projected MOS,S1,2027-03,11.2
Kenya,MOH Supply Plan,"Medroxyprogesterone Acetate 104 mg/0.65 mL, Subcutaneous, Pre-Filled Device",Ready to Use Approved,Ready to Use Approved,Projected MOS,S1,2027-04,10.2
Kenya,MOH Supply Plan,"Medroxyprogesterone Acetate 104 mg/0.65 mL, Subcutaneous, Pre-Filled Device",Ready to Use Approved,Ready to Use Approved,Projected MOS,S1,2027-05,9.1
Kenya,MOH Supply Plan,"Medroxyprogesterone Acetate 104 mg/0.65 mL, Subcutaneous, Pre-Filled Device",Ready to Use Approved,Ready to Use Approved,Projected MOS,S1,2027-06,8.1
Kenya,MOH Supply Plan,"Medroxyprogesterone Acetate 104 mg/0.65 mL, Subcutaneous, Pre-Filled Device",Ready to Use Approved,Ready to Use Approved,Projected MOS,S1,2027-07,7.0
Kenya,MOH Supply Plan,"Medroxyprogesterone Acetate 104 mg/0.65 mL, Subcutaneous, Pre-Filled Device",Ready to Use Approved,Ready to Use Approved,Projected MOS,S1,2027-08,12.3
Kenya,MOH Supply Plan,"Medroxyprogesterone Acetate 104 mg/0.65 mL, Subcutaneous, Pre-Filled Device",Ready to Use Approved,Ready to Use Approved,Projected MOS,S1,2027-09,11.3
Kenya,MOH Supply Plan,"Medroxyprogesterone Acetate 104 mg/0.65 mL, Subcutaneous, Pre-Filled Device",Ready to Use Approved,Ready to Use Approved,Projected MOS,S1,2027-10,10.3
Kenya,MOH Supply Plan,"Medroxyprogesterone Acetate 104 mg/0.65 mL, Subcutaneous, Pre-Filled Device",Ready to Use Approved,Ready to Use Approved,Projected MOS,S1,2027-11,9.3
Kenya,MOH Supply Plan,"Medroxyprogesterone Acetate 104 mg/0.65 mL, Subcutaneous, Pre-Filled Device",Ready to Use Approved,Ready to Use Approved,Projected MOS,S1,2027-12,8.3
Kenya,MOH Supply Plan,"Medroxyprogesterone Acetate 104 mg/0.65 mL, Subcutaneous, Pre-Filled Device",Ready to Use Approved,Ready to Use Approved,Projected MOS,S1,2028-01,7.3
Kenya,MOH Supply Plan,"Medroxyprogesterone Acetate 104 mg/0.65 mL, Subcutaneous, Pre-Filled Device",Ready to Use Approved,Ready to Use Approved,Projected MOS,S1,2028-02,6.3
Kenya,MOH Supply Plan,"Medroxyprogesterone Acetate 104 mg/0.65 mL, Subcutaneous, Pre-Filled Device",Ready to Use Approved,Ready to Use Approved,Projected MOS,S1,2028-03,5.3
Kenya,MOH Supply Plan,"Medroxyprogesterone Acetate 104 mg/0.65 mL, Subcutaneous, Pre-Filled Device",Ready to Use Approved,Ready to Use Approved,Projected MOS,S1,2028-04,4.3
Kenya,MOH Supply Plan,"Medroxyprogesterone Acetate 104 mg/0.65 mL, Subcutaneous, Pre-Filled Device",Ready to Use Approved,Ready to Use Approved,Projected MOS,S1,2028-05,3.3
Kenya,MOH Supply Plan,"Medroxyprogesterone Acetate 104 mg/0.65 mL, Subcutaneous, Pre-Filled Device",Ready to Use Approved,Ready to Use Approved,Projected MOS,S1,2028-06,2.3
Kenya,MOH Supply Plan,"Medroxyprogesterone Acetate 104 mg/0.65 mL, Subcutaneous, Pre-Filled Device",Ready to Use Approved,Ready to Use Approved,Monthly Consumption,S2,2026-02,96927.0
Kenya,MOH Supply Plan,"Medroxyprogesterone Acetate 104 mg/0.65 mL, Subcutaneous, Pre-Filled Device",Ready to Use Approved,Ready to Use Approved,Monthly Consumption,S2,2026-03,117253.0
Kenya,MOH Supply Plan,"Medroxyprogesterone Acetate 104 mg/0.65 mL, Subcutaneous, Pre-Filled Device",Ready to Use Approved,Ready to Use Approved,Monthly Consumption,S2,2026-04,116106.0
Kenya,MOH Supply Plan,"Medroxyprogesterone Acetate 104 mg/0.65 mL, Subcutaneous, Pre-Filled Device",Ready to Use Approved,Ready to Use Approved,Monthly Consumption,S2,2026-05,116106.0
Kenya,MOH Supply Plan,"Medroxyprogesterone Acetate 104 mg/0.65 mL, Subcutaneous, Pre-Filled Device",Ready to Use Approved,Ready to Use Approved,Monthly Consumption,S2,2026-06,116106.0
Kenya,MOH Supply Plan,"Medroxyprogesterone Acetate 104 mg/0.65 mL, Subcutaneous, Pre-Filled Device",Ready to Use Approved,Ready to Use Approved,Monthly Consumption,S2,2026-07,118660.0
Kenya,MOH Supply Plan,"Medroxyprogesterone Acetate 104 mg/0.65 mL, Subcutaneous, Pre-Filled Device",Ready to Use Approved,Ready to Use Approved,Monthly Consumption,S2,2026-08,118660.0
Kenya,MOH Supply Plan,"Medroxyprogesterone Acetate 104 mg/0.65 mL, Subcutaneous, Pre-Filled Device",Ready to Use Approved,Ready to Use Approved,Monthly Consumption,S2,2026-09,118660.0
Kenya,MOH Supply Plan,"Medroxyprogesterone Acetate 104 mg/0.65 mL, Subcutaneous, Pre-Filled Device",Ready to Use Approved,Ready to Use Approved,Monthly Consumption,S2,2026-10,118660.0
Kenya,MOH Supply Plan,"Medroxyprogesterone Acetate 104 mg/0.65 mL, Subcutaneous, Pre-Filled Device",Ready to Use Approved,Ready to Use Approved,Monthly Consumption,S2,2026-11,118660.0
Kenya,MOH Supply Plan,"Medroxyprogesterone Acetate 104 mg/0.65 mL, Subcutaneous, Pre-Filled Device",Ready to Use Approved,Ready to Use Approved,Monthly Consumption,S2,2026-12,118660.0
Kenya,MOH Supply Plan,"Medroxyprogesterone Acetate 104 mg/0.65 mL, Subcutaneous, Pre-Filled Device",Ready to Use Approved,Ready to Use Approved,Monthly Consumption,S2,2027-01,118660.0
Kenya,MOH Supply Plan,"Medroxyprogesterone Acetate 104 mg/0.65 mL, Subcutaneous, Pre-Filled Device",Ready to Use Approved,Ready to Use Approved,Monthly Consumption,S2,2027-02,118660.0
Kenya,MOH Supply Plan,"Medroxyprogesterone Acetate 104 mg/0.65 mL, Subcutaneous, Pre-Filled Device",Ready to Use Approved,Ready to Use Approved,Monthly Consumption,S2,2027-03,118660.0
Kenya,MOH Supply Plan,"Medroxyprogesterone Acetate 104 mg/0.65 mL, Subcutaneous, Pre-Filled Device",Ready to Use Approved,Ready to Use Approved,Monthly Consumption,S2,2027-04,118660.0
Kenya,MOH Supply Plan,"Medroxyprogesterone Acetate 104 mg/0.65 mL, Subcutaneous, Pre-Filled Device",Ready to Use Approved,Ready to Use Approved,Monthly Consumption,S2,2027-05,118660.0
Kenya,MOH Supply Plan,"Medroxyprogesterone Acetate 104 mg/0.65 mL, Subcutaneous, Pre-Filled Device",Ready to Use Approved,Ready to Use Approved,Monthly Consumption,S2,2027-06,118660.0
Kenya,MOH Supply Plan,"Medroxyprogesterone Acetate 104 mg/0.65 mL, Subcutaneous, Pre-Filled Device",Ready to Use Approved,Ready to Use Approved,Monthly Consumption,S2,2027-07,121271.0
Kenya,MOH Supply Plan,"Medroxyprogesterone Acetate 104 mg/0.65 mL, Subcutaneous, Pre-Filled Device",Ready to Use Approved,Ready to Use Approved,Monthly Consumption,S2,2027-08,121271.0
Kenya,MOH Supply Plan,"Medroxyprogesterone Acetate 104 mg/0.65 mL, Subcutaneous, Pre-Filled Device",Ready to Use Approved,Ready to Use Approved,Monthly Consumption,S2,2027-09,121271.0
Kenya,MOH Supply Plan,"Medroxyprogesterone Acetate 104 mg/0.65 mL, Subcutaneous, Pre-Filled Device",Ready to Use Approved,Ready to Use Approved,Monthly Consumption,S2,2027-10,121271.0
Kenya,MOH Supply Plan,"Medroxyprogesterone Acetate 104 mg/0.65 mL, Subcutaneous, Pre-Filled Device",Ready to Use Approved,Ready to Use Approved,Monthly Consumption,S2,2027-11,121271.0
Kenya,MOH Supply Plan,"Medroxyprogesterone Acetate 104 mg/0.65 mL, Subcutaneous, Pre-Filled Device",Ready to Use Approved,Ready to Use Approved,Monthly Consumption,S2,2027-12,121271.0
Kenya,MOH Supply Plan,"Medroxyprogesterone Acetate 104 mg/0.65 mL, Subcutaneous, Pre-Filled Device",Ready to Use Approved,Ready to Use Approved,Monthly Consumption,S2,2028-01,121271.0
Kenya,MOH Supply Plan,"Medroxyprogesterone Acetate 104 mg/0.65 mL, Subcutaneous, Pre-Filled Device",Ready to Use Approved,Ready to Use Approved,Monthly Consumption,S2,2028-02,121271.0
Kenya,MOH Supply Plan,"Medroxyprogesterone Acetate 104 mg/0.65 mL, Subcutaneous, Pre-Filled Device",Ready to Use Approved,Ready to Use Approved,Monthly Consumption,S2,2028-03,121271.0
Kenya,MOH Supply Plan,"Medroxyprogesterone Acetate 104 mg/0.65 mL, Subcutaneous, Pre-Filled Device",Ready to Use Approved,Ready to Use Approved,Monthly Consumption,S2,2028-04,121271.0
Kenya,MOH Supply Plan,"Medroxyprogesterone Acetate 104 mg/0.65 mL, Subcutaneous, Pre-Filled Device",Ready to Use Approved,Ready to Use Approved,Monthly Consumption,S2,2028-05,121271.0
Kenya,MOH Supply Plan,"Medroxyprogesterone Acetate 104 mg/0.65 mL, Subcutaneous, Pre-Filled Device",Ready to Use Approved,Ready to Use Approved,Monthly Consumption,S2,2028-06,121271.0
Kenya,MOH Supply Plan,"Medroxyprogesterone Acetate 104 mg/0.65 mL, Subcutaneous, Pre-Filled Device",Ready to Use Approved,Ready to Use Approved,Projected Supplies,S2,2026-06,928000.0
Kenya,MOH Supply Plan,"Medroxyprogesterone Acetate 104 mg/0.65 mL, Subcutaneous, Pre-Filled Device",Ready to Use Approved,Ready to Use Approved,Projected Inventory,S2,2026-02,0.0
Kenya,MOH Supply Plan,"Medroxyprogesterone Acetate 104 mg/0.65 mL, Subcutaneous, Pre-Filled Device",Ready to Use Approved,Ready to Use Approved,Projected Inventory,S2,2026-03,0.0
Kenya,MOH Supply Plan,"Medroxyprogesterone Acetate 104 mg/0.65 mL, Subcutaneous, Pre-Filled Device",Ready to Use Approved,Ready to Use Approved,Projected Inventory,S2,2026-04,0.0
Kenya,MOH Supply Plan,"Medroxyprogesterone Acetate 104 mg/0.65 mL, Subcutaneous, Pre-Filled Device",Ready to Use Approved,Ready to Use Approved,Projected Inventory,S2,2026-05,0.0
Kenya,MOH Supply Plan,"Medroxyprogesterone Acetate 104 mg/0.65 mL, Subcutaneous, Pre-Filled Device",Ready to Use Approved,Ready to Use Approved,Projected Inventory,S2,2026-06,396358.0
Kenya,MOH Supply Plan,"Medroxyprogesterone Acetate 104 mg/0.65 mL, Subcutaneous, Pre-Filled Device",Ready to Use Approved,Ready to Use Approved,Projected Inventory,S2,2026-07,277698.0
Kenya,MOH Supply Plan,"Medroxyprogesterone Acetate 104 mg/0.65 mL, Subcutaneous, Pre-Filled Device",Ready to Use Approved,Ready to Use Approved,Projected Inventory,S2,2026-08,159038.0
Kenya,MOH Supply Plan,"Medroxyprogesterone Acetate 104 mg/0.65 mL, Subcutaneous, Pre-Filled Device",Ready to Use Approved,Ready to Use Approved,Projected Inventory,S2,2026-09,40378.0
Kenya,MOH Supply Plan,"Medroxyprogesterone Acetate 104 mg/0.65 mL, Subcutaneous, Pre-Filled Device",Ready to Use Approved,Ready to Use Approved,Projected Inventory,S2,2026-10,0.0
Kenya,MOH Supply Plan,"Medroxyprogesterone Acetate 104 mg/0.65 mL, Subcutaneous, Pre-Filled Device",Ready to Use Approved,Ready to Use Approved,Projected Inventory,S2,2026-11,0.0
Kenya,MOH Supply Plan,"Medroxyprogesterone Acetate 104 mg/0.65 mL, Subcutaneous, Pre-Filled Device",Ready to Use Approved,Ready to Use Approved,Projected Inventory,S2,2026-12,0.0
Kenya,MOH Supply Plan,"Medroxyprogesterone Acetate 104 mg/0.65 mL, Subcutaneous, Pre-Filled Device",Ready to Use Approved,Ready to Use Approved,Projected Inventory,S2,2027-01,0.0
Kenya,MOH Supply Plan,"Medroxyprogesterone Acetate 104 mg/0.65 mL, Subcutaneous, Pre-Filled Device",Ready to Use Approved,Ready to Use Approved,Projected Inventory,S2,2027-02,0.0
Kenya,MOH Supply Plan,"Medroxyprogesterone Acetate 104 mg/0.65 mL, Subcutaneous, Pre-Filled Device",Ready to Use Approved,Ready to Use Approved,Projected Inventory,S2,2027-03,0.0
Kenya,MOH Supply Plan,"Medroxyprogesterone Acetate 104 mg/0.65 mL, Subcutaneous, Pre-Filled Device",Ready to Use Approved,Ready to Use Approved,Projected Inventory,S2,2027-04,0.0
Kenya,MOH Supply Plan,"Medroxyprogesterone Acetate 104 mg/0.65 mL, Subcutaneous, Pre-Filled Device",Ready to Use Approved,Ready to Use Approved,Projected Inventory,S2,2027-05,0.0
Kenya,MOH Supply Plan,"Medroxyprogesterone Acetate 104 mg/0.65 mL, Subcutaneous, Pre-Filled Device",Ready to Use Approved,Ready to Use Approved,Projected Inventory,S2,2027-06,0.0
Kenya,MOH Supply Plan,"Medroxyprogesterone Acetate 104 mg/0.65 mL, Subcutaneous, Pre-Filled Device",Ready to Use Approved,Ready to Use Approved,Projected Inventory,S2,2027-07,0.0
Kenya,MOH Supply Plan,"Medroxyprogesterone Acetate 104 mg/0.65 mL, Subcutaneous, Pre-Filled Device",Ready to Use Approved,Ready to Use Approved,Projected Inventory,S2,2027-08,0.0
Kenya,MOH Supply Plan,"Medroxyprogesterone Acetate 104 mg/0.65 mL, Subcutaneous, Pre-Filled Device",Ready to Use Approved,Ready to Use Approved,Projected Inventory,S2,2027-09,0.0
Kenya,MOH Supply Plan,"Medroxyprogesterone Acetate 104 mg/0.65 mL, Subcutaneous, Pre-Filled Device",Ready to Use Approved,Ready to Use Approved,Projected Inventory,S2,2027-10,0.0
Kenya,MOH Supply Plan,"Medroxyprogesterone Acetate 104 mg/0.65 mL, Subcutaneous, Pre-Filled Device",Ready to Use Approved,Ready to Use Approved,Projected Inventory,S2,2027-11,0.0
Kenya,MOH Supply Plan,"Medroxyprogesterone Acetate 104 mg/0.65 mL, Subcutaneous, Pre-Filled Device",Ready to Use Approved,Ready to Use Approved,Projected Inventory,S2,2027-12,0.0
Kenya,MOH Supply Plan,"Medroxyprogesterone Acetate 104 mg/0.65 mL, Subcutaneous, Pre-Filled Device",Ready to Use Approved,Ready to Use Approved,Projected Inventory,S2,2028-01,0.0
Kenya,MOH Supply Plan,"Medroxyprogesterone Acetate 104 mg/0.65 mL, Subcutaneous, Pre-Filled Device",Ready to Use Approved,Ready to Use Approved,Projected Inventory,S2,2028-02,0.0
Kenya,MOH Supply Plan,"Medroxyprogesterone Acetate 104 mg/0.65 mL, Subcutaneous, Pre-Filled Device",Ready to Use Approved,Ready to Use Approved,Projected Inventory,S2,2028-03,0.0
Kenya,MOH Supply Plan,"Medroxyprogesterone Acetate 104 mg/0.65 mL, Subcutaneous, Pre-Filled Device",Ready to Use Approved,Ready to Use Approved,Projected Inventory,S2,2028-04,0.0
Kenya,MOH Supply Plan,"Medroxyprogesterone Acetate 104 mg/0.65 mL, Subcutaneous, Pre-Filled Device",Ready to Use Approved,Ready to Use Approved,Projected Inventory,S2,2028-05,0.0
Kenya,MOH Supply Plan,"Medroxyprogesterone Acetate 104 mg/0.65 mL, Subcutaneous, Pre-Filled Device",Ready to Use Approved,Ready to Use Approved,Projected Inventory,S2,2028-06,0.0
Kenya,MOH Supply Plan,"Medroxyprogesterone Acetate 104 mg/0.65 mL, Subcutaneous, Pre-Filled Device",Ready to Use Approved,Ready to Use Approved,Projected Inventory,S2,2028-07,0.0
Kenya,MOH Supply Plan,"Medroxyprogesterone Acetate 104 mg/0.65 mL, Subcutaneous, Pre-Filled Device",Ready to Use Approved,Ready to Use Approved,Projected Inventory,S2,2028-08,0.0
Kenya,MOH Supply Plan,"Medroxyprogesterone Acetate 104 mg/0.65 mL, Subcutaneous, Pre-Filled Device",Ready to Use Approved,Ready to Use Approved,Projected MOS,S2,2026-02,0.0
Kenya,MOH Supply Plan,"Medroxyprogesterone Acetate 104 mg/0.65 mL, Subcutaneous, Pre-Filled Device",Ready to Use Approved,Ready to Use Approved,Projected MOS,S2,2026-03,0.0
Kenya,MOH Supply Plan,"Medroxyprogesterone Acetate 104 mg/0.65 mL, Subcutaneous, Pre-Filled Device",Ready to Use Approved,Ready to Use Approved,Projected MOS,S2,2026-04,0.0
Kenya,MOH Supply Plan,"Medroxyprogesterone Acetate 104 mg/0.65 mL, Subcutaneous, Pre-Filled Device",Ready to Use Approved,Ready to Use Approved,Projected MOS,S2,2026-05,0.0
Kenya,MOH Supply Plan,"Medroxyprogesterone Acetate 104 mg/0.65 mL, Subcutaneous, Pre-Filled Device",Ready to Use Approved,Ready to Use Approved,Projected MOS,S2,2026-06,3.4
Kenya,MOH Supply Plan,"Medroxyprogesterone Acetate 104 mg/0.65 mL, Subcutaneous, Pre-Filled Device",Ready to Use Approved,Ready to Use Approved,Projected MOS,S2,2026-07,2.3
Kenya,MOH Supply Plan,"Medroxyprogesterone Acetate 104 mg/0.65 mL, Subcutaneous, Pre-Filled Device",Ready to Use Approved,Ready to Use Approved,Projected MOS,S2,2026-08,1.3
Kenya,MOH Supply Plan,"Medroxyprogesterone Acetate 104 mg/0.65 mL, Subcutaneous, Pre-Filled Device",Ready to Use Approved,Ready to Use Approved,Projected MOS,S2,2026-09,0.3
Kenya,MOH Supply Plan,"Medroxyprogesterone Acetate 104 mg/0.65 mL, Subcutaneous, Pre-Filled Device",Ready to Use Approved,Ready to Use Approved,Projected MOS,S2,2026-10,0.0
Kenya,MOH Supply Plan,"Medroxyprogesterone Acetate 104 mg/0.65 mL, Subcutaneous, Pre-Filled Device",Ready to Use Approved,Ready to Use Approved,Projected MOS,S2,2026-11,0.0
Kenya,MOH Supply Plan,"Medroxyprogesterone Acetate 104 mg/0.65 mL, Subcutaneous, Pre-Filled Device",Ready to Use Approved,Ready to Use Approved,Projected MOS,S2,2026-12,0.0
Kenya,MOH Supply Plan,"Medroxyprogesterone Acetate 104 mg/0.65 mL, Subcutaneous, Pre-Filled Device",Ready to Use Approved,Ready to Use Approved,Projected MOS,S2,2027-01,0.0
Kenya,MOH Supply Plan,"Medroxyprogesterone Acetate 104 mg/0.65 mL, Subcutaneous, Pre-Filled Device",Ready to Use Approved,Ready to Use Approved,Projected MOS,S2,2027-02,0.0
Kenya,MOH Supply Plan,"Medroxyprogesterone Acetate 104 mg/0.65 mL, Subcutaneous, Pre-Filled Device",Ready to Use Approved,Ready to Use Approved,Projected MOS,S2,2027-03,0.0
Kenya,MOH Supply Plan,"Medroxyprogesterone Acetate 104 mg/0.65 mL, Subcutaneous, Pre-Filled Device",Ready to Use Approved,Ready to Use Approved,Projected MOS,S2,2027-04,0.0
Kenya,MOH Supply Plan,"Medroxyprogesterone Acetate 104 mg/0.65 mL, Subcutaneous, Pre-Filled Device",Ready to Use Approved,Ready to Use Approved,Projected MOS,S2,2027-05,0.0
Kenya,MOH Supply Plan,"Medroxyprogesterone Acetate 104 mg/0.65 mL, Subcutaneous, Pre-Filled Device",Ready to Use Approved,Ready to Use Approved,Projected MOS,S2,2027-06,0.0
Kenya,MOH Supply Plan,"Medroxyprogesterone Acetate 104 mg/0.65 mL, Subcutaneous, Pre-Filled Device",Ready to Use Approved,Ready to Use Approved,Projected MOS,S2,2027-07,0.0
Kenya,MOH Supply Plan,"Medroxyprogesterone Acetate 104 mg/0.65 mL, Subcutaneous, Pre-Filled Device",Ready to Use Approved,Ready to Use Approved,Projected MOS,S2,2027-08,0.0
Kenya,MOH Supply Plan,"Medroxyprogesterone Acetate 104 mg/0.65 mL, Subcutaneous, Pre-Filled Device",Ready to Use Approved,Ready to Use Approved,Projected MOS,S2,2027-09,0.0
Kenya,MOH Supply Plan,"Medroxyprogesterone Acetate 104 mg/0.65 mL, Subcutaneous, Pre-Filled Device",Ready to Use Approved,Ready to Use Approved,Projected MOS,S2,2027-10,0.0
Kenya,MOH Supply Plan,"Medroxyprogesterone Acetate 104 mg/0.65 mL, Subcutaneous, Pre-Filled Device",Ready to Use Approved,Ready to Use Approved,Projected MOS,S2,2027-11,0.0
Kenya,MOH Supply Plan,"Medroxyprogesterone Acetate 104 mg/0.65 mL, Subcutaneous, Pre-Filled Device",Ready to Use Approved,Ready to Use Approved,Projected MOS,S2,2027-12,0.0
Kenya,MOH Supply Plan,"Medroxyprogesterone Acetate 104 mg/0.65 mL, Subcutaneous, Pre-Filled Device",Ready to Use Approved,Ready to Use Approved,Projected MOS,S2,2028-01,0.0
Kenya,MOH Supply Plan,"Medroxyprogesterone Acetate 104 mg/0.65 mL, Subcutaneous, Pre-Filled Device",Ready to Use Approved,Ready to Use Approved,Projected MOS,S2,2028-02,0.0
Kenya,MOH Supply Plan,"Medroxyprogesterone Acetate 104 mg/0.65 mL, Subcutaneous, Pre-Filled Device",Ready to Use Approved,Ready to Use Approved,Projected MOS,S2,2028-03,0.0
Kenya,MOH Supply Plan,"Medroxyprogesterone Acetate 104 mg/0.65 mL, Subcutaneous, Pre-Filled Device",Ready to Use Approved,Ready to Use Approved,Projected MOS,S2,2028-04,0.0
Kenya,MOH Supply Plan,"Medroxyprogesterone Acetate 104 mg/0.65 mL, Subcutaneous, Pre-Filled Device",Ready to Use Approved,Ready to Use Approved,Projected MOS,S2,2028-05,0.0
Kenya,MOH Supply Plan,"Medroxyprogesterone Acetate 104 mg/0.65 mL, Subcutaneous, Pre-Filled Device",Ready to Use Approved,Ready to Use Approved,Projected MOS,S2,2028-06,0.0
Kenya,MOH Supply Plan,"Medroxyprogesterone Acetate 150 mg/mL (1 mL) Vial, Intramuscular",Ready to Use Approved,Ready to Use Approved,Monthly Consumption,Base,2026-02,102643.0
Kenya,MOH Supply Plan,"Medroxyprogesterone Acetate 150 mg/mL (1 mL) Vial, Intramuscular",Ready to Use Approved,Ready to Use Approved,Monthly Consumption,Base,2026-03,95380.0
Kenya,MOH Supply Plan,"Medroxyprogesterone Acetate 150 mg/mL (1 mL) Vial, Intramuscular",Ready to Use Approved,Ready to Use Approved,Monthly Consumption,Base,2026-04,216901.0
Kenya,MOH Supply Plan,"Medroxyprogesterone Acetate 150 mg/mL (1 mL) Vial, Intramuscular",Ready to Use Approved,Ready to Use Approved,Monthly Consumption,Base,2026-05,216901.0
Kenya,MOH Supply Plan,"Medroxyprogesterone Acetate 150 mg/mL (1 mL) Vial, Intramuscular",Ready to Use Approved,Ready to Use Approved,Monthly Consumption,Base,2026-06,216901.0
Kenya,MOH Supply Plan,"Medroxyprogesterone Acetate 150 mg/mL (1 mL) Vial, Intramuscular",Ready to Use Approved,Ready to Use Approved,Monthly Consumption,Base,2026-07,221673.0
Kenya,MOH Supply Plan,"Medroxyprogesterone Acetate 150 mg/mL (1 mL) Vial, Intramuscular",Ready to Use Approved,Ready to Use Approved,Monthly Consumption,Base,2026-08,221673.0
Kenya,MOH Supply Plan,"Medroxyprogesterone Acetate 150 mg/mL (1 mL) Vial, Intramuscular",Ready to Use Approved,Ready to Use Approved,Monthly Consumption,Base,2026-09,221673.0
Kenya,MOH Supply Plan,"Medroxyprogesterone Acetate 150 mg/mL (1 mL) Vial, Intramuscular",Ready to Use Approved,Ready to Use Approved,Monthly Consumption,Base,2026-10,221673.0
Kenya,MOH Supply Plan,"Medroxyprogesterone Acetate 150 mg/mL (1 mL) Vial, Intramuscular",Ready to Use Approved,Ready to Use Approved,Monthly Consumption,Base,2026-11,221673.0
Kenya,MOH Supply Plan,"Medroxyprogesterone Acetate 150 mg/mL (1 mL) Vial, Intramuscular",Ready to Use Approved,Ready to Use Approved,Monthly Consumption,Base,2026-12,221673.0
Kenya,MOH Supply Plan,"Medroxyprogesterone Acetate 150 mg/mL (1 mL) Vial, Intramuscular",Ready to Use Approved,Ready to Use Approved,Monthly Consumption,Base,2027-01,221673.0
Kenya,MOH Supply Plan,"Medroxyprogesterone Acetate 150 mg/mL (1 mL) Vial, Intramuscular",Ready to Use Approved,Ready to Use Approved,Monthly Consumption,Base,2027-02,221673.0
Kenya,MOH Supply Plan,"Medroxyprogesterone Acetate 150 mg/mL (1 mL) Vial, Intramuscular",Ready to Use Approved,Ready to Use Approved,Monthly Consumption,Base,2027-03,221673.0
Kenya,MOH Supply Plan,"Medroxyprogesterone Acetate 150 mg/mL (1 mL) Vial, Intramuscular",Ready to Use Approved,Ready to Use Approved,Monthly Consumption,Base,2027-04,221673.0
Kenya,MOH Supply Plan,"Medroxyprogesterone Acetate 150 mg/mL (1 mL) Vial, Intramuscular",Ready to Use Approved,Ready to Use Approved,Monthly Consumption,Base,2027-05,221673.0
Kenya,MOH Supply Plan,"Medroxyprogesterone Acetate 150 mg/mL (1 mL) Vial, Intramuscular",Ready to Use Approved,Ready to Use Approved,Monthly Consumption,Base,2027-06,221673.0
Kenya,MOH Supply Plan,"Medroxyprogesterone Acetate 150 mg/mL (1 mL) Vial, Intramuscular",Ready to Use Approved,Ready to Use Approved,Monthly Consumption,Base,2027-07,226550.0
Kenya,MOH Supply Plan,"Medroxyprogesterone Acetate 150 mg/mL (1 mL) Vial, Intramuscular",Ready to Use Approved,Ready to Use Approved,Monthly Consumption,Base,2027-08,226550.0
Kenya,MOH Supply Plan,"Medroxyprogesterone Acetate 150 mg/mL (1 mL) Vial, Intramuscular",Ready to Use Approved,Ready to Use Approved,Monthly Consumption,Base,2027-09,226550.0
Kenya,MOH Supply Plan,"Medroxyprogesterone Acetate 150 mg/mL (1 mL) Vial, Intramuscular",Ready to Use Approved,Ready to Use Approved,Monthly Consumption,Base,2027-10,226550.0
Kenya,MOH Supply Plan,"Medroxyprogesterone Acetate 150 mg/mL (1 mL) Vial, Intramuscular",Ready to Use Approved,Ready to Use Approved,Monthly Consumption,Base,2027-11,226550.0
Kenya,MOH Supply Plan,"Medroxyprogesterone Acetate 150 mg/mL (1 mL) Vial, Intramuscular",Ready to Use Approved,Ready to Use Approved,Monthly Consumption,Base,2027-12,226550.0
Kenya,MOH Supply Plan,"Medroxyprogesterone Acetate 150 mg/mL (1 mL) Vial, Intramuscular",Ready to Use Approved,Ready to Use Approved,Monthly Consumption,Base,2028-01,226550.0
Kenya,MOH Supply Plan,"Medroxyprogesterone Acetate 150 mg/mL (1 mL) Vial, Intramuscular",Ready to Use Approved,Ready to Use Approved,Monthly Consumption,Base,2028-02,226550.0
Kenya,MOH Supply Plan,"Medroxyprogesterone Acetate 150 mg/mL (1 mL) Vial, Intramuscular",Ready to Use Approved,Ready to Use Approved,Monthly Consumption,Base,2028-03,226550.0
Kenya,MOH Supply Plan,"Medroxyprogesterone Acetate 150 mg/mL (1 mL) Vial, Intramuscular",Ready to Use Approved,Ready to Use Approved,Monthly Consumption,Base,2028-04,226550.0
Kenya,MOH Supply Plan,"Medroxyprogesterone Acetate 150 mg/mL (1 mL) Vial, Intramuscular",Ready to Use Approved,Ready to Use Approved,Monthly Consumption,Base,2028-05,226550.0
Kenya,MOH Supply Plan,"Medroxyprogesterone Acetate 150 mg/mL (1 mL) Vial, Intramuscular",Ready to Use Approved,Ready to Use Approved,Monthly Consumption,Base,2028-06,226550.0
Kenya,MOH Supply Plan,"Medroxyprogesterone Acetate 150 mg/mL (1 mL) Vial, Intramuscular",Ready to Use Approved,Ready to Use Approved,Prev. Monthly Consumption,Base,2026-02,216901.0
Kenya,MOH Supply Plan,"Medroxyprogesterone Acetate 150 mg/mL (1 mL) Vial, Intramuscular",Ready to Use Approved,Ready to Use Approved,Prev. Monthly Consumption,Base,2026-03,216901.0
Kenya,MOH Supply Plan,"Medroxyprogesterone Acetate 150 mg/mL (1 mL) Vial, Intramuscular",Ready to Use Approved,Ready to Use Approved,Prev. Monthly Consumption,Base,2026-04,216901.0
Kenya,MOH Supply Plan,"Medroxyprogesterone Acetate 150 mg/mL (1 mL) Vial, Intramuscular",Ready to Use Approved,Ready to Use Approved,Prev. Monthly Consumption,Base,2026-05,216901.0
Kenya,MOH Supply Plan,"Medroxyprogesterone Acetate 150 mg/mL (1 mL) Vial, Intramuscular",Ready to Use Approved,Ready to Use Approved,Prev. Monthly Consumption,Base,2026-06,216901.0
Kenya,MOH Supply Plan,"Medroxyprogesterone Acetate 150 mg/mL (1 mL) Vial, Intramuscular",Ready to Use Approved,Ready to Use Approved,Prev. Monthly Consumption,Base,2026-07,221673.0
Kenya,MOH Supply Plan,"Medroxyprogesterone Acetate 150 mg/mL (1 mL) Vial, Intramuscular",Ready to Use Approved,Ready to Use Approved,Prev. Monthly Consumption,Base,2026-08,221673.0
Kenya,MOH Supply Plan,"Medroxyprogesterone Acetate 150 mg/mL (1 mL) Vial, Intramuscular",Ready to Use Approved,Ready to Use Approved,Prev. Monthly Consumption,Base,2026-09,221673.0
Kenya,MOH Supply Plan,"Medroxyprogesterone Acetate 150 mg/mL (1 mL) Vial, Intramuscular",Ready to Use Approved,Ready to Use Approved,Prev. Monthly Consumption,Base,2026-10,221673.0
Kenya,MOH Supply Plan,"Medroxyprogesterone Acetate 150 mg/mL (1 mL) Vial, Intramuscular",Ready to Use Approved,Ready to Use Approved,Prev. Monthly Consumption,Base,2026-11,221673.0
Kenya,MOH Supply Plan,"Medroxyprogesterone Acetate 150 mg/mL (1 mL) Vial, Intramuscular",Ready to Use Approved,Ready to Use Approved,Prev. Monthly Consumption,Base,2026-12,221673.0
Kenya,MOH Supply Plan,"Medroxyprogesterone Acetate 150 mg/mL (1 mL) Vial, Intramuscular",Ready to Use Approved,Ready to Use Approved,Prev. Monthly Consumption,Base,2027-01,221673.0
Kenya,MOH Supply Plan,"Medroxyprogesterone Acetate 150 mg/mL (1 mL) Vial, Intramuscular",Ready to Use Approved,Ready to Use Approved,Prev. Monthly Consumption,Base,2027-02,221673.0
Kenya,MOH Supply Plan,"Medroxyprogesterone Acetate 150 mg/mL (1 mL) Vial, Intramuscular",Ready to Use Approved,Ready to Use Approved,Prev. Monthly Consumption,Base,2027-03,221673.0
Kenya,MOH Supply Plan,"Medroxyprogesterone Acetate 150 mg/mL (1 mL) Vial, Intramuscular",Ready to Use Approved,Ready to Use Approved,Prev. Monthly Consumption,Base,2027-04,221673.0
Kenya,MOH Supply Plan,"Medroxyprogesterone Acetate 150 mg/mL (1 mL) Vial, Intramuscular",Ready to Use Approved,Ready to Use Approved,Prev. Monthly Consumption,Base,2027-05,221673.0
Kenya,MOH Supply Plan,"Medroxyprogesterone Acetate 150 mg/mL (1 mL) Vial, Intramuscular",Ready to Use Approved,Ready to Use Approved,Prev. Monthly Consumption,Base,2027-06,221673.0
Kenya,MOH Supply Plan,"Medroxyprogesterone Acetate 150 mg/mL (1 mL) Vial, Intramuscular",Ready to Use Approved,Ready to Use Approved,Prev. Monthly Consumption,Base,2027-07,226550.0
Kenya,MOH Supply Plan,"Medroxyprogesterone Acetate 150 mg/mL (1 mL) Vial, Intramuscular",Ready to Use Approved,Ready to Use Approved,Prev. Monthly Consumption,Base,2027-08,226550.0
Kenya,MOH Supply Plan,"Medroxyprogesterone Acetate 150 mg/mL (1 mL) Vial, Intramuscular",Ready to Use Approved,Ready to Use Approved,Prev. Monthly Consumption,Base,2027-09,226550.0
Kenya,MOH Supply Plan,"Medroxyprogesterone Acetate 150 mg/mL (1 mL) Vial, Intramuscular",Ready to Use Approved,Ready to Use Approved,Prev. Monthly Consumption,Base,2027-10,226550.0
Kenya,MOH Supply Plan,"Medroxyprogesterone Acetate 150 mg/mL (1 mL) Vial, Intramuscular",Ready to Use Approved,Ready to Use Approved,Prev. Monthly Consumption,Base,2027-11,226550.0
Kenya,MOH Supply Plan,"Medroxyprogesterone Acetate 150 mg/mL (1 mL) Vial, Intramuscular",Ready to Use Approved,Ready to Use Approved,Prev. Monthly Consumption,Base,2027-12,226550.0
Kenya,MOH Supply Plan,"Medroxyprogesterone Acetate 150 mg/mL (1 mL) Vial, Intramuscular",Ready to Use Approved,Ready to Use Approved,Prev. Monthly Consumption,Base,2028-01,226550.0
Kenya,MOH Supply Plan,"Medroxyprogesterone Acetate 150 mg/mL (1 mL) Vial, Intramuscular",Ready to Use Approved,Ready to Use Approved,Prev. Monthly Consumption,Base,2028-02,226550.0
Kenya,MOH Supply Plan,"Medroxyprogesterone Acetate 150 mg/mL (1 mL) Vial, Intramuscular",Ready to Use Approved,Ready to Use Approved,Prev. Monthly Consumption,Base,2028-03,226550.0
Kenya,MOH Supply Plan,"Medroxyprogesterone Acetate 150 mg/mL (1 mL) Vial, Intramuscular",Ready to Use Approved,Ready to Use Approved,Prev. Monthly Consumption,Base,2028-04,226550.0
Kenya,MOH Supply Plan,"Medroxyprogesterone Acetate 150 mg/mL (1 mL) Vial, Intramuscular",Ready to Use Approved,Ready to Use Approved,Prev. Monthly Consumption,Base,2028-05,226550.0
Kenya,MOH Supply Plan,"Medroxyprogesterone Acetate 150 mg/mL (1 mL) Vial, Intramuscular",Ready to Use Approved,Ready to Use Approved,Prev. Monthly Consumption,Base,2028-06,226550.0
Kenya,MOH Supply Plan,"Medroxyprogesterone Acetate 150 mg/mL (1 mL) Vial, Intramuscular",Ready to Use Approved,Ready to Use Approved,Supply Plan Inventory,Base,2026-02,444079.0
Kenya,MOH Supply Plan,"Medroxyprogesterone Acetate 150 mg/mL (1 mL) Vial, Intramuscular",Ready to Use Approved,Ready to Use Approved,Supply Plan Inventory,Base,2026-03,353978.0
Kenya,MOH Supply Plan,"Medroxyprogesterone Acetate 150 mg/mL (1 mL) Vial, Intramuscular",Ready to Use Approved,Ready to Use Approved,Supply Plan Inventory,Base,2026-04,137077.0
Kenya,MOH Supply Plan,"Medroxyprogesterone Acetate 150 mg/mL (1 mL) Vial, Intramuscular",Ready to Use Approved,Ready to Use Approved,Supply Plan Inventory,Base,2026-05,0.0
Kenya,MOH Supply Plan,"Medroxyprogesterone Acetate 150 mg/mL (1 mL) Vial, Intramuscular",Ready to Use Approved,Ready to Use Approved,Supply Plan Inventory,Base,2026-06,0.0
Kenya,MOH Supply Plan,"Medroxyprogesterone Acetate 150 mg/mL (1 mL) Vial, Intramuscular",Ready to Use Approved,Ready to Use Approved,Supply Plan Inventory,Base,2026-07,0.0
Kenya,MOH Supply Plan,"Medroxyprogesterone Acetate 150 mg/mL (1 mL) Vial, Intramuscular",Ready to Use Approved,Ready to Use Approved,Supply Plan Inventory,Base,2026-08,5281927.0
Kenya,MOH Supply Plan,"Medroxyprogesterone Acetate 150 mg/mL (1 mL) Vial, Intramuscular",Ready to Use Approved,Ready to Use Approved,Supply Plan Inventory,Base,2026-09,5060254.0
Kenya,MOH Supply Plan,"Medroxyprogesterone Acetate 150 mg/mL (1 mL) Vial, Intramuscular",Ready to Use Approved,Ready to Use Approved,Supply Plan Inventory,Base,2026-10,4838581.0
Kenya,MOH Supply Plan,"Medroxyprogesterone Acetate 150 mg/mL (1 mL) Vial, Intramuscular",Ready to Use Approved,Ready to Use Approved,Supply Plan Inventory,Base,2026-11,4616908.0
Kenya,MOH Supply Plan,"Medroxyprogesterone Acetate 150 mg/mL (1 mL) Vial, Intramuscular",Ready to Use Approved,Ready to Use Approved,Supply Plan Inventory,Base,2026-12,4395235.0
Kenya,MOH Supply Plan,"Medroxyprogesterone Acetate 150 mg/mL (1 mL) Vial, Intramuscular",Ready to Use Approved,Ready to Use Approved,Supply Plan Inventory,Base,2027-01,4173562.0
Kenya,MOH Supply Plan,"Medroxyprogesterone Acetate 150 mg/mL (1 mL) Vial, Intramuscular",Ready to Use Approved,Ready to Use Approved,Supply Plan Inventory,Base,2027-02,5320089.0
Kenya,MOH Supply Plan,"Medroxyprogesterone Acetate 150 mg/mL (1 mL) Vial, Intramuscular",Ready to Use Approved,Ready to Use Approved,Supply Plan Inventory,Base,2027-03,5098416.0
Kenya,MOH Supply Plan,"Medroxyprogesterone Acetate 150 mg/mL (1 mL) Vial, Intramuscular",Ready to Use Approved,Ready to Use Approved,Supply Plan Inventory,Base,2027-04,4876743.0
Kenya,MOH Supply Plan,"Medroxyprogesterone Acetate 150 mg/mL (1 mL) Vial, Intramuscular",Ready to Use Approved,Ready to Use Approved,Supply Plan Inventory,Base,2027-05,4655070.0
Kenya,MOH Supply Plan,"Medroxyprogesterone Acetate 150 mg/mL (1 mL) Vial, Intramuscular",Ready to Use Approved,Ready to Use Approved,Supply Plan Inventory,Base,2027-06,4433397.0
Kenya,MOH Supply Plan,"Medroxyprogesterone Acetate 150 mg/mL (1 mL) Vial, Intramuscular",Ready to Use Approved,Ready to Use Approved,Supply Plan Inventory,Base,2027-07,4206847.0
Kenya,MOH Supply Plan,"Medroxyprogesterone Acetate 150 mg/mL (1 mL) Vial, Intramuscular",Ready to Use Approved,Ready to Use Approved,Supply Plan Inventory,Base,2027-08,5398197.0
Kenya,MOH Supply Plan,"Medroxyprogesterone Acetate 150 mg/mL (1 mL) Vial, Intramuscular",Ready to Use Approved,Ready to Use Approved,Supply Plan Inventory,Base,2027-09,5171647.0
Kenya,MOH Supply Plan,"Medroxyprogesterone Acetate 150 mg/mL (1 mL) Vial, Intramuscular",Ready to Use Approved,Ready to Use Approved,Supply Plan Inventory,Base,2027-10,4945097.0
Kenya,MOH Supply Plan,"Medroxyprogesterone Acetate 150 mg/mL (1 mL) Vial, Intramuscular",Ready to Use Approved,Ready to Use Approved,Supply Plan Inventory,Base,2027-11,4718547.0
Kenya,MOH Supply Plan,"Medroxyprogesterone Acetate 150 mg/mL (1 mL) Vial, Intramuscular",Ready to Use Approved,Ready to Use Approved,Supply Plan Inventory,Base,2027-12,4491997.0
Kenya,MOH Supply Plan,"Medroxyprogesterone Acetate 150 mg/mL (1 mL) Vial, Intramuscular",Ready to Use Approved,Ready to Use Approved,Supply Plan Inventory,Base,2028-01,4265447.0
Kenya,MOH Supply Plan,"Medroxyprogesterone Acetate 150 mg/mL (1 mL) Vial, Intramuscular",Ready to Use Approved,Ready to Use Approved,Supply Plan Inventory,Base,2028-02,5437197.0
Kenya,MOH Supply Plan,"Medroxyprogesterone Acetate 150 mg/mL (1 mL) Vial, Intramuscular",Ready to Use Approved,Ready to Use Approved,Supply Plan Inventory,Base,2028-03,5210647.0
Kenya,MOH Supply Plan,"Medroxyprogesterone Acetate 150 mg/mL (1 mL) Vial, Intramuscular",Ready to Use Approved,Ready to Use Approved,Supply Plan Inventory,Base,2028-04,4984097.0
Kenya,MOH Supply Plan,"Medroxyprogesterone Acetate 150 mg/mL (1 mL) Vial, Intramuscular",Ready to Use Approved,Ready to Use Approved,Supply Plan Inventory,Base,2028-05,4757547.0
Kenya,MOH Supply Plan,"Medroxyprogesterone Acetate 150 mg/mL (1 mL) Vial, Intramuscular",Ready to Use Approved,Ready to Use Approved,Supply Plan Inventory,Base,2028-06,4530997.0
Kenya,MOH Supply Plan,"Medroxyprogesterone Acetate 150 mg/mL (1 mL) Vial, Intramuscular",Ready to Use Approved,Ready to Use Approved,Supply Plan Inventory,Base,2028-07,4530997.0
Kenya,MOH Supply Plan,"Medroxyprogesterone Acetate 150 mg/mL (1 mL) Vial, Intramuscular",Ready to Use Approved,Ready to Use Approved,Supply Plan Inventory,Base,2028-08,4530997.0
Kenya,MOH Supply Plan,"Medroxyprogesterone Acetate 150 mg/mL (1 mL) Vial, Intramuscular",Ready to Use Approved,Ready to Use Approved,Monthly Inventory,Base,2026-02,444079.0
Kenya,MOH Supply Plan,"Medroxyprogesterone Acetate 150 mg/mL (1 mL) Vial, Intramuscular",Ready to Use Approved,Ready to Use Approved,Monthly Inventory,Base,2026-03,353978.0
Kenya,MOH Supply Plan,"Medroxyprogesterone Acetate 150 mg/mL (1 mL) Vial, Intramuscular",Ready to Use Approved,Ready to Use Approved,Monthly Inventory,Base,2026-04,280974.0
Kenya,MOH Supply Plan,"Medroxyprogesterone Acetate 150 mg/mL (1 mL) Vial, Intramuscular",Ready to Use Approved,Ready to Use Approved,Monthly Inventory,Base,2026-05,203985.0
Kenya,MOH Supply Plan,"Medroxyprogesterone Acetate 150 mg/mL (1 mL) Vial, Intramuscular",Ready to Use Approved,Ready to Use Approved,Monthly Inventory,Base,2026-06,150029.0
Kenya,MOH Supply Plan,"Medroxyprogesterone Acetate 150 mg/mL (1 mL) Vial, Intramuscular",Ready to Use Approved,Ready to Use Approved,Projected Inventory Adjustment,Base,2026-02,12260.0
Kenya,MOH Supply Plan,"Medroxyprogesterone Acetate 150 mg/mL (1 mL) Vial, Intramuscular",Ready to Use Approved,Ready to Use Approved,Projected Inventory Adjustment,Base,2026-03,5279.0
Kenya,MOH Supply Plan,"Medroxyprogesterone Acetate 150 mg/mL (1 mL) Vial, Intramuscular",Ready to Use Approved,Ready to Use Approved,Projected Inventory Adjustment,Base,2026-04,0.0
Kenya,MOH Supply Plan,"Medroxyprogesterone Acetate 150 mg/mL (1 mL) Vial, Intramuscular",Ready to Use Approved,Ready to Use Approved,Projected Inventory Adjustment,Base,2026-05,0.0
Kenya,MOH Supply Plan,"Medroxyprogesterone Acetate 150 mg/mL (1 mL) Vial, Intramuscular",Ready to Use Approved,Ready to Use Approved,Projected Inventory Adjustment,Base,2026-06,0.0
Kenya,MOH Supply Plan,"Medroxyprogesterone Acetate 150 mg/mL (1 mL) Vial, Intramuscular",Ready to Use Approved,Ready to Use Approved,Projected Inventory Adjustment,Base,2026-07,0.0
Kenya,MOH Supply Plan,"Medroxyprogesterone Acetate 150 mg/mL (1 mL) Vial, Intramuscular",Ready to Use Approved,Ready to Use Approved,Projected Inventory Adjustment,Base,2026-08,0.0
Kenya,MOH Supply Plan,"Medroxyprogesterone Acetate 150 mg/mL (1 mL) Vial, Intramuscular",Ready to Use Approved,Ready to Use Approved,Projected Inventory Adjustment,Base,2026-09,0.0
Kenya,MOH Supply Plan,"Medroxyprogesterone Acetate 150 mg/mL (1 mL) Vial, Intramuscular",Ready to Use Approved,Ready to Use Approved,Projected Inventory Adjustment,Base,2026-10,0.0
Kenya,MOH Supply Plan,"Medroxyprogesterone Acetate 150 mg/mL (1 mL) Vial, Intramuscular",Ready to Use Approved,Ready to Use Approved,Projected Inventory Adjustment,Base,2026-11,0.0
Kenya,MOH Supply Plan,"Medroxyprogesterone Acetate 150 mg/mL (1 mL) Vial, Intramuscular",Ready to Use Approved,Ready to Use Approved,Projected Inventory Adjustment,Base,2026-12,0.0
Kenya,MOH Supply Plan,"Medroxyprogesterone Acetate 150 mg/mL (1 mL) Vial, Intramuscular",Ready to Use Approved,Ready to Use Approved,Projected Inventory Adjustment,Base,2027-01,0.0
Kenya,MOH Supply Plan,"Medroxyprogesterone Acetate 150 mg/mL (1 mL) Vial, Intramuscular",Ready to Use Approved,Ready to Use Approved,Projected Inventory Adjustment,Base,2027-02,0.0
Kenya,MOH Supply Plan,"Medroxyprogesterone Acetate 150 mg/mL (1 mL) Vial, Intramuscular",Ready to Use Approved,Ready to Use Approved,Projected Inventory Adjustment,Base,2027-03,0.0
Kenya,MOH Supply Plan,"Medroxyprogesterone Acetate 150 mg/mL (1 mL) Vial, Intramuscular",Ready to Use Approved,Ready to Use Approved,Projected Inventory Adjustment,Base,2027-04,0.0
Kenya,MOH Supply Plan,"Medroxyprogesterone Acetate 150 mg/mL (1 mL) Vial, Intramuscular",Ready to Use Approved,Ready to Use Approved,Projected Inventory Adjustment,Base,2027-05,0.0
Kenya,MOH Supply Plan,"Medroxyprogesterone Acetate 150 mg/mL (1 mL) Vial, Intramuscular",Ready to Use Approved,Ready to Use Approved,Projected Inventory Adjustment,Base,2027-06,0.0
Kenya,MOH Supply Plan,"Medroxyprogesterone Acetate 150 mg/mL (1 mL) Vial, Intramuscular",Ready to Use Approved,Ready to Use Approved,Projected Inventory Adjustment,Base,2027-07,0.0
Kenya,MOH Supply Plan,"Medroxyprogesterone Acetate 150 mg/mL (1 mL) Vial, Intramuscular",Ready to Use Approved,Ready to Use Approved,Projected Inventory Adjustment,Base,2027-08,0.0
Kenya,MOH Supply Plan,"Medroxyprogesterone Acetate 150 mg/mL (1 mL) Vial, Intramuscular",Ready to Use Approved,Ready to Use Approved,Projected Inventory Adjustment,Base,2027-09,0.0
Kenya,MOH Supply Plan,"Medroxyprogesterone Acetate 150 mg/mL (1 mL) Vial, Intramuscular",Ready to Use Approved,Ready to Use Approved,Projected Inventory Adjustment,Base,2027-10,0.0
Kenya,MOH Supply Plan,"Medroxyprogesterone Acetate 150 mg/mL (1 mL) Vial, Intramuscular",Ready to Use Approved,Ready to Use Approved,Projected Inventory Adjustment,Base,2027-11,0.0
Kenya,MOH Supply Plan,"Medroxyprogesterone Acetate 150 mg/mL (1 mL) Vial, Intramuscular",Ready to Use Approved,Ready to Use Approved,Projected Inventory Adjustment,Base,2027-12,0.0
Kenya,MOH Supply Plan,"Medroxyprogesterone Acetate 150 mg/mL (1 mL) Vial, Intramuscular",Ready to Use Approved,Ready to Use Approved,Projected Inventory Adjustment,Base,2028-01,0.0
Kenya,MOH Supply Plan,"Medroxyprogesterone Acetate 150 mg/mL (1 mL) Vial, Intramuscular",Ready to Use Approved,Ready to Use Approved,Projected Inventory Adjustment,Base,2028-02,0.0
Kenya,MOH Supply Plan,"Medroxyprogesterone Acetate 150 mg/mL (1 mL) Vial, Intramuscular",Ready to Use Approved,Ready to Use Approved,Projected Inventory Adjustment,Base,2028-03,0.0
Kenya,MOH Supply Plan,"Medroxyprogesterone Acetate 150 mg/mL (1 mL) Vial, Intramuscular",Ready to Use Approved,Ready to Use Approved,Projected Inventory Adjustment,Base,2028-04,0.0
Kenya,MOH Supply Plan,"Medroxyprogesterone Acetate 150 mg/mL (1 mL) Vial, Intramuscular",Ready to Use Approved,Ready to Use Approved,Projected Inventory Adjustment,Base,2028-05,0.0
Kenya,MOH Supply Plan,"Medroxyprogesterone Acetate 150 mg/mL (1 mL) Vial, Intramuscular",Ready to Use Approved,Ready to Use Approved,Projected Inventory Adjustment,Base,2028-06,0.0
Kenya,MOH Supply Plan,"Medroxyprogesterone Acetate 150 mg/mL (1 mL) Vial, Intramuscular",Ready to Use Approved,Ready to Use Approved,Projected Inventory Adjustment,Base,2028-07,0.0
Kenya,MOH Supply Plan,"Medroxyprogesterone Acetate 150 mg/mL (1 mL) Vial, Intramuscular",Ready to Use Approved,Ready to Use Approved,Projected Inventory Adjustment,Base,2028-08,0.0
Kenya,MOH Supply Plan,"Medroxyprogesterone Acetate 150 mg/mL (1 mL) Vial, Intramuscular",Ready to Use Approved,Ready to Use Approved,Expected Requirements,Base,2026-08,5503600.0
Kenya,MOH Supply Plan,"Medroxyprogesterone Acetate 150 mg/mL (1 mL) Vial, Intramuscular",Ready to Use Approved,Ready to Use Approved,Expected Requirements,Base,2027-02,1368200.0
Kenya,MOH Supply Plan,"Medroxyprogesterone Acetate 150 mg/mL (1 mL) Vial, Intramuscular",Ready to Use Approved,Ready to Use Approved,Expected Requirements,Base,2027-08,1417900.0
Kenya,MOH Supply Plan,"Medroxyprogesterone Acetate 150 mg/mL (1 mL) Vial, Intramuscular",Ready to Use Approved,Ready to Use Approved,Expected Requirements,Base,2028-02,1398300.0
Kenya,MOH Supply Plan,"Medroxyprogesterone Acetate 150 mg/mL (1 mL) Vial, Intramuscular",Ready to Use Approved,Ready to Use Approved,Un-Shipped Orders,Base,2026-10,100000.0
Kenya,MOH Supply Plan,"Medroxyprogesterone Acetate 150 mg/mL (1 mL) Vial, Intramuscular",Ready to Use Approved,Ready to Use Approved,In-Transit Shipments,Base,2026-08,150000.0
Kenya,MOH Supply Plan,"Medroxyprogesterone Acetate 150 mg/mL (1 mL) Vial, Intramuscular",Ready to Use Approved,Ready to Use Approved,Received Shipments,Base,2026-06,310000.0
Kenya,MOH Supply Plan,"Medroxyprogesterone Acetate 150 mg/mL (1 mL) Vial, Intramuscular",Ready to Use Approved,Ready to Use Approved,Manual Adjustment,Base,2026-07,700000.0
Kenya,MOH Supply Plan,"Medroxyprogesterone Acetate 150 mg/mL (1 mL) Vial, Intramuscular",Ready to Use Approved,Ready to Use Approved,Manual Adjustment,Base,2026-09,150000.0
Kenya,MOH Supply Plan,"Medroxyprogesterone Acetate 150 mg/mL (1 mL) Vial, Intramuscular",Ready to Use Approved,Ready to Use Approved,Projected Inventory,Base,2026-02,0.0
Kenya,MOH Supply Plan,"Medroxyprogesterone Acetate 150 mg/mL (1 mL) Vial, Intramuscular",Ready to Use Approved,Ready to Use Approved,Projected Inventory,Base,2026-03,0.0
Kenya,MOH Supply Plan,"Medroxyprogesterone Acetate 150 mg/mL (1 mL) Vial, Intramuscular",Ready to Use Approved,Ready to Use Approved,Projected Inventory,Base,2026-04,0.0
Kenya,MOH Supply Plan,"Medroxyprogesterone Acetate 150 mg/mL (1 mL) Vial, Intramuscular",Ready to Use Approved,Ready to Use Approved,Projected Inventory,Base,2026-05,0.0
Kenya,MOH Supply Plan,"Medroxyprogesterone Acetate 150 mg/mL (1 mL) Vial, Intramuscular",Ready to Use Approved,Ready to Use Approved,Projected Inventory,Base,2026-06,150029.0
Kenya,MOH Supply Plan,"Medroxyprogesterone Acetate 150 mg/mL (1 mL) Vial, Intramuscular",Ready to Use Approved,Ready to Use Approved,Projected Inventory,Base,2026-07,628356.0
Kenya,MOH Supply Plan,"Medroxyprogesterone Acetate 150 mg/mL (1 mL) Vial, Intramuscular",Ready to Use Approved,Ready to Use Approved,Projected Inventory,Base,2026-08,556683.0
Kenya,MOH Supply Plan,"Medroxyprogesterone Acetate 150 mg/mL (1 mL) Vial, Intramuscular",Ready to Use Approved,Ready to Use Approved,Projected Inventory,Base,2026-09,485010.0
Kenya,MOH Supply Plan,"Medroxyprogesterone Acetate 150 mg/mL (1 mL) Vial, Intramuscular",Ready to Use Approved,Ready to Use Approved,Projected Inventory,Base,2026-10,363337.0
Kenya,MOH Supply Plan,"Medroxyprogesterone Acetate 150 mg/mL (1 mL) Vial, Intramuscular",Ready to Use Approved,Ready to Use Approved,Projected Inventory,Base,2026-11,141664.0
Kenya,MOH Supply Plan,"Medroxyprogesterone Acetate 150 mg/mL (1 mL) Vial, Intramuscular",Ready to Use Approved,Ready to Use Approved,Projected Inventory,Base,2026-12,0.0
Kenya,MOH Supply Plan,"Medroxyprogesterone Acetate 150 mg/mL (1 mL) Vial, Intramuscular",Ready to Use Approved,Ready to Use Approved,Projected Inventory,Base,2027-01,0.0
Kenya,MOH Supply Plan,"Medroxyprogesterone Acetate 150 mg/mL (1 mL) Vial, Intramuscular",Ready to Use Approved,Ready to Use Approved,Projected Inventory,Base,2027-02,0.0
Kenya,MOH Supply Plan,"Medroxyprogesterone Acetate 150 mg/mL (1 mL) Vial, Intramuscular",Ready to Use Approved,Ready to Use Approved,Projected Inventory,Base,2027-03,0.0
Kenya,MOH Supply Plan,"Medroxyprogesterone Acetate 150 mg/mL (1 mL) Vial, Intramuscular",Ready to Use Approved,Ready to Use Approved,Projected Inventory,Base,2027-04,0.0
Kenya,MOH Supply Plan,"Medroxyprogesterone Acetate 150 mg/mL (1 mL) Vial, Intramuscular",Ready to Use Approved,Ready to Use Approved,Projected Inventory,Base,2027-05,0.0
Kenya,MOH Supply Plan,"Medroxyprogesterone Acetate 150 mg/mL (1 mL) Vial, Intramuscular",Ready to Use Approved,Ready to Use Approved,Projected Inventory,Base,2027-06,0.0
Kenya,MOH Supply Plan,"Medroxyprogesterone Acetate 150 mg/mL (1 mL) Vial, Intramuscular",Ready to Use Approved,Ready to Use Approved,Projected Inventory,Base,2027-07,0.0
Kenya,MOH Supply Plan,"Medroxyprogesterone Acetate 150 mg/mL (1 mL) Vial, Intramuscular",Ready to Use Approved,Ready to Use Approved,Projected Inventory,Base,2027-08,0.0
Kenya,MOH Supply Plan,"Medroxyprogesterone Acetate 150 mg/mL (1 mL) Vial, Intramuscular",Ready to Use Approved,Ready to Use Approved,Projected Inventory,Base,2027-09,0.0
Kenya,MOH Supply Plan,"Medroxyprogesterone Acetate 150 mg/mL (1 mL) Vial, Intramuscular",Ready to Use Approved,Ready to Use Approved,Projected Inventory,Base,2027-10,0.0
Kenya,MOH Supply Plan,"Medroxyprogesterone Acetate 150 mg/mL (1 mL) Vial, Intramuscular",Ready to Use Approved,Ready to Use Approved,Projected Inventory,Base,2027-11,0.0
Kenya,MOH Supply Plan,"Medroxyprogesterone Acetate 150 mg/mL (1 mL) Vial, Intramuscular",Ready to Use Approved,Ready to Use Approved,Projected Inventory,Base,2027-12,0.0
Kenya,MOH Supply Plan,"Medroxyprogesterone Acetate 150 mg/mL (1 mL) Vial, Intramuscular",Ready to Use Approved,Ready to Use Approved,Projected Inventory,Base,2028-01,0.0
Kenya,MOH Supply Plan,"Medroxyprogesterone Acetate 150 mg/mL (1 mL) Vial, Intramuscular",Ready to Use Approved,Ready to Use Approved,Projected Inventory,Base,2028-02,0.0
Kenya,MOH Supply Plan,"Medroxyprogesterone Acetate 150 mg/mL (1 mL) Vial, Intramuscular",Ready to Use Approved,Ready to Use Approved,Projected Inventory,Base,2028-03,0.0
Kenya,MOH Supply Plan,"Medroxyprogesterone Acetate 150 mg/mL (1 mL) Vial, Intramuscular",Ready to Use Approved,Ready to Use Approved,Projected Inventory,Base,2028-04,0.0
Kenya,MOH Supply Plan,"Medroxyprogesterone Acetate 150 mg/mL (1 mL) Vial, Intramuscular",Ready to Use Approved,Ready to Use Approved,Projected Inventory,Base,2028-05,0.0
Kenya,MOH Supply Plan,"Medroxyprogesterone Acetate 150 mg/mL (1 mL) Vial, Intramuscular",Ready to Use Approved,Ready to Use Approved,Projected Inventory,Base,2028-06,0.0
Kenya,MOH Supply Plan,"Medroxyprogesterone Acetate 150 mg/mL (1 mL) Vial, Intramuscular",Ready to Use Approved,Ready to Use Approved,Projected Inventory,Base,2028-07,0.0
Kenya,MOH Supply Plan,"Medroxyprogesterone Acetate 150 mg/mL (1 mL) Vial, Intramuscular",Ready to Use Approved,Ready to Use Approved,Projected Inventory,Base,2028-08,0.0
Kenya,MOH Supply Plan,"Medroxyprogesterone Acetate 150 mg/mL (1 mL) Vial, Intramuscular",Ready to Use Approved,Ready to Use Approved,Projected MOS,Base,2026-02,0.0
Kenya,MOH Supply Plan,"Medroxyprogesterone Acetate 150 mg/mL (1 mL) Vial, Intramuscular",Ready to Use Approved,Ready to Use Approved,Projected MOS,Base,2026-03,0.0
Kenya,MOH Supply Plan,"Medroxyprogesterone Acetate 150 mg/mL (1 mL) Vial, Intramuscular",Ready to Use Approved,Ready to Use Approved,Projected MOS,Base,2026-04,0.0
Kenya,MOH Supply Plan,"Medroxyprogesterone Acetate 150 mg/mL (1 mL) Vial, Intramuscular",Ready to Use Approved,Ready to Use Approved,Projected MOS,Base,2026-05,0.0
Kenya,MOH Supply Plan,"Medroxyprogesterone Acetate 150 mg/mL (1 mL) Vial, Intramuscular",Ready to Use Approved,Ready to Use Approved,Projected MOS,Base,2026-06,0.7
Kenya,MOH Supply Plan,"Medroxyprogesterone Acetate 150 mg/mL (1 mL) Vial, Intramuscular",Ready to Use Approved,Ready to Use Approved,Projected MOS,Base,2026-07,2.8
Kenya,MOH Supply Plan,"Medroxyprogesterone Acetate 150 mg/mL (1 mL) Vial, Intramuscular",Ready to Use Approved,Ready to Use Approved,Projected MOS,Base,2026-08,2.5
Kenya,MOH Supply Plan,"Medroxyprogesterone Acetate 150 mg/mL (1 mL) Vial, Intramuscular",Ready to Use Approved,Ready to Use Approved,Projected MOS,Base,2026-09,2.2
Kenya,MOH Supply Plan,"Medroxyprogesterone Acetate 150 mg/mL (1 mL) Vial, Intramuscular",Ready to Use Approved,Ready to Use Approved,Projected MOS,Base,2026-10,1.6
Kenya,MOH Supply Plan,"Medroxyprogesterone Acetate 150 mg/mL (1 mL) Vial, Intramuscular",Ready to Use Approved,Ready to Use Approved,Projected MOS,Base,2026-11,0.6
Kenya,MOH Supply Plan,"Medroxyprogesterone Acetate 150 mg/mL (1 mL) Vial, Intramuscular",Ready to Use Approved,Ready to Use Approved,Projected MOS,Base,2026-12,0.0
Kenya,MOH Supply Plan,"Medroxyprogesterone Acetate 150 mg/mL (1 mL) Vial, Intramuscular",Ready to Use Approved,Ready to Use Approved,Projected MOS,Base,2027-01,0.0
Kenya,MOH Supply Plan,"Medroxyprogesterone Acetate 150 mg/mL (1 mL) Vial, Intramuscular",Ready to Use Approved,Ready to Use Approved,Projected MOS,Base,2027-02,0.0
Kenya,MOH Supply Plan,"Medroxyprogesterone Acetate 150 mg/mL (1 mL) Vial, Intramuscular",Ready to Use Approved,Ready to Use Approved,Projected MOS,Base,2027-03,0.0
Kenya,MOH Supply Plan,"Medroxyprogesterone Acetate 150 mg/mL (1 mL) Vial, Intramuscular",Ready to Use Approved,Ready to Use Approved,Projected MOS,Base,2027-04,0.0
Kenya,MOH Supply Plan,"Medroxyprogesterone Acetate 150 mg/mL (1 mL) Vial, Intramuscular",Ready to Use Approved,Ready to Use Approved,Projected MOS,Base,2027-05,0.0
Kenya,MOH Supply Plan,"Medroxyprogesterone Acetate 150 mg/mL (1 mL) Vial, Intramuscular",Ready to Use Approved,Ready to Use Approved,Projected MOS,Base,2027-06,0.0
Kenya,MOH Supply Plan,"Medroxyprogesterone Acetate 150 mg/mL (1 mL) Vial, Intramuscular",Ready to Use Approved,Ready to Use Approved,Projected MOS,Base,2027-07,0.0
Kenya,MOH Supply Plan,"Medroxyprogesterone Acetate 150 mg/mL (1 mL) Vial, Intramuscular",Ready to Use Approved,Ready to Use Approved,Projected MOS,Base,2027-08,0.0
Kenya,MOH Supply Plan,"Medroxyprogesterone Acetate 150 mg/mL (1 mL) Vial, Intramuscular",Ready to Use Approved,Ready to Use Approved,Projected MOS,Base,2027-09,0.0
Kenya,MOH Supply Plan,"Medroxyprogesterone Acetate 150 mg/mL (1 mL) Vial, Intramuscular",Ready to Use Approved,Ready to Use Approved,Projected MOS,Base,2027-10,0.0
Kenya,MOH Supply Plan,"Medroxyprogesterone Acetate 150 mg/mL (1 mL) Vial, Intramuscular",Ready to Use Approved,Ready to Use Approved,Projected MOS,Base,2027-11,0.0
Kenya,MOH Supply Plan,"Medroxyprogesterone Acetate 150 mg/mL (1 mL) Vial, Intramuscular",Ready to Use Approved,Ready to Use Approved,Projected MOS,Base,2027-12,0.0
Kenya,MOH Supply Plan,"Medroxyprogesterone Acetate 150 mg/mL (1 mL) Vial, Intramuscular",Ready to Use Approved,Ready to Use Approved,Projected MOS,Base,2028-01,0.0
Kenya,MOH Supply Plan,"Medroxyprogesterone Acetate 150 mg/mL (1 mL) Vial, Intramuscular",Ready to Use Approved,Ready to Use Approved,Projected MOS,Base,2028-02,0.0
Kenya,MOH Supply Plan,"Medroxyprogesterone Acetate 150 mg/mL (1 mL) Vial, Intramuscular",Ready to Use Approved,Ready to Use Approved,Projected MOS,Base,2028-03,0.0
Kenya,MOH Supply Plan,"Medroxyprogesterone Acetate 150 mg/mL (1 mL) Vial, Intramuscular",Ready to Use Approved,Ready to Use Approved,Projected MOS,Base,2028-04,0.0
Kenya,MOH Supply Plan,"Medroxyprogesterone Acetate 150 mg/mL (1 mL) Vial, Intramuscular",Ready to Use Approved,Ready to Use Approved,Projected MOS,Base,2028-05,0.0
Kenya,MOH Supply Plan,"Medroxyprogesterone Acetate 150 mg/mL (1 mL) Vial, Intramuscular",Ready to Use Approved,Ready to Use Approved,Projected MOS,Base,2028-06,0.0
Kenya,MOH Supply Plan,"Medroxyprogesterone Acetate 150 mg/mL (1 mL) Vial, Intramuscular",Ready to Use Approved,Ready to Use Approved,Suggested Replenishment,Base,2026-08,4763469.0
Kenya,MOH Supply Plan,"Medroxyprogesterone Acetate 150 mg/mL (1 mL) Vial, Intramuscular",Ready to Use Approved,Ready to Use Approved,Suggested Replenishment,Base,2026-09,0.0
Kenya,MOH Supply Plan,"Medroxyprogesterone Acetate 150 mg/mL (1 mL) Vial, Intramuscular",Ready to Use Approved,Ready to Use Approved,Suggested Replenishment,Base,2026-10,0.0
Kenya,MOH Supply Plan,"Medroxyprogesterone Acetate 150 mg/mL (1 mL) Vial, Intramuscular",Ready to Use Approved,Ready to Use Approved,Suggested Replenishment,Base,2026-11,0.0
Kenya,MOH Supply Plan,"Medroxyprogesterone Acetate 150 mg/mL (1 mL) Vial, Intramuscular",Ready to Use Approved,Ready to Use Approved,Suggested Replenishment,Base,2026-12,0.0
Kenya,MOH Supply Plan,"Medroxyprogesterone Acetate 150 mg/mL (1 mL) Vial, Intramuscular",Ready to Use Approved,Ready to Use Approved,Suggested Replenishment,Base,2027-01,0.0
Kenya,MOH Supply Plan,"Medroxyprogesterone Acetate 150 mg/mL (1 mL) Vial, Intramuscular",Ready to Use Approved,Ready to Use Approved,Suggested Replenishment,Base,2027-02,0.0
Kenya,MOH Supply Plan,"Medroxyprogesterone Acetate 150 mg/mL (1 mL) Vial, Intramuscular",Ready to Use Approved,Ready to Use Approved,Suggested Replenishment,Base,2027-03,0.0
Kenya,MOH Supply Plan,"Medroxyprogesterone Acetate 150 mg/mL (1 mL) Vial, Intramuscular",Ready to Use Approved,Ready to Use Approved,Suggested Replenishment,Base,2027-04,1523384.0
Kenya,MOH Supply Plan,"Medroxyprogesterone Acetate 150 mg/mL (1 mL) Vial, Intramuscular",Ready to Use Approved,Ready to Use Approved,Suggested Replenishment,Base,2027-05,0.0
Kenya,MOH Supply Plan,"Medroxyprogesterone Acetate 150 mg/mL (1 mL) Vial, Intramuscular",Ready to Use Approved,Ready to Use Approved,Suggested Replenishment,Base,2027-06,0.0
Kenya,MOH Supply Plan,"Medroxyprogesterone Acetate 150 mg/mL (1 mL) Vial, Intramuscular",Ready to Use Approved,Ready to Use Approved,Suggested Replenishment,Base,2027-07,0.0
Kenya,MOH Supply Plan,"Medroxyprogesterone Acetate 150 mg/mL (1 mL) Vial, Intramuscular",Ready to Use Approved,Ready to Use Approved,Suggested Replenishment,Base,2027-08,0.0
Kenya,MOH Supply Plan,"Medroxyprogesterone Acetate 150 mg/mL (1 mL) Vial, Intramuscular",Ready to Use Approved,Ready to Use Approved,Suggested Replenishment,Base,2027-09,0.0
Kenya,MOH Supply Plan,"Medroxyprogesterone Acetate 150 mg/mL (1 mL) Vial, Intramuscular",Ready to Use Approved,Ready to Use Approved,Suggested Replenishment,Base,2027-10,1466594.0
Kenya,MOH Supply Plan,"Medroxyprogesterone Acetate 150 mg/mL (1 mL) Vial, Intramuscular",Ready to Use Approved,Ready to Use Approved,Suggested Replenishment,Base,2027-11,0.0
Kenya,MOH Supply Plan,"Medroxyprogesterone Acetate 150 mg/mL (1 mL) Vial, Intramuscular",Ready to Use Approved,Ready to Use Approved,Suggested Replenishment,Base,2027-12,0.0
Kenya,MOH Supply Plan,"Medroxyprogesterone Acetate 150 mg/mL (1 mL) Vial, Intramuscular",Ready to Use Approved,Ready to Use Approved,Suggested Replenishment,Base,2028-01,0.0
Kenya,MOH Supply Plan,"Medroxyprogesterone Acetate 150 mg/mL (1 mL) Vial, Intramuscular",Ready to Use Approved,Ready to Use Approved,Suggested Replenishment,Base,2028-02,0.0
Kenya,MOH Supply Plan,"Medroxyprogesterone Acetate 150 mg/mL (1 mL) Vial, Intramuscular",Ready to Use Approved,Ready to Use Approved,Suggested Replenishment,Base,2028-03,0.0
Kenya,MOH Supply Plan,"Medroxyprogesterone Acetate 150 mg/mL (1 mL) Vial, Intramuscular",Ready to Use Approved,Ready to Use Approved,Suggested Replenishment,Base,2028-04,0.0
Kenya,MOH Supply Plan,"Medroxyprogesterone Acetate 150 mg/mL (1 mL) Vial, Intramuscular",Ready to Use Approved,Ready to Use Approved,Suggested Replenishment,Base,2028-05,1585850.0
Kenya,MOH Supply Plan,"Medroxyprogesterone Acetate 150 mg/mL (1 mL) Vial, Intramuscular",Ready to Use Approved,Ready to Use Approved,Suggested Replenishment,Base,2028-06,0.0
Kenya,MOH Supply Plan,"Medroxyprogesterone Acetate 150 mg/mL (1 mL) Vial, Intramuscular",Ready to Use Approved,Ready to Use Approved,Projected MOS with Sugg Repl,Base,2026-08,24.0
Kenya,MOH Supply Plan,"Medroxyprogesterone Acetate 150 mg/mL (1 mL) Vial, Intramuscular",Ready to Use Approved,Ready to Use Approved,Projected MOS with Sugg Repl,Base,2026-09,23.7
Kenya,MOH Supply Plan,"Medroxyprogesterone Acetate 150 mg/mL (1 mL) Vial, Intramuscular",Ready to Use Approved,Ready to Use Approved,Projected MOS with Sugg Repl,Base,2026-10,23.1
Kenya,MOH Supply Plan,"Medroxyprogesterone Acetate 150 mg/mL (1 mL) Vial, Intramuscular",Ready to Use Approved,Ready to Use Approved,Projected MOS with Sugg Repl,Base,2026-11,22.1
Kenya,MOH Supply Plan,"Medroxyprogesterone Acetate 150 mg/mL (1 mL) Vial, Intramuscular",Ready to Use Approved,Ready to Use Approved,Projected MOS with Sugg Repl,Base,2026-12,21.1
Kenya,MOH Supply Plan,"Medroxyprogesterone Acetate 150 mg/mL (1 mL) Vial, Intramuscular",Ready to Use Approved,Ready to Use Approved,Projected MOS with Sugg Repl,Base,2027-01,20.1
Kenya,MOH Supply Plan,"Medroxyprogesterone Acetate 150 mg/mL (1 mL) Vial, Intramuscular",Ready to Use Approved,Ready to Use Approved,Projected MOS with Sugg Repl,Base,2027-02,19.1
Kenya,MOH Supply Plan,"Medroxyprogesterone Acetate 150 mg/mL (1 mL) Vial, Intramuscular",Ready to Use Approved,Ready to Use Approved,Projected MOS with Sugg Repl,Base,2027-03,18.1
Kenya,MOH Supply Plan,"Medroxyprogesterone Acetate 150 mg/mL (1 mL) Vial, Intramuscular",Ready to Use Approved,Ready to Use Approved,Projected MOS with Sugg Repl,Base,2027-04,24.0
Kenya,MOH Supply Plan,"Medroxyprogesterone Acetate 150 mg/mL (1 mL) Vial, Intramuscular",Ready to Use Approved,Ready to Use Approved,Projected MOS with Sugg Repl,Base,2027-05,22.8
Kenya,MOH Supply Plan,"Medroxyprogesterone Acetate 150 mg/mL (1 mL) Vial, Intramuscular",Ready to Use Approved,Ready to Use Approved,Projected MOS with Sugg Repl,Base,2027-06,21.7
Kenya,MOH Supply Plan,"Medroxyprogesterone Acetate 150 mg/mL (1 mL) Vial, Intramuscular",Ready to Use Approved,Ready to Use Approved,Projected MOS with Sugg Repl,Base,2027-07,20.5
Kenya,MOH Supply Plan,"Medroxyprogesterone Acetate 150 mg/mL (1 mL) Vial, Intramuscular",Ready to Use Approved,Ready to Use Approved,Projected MOS with Sugg Repl,Base,2027-08,19.5
Kenya,MOH Supply Plan,"Medroxyprogesterone Acetate 150 mg/mL (1 mL) Vial, Intramuscular",Ready to Use Approved,Ready to Use Approved,Projected MOS with Sugg Repl,Base,2027-09,18.5
Kenya,MOH Supply Plan,"Medroxyprogesterone Acetate 150 mg/mL (1 mL) Vial, Intramuscular",Ready to Use Approved,Ready to Use Approved,Projected MOS with Sugg Repl,Base,2027-10,24.0
Kenya,MOH Supply Plan,"Medroxyprogesterone Acetate 150 mg/mL (1 mL) Vial, Intramuscular",Ready to Use Approved,Ready to Use Approved,Projected MOS with Sugg Repl,Base,2027-11,23.0
Kenya,MOH Supply Plan,"Medroxyprogesterone Acetate 150 mg/mL (1 mL) Vial, Intramuscular",Ready to Use Approved,Ready to Use Approved,Projected MOS with Sugg Repl,Base,2027-12,22.0
Kenya,MOH Supply Plan,"Medroxyprogesterone Acetate 150 mg/mL (1 mL) Vial, Intramuscular",Ready to Use Approved,Ready to Use Approved,Projected MOS with Sugg Repl,Base,2028-01,21.0
Kenya,MOH Supply Plan,"Medroxyprogesterone Acetate 150 mg/mL (1 mL) Vial, Intramuscular",Ready to Use Approved,Ready to Use Approved,Projected MOS with Sugg Repl,Base,2028-02,20.0
Kenya,MOH Supply Plan,"Medroxyprogesterone Acetate 150 mg/mL (1 mL) Vial, Intramuscular",Ready to Use Approved,Ready to Use Approved,Projected MOS with Sugg Repl,Base,2028-03,19.0
Kenya,MOH Supply Plan,"Medroxyprogesterone Acetate 150 mg/mL (1 mL) Vial, Intramuscular",Ready to Use Approved,Ready to Use Approved,Projected MOS with Sugg Repl,Base,2028-04,18.0
Kenya,MOH Supply Plan,"Medroxyprogesterone Acetate 150 mg/mL (1 mL) Vial, Intramuscular",Ready to Use Approved,Ready to Use Approved,Projected MOS with Sugg Repl,Base,2028-05,24.0
Kenya,MOH Supply Plan,"Medroxyprogesterone Acetate 150 mg/mL (1 mL) Vial, Intramuscular",Ready to Use Approved,Ready to Use Approved,Projected MOS with Sugg Repl,Base,2028-06,23.0
Kenya,MOH Supply Plan,"Medroxyprogesterone Acetate 150 mg/mL (1 mL) Vial, Intramuscular",Ready to Use Approved,Ready to Use Approved,Monthly Consumption,S1,2026-02,102643.0
Kenya,MOH Supply Plan,"Medroxyprogesterone Acetate 150 mg/mL (1 mL) Vial, Intramuscular",Ready to Use Approved,Ready to Use Approved,Monthly Consumption,S1,2026-03,95380.0
Kenya,MOH Supply Plan,"Medroxyprogesterone Acetate 150 mg/mL (1 mL) Vial, Intramuscular",Ready to Use Approved,Ready to Use Approved,Monthly Consumption,S1,2026-04,216901.0
Kenya,MOH Supply Plan,"Medroxyprogesterone Acetate 150 mg/mL (1 mL) Vial, Intramuscular",Ready to Use Approved,Ready to Use Approved,Monthly Consumption,S1,2026-05,216901.0
Kenya,MOH Supply Plan,"Medroxyprogesterone Acetate 150 mg/mL (1 mL) Vial, Intramuscular",Ready to Use Approved,Ready to Use Approved,Monthly Consumption,S1,2026-06,216901.0
Kenya,MOH Supply Plan,"Medroxyprogesterone Acetate 150 mg/mL (1 mL) Vial, Intramuscular",Ready to Use Approved,Ready to Use Approved,Monthly Consumption,S1,2026-07,221673.0
Kenya,MOH Supply Plan,"Medroxyprogesterone Acetate 150 mg/mL (1 mL) Vial, Intramuscular",Ready to Use Approved,Ready to Use Approved,Monthly Consumption,S1,2026-08,221673.0
Kenya,MOH Supply Plan,"Medroxyprogesterone Acetate 150 mg/mL (1 mL) Vial, Intramuscular",Ready to Use Approved,Ready to Use Approved,Monthly Consumption,S1,2026-09,221673.0
Kenya,MOH Supply Plan,"Medroxyprogesterone Acetate 150 mg/mL (1 mL) Vial, Intramuscular",Ready to Use Approved,Ready to Use Approved,Monthly Consumption,S1,2026-10,221673.0
Kenya,MOH Supply Plan,"Medroxyprogesterone Acetate 150 mg/mL (1 mL) Vial, Intramuscular",Ready to Use Approved,Ready to Use Approved,Monthly Consumption,S1,2026-11,221673.0
Kenya,MOH Supply Plan,"Medroxyprogesterone Acetate 150 mg/mL (1 mL) Vial, Intramuscular",Ready to Use Approved,Ready to Use Approved,Monthly Consumption,S1,2026-12,221673.0
Kenya,MOH Supply Plan,"Medroxyprogesterone Acetate 150 mg/mL (1 mL) Vial, Intramuscular",Ready to Use Approved,Ready to Use Approved,Monthly Consumption,S1,2027-01,221673.0
Kenya,MOH Supply Plan,"Medroxyprogesterone Acetate 150 mg/mL (1 mL) Vial, Intramuscular",Ready to Use Approved,Ready to Use Approved,Monthly Consumption,S1,2027-02,221673.0
Kenya,MOH Supply Plan,"Medroxyprogesterone Acetate 150 mg/mL (1 mL) Vial, Intramuscular",Ready to Use Approved,Ready to Use Approved,Monthly Consumption,S1,2027-03,221673.0
Kenya,MOH Supply Plan,"Medroxyprogesterone Acetate 150 mg/mL (1 mL) Vial, Intramuscular",Ready to Use Approved,Ready to Use Approved,Monthly Consumption,S1,2027-04,221673.0
Kenya,MOH Supply Plan,"Medroxyprogesterone Acetate 150 mg/mL (1 mL) Vial, Intramuscular",Ready to Use Approved,Ready to Use Approved,Monthly Consumption,S1,2027-05,221673.0
Kenya,MOH Supply Plan,"Medroxyprogesterone Acetate 150 mg/mL (1 mL) Vial, Intramuscular",Ready to Use Approved,Ready to Use Approved,Monthly Consumption,S1,2027-06,221673.0
Kenya,MOH Supply Plan,"Medroxyprogesterone Acetate 150 mg/mL (1 mL) Vial, Intramuscular",Ready to Use Approved,Ready to Use Approved,Monthly Consumption,S1,2027-07,226550.0
Kenya,MOH Supply Plan,"Medroxyprogesterone Acetate 150 mg/mL (1 mL) Vial, Intramuscular",Ready to Use Approved,Ready to Use Approved,Monthly Consumption,S1,2027-08,226550.0
Kenya,MOH Supply Plan,"Medroxyprogesterone Acetate 150 mg/mL (1 mL) Vial, Intramuscular",Ready to Use Approved,Ready to Use Approved,Monthly Consumption,S1,2027-09,226550.0
Kenya,MOH Supply Plan,"Medroxyprogesterone Acetate 150 mg/mL (1 mL) Vial, Intramuscular",Ready to Use Approved,Ready to Use Approved,Monthly Consumption,S1,2027-10,226550.0
Kenya,MOH Supply Plan,"Medroxyprogesterone Acetate 150 mg/mL (1 mL) Vial, Intramuscular",Ready to Use Approved,Ready to Use Approved,Monthly Consumption,S1,2027-11,226550.0
Kenya,MOH Supply Plan,"Medroxyprogesterone Acetate 150 mg/mL (1 mL) Vial, Intramuscular",Ready to Use Approved,Ready to Use Approved,Monthly Consumption,S1,2027-12,226550.0
Kenya,MOH Supply Plan,"Medroxyprogesterone Acetate 150 mg/mL (1 mL) Vial, Intramuscular",Ready to Use Approved,Ready to Use Approved,Monthly Consumption,S1,2028-01,226550.0
Kenya,MOH Supply Plan,"Medroxyprogesterone Acetate 150 mg/mL (1 mL) Vial, Intramuscular",Ready to Use Approved,Ready to Use Approved,Monthly Consumption,S1,2028-02,226550.0
Kenya,MOH Supply Plan,"Medroxyprogesterone Acetate 150 mg/mL (1 mL) Vial, Intramuscular",Ready to Use Approved,Ready to Use Approved,Monthly Consumption,S1,2028-03,226550.0
Kenya,MOH Supply Plan,"Medroxyprogesterone Acetate 150 mg/mL (1 mL) Vial, Intramuscular",Ready to Use Approved,Ready to Use Approved,Monthly Consumption,S1,2028-04,226550.0
Kenya,MOH Supply Plan,"Medroxyprogesterone Acetate 150 mg/mL (1 mL) Vial, Intramuscular",Ready to Use Approved,Ready to Use Approved,Monthly Consumption,S1,2028-05,226550.0
Kenya,MOH Supply Plan,"Medroxyprogesterone Acetate 150 mg/mL (1 mL) Vial, Intramuscular",Ready to Use Approved,Ready to Use Approved,Monthly Consumption,S1,2028-06,226550.0
Kenya,MOH Supply Plan,"Medroxyprogesterone Acetate 150 mg/mL (1 mL) Vial, Intramuscular",Ready to Use Approved,Ready to Use Approved,Projected Supplies,S1,2026-10,119000.0
Kenya,MOH Supply Plan,"Medroxyprogesterone Acetate 150 mg/mL (1 mL) Vial, Intramuscular",Ready to Use Approved,Ready to Use Approved,Projected Supplies,S1,2026-11,500000.0
Kenya,MOH Supply Plan,"Medroxyprogesterone Acetate 150 mg/mL (1 mL) Vial, Intramuscular",Ready to Use Approved,Ready to Use Approved,Projected Supplies,S1,2026-12,3724600.0
Kenya,MOH Supply Plan,"Medroxyprogesterone Acetate 150 mg/mL (1 mL) Vial, Intramuscular",Ready to Use Approved,Ready to Use Approved,Projected Supplies,S1,2027-02,1368200.0
Kenya,MOH Supply Plan,"Medroxyprogesterone Acetate 150 mg/mL (1 mL) Vial, Intramuscular",Ready to Use Approved,Ready to Use Approved,Projected Supplies,S1,2027-08,1417900.0
Kenya,MOH Supply Plan,"Medroxyprogesterone Acetate 150 mg/mL (1 mL) Vial, Intramuscular",Ready to Use Approved,Ready to Use Approved,Projected Inventory,S1,2026-02,0.0
Kenya,MOH Supply Plan,"Medroxyprogesterone Acetate 150 mg/mL (1 mL) Vial, Intramuscular",Ready to Use Approved,Ready to Use Approved,Projected Inventory,S1,2026-03,0.0
Kenya,MOH Supply Plan,"Medroxyprogesterone Acetate 150 mg/mL (1 mL) Vial, Intramuscular",Ready to Use Approved,Ready to Use Approved,Projected Inventory,S1,2026-04,0.0
Kenya,MOH Supply Plan,"Medroxyprogesterone Acetate 150 mg/mL (1 mL) Vial, Intramuscular",Ready to Use Approved,Ready to Use Approved,Projected Inventory,S1,2026-05,0.0
Kenya,MOH Supply Plan,"Medroxyprogesterone Acetate 150 mg/mL (1 mL) Vial, Intramuscular",Ready to Use Approved,Ready to Use Approved,Projected Inventory,S1,2026-06,150029.0
Kenya,MOH Supply Plan,"Medroxyprogesterone Acetate 150 mg/mL (1 mL) Vial, Intramuscular",Ready to Use Approved,Ready to Use Approved,Projected Inventory,S1,2026-07,0.0
Kenya,MOH Supply Plan,"Medroxyprogesterone Acetate 150 mg/mL (1 mL) Vial, Intramuscular",Ready to Use Approved,Ready to Use Approved,Projected Inventory,S1,2026-08,0.0
Kenya,MOH Supply Plan,"Medroxyprogesterone Acetate 150 mg/mL (1 mL) Vial, Intramuscular",Ready to Use Approved,Ready to Use Approved,Projected Inventory,S1,2026-09,0.0
Kenya,MOH Supply Plan,"Medroxyprogesterone Acetate 150 mg/mL (1 mL) Vial, Intramuscular",Ready to Use Approved,Ready to Use Approved,Projected Inventory,S1,2026-10,0.0
Kenya,MOH Supply Plan,"Medroxyprogesterone Acetate 150 mg/mL (1 mL) Vial, Intramuscular",Ready to Use Approved,Ready to Use Approved,Projected Inventory,S1,2026-11,278327.0
Kenya,MOH Supply Plan,"Medroxyprogesterone Acetate 150 mg/mL (1 mL) Vial, Intramuscular",Ready to Use Approved,Ready to Use Approved,Projected Inventory,S1,2026-12,3781254.0
Kenya,MOH Supply Plan,"Medroxyprogesterone Acetate 150 mg/mL (1 mL) Vial, Intramuscular",Ready to Use Approved,Ready to Use Approved,Projected Inventory,S1,2027-01,3559581.0
Kenya,MOH Supply Plan,"Medroxyprogesterone Acetate 150 mg/mL (1 mL) Vial, Intramuscular",Ready to Use Approved,Ready to Use Approved,Projected Inventory,S1,2027-02,4706108.0
Kenya,MOH Supply Plan,"Medroxyprogesterone Acetate 150 mg/mL (1 mL) Vial, Intramuscular",Ready to Use Approved,Ready to Use Approved,Projected Inventory,S1,2027-03,4484435.0
Kenya,MOH Supply Plan,"Medroxyprogesterone Acetate 150 mg/mL (1 mL) Vial, Intramuscular",Ready to Use Approved,Ready to Use Approved,Projected Inventory,S1,2027-04,4262762.0
Kenya,MOH Supply Plan,"Medroxyprogesterone Acetate 150 mg/mL (1 mL) Vial, Intramuscular",Ready to Use Approved,Ready to Use Approved,Projected Inventory,S1,2027-05,4041089.0
Kenya,MOH Supply Plan,"Medroxyprogesterone Acetate 150 mg/mL (1 mL) Vial, Intramuscular",Ready to Use Approved,Ready to Use Approved,Projected Inventory,S1,2027-06,3819416.0
Kenya,MOH Supply Plan,"Medroxyprogesterone Acetate 150 mg/mL (1 mL) Vial, Intramuscular",Ready to Use Approved,Ready to Use Approved,Projected Inventory,S1,2027-07,3592866.0
Kenya,MOH Supply Plan,"Medroxyprogesterone Acetate 150 mg/mL (1 mL) Vial, Intramuscular",Ready to Use Approved,Ready to Use Approved,Projected Inventory,S1,2027-08,4784216.0
Kenya,MOH Supply Plan,"Medroxyprogesterone Acetate 150 mg/mL (1 mL) Vial, Intramuscular",Ready to Use Approved,Ready to Use Approved,Projected Inventory,S1,2027-09,4557666.0
Kenya,MOH Supply Plan,"Medroxyprogesterone Acetate 150 mg/mL (1 mL) Vial, Intramuscular",Ready to Use Approved,Ready to Use Approved,Projected Inventory,S1,2027-10,4331116.0
Kenya,MOH Supply Plan,"Medroxyprogesterone Acetate 150 mg/mL (1 mL) Vial, Intramuscular",Ready to Use Approved,Ready to Use Approved,Projected Inventory,S1,2027-11,4104566.0
Kenya,MOH Supply Plan,"Medroxyprogesterone Acetate 150 mg/mL (1 mL) Vial, Intramuscular",Ready to Use Approved,Ready to Use Approved,Projected Inventory,S1,2027-12,3878016.0
Kenya,MOH Supply Plan,"Medroxyprogesterone Acetate 150 mg/mL (1 mL) Vial, Intramuscular",Ready to Use Approved,Ready to Use Approved,Projected Inventory,S1,2028-01,3651466.0
Kenya,MOH Supply Plan,"Medroxyprogesterone Acetate 150 mg/mL (1 mL) Vial, Intramuscular",Ready to Use Approved,Ready to Use Approved,Projected Inventory,S1,2028-02,3424916.0
Kenya,MOH Supply Plan,"Medroxyprogesterone Acetate 150 mg/mL (1 mL) Vial, Intramuscular",Ready to Use Approved,Ready to Use Approved,Projected Inventory,S1,2028-03,3198366.0
Kenya,MOH Supply Plan,"Medroxyprogesterone Acetate 150 mg/mL (1 mL) Vial, Intramuscular",Ready to Use Approved,Ready to Use Approved,Projected Inventory,S1,2028-04,2971816.0
Kenya,MOH Supply Plan,"Medroxyprogesterone Acetate 150 mg/mL (1 mL) Vial, Intramuscular",Ready to Use Approved,Ready to Use Approved,Projected Inventory,S1,2028-05,2745266.0
Kenya,MOH Supply Plan,"Medroxyprogesterone Acetate 150 mg/mL (1 mL) Vial, Intramuscular",Ready to Use Approved,Ready to Use Approved,Projected Inventory,S1,2028-06,2518716.0
Kenya,MOH Supply Plan,"Medroxyprogesterone Acetate 150 mg/mL (1 mL) Vial, Intramuscular",Ready to Use Approved,Ready to Use Approved,Projected Inventory,S1,2028-07,2518716.0
Kenya,MOH Supply Plan,"Medroxyprogesterone Acetate 150 mg/mL (1 mL) Vial, Intramuscular",Ready to Use Approved,Ready to Use Approved,Projected Inventory,S1,2028-08,2518716.0
Kenya,MOH Supply Plan,"Medroxyprogesterone Acetate 150 mg/mL (1 mL) Vial, Intramuscular",Ready to Use Approved,Ready to Use Approved,Projected MOS,S1,2026-02,0.0
Kenya,MOH Supply Plan,"Medroxyprogesterone Acetate 150 mg/mL (1 mL) Vial, Intramuscular",Ready to Use Approved,Ready to Use Approved,Projected MOS,S1,2026-03,0.0
Kenya,MOH Supply Plan,"Medroxyprogesterone Acetate 150 mg/mL (1 mL) Vial, Intramuscular",Ready to Use Approved,Ready to Use Approved,Projected MOS,S1,2026-04,0.0
Kenya,MOH Supply Plan,"Medroxyprogesterone Acetate 150 mg/mL (1 mL) Vial, Intramuscular",Ready to Use Approved,Ready to Use Approved,Projected MOS,S1,2026-05,0.0
Kenya,MOH Supply Plan,"Medroxyprogesterone Acetate 150 mg/mL (1 mL) Vial, Intramuscular",Ready to Use Approved,Ready to Use Approved,Projected MOS,S1,2026-06,0.7
Kenya,MOH Supply Plan,"Medroxyprogesterone Acetate 150 mg/mL (1 mL) Vial, Intramuscular",Ready to Use Approved,Ready to Use Approved,Projected MOS,S1,2026-07,0.0
Kenya,MOH Supply Plan,"Medroxyprogesterone Acetate 150 mg/mL (1 mL) Vial, Intramuscular",Ready to Use Approved,Ready to Use Approved,Projected MOS,S1,2026-08,0.0
Kenya,MOH Supply Plan,"Medroxyprogesterone Acetate 150 mg/mL (1 mL) Vial, Intramuscular",Ready to Use Approved,Ready to Use Approved,Projected MOS,S1,2026-09,0.0
Kenya,MOH Supply Plan,"Medroxyprogesterone Acetate 150 mg/mL (1 mL) Vial, Intramuscular",Ready to Use Approved,Ready to Use Approved,Projected MOS,S1,2026-10,0.0
Kenya,MOH Supply Plan,"Medroxyprogesterone Acetate 150 mg/mL (1 mL) Vial, Intramuscular",Ready to Use Approved,Ready to Use Approved,Projected MOS,S1,2026-11,1.3
Kenya,MOH Supply Plan,"Medroxyprogesterone Acetate 150 mg/mL (1 mL) Vial, Intramuscular",Ready to Use Approved,Ready to Use Approved,Projected MOS,S1,2026-12,17.1
Kenya,MOH Supply Plan,"Medroxyprogesterone Acetate 150 mg/mL (1 mL) Vial, Intramuscular",Ready to Use Approved,Ready to Use Approved,Projected MOS,S1,2027-01,16.1
Kenya,MOH Supply Plan,"Medroxyprogesterone Acetate 150 mg/mL (1 mL) Vial, Intramuscular",Ready to Use Approved,Ready to Use Approved,Projected MOS,S1,2027-02,21.2
Kenya,MOH Supply Plan,"Medroxyprogesterone Acetate 150 mg/mL (1 mL) Vial, Intramuscular",Ready to Use Approved,Ready to Use Approved,Projected MOS,S1,2027-03,20.2
Kenya,MOH Supply Plan,"Medroxyprogesterone Acetate 150 mg/mL (1 mL) Vial, Intramuscular",Ready to Use Approved,Ready to Use Approved,Projected MOS,S1,2027-04,19.2
Kenya,MOH Supply Plan,"Medroxyprogesterone Acetate 150 mg/mL (1 mL) Vial, Intramuscular",Ready to Use Approved,Ready to Use Approved,Projected MOS,S1,2027-05,18.1
Kenya,MOH Supply Plan,"Medroxyprogesterone Acetate 150 mg/mL (1 mL) Vial, Intramuscular",Ready to Use Approved,Ready to Use Approved,Projected MOS,S1,2027-06,17.0
Kenya,MOH Supply Plan,"Medroxyprogesterone Acetate 150 mg/mL (1 mL) Vial, Intramuscular",Ready to Use Approved,Ready to Use Approved,Projected MOS,S1,2027-07,15.9
Kenya,MOH Supply Plan,"Medroxyprogesterone Acetate 150 mg/mL (1 mL) Vial, Intramuscular",Ready to Use Approved,Ready to Use Approved,Projected MOS,S1,2027-08,21.1
Kenya,MOH Supply Plan,"Medroxyprogesterone Acetate 150 mg/mL (1 mL) Vial, Intramuscular",Ready to Use Approved,Ready to Use Approved,Projected MOS,S1,2027-09,20.1
Kenya,MOH Supply Plan,"Medroxyprogesterone Acetate 150 mg/mL (1 mL) Vial, Intramuscular",Ready to Use Approved,Ready to Use Approved,Projected MOS,S1,2027-10,19.1
Kenya,MOH Supply Plan,"Medroxyprogesterone Acetate 150 mg/mL (1 mL) Vial, Intramuscular",Ready to Use Approved,Ready to Use Approved,Projected MOS,S1,2027-11,18.1
Kenya,MOH Supply Plan,"Medroxyprogesterone Acetate 150 mg/mL (1 mL) Vial, Intramuscular",Ready to Use Approved,Ready to Use Approved,Projected MOS,S1,2027-12,17.1
Kenya,MOH Supply Plan,"Medroxyprogesterone Acetate 150 mg/mL (1 mL) Vial, Intramuscular",Ready to Use Approved,Ready to Use Approved,Projected MOS,S1,2028-01,16.1
Kenya,MOH Supply Plan,"Medroxyprogesterone Acetate 150 mg/mL (1 mL) Vial, Intramuscular",Ready to Use Approved,Ready to Use Approved,Projected MOS,S1,2028-02,15.1
Kenya,MOH Supply Plan,"Medroxyprogesterone Acetate 150 mg/mL (1 mL) Vial, Intramuscular",Ready to Use Approved,Ready to Use Approved,Projected MOS,S1,2028-03,14.1
Kenya,MOH Supply Plan,"Medroxyprogesterone Acetate 150 mg/mL (1 mL) Vial, Intramuscular",Ready to Use Approved,Ready to Use Approved,Projected MOS,S1,2028-04,13.1
Kenya,MOH Supply Plan,"Medroxyprogesterone Acetate 150 mg/mL (1 mL) Vial, Intramuscular",Ready to Use Approved,Ready to Use Approved,Projected MOS,S1,2028-05,12.1
Kenya,MOH Supply Plan,"Medroxyprogesterone Acetate 150 mg/mL (1 mL) Vial, Intramuscular",Ready to Use Approved,Ready to Use Approved,Projected MOS,S1,2028-06,11.1
Kenya,MOH Supply Plan,"Medroxyprogesterone Acetate 150 mg/mL (1 mL) Vial, Intramuscular",Ready to Use Approved,Ready to Use Approved,Monthly Consumption,S2,2026-02,102643.0
Kenya,MOH Supply Plan,"Medroxyprogesterone Acetate 150 mg/mL (1 mL) Vial, Intramuscular",Ready to Use Approved,Ready to Use Approved,Monthly Consumption,S2,2026-03,95380.0
Kenya,MOH Supply Plan,"Medroxyprogesterone Acetate 150 mg/mL (1 mL) Vial, Intramuscular",Ready to Use Approved,Ready to Use Approved,Monthly Consumption,S2,2026-04,216901.0
Kenya,MOH Supply Plan,"Medroxyprogesterone Acetate 150 mg/mL (1 mL) Vial, Intramuscular",Ready to Use Approved,Ready to Use Approved,Monthly Consumption,S2,2026-05,216901.0
Kenya,MOH Supply Plan,"Medroxyprogesterone Acetate 150 mg/mL (1 mL) Vial, Intramuscular",Ready to Use Approved,Ready to Use Approved,Monthly Consumption,S2,2026-06,216901.0
Kenya,MOH Supply Plan,"Medroxyprogesterone Acetate 150 mg/mL (1 mL) Vial, Intramuscular",Ready to Use Approved,Ready to Use Approved,Monthly Consumption,S2,2026-07,221673.0
Kenya,MOH Supply Plan,"Medroxyprogesterone Acetate 150 mg/mL (1 mL) Vial, Intramuscular",Ready to Use Approved,Ready to Use Approved,Monthly Consumption,S2,2026-08,221673.0
Kenya,MOH Supply Plan,"Medroxyprogesterone Acetate 150 mg/mL (1 mL) Vial, Intramuscular",Ready to Use Approved,Ready to Use Approved,Monthly Consumption,S2,2026-09,221673.0
Kenya,MOH Supply Plan,"Medroxyprogesterone Acetate 150 mg/mL (1 mL) Vial, Intramuscular",Ready to Use Approved,Ready to Use Approved,Monthly Consumption,S2,2026-10,221673.0
Kenya,MOH Supply Plan,"Medroxyprogesterone Acetate 150 mg/mL (1 mL) Vial, Intramuscular",Ready to Use Approved,Ready to Use Approved,Monthly Consumption,S2,2026-11,221673.0
Kenya,MOH Supply Plan,"Medroxyprogesterone Acetate 150 mg/mL (1 mL) Vial, Intramuscular",Ready to Use Approved,Ready to Use Approved,Monthly Consumption,S2,2026-12,221673.0
Kenya,MOH Supply Plan,"Medroxyprogesterone Acetate 150 mg/mL (1 mL) Vial, Intramuscular",Ready to Use Approved,Ready to Use Approved,Monthly Consumption,S2,2027-01,221673.0
Kenya,MOH Supply Plan,"Medroxyprogesterone Acetate 150 mg/mL (1 mL) Vial, Intramuscular",Ready to Use Approved,Ready to Use Approved,Monthly Consumption,S2,2027-02,221673.0
Kenya,MOH Supply Plan,"Medroxyprogesterone Acetate 150 mg/mL (1 mL) Vial, Intramuscular",Ready to Use Approved,Ready to Use Approved,Monthly Consumption,S2,2027-03,221673.0
Kenya,MOH Supply Plan,"Medroxyprogesterone Acetate 150 mg/mL (1 mL) Vial, Intramuscular",Ready to Use Approved,Ready to Use Approved,Monthly Consumption,S2,2027-04,221673.0
Kenya,MOH Supply Plan,"Medroxyprogesterone Acetate 150 mg/mL (1 mL) Vial, Intramuscular",Ready to Use Approved,Ready to Use Approved,Monthly Consumption,S2,2027-05,221673.0
Kenya,MOH Supply Plan,"Medroxyprogesterone Acetate 150 mg/mL (1 mL) Vial, Intramuscular",Ready to Use Approved,Ready to Use Approved,Monthly Consumption,S2,2027-06,221673.0
Kenya,MOH Supply Plan,"Medroxyprogesterone Acetate 150 mg/mL (1 mL) Vial, Intramuscular",Ready to Use Approved,Ready to Use Approved,Monthly Consumption,S2,2027-07,226550.0
Kenya,MOH Supply Plan,"Medroxyprogesterone Acetate 150 mg/mL (1 mL) Vial, Intramuscular",Ready to Use Approved,Ready to Use Approved,Monthly Consumption,S2,2027-08,226550.0
Kenya,MOH Supply Plan,"Medroxyprogesterone Acetate 150 mg/mL (1 mL) Vial, Intramuscular",Ready to Use Approved,Ready to Use Approved,Monthly Consumption,S2,2027-09,226550.0
Kenya,MOH Supply Plan,"Medroxyprogesterone Acetate 150 mg/mL (1 mL) Vial, Intramuscular",Ready to Use Approved,Ready to Use Approved,Monthly Consumption,S2,2027-10,226550.0
Kenya,MOH Supply Plan,"Medroxyprogesterone Acetate 150 mg/mL (1 mL) Vial, Intramuscular",Ready to Use Approved,Ready to Use Approved,Monthly Consumption,S2,2027-11,226550.0
Kenya,MOH Supply Plan,"Medroxyprogesterone Acetate 150 mg/mL (1 mL) Vial, Intramuscular",Ready to Use Approved,Ready to Use Approved,Monthly Consumption,S2,2027-12,226550.0
Kenya,MOH Supply Plan,"Medroxyprogesterone Acetate 150 mg/mL (1 mL) Vial, Intramuscular",Ready to Use Approved,Ready to Use Approved,Monthly Consumption,S2,2028-01,226550.0
Kenya,MOH Supply Plan,"Medroxyprogesterone Acetate 150 mg/mL (1 mL) Vial, Intramuscular",Ready to Use Approved,Ready to Use Approved,Monthly Consumption,S2,2028-02,226550.0
Kenya,MOH Supply Plan,"Medroxyprogesterone Acetate 150 mg/mL (1 mL) Vial, Intramuscular",Ready to Use Approved,Ready to Use Approved,Monthly Consumption,S2,2028-03,226550.0
Kenya,MOH Supply Plan,"Medroxyprogesterone Acetate 150 mg/mL (1 mL) Vial, Intramuscular",Ready to Use Approved,Ready to Use Approved,Monthly Consumption,S2,2028-04,226550.0
Kenya,MOH Supply Plan,"Medroxyprogesterone Acetate 150 mg/mL (1 mL) Vial, Intramuscular",Ready to Use Approved,Ready to Use Approved,Monthly Consumption,S2,2028-05,226550.0
Kenya,MOH Supply Plan,"Medroxyprogesterone Acetate 150 mg/mL (1 mL) Vial, Intramuscular",Ready to Use Approved,Ready to Use Approved,Monthly Consumption,S2,2028-06,226550.0
Kenya,MOH Supply Plan,"Medroxyprogesterone Acetate 150 mg/mL (1 mL) Vial, Intramuscular",Ready to Use Approved,Ready to Use Approved,Projected Supplies,S2,2026-02,1515005.0
Kenya,MOH Supply Plan,"Medroxyprogesterone Acetate 150 mg/mL (1 mL) Vial, Intramuscular",Ready to Use Approved,Ready to Use Approved,Projected Supplies,S2,2026-03,1405595.0
Kenya,MOH Supply Plan,"Medroxyprogesterone Acetate 150 mg/mL (1 mL) Vial, Intramuscular",Ready to Use Approved,Ready to Use Approved,Projected Supplies,S2,2026-08,1405679.0
Kenya,MOH Supply Plan,"Medroxyprogesterone Acetate 150 mg/mL (1 mL) Vial, Intramuscular",Ready to Use Approved,Ready to Use Approved,Projected Supplies,S2,2027-04,1405691.0
Kenya,MOH Supply Plan,"Medroxyprogesterone Acetate 150 mg/mL (1 mL) Vial, Intramuscular",Ready to Use Approved,Ready to Use Approved,Projected Supplies,S2,2027-10,1372689.0
Kenya,MOH Supply Plan,"Medroxyprogesterone Acetate 150 mg/mL (1 mL) Vial, Intramuscular",Ready to Use Approved,Ready to Use Approved,Projected Inventory,S2,2026-02,0.0
Kenya,MOH Supply Plan,"Medroxyprogesterone Acetate 150 mg/mL (1 mL) Vial, Intramuscular",Ready to Use Approved,Ready to Use Approved,Projected Inventory,S2,2026-03,0.0
Kenya,MOH Supply Plan,"Medroxyprogesterone Acetate 150 mg/mL (1 mL) Vial, Intramuscular",Ready to Use Approved,Ready to Use Approved,Projected Inventory,S2,2026-04,0.0
Kenya,MOH Supply Plan,"Medroxyprogesterone Acetate 150 mg/mL (1 mL) Vial, Intramuscular",Ready to Use Approved,Ready to Use Approved,Projected Inventory,S2,2026-05,0.0
Kenya,MOH Supply Plan,"Medroxyprogesterone Acetate 150 mg/mL (1 mL) Vial, Intramuscular",Ready to Use Approved,Ready to Use Approved,Projected Inventory,S2,2026-06,150029.0
Kenya,MOH Supply Plan,"Medroxyprogesterone Acetate 150 mg/mL (1 mL) Vial, Intramuscular",Ready to Use Approved,Ready to Use Approved,Projected Inventory,S2,2026-07,0.0
Kenya,MOH Supply Plan,"Medroxyprogesterone Acetate 150 mg/mL (1 mL) Vial, Intramuscular",Ready to Use Approved,Ready to Use Approved,Projected Inventory,S2,2026-08,1184006.0
Kenya,MOH Supply Plan,"Medroxyprogesterone Acetate 150 mg/mL (1 mL) Vial, Intramuscular",Ready to Use Approved,Ready to Use Approved,Projected Inventory,S2,2026-09,962333.0
Kenya,MOH Supply Plan,"Medroxyprogesterone Acetate 150 mg/mL (1 mL) Vial, Intramuscular",Ready to Use Approved,Ready to Use Approved,Projected Inventory,S2,2026-10,740660.0
Kenya,MOH Supply Plan,"Medroxyprogesterone Acetate 150 mg/mL (1 mL) Vial, Intramuscular",Ready to Use Approved,Ready to Use Approved,Projected Inventory,S2,2026-11,518987.0
Kenya,MOH Supply Plan,"Medroxyprogesterone Acetate 150 mg/mL (1 mL) Vial, Intramuscular",Ready to Use Approved,Ready to Use Approved,Projected Inventory,S2,2026-12,297314.0
Kenya,MOH Supply Plan,"Medroxyprogesterone Acetate 150 mg/mL (1 mL) Vial, Intramuscular",Ready to Use Approved,Ready to Use Approved,Projected Inventory,S2,2027-01,75641.0
Kenya,MOH Supply Plan,"Medroxyprogesterone Acetate 150 mg/mL (1 mL) Vial, Intramuscular",Ready to Use Approved,Ready to Use Approved,Projected Inventory,S2,2027-02,0.0
Kenya,MOH Supply Plan,"Medroxyprogesterone Acetate 150 mg/mL (1 mL) Vial, Intramuscular",Ready to Use Approved,Ready to Use Approved,Projected Inventory,S2,2027-03,0.0
Kenya,MOH Supply Plan,"Medroxyprogesterone Acetate 150 mg/mL (1 mL) Vial, Intramuscular",Ready to Use Approved,Ready to Use Approved,Projected Inventory,S2,2027-04,1184018.0
Kenya,MOH Supply Plan,"Medroxyprogesterone Acetate 150 mg/mL (1 mL) Vial, Intramuscular",Ready to Use Approved,Ready to Use Approved,Projected Inventory,S2,2027-05,962345.0
Kenya,MOH Supply Plan,"Medroxyprogesterone Acetate 150 mg/mL (1 mL) Vial, Intramuscular",Ready to Use Approved,Ready to Use Approved,Projected Inventory,S2,2027-06,740672.0
Kenya,MOH Supply Plan,"Medroxyprogesterone Acetate 150 mg/mL (1 mL) Vial, Intramuscular",Ready to Use Approved,Ready to Use Approved,Projected Inventory,S2,2027-07,514122.0
Kenya,MOH Supply Plan,"Medroxyprogesterone Acetate 150 mg/mL (1 mL) Vial, Intramuscular",Ready to Use Approved,Ready to Use Approved,Projected Inventory,S2,2027-08,287572.0
Kenya,MOH Supply Plan,"Medroxyprogesterone Acetate 150 mg/mL (1 mL) Vial, Intramuscular",Ready to Use Approved,Ready to Use Approved,Projected Inventory,S2,2027-09,61022.0
Kenya,MOH Supply Plan,"Medroxyprogesterone Acetate 150 mg/mL (1 mL) Vial, Intramuscular",Ready to Use Approved,Ready to Use Approved,Projected Inventory,S2,2027-10,1207161.0
Kenya,MOH Supply Plan,"Medroxyprogesterone Acetate 150 mg/mL (1 mL) Vial, Intramuscular",Ready to Use Approved,Ready to Use Approved,Projected Inventory,S2,2027-11,980611.0
Kenya,MOH Supply Plan,"Medroxyprogesterone Acetate 150 mg/mL (1 mL) Vial, Intramuscular",Ready to Use Approved,Ready to Use Approved,Projected Inventory,S2,2027-12,754061.0
Kenya,MOH Supply Plan,"Medroxyprogesterone Acetate 150 mg/mL (1 mL) Vial, Intramuscular",Ready to Use Approved,Ready to Use Approved,Projected Inventory,S2,2028-01,527511.0
Kenya,MOH Supply Plan,"Medroxyprogesterone Acetate 150 mg/mL (1 mL) Vial, Intramuscular",Ready to Use Approved,Ready to Use Approved,Projected Inventory,S2,2028-02,300961.0
Kenya,MOH Supply Plan,"Medroxyprogesterone Acetate 150 mg/mL (1 mL) Vial, Intramuscular",Ready to Use Approved,Ready to Use Approved,Projected Inventory,S2,2028-03,74411.0
Kenya,MOH Supply Plan,"Medroxyprogesterone Acetate 150 mg/mL (1 mL) Vial, Intramuscular",Ready to Use Approved,Ready to Use Approved,Projected Inventory,S2,2028-04,0.0
Kenya,MOH Supply Plan,"Medroxyprogesterone Acetate 150 mg/mL (1 mL) Vial, Intramuscular",Ready to Use Approved,Ready to Use Approved,Projected Inventory,S2,2028-05,0.0
Kenya,MOH Supply Plan,"Medroxyprogesterone Acetate 150 mg/mL (1 mL) Vial, Intramuscular",Ready to Use Approved,Ready to Use Approved,Projected Inventory,S2,2028-06,0.0
Kenya,MOH Supply Plan,"Medroxyprogesterone Acetate 150 mg/mL (1 mL) Vial, Intramuscular",Ready to Use Approved,Ready to Use Approved,Projected Inventory,S2,2028-07,0.0
Kenya,MOH Supply Plan,"Medroxyprogesterone Acetate 150 mg/mL (1 mL) Vial, Intramuscular",Ready to Use Approved,Ready to Use Approved,Projected Inventory,S2,2028-08,0.0
Kenya,MOH Supply Plan,"Medroxyprogesterone Acetate 150 mg/mL (1 mL) Vial, Intramuscular",Ready to Use Approved,Ready to Use Approved,Projected MOS,S2,2026-02,0.0
Kenya,MOH Supply Plan,"Medroxyprogesterone Acetate 150 mg/mL (1 mL) Vial, Intramuscular",Ready to Use Approved,Ready to Use Approved,Projected MOS,S2,2026-03,0.0
Kenya,MOH Supply Plan,"Medroxyprogesterone Acetate 150 mg/mL (1 mL) Vial, Intramuscular",Ready to Use Approved,Ready to Use Approved,Projected MOS,S2,2026-04,0.0
Kenya,MOH Supply Plan,"Medroxyprogesterone Acetate 150 mg/mL (1 mL) Vial, Intramuscular",Ready to Use Approved,Ready to Use Approved,Projected MOS,S2,2026-05,0.0
Kenya,MOH Supply Plan,"Medroxyprogesterone Acetate 150 mg/mL (1 mL) Vial, Intramuscular",Ready to Use Approved,Ready to Use Approved,Projected MOS,S2,2026-06,0.7
Kenya,MOH Supply Plan,"Medroxyprogesterone Acetate 150 mg/mL (1 mL) Vial, Intramuscular",Ready to Use Approved,Ready to Use Approved,Projected MOS,S2,2026-07,0.0
Kenya,MOH Supply Plan,"Medroxyprogesterone Acetate 150 mg/mL (1 mL) Vial, Intramuscular",Ready to Use Approved,Ready to Use Approved,Projected MOS,S2,2026-08,5.3
Kenya,MOH Supply Plan,"Medroxyprogesterone Acetate 150 mg/mL (1 mL) Vial, Intramuscular",Ready to Use Approved,Ready to Use Approved,Projected MOS,S2,2026-09,4.3
Kenya,MOH Supply Plan,"Medroxyprogesterone Acetate 150 mg/mL (1 mL) Vial, Intramuscular",Ready to Use Approved,Ready to Use Approved,Projected MOS,S2,2026-10,3.3
Kenya,MOH Supply Plan,"Medroxyprogesterone Acetate 150 mg/mL (1 mL) Vial, Intramuscular",Ready to Use Approved,Ready to Use Approved,Projected MOS,S2,2026-11,2.3
Kenya,MOH Supply Plan,"Medroxyprogesterone Acetate 150 mg/mL (1 mL) Vial, Intramuscular",Ready to Use Approved,Ready to Use Approved,Projected MOS,S2,2026-12,1.3
Kenya,MOH Supply Plan,"Medroxyprogesterone Acetate 150 mg/mL (1 mL) Vial, Intramuscular",Ready to Use Approved,Ready to Use Approved,Projected MOS,S2,2027-01,0.3
Kenya,MOH Supply Plan,"Medroxyprogesterone Acetate 150 mg/mL (1 mL) Vial, Intramuscular",Ready to Use Approved,Ready to Use Approved,Projected MOS,S2,2027-02,0.0
Kenya,MOH Supply Plan,"Medroxyprogesterone Acetate 150 mg/mL (1 mL) Vial, Intramuscular",Ready to Use Approved,Ready to Use Approved,Projected MOS,S2,2027-03,0.0
Kenya,MOH Supply Plan,"Medroxyprogesterone Acetate 150 mg/mL (1 mL) Vial, Intramuscular",Ready to Use Approved,Ready to Use Approved,Projected MOS,S2,2027-04,5.3
Kenya,MOH Supply Plan,"Medroxyprogesterone Acetate 150 mg/mL (1 mL) Vial, Intramuscular",Ready to Use Approved,Ready to Use Approved,Projected MOS,S2,2027-05,4.3
Kenya,MOH Supply Plan,"Medroxyprogesterone Acetate 150 mg/mL (1 mL) Vial, Intramuscular",Ready to Use Approved,Ready to Use Approved,Projected MOS,S2,2027-06,3.3
Kenya,MOH Supply Plan,"Medroxyprogesterone Acetate 150 mg/mL (1 mL) Vial, Intramuscular",Ready to Use Approved,Ready to Use Approved,Projected MOS,S2,2027-07,2.3
Kenya,MOH Supply Plan,"Medroxyprogesterone Acetate 150 mg/mL (1 mL) Vial, Intramuscular",Ready to Use Approved,Ready to Use Approved,Projected MOS,S2,2027-08,1.3
Kenya,MOH Supply Plan,"Medroxyprogesterone Acetate 150 mg/mL (1 mL) Vial, Intramuscular",Ready to Use Approved,Ready to Use Approved,Projected MOS,S2,2027-09,0.3
Kenya,MOH Supply Plan,"Medroxyprogesterone Acetate 150 mg/mL (1 mL) Vial, Intramuscular",Ready to Use Approved,Ready to Use Approved,Projected MOS,S2,2027-10,5.3
Kenya,MOH Supply Plan,"Medroxyprogesterone Acetate 150 mg/mL (1 mL) Vial, Intramuscular",Ready to Use Approved,Ready to Use Approved,Projected MOS,S2,2027-11,4.3
Kenya,MOH Supply Plan,"Medroxyprogesterone Acetate 150 mg/mL (1 mL) Vial, Intramuscular",Ready to Use Approved,Ready to Use Approved,Projected MOS,S2,2027-12,3.3
Kenya,MOH Supply Plan,"Medroxyprogesterone Acetate 150 mg/mL (1 mL) Vial, Intramuscular",Ready to Use Approved,Ready to Use Approved,Projected MOS,S2,2028-01,2.3
Kenya,MOH Supply Plan,"Medroxyprogesterone Acetate 150 mg/mL (1 mL) Vial, Intramuscular",Ready to Use Approved,Ready to Use Approved,Projected MOS,S2,2028-02,1.3
Kenya,MOH Supply Plan,"Medroxyprogesterone Acetate 150 mg/mL (1 mL) Vial, Intramuscular",Ready to Use Approved,Ready to Use Approved,Projected MOS,S2,2028-03,0.3
Kenya,MOH Supply Plan,"Medroxyprogesterone Acetate 150 mg/mL (1 mL) Vial, Intramuscular",Ready to Use Approved,Ready to Use Approved,Projected MOS,S2,2028-04,0.0
Kenya,MOH Supply Plan,"Medroxyprogesterone Acetate 150 mg/mL (1 mL) Vial, Intramuscular",Ready to Use Approved,Ready to Use Approved,Projected MOS,S2,2028-05,0.0
Kenya,MOH Supply Plan,"Medroxyprogesterone Acetate 150 mg/mL (1 mL) Vial, Intramuscular",Ready to Use Approved,Ready to Use Approved,Projected MOS,S2,2028-06,0.0
Kenya,MOH Supply Plan,"Norethisterone Enantate 200 mg/mL (1 mL) Ampoule, Intramuscular",Ready to Use Approved,Ready to Use Approved,Projected Inventory,Base,2026-02,0.0
Kenya,MOH Supply Plan,"Norethisterone Enantate 200 mg/mL (1 mL) Ampoule, Intramuscular",Ready to Use Approved,Ready to Use Approved,Projected Inventory,Base,2026-03,0.0
Kenya,MOH Supply Plan,"Norethisterone Enantate 200 mg/mL (1 mL) Ampoule, Intramuscular",Ready to Use Approved,Ready to Use Approved,Projected Inventory,Base,2026-04,0.0
Kenya,MOH Supply Plan,"Norethisterone Enantate 200 mg/mL (1 mL) Ampoule, Intramuscular",Ready to Use Approved,Ready to Use Approved,Projected Inventory,Base,2026-05,0.0
Kenya,MOH Supply Plan,"Norethisterone Enantate 200 mg/mL (1 mL) Ampoule, Intramuscular",Ready to Use Approved,Ready to Use Approved,Projected Inventory,Base,2026-06,0.0
Kenya,MOH Supply Plan,"Norethisterone Enantate 200 mg/mL (1 mL) Ampoule, Intramuscular",Ready to Use Approved,Ready to Use Approved,Projected Inventory,Base,2026-07,0.0
Kenya,MOH Supply Plan,"Norethisterone Enantate 200 mg/mL (1 mL) Ampoule, Intramuscular",Ready to Use Approved,Ready to Use Approved,Projected Inventory,Base,2026-08,0.0
Kenya,MOH Supply Plan,"Norethisterone Enantate 200 mg/mL (1 mL) Ampoule, Intramuscular",Ready to Use Approved,Ready to Use Approved,Projected Inventory,Base,2026-09,0.0
Kenya,MOH Supply Plan,"Norethisterone Enantate 200 mg/mL (1 mL) Ampoule, Intramuscular",Ready to Use Approved,Ready to Use Approved,Projected Inventory,Base,2026-10,0.0
Kenya,MOH Supply Plan,"Norethisterone Enantate 200 mg/mL (1 mL) Ampoule, Intramuscular",Ready to Use Approved,Ready to Use Approved,Projected Inventory,Base,2026-11,0.0
Kenya,MOH Supply Plan,"Norethisterone Enantate 200 mg/mL (1 mL) Ampoule, Intramuscular",Ready to Use Approved,Ready to Use Approved,Projected Inventory,Base,2026-12,0.0
Kenya,MOH Supply Plan,"Norethisterone Enantate 200 mg/mL (1 mL) Ampoule, Intramuscular",Ready to Use Approved,Ready to Use Approved,Projected Inventory,Base,2027-01,0.0
Kenya,MOH Supply Plan,"Norethisterone Enantate 200 mg/mL (1 mL) Ampoule, Intramuscular",Ready to Use Approved,Ready to Use Approved,Projected Inventory,Base,2027-02,0.0
Kenya,MOH Supply Plan,"Norethisterone Enantate 200 mg/mL (1 mL) Ampoule, Intramuscular",Ready to Use Approved,Ready to Use Approved,Projected Inventory,Base,2027-03,0.0
Kenya,MOH Supply Plan,"Norethisterone Enantate 200 mg/mL (1 mL) Ampoule, Intramuscular",Ready to Use Approved,Ready to Use Approved,Projected Inventory,Base,2027-04,0.0
Kenya,MOH Supply Plan,"Norethisterone Enantate 200 mg/mL (1 mL) Ampoule, Intramuscular",Ready to Use Approved,Ready to Use Approved,Projected Inventory,Base,2027-05,0.0
Kenya,MOH Supply Plan,"Norethisterone Enantate 200 mg/mL (1 mL) Ampoule, Intramuscular",Ready to Use Approved,Ready to Use Approved,Projected Inventory,Base,2027-06,0.0
Kenya,MOH Supply Plan,"Norethisterone Enantate 200 mg/mL (1 mL) Ampoule, Intramuscular",Ready to Use Approved,Ready to Use Approved,Projected Inventory,Base,2027-07,0.0
Kenya,MOH Supply Plan,"Norethisterone Enantate 200 mg/mL (1 mL) Ampoule, Intramuscular",Ready to Use Approved,Ready to Use Approved,Projected Inventory,Base,2027-08,0.0
Kenya,MOH Supply Plan,"Norethisterone Enantate 200 mg/mL (1 mL) Ampoule, Intramuscular",Ready to Use Approved,Ready to Use Approved,Projected Inventory,Base,2027-09,0.0
Kenya,MOH Supply Plan,"Norethisterone Enantate 200 mg/mL (1 mL) Ampoule, Intramuscular",Ready to Use Approved,Ready to Use Approved,Projected Inventory,Base,2027-10,0.0
Kenya,MOH Supply Plan,"Norethisterone Enantate 200 mg/mL (1 mL) Ampoule, Intramuscular",Ready to Use Approved,Ready to Use Approved,Projected Inventory,Base,2027-11,0.0
Kenya,MOH Supply Plan,"Norethisterone Enantate 200 mg/mL (1 mL) Ampoule, Intramuscular",Ready to Use Approved,Ready to Use Approved,Projected Inventory,Base,2027-12,0.0
Kenya,MOH Supply Plan,"Norethisterone Enantate 200 mg/mL (1 mL) Ampoule, Intramuscular",Ready to Use Approved,Ready to Use Approved,Projected Inventory,Base,2028-01,0.0
Kenya,MOH Supply Plan,"Norethisterone Enantate 200 mg/mL (1 mL) Ampoule, Intramuscular",Ready to Use Approved,Ready to Use Approved,Projected Inventory,Base,2028-02,0.0
Kenya,MOH Supply Plan,"Norethisterone Enantate 200 mg/mL (1 mL) Ampoule, Intramuscular",Ready to Use Approved,Ready to Use Approved,Projected Inventory,Base,2028-03,0.0
Kenya,MOH Supply Plan,"Norethisterone Enantate 200 mg/mL (1 mL) Ampoule, Intramuscular",Ready to Use Approved,Ready to Use Approved,Projected Inventory,Base,2028-04,0.0
Kenya,MOH Supply Plan,"Norethisterone Enantate 200 mg/mL (1 mL) Ampoule, Intramuscular",Ready to Use Approved,Ready to Use Approved,Projected Inventory,Base,2028-05,0.0
Kenya,MOH Supply Plan,"Norethisterone Enantate 200 mg/mL (1 mL) Ampoule, Intramuscular",Ready to Use Approved,Ready to Use Approved,Projected Inventory,Base,2028-06,0.0
Kenya,MOH Supply Plan,"Norethisterone Enantate 200 mg/mL (1 mL) Ampoule, Intramuscular",Ready to Use Approved,Ready to Use Approved,Projected Inventory,Base,2028-07,0.0
Kenya,MOH Supply Plan,"Norethisterone Enantate 200 mg/mL (1 mL) Ampoule, Intramuscular",Ready to Use Approved,Ready to Use Approved,Projected Inventory,Base,2028-08,0.0
Kenya,MOH Supply Plan,"Norethisterone Enantate 200 mg/mL (1 mL) Ampoule, Intramuscular",Ready to Use Approved,Ready to Use Approved,Projected MOS below min MOS Alert,Base,2026-02,0.0
Kenya,MOH Supply Plan,"Norethisterone Enantate 200 mg/mL (1 mL) Ampoule, Intramuscular",Ready to Use Approved,Ready to Use Approved,Projected MOS below min MOS Alert,Base,2026-03,0.0
Kenya,MOH Supply Plan,"Norethisterone Enantate 200 mg/mL (1 mL) Ampoule, Intramuscular",Ready to Use Approved,Ready to Use Approved,Projected MOS below min MOS Alert,Base,2026-04,0.0
Kenya,MOH Supply Plan,"Norethisterone Enantate 200 mg/mL (1 mL) Ampoule, Intramuscular",Ready to Use Approved,Ready to Use Approved,Projected MOS below min MOS Alert,Base,2026-05,0.0
Kenya,MOH Supply Plan,"Norethisterone Enantate 200 mg/mL (1 mL) Ampoule, Intramuscular",Ready to Use Approved,Ready to Use Approved,Projected MOS below min MOS Alert,Base,2026-06,0.0
Kenya,MOH Supply Plan,"Norethisterone Enantate 200 mg/mL (1 mL) Ampoule, Intramuscular",Ready to Use Approved,Ready to Use Approved,Projected MOS below min MOS Alert,Base,2026-07,0.0
Kenya,MOH Supply Plan,"Norethisterone Enantate 200 mg/mL (1 mL) Ampoule, Intramuscular",Ready to Use Approved,Ready to Use Approved,Projected MOS below min MOS Alert,Base,2026-08,0.0
Kenya,MOH Supply Plan,"Norethisterone Enantate 200 mg/mL (1 mL) Ampoule, Intramuscular",Ready to Use Approved,Ready to Use Approved,Projected MOS below min MOS Alert,Base,2026-09,0.0
Kenya,MOH Supply Plan,"Norethisterone Enantate 200 mg/mL (1 mL) Ampoule, Intramuscular",Ready to Use Approved,Ready to Use Approved,Projected MOS below min MOS Alert,Base,2026-10,0.0
Kenya,MOH Supply Plan,"Norethisterone Enantate 200 mg/mL (1 mL) Ampoule, Intramuscular",Ready to Use Approved,Ready to Use Approved,Projected MOS below min MOS Alert,Base,2026-11,0.0
Kenya,MOH Supply Plan,"Norethisterone Enantate 200 mg/mL (1 mL) Ampoule, Intramuscular",Ready to Use Approved,Ready to Use Approved,Projected MOS below min MOS Alert,Base,2026-12,0.0
Kenya,MOH Supply Plan,"Norethisterone Enantate 200 mg/mL (1 mL) Ampoule, Intramuscular",Ready to Use Approved,Ready to Use Approved,Projected MOS below min MOS Alert,Base,2027-01,0.0
Kenya,MOH Supply Plan,"Norethisterone Enantate 200 mg/mL (1 mL) Ampoule, Intramuscular",Ready to Use Approved,Ready to Use Approved,Projected MOS below min MOS Alert,Base,2027-02,0.0
Kenya,MOH Supply Plan,"Norethisterone Enantate 200 mg/mL (1 mL) Ampoule, Intramuscular",Ready to Use Approved,Ready to Use Approved,Projected MOS below min MOS Alert,Base,2027-03,0.0
Kenya,MOH Supply Plan,"Norethisterone Enantate 200 mg/mL (1 mL) Ampoule, Intramuscular",Ready to Use Approved,Ready to Use Approved,Projected MOS below min MOS Alert,Base,2027-04,0.0
Kenya,MOH Supply Plan,"Norethisterone Enantate 200 mg/mL (1 mL) Ampoule, Intramuscular",Ready to Use Approved,Ready to Use Approved,Projected MOS below min MOS Alert,Base,2027-05,0.0
Kenya,MOH Supply Plan,"Norethisterone Enantate 200 mg/mL (1 mL) Ampoule, Intramuscular",Ready to Use Approved,Ready to Use Approved,Projected MOS below min MOS Alert,Base,2027-06,0.0
Kenya,MOH Supply Plan,"Norethisterone Enantate 200 mg/mL (1 mL) Ampoule, Intramuscular",Ready to Use Approved,Ready to Use Approved,Projected MOS below min MOS Alert,Base,2027-07,0.0
Kenya,MOH Supply Plan,"Norethisterone Enantate 200 mg/mL (1 mL) Ampoule, Intramuscular",Ready to Use Approved,Ready to Use Approved,Projected MOS below min MOS Alert,Base,2027-08,0.0
Kenya,MOH Supply Plan,"Norethisterone Enantate 200 mg/mL (1 mL) Ampoule, Intramuscular",Ready to Use Approved,Ready to Use Approved,Projected MOS below min MOS Alert,Base,2027-09,0.0
Kenya,MOH Supply Plan,"Norethisterone Enantate 200 mg/mL (1 mL) Ampoule, Intramuscular",Ready to Use Approved,Ready to Use Approved,Projected MOS below min MOS Alert,Base,2027-10,0.0
Kenya,MOH Supply Plan,"Norethisterone Enantate 200 mg/mL (1 mL) Ampoule, Intramuscular",Ready to Use Approved,Ready to Use Approved,Projected MOS below min MOS Alert,Base,2027-11,0.0
Kenya,MOH Supply Plan,"Norethisterone Enantate 200 mg/mL (1 mL) Ampoule, Intramuscular",Ready to Use Approved,Ready to Use Approved,Projected MOS below min MOS Alert,Base,2027-12,0.0
Kenya,MOH Supply Plan,"Norethisterone Enantate 200 mg/mL (1 mL) Ampoule, Intramuscular",Ready to Use Approved,Ready to Use Approved,Projected MOS below min MOS Alert,Base,2028-01,0.0
Kenya,MOH Supply Plan,"Norethisterone Enantate 200 mg/mL (1 mL) Ampoule, Intramuscular",Ready to Use Approved,Ready to Use Approved,Projected MOS below min MOS Alert,Base,2028-02,0.0
Kenya,MOH Supply Plan,"Norethisterone Enantate 200 mg/mL (1 mL) Ampoule, Intramuscular",Ready to Use Approved,Ready to Use Approved,Projected MOS below min MOS Alert,Base,2028-03,0.0
Kenya,MOH Supply Plan,"Norethisterone Enantate 200 mg/mL (1 mL) Ampoule, Intramuscular",Ready to Use Approved,Ready to Use Approved,Projected MOS below min MOS Alert,Base,2028-04,0.0
Kenya,MOH Supply Plan,"Norethisterone Enantate 200 mg/mL (1 mL) Ampoule, Intramuscular",Ready to Use Approved,Ready to Use Approved,Projected MOS below min MOS Alert,Base,2028-05,0.0
Kenya,MOH Supply Plan,"Norethisterone Enantate 200 mg/mL (1 mL) Ampoule, Intramuscular",Ready to Use Approved,Ready to Use Approved,Projected MOS below min MOS Alert,Base,2028-06,0.0
Kenya,MOH Supply Plan,"Norethisterone Enantate 200 mg/mL (1 mL) Ampoule, Intramuscular",Ready to Use Approved,Ready to Use Approved,Projected MOS below min MOS Alert,Base,2028-07,0.0
Kenya,MOH Supply Plan,"Norethisterone Enantate 200 mg/mL (1 mL) Ampoule, Intramuscular",Ready to Use Approved,Ready to Use Approved,Projected MOS below min MOS Alert,Base,2028-08,0.0
Kenya,MOH Supply Plan,"Norethisterone Enantate 200 mg/mL (1 mL) Ampoule, Intramuscular",Ready to Use Approved,Ready to Use Approved,Projected MOS above max MOS Alert,Base,2026-02,0.0
Kenya,MOH Supply Plan,"Norethisterone Enantate 200 mg/mL (1 mL) Ampoule, Intramuscular",Ready to Use Approved,Ready to Use Approved,Projected MOS above max MOS Alert,Base,2026-03,0.0
Kenya,MOH Supply Plan,"Norethisterone Enantate 200 mg/mL (1 mL) Ampoule, Intramuscular",Ready to Use Approved,Ready to Use Approved,Projected MOS above max MOS Alert,Base,2026-04,0.0
Kenya,MOH Supply Plan,"Norethisterone Enantate 200 mg/mL (1 mL) Ampoule, Intramuscular",Ready to Use Approved,Ready to Use Approved,Projected MOS above max MOS Alert,Base,2026-05,0.0
Kenya,MOH Supply Plan,"Norethisterone Enantate 200 mg/mL (1 mL) Ampoule, Intramuscular",Ready to Use Approved,Ready to Use Approved,Projected MOS above max MOS Alert,Base,2026-06,0.0
Kenya,MOH Supply Plan,"Norethisterone Enantate 200 mg/mL (1 mL) Ampoule, Intramuscular",Ready to Use Approved,Ready to Use Approved,Projected MOS above max MOS Alert,Base,2026-07,0.0
Kenya,MOH Supply Plan,"Norethisterone Enantate 200 mg/mL (1 mL) Ampoule, Intramuscular",Ready to Use Approved,Ready to Use Approved,Projected MOS above max MOS Alert,Base,2026-08,0.0
Kenya,MOH Supply Plan,"Norethisterone Enantate 200 mg/mL (1 mL) Ampoule, Intramuscular",Ready to Use Approved,Ready to Use Approved,Projected MOS above max MOS Alert,Base,2026-09,0.0
Kenya,MOH Supply Plan,"Norethisterone Enantate 200 mg/mL (1 mL) Ampoule, Intramuscular",Ready to Use Approved,Ready to Use Approved,Projected MOS above max MOS Alert,Base,2026-10,0.0
Kenya,MOH Supply Plan,"Norethisterone Enantate 200 mg/mL (1 mL) Ampoule, Intramuscular",Ready to Use Approved,Ready to Use Approved,Projected MOS above max MOS Alert,Base,2026-11,0.0
Kenya,MOH Supply Plan,"Norethisterone Enantate 200 mg/mL (1 mL) Ampoule, Intramuscular",Ready to Use Approved,Ready to Use Approved,Projected MOS above max MOS Alert,Base,2026-12,0.0
Kenya,MOH Supply Plan,"Norethisterone Enantate 200 mg/mL (1 mL) Ampoule, Intramuscular",Ready to Use Approved,Ready to Use Approved,Projected MOS above max MOS Alert,Base,2027-01,0.0
Kenya,MOH Supply Plan,"Norethisterone Enantate 200 mg/mL (1 mL) Ampoule, Intramuscular",Ready to Use Approved,Ready to Use Approved,Projected MOS above max MOS Alert,Base,2027-02,0.0
Kenya,MOH Supply Plan,"Norethisterone Enantate 200 mg/mL (1 mL) Ampoule, Intramuscular",Ready to Use Approved,Ready to Use Approved,Projected MOS above max MOS Alert,Base,2027-03,0.0
Kenya,MOH Supply Plan,"Norethisterone Enantate 200 mg/mL (1 mL) Ampoule, Intramuscular",Ready to Use Approved,Ready to Use Approved,Projected MOS above max MOS Alert,Base,2027-04,0.0
Kenya,MOH Supply Plan,"Norethisterone Enantate 200 mg/mL (1 mL) Ampoule, Intramuscular",Ready to Use Approved,Ready to Use Approved,Projected MOS above max MOS Alert,Base,2027-05,0.0
Kenya,MOH Supply Plan,"Norethisterone Enantate 200 mg/mL (1 mL) Ampoule, Intramuscular",Ready to Use Approved,Ready to Use Approved,Projected MOS above max MOS Alert,Base,2027-06,0.0
Kenya,MOH Supply Plan,"Norethisterone Enantate 200 mg/mL (1 mL) Ampoule, Intramuscular",Ready to Use Approved,Ready to Use Approved,Projected MOS above max MOS Alert,Base,2027-07,0.0
Kenya,MOH Supply Plan,"Norethisterone Enantate 200 mg/mL (1 mL) Ampoule, Intramuscular",Ready to Use Approved,Ready to Use Approved,Projected MOS above max MOS Alert,Base,2027-08,0.0
Kenya,MOH Supply Plan,"Norethisterone Enantate 200 mg/mL (1 mL) Ampoule, Intramuscular",Ready to Use Approved,Ready to Use Approved,Projected MOS above max MOS Alert,Base,2027-09,0.0
Kenya,MOH Supply Plan,"Norethisterone Enantate 200 mg/mL (1 mL) Ampoule, Intramuscular",Ready to Use Approved,Ready to Use Approved,Projected MOS above max MOS Alert,Base,2027-10,0.0
Kenya,MOH Supply Plan,"Norethisterone Enantate 200 mg/mL (1 mL) Ampoule, Intramuscular",Ready to Use Approved,Ready to Use Approved,Projected MOS above max MOS Alert,Base,2027-11,0.0
Kenya,MOH Supply Plan,"Norethisterone Enantate 200 mg/mL (1 mL) Ampoule, Intramuscular",Ready to Use Approved,Ready to Use Approved,Projected MOS above max MOS Alert,Base,2027-12,0.0
Kenya,MOH Supply Plan,"Norethisterone Enantate 200 mg/mL (1 mL) Ampoule, Intramuscular",Ready to Use Approved,Ready to Use Approved,Projected MOS above max MOS Alert,Base,2028-01,0.0
Kenya,MOH Supply Plan,"Norethisterone Enantate 200 mg/mL (1 mL) Ampoule, Intramuscular",Ready to Use Approved,Ready to Use Approved,Projected MOS above max MOS Alert,Base,2028-02,0.0
Kenya,MOH Supply Plan,"Norethisterone Enantate 200 mg/mL (1 mL) Ampoule, Intramuscular",Ready to Use Approved,Ready to Use Approved,Projected MOS above max MOS Alert,Base,2028-03,0.0
Kenya,MOH Supply Plan,"Norethisterone Enantate 200 mg/mL (1 mL) Ampoule, Intramuscular",Ready to Use Approved,Ready to Use Approved,Projected MOS above max MOS Alert,Base,2028-04,0.0
Kenya,MOH Supply Plan,"Norethisterone Enantate 200 mg/mL (1 mL) Ampoule, Intramuscular",Ready to Use Approved,Ready to Use Approved,Projected MOS above max MOS Alert,Base,2028-05,0.0
Kenya,MOH Supply Plan,"Norethisterone Enantate 200 mg/mL (1 mL) Ampoule, Intramuscular",Ready to Use Approved,Ready to Use Approved,Projected MOS above max MOS Alert,Base,2028-06,0.0
Kenya,MOH Supply Plan,"Norethisterone Enantate 200 mg/mL (1 mL) Ampoule, Intramuscular",Ready to Use Approved,Ready to Use Approved,Projected MOS above max MOS Alert,Base,2028-07,0.0
Kenya,MOH Supply Plan,"Norethisterone Enantate 200 mg/mL (1 mL) Ampoule, Intramuscular",Ready to Use Approved,Ready to Use Approved,Projected MOS above max MOS Alert,Base,2028-08,0.0
Kenya,MOH Supply Plan,"Norethisterone Enantate 200 mg/mL (1 mL) Ampoule, Intramuscular",Ready to Use Approved,Ready to Use Approved,Projected Inventory,S1,2026-02,0.0
Kenya,MOH Supply Plan,"Norethisterone Enantate 200 mg/mL (1 mL) Ampoule, Intramuscular",Ready to Use Approved,Ready to Use Approved,Projected Inventory,S1,2026-03,0.0
Kenya,MOH Supply Plan,"Norethisterone Enantate 200 mg/mL (1 mL) Ampoule, Intramuscular",Ready to Use Approved,Ready to Use Approved,Projected Inventory,S1,2026-04,0.0
Kenya,MOH Supply Plan,"Norethisterone Enantate 200 mg/mL (1 mL) Ampoule, Intramuscular",Ready to Use Approved,Ready to Use Approved,Projected Inventory,S1,2026-05,0.0
Kenya,MOH Supply Plan,"Norethisterone Enantate 200 mg/mL (1 mL) Ampoule, Intramuscular",Ready to Use Approved,Ready to Use Approved,Projected Inventory,S1,2026-06,0.0
Kenya,MOH Supply Plan,"Norethisterone Enantate 200 mg/mL (1 mL) Ampoule, Intramuscular",Ready to Use Approved,Ready to Use Approved,Projected Inventory,S1,2026-07,0.0
Kenya,MOH Supply Plan,"Norethisterone Enantate 200 mg/mL (1 mL) Ampoule, Intramuscular",Ready to Use Approved,Ready to Use Approved,Projected Inventory,S1,2026-08,0.0
Kenya,MOH Supply Plan,"Norethisterone Enantate 200 mg/mL (1 mL) Ampoule, Intramuscular",Ready to Use Approved,Ready to Use Approved,Projected Inventory,S1,2026-09,0.0
Kenya,MOH Supply Plan,"Norethisterone Enantate 200 mg/mL (1 mL) Ampoule, Intramuscular",Ready to Use Approved,Ready to Use Approved,Projected Inventory,S1,2026-10,0.0
Kenya,MOH Supply Plan,"Norethisterone Enantate 200 mg/mL (1 mL) Ampoule, Intramuscular",Ready to Use Approved,Ready to Use Approved,Projected Inventory,S1,2026-11,0.0
Kenya,MOH Supply Plan,"Norethisterone Enantate 200 mg/mL (1 mL) Ampoule, Intramuscular",Ready to Use Approved,Ready to Use Approved,Projected Inventory,S1,2026-12,0.0
Kenya,MOH Supply Plan,"Norethisterone Enantate 200 mg/mL (1 mL) Ampoule, Intramuscular",Ready to Use Approved,Ready to Use Approved,Projected Inventory,S1,2027-01,0.0
Kenya,MOH Supply Plan,"Norethisterone Enantate 200 mg/mL (1 mL) Ampoule, Intramuscular",Ready to Use Approved,Ready to Use Approved,Projected Inventory,S1,2027-02,0.0
Kenya,MOH Supply Plan,"Norethisterone Enantate 200 mg/mL (1 mL) Ampoule, Intramuscular",Ready to Use Approved,Ready to Use Approved,Projected Inventory,S1,2027-03,0.0
Kenya,MOH Supply Plan,"Norethisterone Enantate 200 mg/mL (1 mL) Ampoule, Intramuscular",Ready to Use Approved,Ready to Use Approved,Projected Inventory,S1,2027-04,0.0
Kenya,MOH Supply Plan,"Norethisterone Enantate 200 mg/mL (1 mL) Ampoule, Intramuscular",Ready to Use Approved,Ready to Use Approved,Projected Inventory,S1,2027-05,0.0
Kenya,MOH Supply Plan,"Norethisterone Enantate 200 mg/mL (1 mL) Ampoule, Intramuscular",Ready to Use Approved,Ready to Use Approved,Projected Inventory,S1,2027-06,0.0
Kenya,MOH Supply Plan,"Norethisterone Enantate 200 mg/mL (1 mL) Ampoule, Intramuscular",Ready to Use Approved,Ready to Use Approved,Projected Inventory,S1,2027-07,0.0
Kenya,MOH Supply Plan,"Norethisterone Enantate 200 mg/mL (1 mL) Ampoule, Intramuscular",Ready to Use Approved,Ready to Use Approved,Projected Inventory,S1,2027-08,0.0
Kenya,MOH Supply Plan,"Norethisterone Enantate 200 mg/mL (1 mL) Ampoule, Intramuscular",Ready to Use Approved,Ready to Use Approved,Projected Inventory,S1,2027-09,0.0
Kenya,MOH Supply Plan,"Norethisterone Enantate 200 mg/mL (1 mL) Ampoule, Intramuscular",Ready to Use Approved,Ready to Use Approved,Projected Inventory,S1,2027-10,0.0
Kenya,MOH Supply Plan,"Norethisterone Enantate 200 mg/mL (1 mL) Ampoule, Intramuscular",Ready to Use Approved,Ready to Use Approved,Projected Inventory,S1,2027-11,0.0
Kenya,MOH Supply Plan,"Norethisterone Enantate 200 mg/mL (1 mL) Ampoule, Intramuscular",Ready to Use Approved,Ready to Use Approved,Projected Inventory,S1,2027-12,0.0
Kenya,MOH Supply Plan,"Norethisterone Enantate 200 mg/mL (1 mL) Ampoule, Intramuscular",Ready to Use Approved,Ready to Use Approved,Projected Inventory,S1,2028-01,0.0
Kenya,MOH Supply Plan,"Norethisterone Enantate 200 mg/mL (1 mL) Ampoule, Intramuscular",Ready to Use Approved,Ready to Use Approved,Projected Inventory,S1,2028-02,0.0
Kenya,MOH Supply Plan,"Norethisterone Enantate 200 mg/mL (1 mL) Ampoule, Intramuscular",Ready to Use Approved,Ready to Use Approved,Projected Inventory,S1,2028-03,0.0
Kenya,MOH Supply Plan,"Norethisterone Enantate 200 mg/mL (1 mL) Ampoule, Intramuscular",Ready to Use Approved,Ready to Use Approved,Projected Inventory,S1,2028-04,0.0
Kenya,MOH Supply Plan,"Norethisterone Enantate 200 mg/mL (1 mL) Ampoule, Intramuscular",Ready to Use Approved,Ready to Use Approved,Projected Inventory,S1,2028-05,0.0
Kenya,MOH Supply Plan,"Norethisterone Enantate 200 mg/mL (1 mL) Ampoule, Intramuscular",Ready to Use Approved,Ready to Use Approved,Projected Inventory,S1,2028-06,0.0
Kenya,MOH Supply Plan,"Norethisterone Enantate 200 mg/mL (1 mL) Ampoule, Intramuscular",Ready to Use Approved,Ready to Use Approved,Projected Inventory,S1,2028-07,0.0
Kenya,MOH Supply Plan,"Norethisterone Enantate 200 mg/mL (1 mL) Ampoule, Intramuscular",Ready to Use Approved,Ready to Use Approved,Projected Inventory,S1,2028-08,0.0
Kenya,MOH Supply Plan,"Norethisterone Enantate 200 mg/mL (1 mL) Ampoule, Intramuscular",Ready to Use Approved,Ready to Use Approved,Projected Inventory,S2,2026-02,0.0
Kenya,MOH Supply Plan,"Norethisterone Enantate 200 mg/mL (1 mL) Ampoule, Intramuscular",Ready to Use Approved,Ready to Use Approved,Projected Inventory,S2,2026-03,0.0
Kenya,MOH Supply Plan,"Norethisterone Enantate 200 mg/mL (1 mL) Ampoule, Intramuscular",Ready to Use Approved,Ready to Use Approved,Projected Inventory,S2,2026-04,0.0
Kenya,MOH Supply Plan,"Norethisterone Enantate 200 mg/mL (1 mL) Ampoule, Intramuscular",Ready to Use Approved,Ready to Use Approved,Projected Inventory,S2,2026-05,0.0
Kenya,MOH Supply Plan,"Norethisterone Enantate 200 mg/mL (1 mL) Ampoule, Intramuscular",Ready to Use Approved,Ready to Use Approved,Projected Inventory,S2,2026-06,0.0
Kenya,MOH Supply Plan,"Norethisterone Enantate 200 mg/mL (1 mL) Ampoule, Intramuscular",Ready to Use Approved,Ready to Use Approved,Projected Inventory,S2,2026-07,0.0
Kenya,MOH Supply Plan,"Norethisterone Enantate 200 mg/mL (1 mL) Ampoule, Intramuscular",Ready to Use Approved,Ready to Use Approved,Projected Inventory,S2,2026-08,0.0
Kenya,MOH Supply Plan,"Norethisterone Enantate 200 mg/mL (1 mL) Ampoule, Intramuscular",Ready to Use Approved,Ready to Use Approved,Projected Inventory,S2,2026-09,0.0
Kenya,MOH Supply Plan,"Norethisterone Enantate 200 mg/mL (1 mL) Ampoule, Intramuscular",Ready to Use Approved,Ready to Use Approved,Projected Inventory,S2,2026-10,0.0
Kenya,MOH Supply Plan,"Norethisterone Enantate 200 mg/mL (1 mL) Ampoule, Intramuscular",Ready to Use Approved,Ready to Use Approved,Projected Inventory,S2,2026-11,0.0
Kenya,MOH Supply Plan,"Norethisterone Enantate 200 mg/mL (1 mL) Ampoule, Intramuscular",Ready to Use Approved,Ready to Use Approved,Projected Inventory,S2,2026-12,0.0
Kenya,MOH Supply Plan,"Norethisterone Enantate 200 mg/mL (1 mL) Ampoule, Intramuscular",Ready to Use Approved,Ready to Use Approved,Projected Inventory,S2,2027-01,0.0
Kenya,MOH Supply Plan,"Norethisterone Enantate 200 mg/mL (1 mL) Ampoule, Intramuscular",Ready to Use Approved,Ready to Use Approved,Projected Inventory,S2,2027-02,0.0
Kenya,MOH Supply Plan,"Norethisterone Enantate 200 mg/mL (1 mL) Ampoule, Intramuscular",Ready to Use Approved,Ready to Use Approved,Projected Inventory,S2,2027-03,0.0
Kenya,MOH Supply Plan,"Norethisterone Enantate 200 mg/mL (1 mL) Ampoule, Intramuscular",Ready to Use Approved,Ready to Use Approved,Projected Inventory,S2,2027-04,0.0
Kenya,MOH Supply Plan,"Norethisterone Enantate 200 mg/mL (1 mL) Ampoule, Intramuscular",Ready to Use Approved,Ready to Use Approved,Projected Inventory,S2,2027-05,0.0
Kenya,MOH Supply Plan,"Norethisterone Enantate 200 mg/mL (1 mL) Ampoule, Intramuscular",Ready to Use Approved,Ready to Use Approved,Projected Inventory,S2,2027-06,0.0
Kenya,MOH Supply Plan,"Norethisterone Enantate 200 mg/mL (1 mL) Ampoule, Intramuscular",Ready to Use Approved,Ready to Use Approved,Projected Inventory,S2,2027-07,0.0
Kenya,MOH Supply Plan,"Norethisterone Enantate 200 mg/mL (1 mL) Ampoule, Intramuscular",Ready to Use Approved,Ready to Use Approved,Projected Inventory,S2,2027-08,0.0
Kenya,MOH Supply Plan,"Norethisterone Enantate 200 mg/mL (1 mL) Ampoule, Intramuscular",Ready to Use Approved,Ready to Use Approved,Projected Inventory,S2,2027-09,0.0
Kenya,MOH Supply Plan,"Norethisterone Enantate 200 mg/mL (1 mL) Ampoule, Intramuscular",Ready to Use Approved,Ready to Use Approved,Projected Inventory,S2,2027-10,0.0
Kenya,MOH Supply Plan,"Norethisterone Enantate 200 mg/mL (1 mL) Ampoule, Intramuscular",Ready to Use Approved,Ready to Use Approved,Projected Inventory,S2,2027-11,0.0
Kenya,MOH Supply Plan,"Norethisterone Enantate 200 mg/mL (1 mL) Ampoule, Intramuscular",Ready to Use Approved,Ready to Use Approved,Projected Inventory,S2,2027-12,0.0
Kenya,MOH Supply Plan,"Norethisterone Enantate 200 mg/mL (1 mL) Ampoule, Intramuscular",Ready to Use Approved,Ready to Use Approved,Projected Inventory,S2,2028-01,0.0
Kenya,MOH Supply Plan,"Norethisterone Enantate 200 mg/mL (1 mL) Ampoule, Intramuscular",Ready to Use Approved,Ready to Use Approved,Projected Inventory,S2,2028-02,0.0
Kenya,MOH Supply Plan,"Norethisterone Enantate 200 mg/mL (1 mL) Ampoule, Intramuscular",Ready to Use Approved,Ready to Use Approved,Projected Inventory,S2,2028-03,0.0
Kenya,MOH Supply Plan,"Norethisterone Enantate 200 mg/mL (1 mL) Ampoule, Intramuscular",Ready to Use Approved,Ready to Use Approved,Projected Inventory,S2,2028-04,0.0
Kenya,MOH Supply Plan,"Norethisterone Enantate 200 mg/mL (1 mL) Ampoule, Intramuscular",Ready to Use Approved,Ready to Use Approved,Projected Inventory,S2,2028-05,0.0
Kenya,MOH Supply Plan,"Norethisterone Enantate 200 mg/mL (1 mL) Ampoule, Intramuscular",Ready to Use Approved,Ready to Use Approved,Projected Inventory,S2,2028-06,0.0
Kenya,MOH Supply Plan,"Norethisterone Enantate 200 mg/mL (1 mL) Ampoule, Intramuscular",Ready to Use Approved,Ready to Use Approved,Projected Inventory,S2,2028-07,0.0
Kenya,MOH Supply Plan,"Norethisterone Enantate 200 mg/mL (1 mL) Ampoule, Intramuscular",Ready to Use Approved,Ready to Use Approved,Projected Inventory,S2,2028-08,0.0
Kenya,MOH Supply Plan,"Norethisterone Enantate/Estradiol Valerate 50/5 mg/mL (1 mL) Ampoule, Intramuscular",Ready to Use Approved,Ready to Use Approved,Projected Inventory,Base,2026-02,0.0
Kenya,MOH Supply Plan,"Norethisterone Enantate/Estradiol Valerate 50/5 mg/mL (1 mL) Ampoule, Intramuscular",Ready to Use Approved,Ready to Use Approved,Projected Inventory,Base,2026-03,0.0
Kenya,MOH Supply Plan,"Norethisterone Enantate/Estradiol Valerate 50/5 mg/mL (1 mL) Ampoule, Intramuscular",Ready to Use Approved,Ready to Use Approved,Projected Inventory,Base,2026-04,0.0
Kenya,MOH Supply Plan,"Norethisterone Enantate/Estradiol Valerate 50/5 mg/mL (1 mL) Ampoule, Intramuscular",Ready to Use Approved,Ready to Use Approved,Projected Inventory,Base,2026-05,0.0
Kenya,MOH Supply Plan,"Norethisterone Enantate/Estradiol Valerate 50/5 mg/mL (1 mL) Ampoule, Intramuscular",Ready to Use Approved,Ready to Use Approved,Projected Inventory,Base,2026-06,0.0
Kenya,MOH Supply Plan,"Norethisterone Enantate/Estradiol Valerate 50/5 mg/mL (1 mL) Ampoule, Intramuscular",Ready to Use Approved,Ready to Use Approved,Projected Inventory,Base,2026-07,0.0
Kenya,MOH Supply Plan,"Norethisterone Enantate/Estradiol Valerate 50/5 mg/mL (1 mL) Ampoule, Intramuscular",Ready to Use Approved,Ready to Use Approved,Projected Inventory,Base,2026-08,0.0
Kenya,MOH Supply Plan,"Norethisterone Enantate/Estradiol Valerate 50/5 mg/mL (1 mL) Ampoule, Intramuscular",Ready to Use Approved,Ready to Use Approved,Projected Inventory,Base,2026-09,0.0
Kenya,MOH Supply Plan,"Norethisterone Enantate/Estradiol Valerate 50/5 mg/mL (1 mL) Ampoule, Intramuscular",Ready to Use Approved,Ready to Use Approved,Projected Inventory,Base,2026-10,0.0
Kenya,MOH Supply Plan,"Norethisterone Enantate/Estradiol Valerate 50/5 mg/mL (1 mL) Ampoule, Intramuscular",Ready to Use Approved,Ready to Use Approved,Projected Inventory,Base,2026-11,0.0
Kenya,MOH Supply Plan,"Norethisterone Enantate/Estradiol Valerate 50/5 mg/mL (1 mL) Ampoule, Intramuscular",Ready to Use Approved,Ready to Use Approved,Projected Inventory,Base,2026-12,0.0
Kenya,MOH Supply Plan,"Norethisterone Enantate/Estradiol Valerate 50/5 mg/mL (1 mL) Ampoule, Intramuscular",Ready to Use Approved,Ready to Use Approved,Projected Inventory,Base,2027-01,0.0
Kenya,MOH Supply Plan,"Norethisterone Enantate/Estradiol Valerate 50/5 mg/mL (1 mL) Ampoule, Intramuscular",Ready to Use Approved,Ready to Use Approved,Projected Inventory,Base,2027-02,0.0
Kenya,MOH Supply Plan,"Norethisterone Enantate/Estradiol Valerate 50/5 mg/mL (1 mL) Ampoule, Intramuscular",Ready to Use Approved,Ready to Use Approved,Projected Inventory,Base,2027-03,0.0
Kenya,MOH Supply Plan,"Norethisterone Enantate/Estradiol Valerate 50/5 mg/mL (1 mL) Ampoule, Intramuscular",Ready to Use Approved,Ready to Use Approved,Projected Inventory,Base,2027-04,0.0
Kenya,MOH Supply Plan,"Norethisterone Enantate/Estradiol Valerate 50/5 mg/mL (1 mL) Ampoule, Intramuscular",Ready to Use Approved,Ready to Use Approved,Projected Inventory,Base,2027-05,0.0
Kenya,MOH Supply Plan,"Norethisterone Enantate/Estradiol Valerate 50/5 mg/mL (1 mL) Ampoule, Intramuscular",Ready to Use Approved,Ready to Use Approved,Projected Inventory,Base,2027-06,0.0
Kenya,MOH Supply Plan,"Norethisterone Enantate/Estradiol Valerate 50/5 mg/mL (1 mL) Ampoule, Intramuscular",Ready to Use Approved,Ready to Use Approved,Projected Inventory,Base,2027-07,0.0
Kenya,MOH Supply Plan,"Norethisterone Enantate/Estradiol Valerate 50/5 mg/mL (1 mL) Ampoule, Intramuscular",Ready to Use Approved,Ready to Use Approved,Projected Inventory,Base,2027-08,0.0
Kenya,MOH Supply Plan,"Norethisterone Enantate/Estradiol Valerate 50/5 mg/mL (1 mL) Ampoule, Intramuscular",Ready to Use Approved,Ready to Use Approved,Projected Inventory,Base,2027-09,0.0
Kenya,MOH Supply Plan,"Norethisterone Enantate/Estradiol Valerate 50/5 mg/mL (1 mL) Ampoule, Intramuscular",Ready to Use Approved,Ready to Use Approved,Projected Inventory,Base,2027-10,0.0
Kenya,MOH Supply Plan,"Norethisterone Enantate/Estradiol Valerate 50/5 mg/mL (1 mL) Ampoule, Intramuscular",Ready to Use Approved,Ready to Use Approved,Projected Inventory,Base,2027-11,0.0
Kenya,MOH Supply Plan,"Norethisterone Enantate/Estradiol Valerate 50/5 mg/mL (1 mL) Ampoule, Intramuscular",Ready to Use Approved,Ready to Use Approved,Projected Inventory,Base,2027-12,0.0
Kenya,MOH Supply Plan,"Norethisterone Enantate/Estradiol Valerate 50/5 mg/mL (1 mL) Ampoule, Intramuscular",Ready to Use Approved,Ready to Use Approved,Projected Inventory,Base,2028-01,0.0
Kenya,MOH Supply Plan,"Norethisterone Enantate/Estradiol Valerate 50/5 mg/mL (1 mL) Ampoule, Intramuscular",Ready to Use Approved,Ready to Use Approved,Projected Inventory,Base,2028-02,0.0
Kenya,MOH Supply Plan,"Norethisterone Enantate/Estradiol Valerate 50/5 mg/mL (1 mL) Ampoule, Intramuscular",Ready to Use Approved,Ready to Use Approved,Projected Inventory,Base,2028-03,0.0
Kenya,MOH Supply Plan,"Norethisterone Enantate/Estradiol Valerate 50/5 mg/mL (1 mL) Ampoule, Intramuscular",Ready to Use Approved,Ready to Use Approved,Projected Inventory,Base,2028-04,0.0
Kenya,MOH Supply Plan,"Norethisterone Enantate/Estradiol Valerate 50/5 mg/mL (1 mL) Ampoule, Intramuscular",Ready to Use Approved,Ready to Use Approved,Projected Inventory,Base,2028-05,0.0
Kenya,MOH Supply Plan,"Norethisterone Enantate/Estradiol Valerate 50/5 mg/mL (1 mL) Ampoule, Intramuscular",Ready to Use Approved,Ready to Use Approved,Projected Inventory,Base,2028-06,0.0
Kenya,MOH Supply Plan,"Norethisterone Enantate/Estradiol Valerate 50/5 mg/mL (1 mL) Ampoule, Intramuscular",Ready to Use Approved,Ready to Use Approved,Projected Inventory,Base,2028-07,0.0
Kenya,MOH Supply Plan,"Norethisterone Enantate/Estradiol Valerate 50/5 mg/mL (1 mL) Ampoule, Intramuscular",Ready to Use Approved,Ready to Use Approved,Projected Inventory,Base,2028-08,0.0
Kenya,MOH Supply Plan,"Norethisterone Enantate/Estradiol Valerate 50/5 mg/mL (1 mL) Ampoule, Intramuscular",Ready to Use Approved,Ready to Use Approved,Projected MOS below min MOS Alert,Base,2026-02,0.0
Kenya,MOH Supply Plan,"Norethisterone Enantate/Estradiol Valerate 50/5 mg/mL (1 mL) Ampoule, Intramuscular",Ready to Use Approved,Ready to Use Approved,Projected MOS below min MOS Alert,Base,2026-03,0.0
Kenya,MOH Supply Plan,"Norethisterone Enantate/Estradiol Valerate 50/5 mg/mL (1 mL) Ampoule, Intramuscular",Ready to Use Approved,Ready to Use Approved,Projected MOS below min MOS Alert,Base,2026-04,0.0
Kenya,MOH Supply Plan,"Norethisterone Enantate/Estradiol Valerate 50/5 mg/mL (1 mL) Ampoule, Intramuscular",Ready to Use Approved,Ready to Use Approved,Projected MOS below min MOS Alert,Base,2026-05,0.0
Kenya,MOH Supply Plan,"Norethisterone Enantate/Estradiol Valerate 50/5 mg/mL (1 mL) Ampoule, Intramuscular",Ready to Use Approved,Ready to Use Approved,Projected MOS below min MOS Alert,Base,2026-06,0.0
Kenya,MOH Supply Plan,"Norethisterone Enantate/Estradiol Valerate 50/5 mg/mL (1 mL) Ampoule, Intramuscular",Ready to Use Approved,Ready to Use Approved,Projected MOS below min MOS Alert,Base,2026-07,0.0
Kenya,MOH Supply Plan,"Norethisterone Enantate/Estradiol Valerate 50/5 mg/mL (1 mL) Ampoule, Intramuscular",Ready to Use Approved,Ready to Use Approved,Projected MOS below min MOS Alert,Base,2026-08,0.0
Kenya,MOH Supply Plan,"Norethisterone Enantate/Estradiol Valerate 50/5 mg/mL (1 mL) Ampoule, Intramuscular",Ready to Use Approved,Ready to Use Approved,Projected MOS below min MOS Alert,Base,2026-09,0.0
Kenya,MOH Supply Plan,"Norethisterone Enantate/Estradiol Valerate 50/5 mg/mL (1 mL) Ampoule, Intramuscular",Ready to Use Approved,Ready to Use Approved,Projected MOS below min MOS Alert,Base,2026-10,0.0
Kenya,MOH Supply Plan,"Norethisterone Enantate/Estradiol Valerate 50/5 mg/mL (1 mL) Ampoule, Intramuscular",Ready to Use Approved,Ready to Use Approved,Projected MOS below min MOS Alert,Base,2026-11,0.0
Kenya,MOH Supply Plan,"Norethisterone Enantate/Estradiol Valerate 50/5 mg/mL (1 mL) Ampoule, Intramuscular",Ready to Use Approved,Ready to Use Approved,Projected MOS below min MOS Alert,Base,2026-12,0.0
Kenya,MOH Supply Plan,"Norethisterone Enantate/Estradiol Valerate 50/5 mg/mL (1 mL) Ampoule, Intramuscular",Ready to Use Approved,Ready to Use Approved,Projected MOS below min MOS Alert,Base,2027-01,0.0
Kenya,MOH Supply Plan,"Norethisterone Enantate/Estradiol Valerate 50/5 mg/mL (1 mL) Ampoule, Intramuscular",Ready to Use Approved,Ready to Use Approved,Projected MOS below min MOS Alert,Base,2027-02,0.0
Kenya,MOH Supply Plan,"Norethisterone Enantate/Estradiol Valerate 50/5 mg/mL (1 mL) Ampoule, Intramuscular",Ready to Use Approved,Ready to Use Approved,Projected MOS below min MOS Alert,Base,2027-03,0.0
Kenya,MOH Supply Plan,"Norethisterone Enantate/Estradiol Valerate 50/5 mg/mL (1 mL) Ampoule, Intramuscular",Ready to Use Approved,Ready to Use Approved,Projected MOS below min MOS Alert,Base,2027-04,0.0
Kenya,MOH Supply Plan,"Norethisterone Enantate/Estradiol Valerate 50/5 mg/mL (1 mL) Ampoule, Intramuscular",Ready to Use Approved,Ready to Use Approved,Projected MOS below min MOS Alert,Base,2027-05,0.0
Kenya,MOH Supply Plan,"Norethisterone Enantate/Estradiol Valerate 50/5 mg/mL (1 mL) Ampoule, Intramuscular",Ready to Use Approved,Ready to Use Approved,Projected MOS below min MOS Alert,Base,2027-06,0.0
Kenya,MOH Supply Plan,"Norethisterone Enantate/Estradiol Valerate 50/5 mg/mL (1 mL) Ampoule, Intramuscular",Ready to Use Approved,Ready to Use Approved,Projected MOS below min MOS Alert,Base,2027-07,0.0
Kenya,MOH Supply Plan,"Norethisterone Enantate/Estradiol Valerate 50/5 mg/mL (1 mL) Ampoule, Intramuscular",Ready to Use Approved,Ready to Use Approved,Projected MOS below min MOS Alert,Base,2027-08,0.0
Kenya,MOH Supply Plan,"Norethisterone Enantate/Estradiol Valerate 50/5 mg/mL (1 mL) Ampoule, Intramuscular",Ready to Use Approved,Ready to Use Approved,Projected MOS below min MOS Alert,Base,2027-09,0.0
Kenya,MOH Supply Plan,"Norethisterone Enantate/Estradiol Valerate 50/5 mg/mL (1 mL) Ampoule, Intramuscular",Ready to Use Approved,Ready to Use Approved,Projected MOS below min MOS Alert,Base,2027-10,0.0
Kenya,MOH Supply Plan,"Norethisterone Enantate/Estradiol Valerate 50/5 mg/mL (1 mL) Ampoule, Intramuscular",Ready to Use Approved,Ready to Use Approved,Projected MOS below min MOS Alert,Base,2027-11,0.0
Kenya,MOH Supply Plan,"Norethisterone Enantate/Estradiol Valerate 50/5 mg/mL (1 mL) Ampoule, Intramuscular",Ready to Use Approved,Ready to Use Approved,Projected MOS below min MOS Alert,Base,2027-12,0.0
Kenya,MOH Supply Plan,"Norethisterone Enantate/Estradiol Valerate 50/5 mg/mL (1 mL) Ampoule, Intramuscular",Ready to Use Approved,Ready to Use Approved,Projected MOS below min MOS Alert,Base,2028-01,0.0
Kenya,MOH Supply Plan,"Norethisterone Enantate/Estradiol Valerate 50/5 mg/mL (1 mL) Ampoule, Intramuscular",Ready to Use Approved,Ready to Use Approved,Projected MOS below min MOS Alert,Base,2028-02,0.0
Kenya,MOH Supply Plan,"Norethisterone Enantate/Estradiol Valerate 50/5 mg/mL (1 mL) Ampoule, Intramuscular",Ready to Use Approved,Ready to Use Approved,Projected MOS below min MOS Alert,Base,2028-03,0.0
Kenya,MOH Supply Plan,"Norethisterone Enantate/Estradiol Valerate 50/5 mg/mL (1 mL) Ampoule, Intramuscular",Ready to Use Approved,Ready to Use Approved,Projected MOS below min MOS Alert,Base,2028-04,0.0
Kenya,MOH Supply Plan,"Norethisterone Enantate/Estradiol Valerate 50/5 mg/mL (1 mL) Ampoule, Intramuscular",Ready to Use Approved,Ready to Use Approved,Projected MOS below min MOS Alert,Base,2028-05,0.0
Kenya,MOH Supply Plan,"Norethisterone Enantate/Estradiol Valerate 50/5 mg/mL (1 mL) Ampoule, Intramuscular",Ready to Use Approved,Ready to Use Approved,Projected MOS below min MOS Alert,Base,2028-06,0.0
Kenya,MOH Supply Plan,"Norethisterone Enantate/Estradiol Valerate 50/5 mg/mL (1 mL) Ampoule, Intramuscular",Ready to Use Approved,Ready to Use Approved,Projected MOS below min MOS Alert,Base,2028-07,0.0
Kenya,MOH Supply Plan,"Norethisterone Enantate/Estradiol Valerate 50/5 mg/mL (1 mL) Ampoule, Intramuscular",Ready to Use Approved,Ready to Use Approved,Projected MOS below min MOS Alert,Base,2028-08,0.0
Kenya,MOH Supply Plan,"Norethisterone Enantate/Estradiol Valerate 50/5 mg/mL (1 mL) Ampoule, Intramuscular",Ready to Use Approved,Ready to Use Approved,Projected MOS above max MOS Alert,Base,2026-02,0.0
Kenya,MOH Supply Plan,"Norethisterone Enantate/Estradiol Valerate 50/5 mg/mL (1 mL) Ampoule, Intramuscular",Ready to Use Approved,Ready to Use Approved,Projected MOS above max MOS Alert,Base,2026-03,0.0
Kenya,MOH Supply Plan,"Norethisterone Enantate/Estradiol Valerate 50/5 mg/mL (1 mL) Ampoule, Intramuscular",Ready to Use Approved,Ready to Use Approved,Projected MOS above max MOS Alert,Base,2026-04,0.0
Kenya,MOH Supply Plan,"Norethisterone Enantate/Estradiol Valerate 50/5 mg/mL (1 mL) Ampoule, Intramuscular",Ready to Use Approved,Ready to Use Approved,Projected MOS above max MOS Alert,Base,2026-05,0.0
Kenya,MOH Supply Plan,"Norethisterone Enantate/Estradiol Valerate 50/5 mg/mL (1 mL) Ampoule, Intramuscular",Ready to Use Approved,Ready to Use Approved,Projected MOS above max MOS Alert,Base,2026-06,0.0
Kenya,MOH Supply Plan,"Norethisterone Enantate/Estradiol Valerate 50/5 mg/mL (1 mL) Ampoule, Intramuscular",Ready to Use Approved,Ready to Use Approved,Projected MOS above max MOS Alert,Base,2026-07,0.0
Kenya,MOH Supply Plan,"Norethisterone Enantate/Estradiol Valerate 50/5 mg/mL (1 mL) Ampoule, Intramuscular",Ready to Use Approved,Ready to Use Approved,Projected MOS above max MOS Alert,Base,2026-08,0.0
Kenya,MOH Supply Plan,"Norethisterone Enantate/Estradiol Valerate 50/5 mg/mL (1 mL) Ampoule, Intramuscular",Ready to Use Approved,Ready to Use Approved,Projected MOS above max MOS Alert,Base,2026-09,0.0
Kenya,MOH Supply Plan,"Norethisterone Enantate/Estradiol Valerate 50/5 mg/mL (1 mL) Ampoule, Intramuscular",Ready to Use Approved,Ready to Use Approved,Projected MOS above max MOS Alert,Base,2026-10,0.0
Kenya,MOH Supply Plan,"Norethisterone Enantate/Estradiol Valerate 50/5 mg/mL (1 mL) Ampoule, Intramuscular",Ready to Use Approved,Ready to Use Approved,Projected MOS above max MOS Alert,Base,2026-11,0.0
Kenya,MOH Supply Plan,"Norethisterone Enantate/Estradiol Valerate 50/5 mg/mL (1 mL) Ampoule, Intramuscular",Ready to Use Approved,Ready to Use Approved,Projected MOS above max MOS Alert,Base,2026-12,0.0
Kenya,MOH Supply Plan,"Norethisterone Enantate/Estradiol Valerate 50/5 mg/mL (1 mL) Ampoule, Intramuscular",Ready to Use Approved,Ready to Use Approved,Projected MOS above max MOS Alert,Base,2027-01,0.0
Kenya,MOH Supply Plan,"Norethisterone Enantate/Estradiol Valerate 50/5 mg/mL (1 mL) Ampoule, Intramuscular",Ready to Use Approved,Ready to Use Approved,Projected MOS above max MOS Alert,Base,2027-02,0.0
Kenya,MOH Supply Plan,"Norethisterone Enantate/Estradiol Valerate 50/5 mg/mL (1 mL) Ampoule, Intramuscular",Ready to Use Approved,Ready to Use Approved,Projected MOS above max MOS Alert,Base,2027-03,0.0
Kenya,MOH Supply Plan,"Norethisterone Enantate/Estradiol Valerate 50/5 mg/mL (1 mL) Ampoule, Intramuscular",Ready to Use Approved,Ready to Use Approved,Projected MOS above max MOS Alert,Base,2027-04,0.0
Kenya,MOH Supply Plan,"Norethisterone Enantate/Estradiol Valerate 50/5 mg/mL (1 mL) Ampoule, Intramuscular",Ready to Use Approved,Ready to Use Approved,Projected MOS above max MOS Alert,Base,2027-05,0.0
Kenya,MOH Supply Plan,"Norethisterone Enantate/Estradiol Valerate 50/5 mg/mL (1 mL) Ampoule, Intramuscular",Ready to Use Approved,Ready to Use Approved,Projected MOS above max MOS Alert,Base,2027-06,0.0
Kenya,MOH Supply Plan,"Norethisterone Enantate/Estradiol Valerate 50/5 mg/mL (1 mL) Ampoule, Intramuscular",Ready to Use Approved,Ready to Use Approved,Projected MOS above max MOS Alert,Base,2027-07,0.0
Kenya,MOH Supply Plan,"Norethisterone Enantate/Estradiol Valerate 50/5 mg/mL (1 mL) Ampoule, Intramuscular",Ready to Use Approved,Ready to Use Approved,Projected MOS above max MOS Alert,Base,2027-08,0.0
Kenya,MOH Supply Plan,"Norethisterone Enantate/Estradiol Valerate 50/5 mg/mL (1 mL) Ampoule, Intramuscular",Ready to Use Approved,Ready to Use Approved,Projected MOS above max MOS Alert,Base,2027-09,0.0
Kenya,MOH Supply Plan,"Norethisterone Enantate/Estradiol Valerate 50/5 mg/mL (1 mL) Ampoule, Intramuscular",Ready to Use Approved,Ready to Use Approved,Projected MOS above max MOS Alert,Base,2027-10,0.0
Kenya,MOH Supply Plan,"Norethisterone Enantate/Estradiol Valerate 50/5 mg/mL (1 mL) Ampoule, Intramuscular",Ready to Use Approved,Ready to Use Approved,Projected MOS above max MOS Alert,Base,2027-11,0.0
Kenya,MOH Supply Plan,"Norethisterone Enantate/Estradiol Valerate 50/5 mg/mL (1 mL) Ampoule, Intramuscular",Ready to Use Approved,Ready to Use Approved,Projected MOS above max MOS Alert,Base,2027-12,0.0
Kenya,MOH Supply Plan,"Norethisterone Enantate/Estradiol Valerate 50/5 mg/mL (1 mL) Ampoule, Intramuscular",Ready to Use Approved,Ready to Use Approved,Projected MOS above max MOS Alert,Base,2028-01,0.0
Kenya,MOH Supply Plan,"Norethisterone Enantate/Estradiol Valerate 50/5 mg/mL (1 mL) Ampoule, Intramuscular",Ready to Use Approved,Ready to Use Approved,Projected MOS above max MOS Alert,Base,2028-02,0.0
Kenya,MOH Supply Plan,"Norethisterone Enantate/Estradiol Valerate 50/5 mg/mL (1 mL) Ampoule, Intramuscular",Ready to Use Approved,Ready to Use Approved,Projected MOS above max MOS Alert,Base,2028-03,0.0
Kenya,MOH Supply Plan,"Norethisterone Enantate/Estradiol Valerate 50/5 mg/mL (1 mL) Ampoule, Intramuscular",Ready to Use Approved,Ready to Use Approved,Projected MOS above max MOS Alert,Base,2028-04,0.0
Kenya,MOH Supply Plan,"Norethisterone Enantate/Estradiol Valerate 50/5 mg/mL (1 mL) Ampoule, Intramuscular",Ready to Use Approved,Ready to Use Approved,Projected MOS above max MOS Alert,Base,2028-05,0.0
Kenya,MOH Supply Plan,"Norethisterone Enantate/Estradiol Valerate 50/5 mg/mL (1 mL) Ampoule, Intramuscular",Ready to Use Approved,Ready to Use Approved,Projected MOS above max MOS Alert,Base,2028-06,0.0
Kenya,MOH Supply Plan,"Norethisterone Enantate/Estradiol Valerate 50/5 mg/mL (1 mL) Ampoule, Intramuscular",Ready to Use Approved,Ready to Use Approved,Projected MOS above max MOS Alert,Base,2028-07,0.0
Kenya,MOH Supply Plan,"Norethisterone Enantate/Estradiol Valerate 50/5 mg/mL (1 mL) Ampoule, Intramuscular",Ready to Use Approved,Ready to Use Approved,Projected MOS above max MOS Alert,Base,2028-08,0.0
Kenya,MOH Supply Plan,"Norethisterone Enantate/Estradiol Valerate 50/5 mg/mL (1 mL) Ampoule, Intramuscular",Ready to Use Approved,Ready to Use Approved,Projected Inventory,S1,2026-02,0.0
Kenya,MOH Supply Plan,"Norethisterone Enantate/Estradiol Valerate 50/5 mg/mL (1 mL) Ampoule, Intramuscular",Ready to Use Approved,Ready to Use Approved,Projected Inventory,S1,2026-03,0.0
Kenya,MOH Supply Plan,"Norethisterone Enantate/Estradiol Valerate 50/5 mg/mL (1 mL) Ampoule, Intramuscular",Ready to Use Approved,Ready to Use Approved,Projected Inventory,S1,2026-04,0.0
Kenya,MOH Supply Plan,"Norethisterone Enantate/Estradiol Valerate 50/5 mg/mL (1 mL) Ampoule, Intramuscular",Ready to Use Approved,Ready to Use Approved,Projected Inventory,S1,2026-05,0.0
Kenya,MOH Supply Plan,"Norethisterone Enantate/Estradiol Valerate 50/5 mg/mL (1 mL) Ampoule, Intramuscular",Ready to Use Approved,Ready to Use Approved,Projected Inventory,S1,2026-06,0.0
Kenya,MOH Supply Plan,"Norethisterone Enantate/Estradiol Valerate 50/5 mg/mL (1 mL) Ampoule, Intramuscular",Ready to Use Approved,Ready to Use Approved,Projected Inventory,S1,2026-07,0.0
Kenya,MOH Supply Plan,"Norethisterone Enantate/Estradiol Valerate 50/5 mg/mL (1 mL) Ampoule, Intramuscular",Ready to Use Approved,Ready to Use Approved,Projected Inventory,S1,2026-08,0.0
Kenya,MOH Supply Plan,"Norethisterone Enantate/Estradiol Valerate 50/5 mg/mL (1 mL) Ampoule, Intramuscular",Ready to Use Approved,Ready to Use Approved,Projected Inventory,S1,2026-09,0.0
Kenya,MOH Supply Plan,"Norethisterone Enantate/Estradiol Valerate 50/5 mg/mL (1 mL) Ampoule, Intramuscular",Ready to Use Approved,Ready to Use Approved,Projected Inventory,S1,2026-10,0.0
Kenya,MOH Supply Plan,"Norethisterone Enantate/Estradiol Valerate 50/5 mg/mL (1 mL) Ampoule, Intramuscular",Ready to Use Approved,Ready to Use Approved,Projected Inventory,S1,2026-11,0.0
Kenya,MOH Supply Plan,"Norethisterone Enantate/Estradiol Valerate 50/5 mg/mL (1 mL) Ampoule, Intramuscular",Ready to Use Approved,Ready to Use Approved,Projected Inventory,S1,2026-12,0.0
Kenya,MOH Supply Plan,"Norethisterone Enantate/Estradiol Valerate 50/5 mg/mL (1 mL) Ampoule, Intramuscular",Ready to Use Approved,Ready to Use Approved,Projected Inventory,S1,2027-01,0.0
Kenya,MOH Supply Plan,"Norethisterone Enantate/Estradiol Valerate 50/5 mg/mL (1 mL) Ampoule, Intramuscular",Ready to Use Approved,Ready to Use Approved,Projected Inventory,S1,2027-02,0.0
Kenya,MOH Supply Plan,"Norethisterone Enantate/Estradiol Valerate 50/5 mg/mL (1 mL) Ampoule, Intramuscular",Ready to Use Approved,Ready to Use Approved,Projected Inventory,S1,2027-03,0.0
Kenya,MOH Supply Plan,"Norethisterone Enantate/Estradiol Valerate 50/5 mg/mL (1 mL) Ampoule, Intramuscular",Ready to Use Approved,Ready to Use Approved,Projected Inventory,S1,2027-04,0.0
Kenya,MOH Supply Plan,"Norethisterone Enantate/Estradiol Valerate 50/5 mg/mL (1 mL) Ampoule, Intramuscular",Ready to Use Approved,Ready to Use Approved,Projected Inventory,S1,2027-05,0.0
Kenya,MOH Supply Plan,"Norethisterone Enantate/Estradiol Valerate 50/5 mg/mL (1 mL) Ampoule, Intramuscular",Ready to Use Approved,Ready to Use Approved,Projected Inventory,S1,2027-06,0.0
Kenya,MOH Supply Plan,"Norethisterone Enantate/Estradiol Valerate 50/5 mg/mL (1 mL) Ampoule, Intramuscular",Ready to Use Approved,Ready to Use Approved,Projected Inventory,S1,2027-07,0.0
Kenya,MOH Supply Plan,"Norethisterone Enantate/Estradiol Valerate 50/5 mg/mL (1 mL) Ampoule, Intramuscular",Ready to Use Approved,Ready to Use Approved,Projected Inventory,S1,2027-08,0.0
Kenya,MOH Supply Plan,"Norethisterone Enantate/Estradiol Valerate 50/5 mg/mL (1 mL) Ampoule, Intramuscular",Ready to Use Approved,Ready to Use Approved,Projected Inventory,S1,2027-09,0.0
Kenya,MOH Supply Plan,"Norethisterone Enantate/Estradiol Valerate 50/5 mg/mL (1 mL) Ampoule, Intramuscular",Ready to Use Approved,Ready to Use Approved,Projected Inventory,S1,2027-10,0.0
Kenya,MOH Supply Plan,"Norethisterone Enantate/Estradiol Valerate 50/5 mg/mL (1 mL) Ampoule, Intramuscular",Ready to Use Approved,Ready to Use Approved,Projected Inventory,S1,2027-11,0.0
Kenya,MOH Supply Plan,"Norethisterone Enantate/Estradiol Valerate 50/5 mg/mL (1 mL) Ampoule, Intramuscular",Ready to Use Approved,Ready to Use Approved,Projected Inventory,S1,2027-12,0.0
Kenya,MOH Supply Plan,"Norethisterone Enantate/Estradiol Valerate 50/5 mg/mL (1 mL) Ampoule, Intramuscular",Ready to Use Approved,Ready to Use Approved,Projected Inventory,S1,2028-01,0.0
Kenya,MOH Supply Plan,"Norethisterone Enantate/Estradiol Valerate 50/5 mg/mL (1 mL) Ampoule, Intramuscular",Ready to Use Approved,Ready to Use Approved,Projected Inventory,S1,2028-02,0.0
Kenya,MOH Supply Plan,"Norethisterone Enantate/Estradiol Valerate 50/5 mg/mL (1 mL) Ampoule, Intramuscular",Ready to Use Approved,Ready to Use Approved,Projected Inventory,S1,2028-03,0.0
Kenya,MOH Supply Plan,"Norethisterone Enantate/Estradiol Valerate 50/5 mg/mL (1 mL) Ampoule, Intramuscular",Ready to Use Approved,Ready to Use Approved,Projected Inventory,S1,2028-04,0.0
Kenya,MOH Supply Plan,"Norethisterone Enantate/Estradiol Valerate 50/5 mg/mL (1 mL) Ampoule, Intramuscular",Ready to Use Approved,Ready to Use Approved,Projected Inventory,S1,2028-05,0.0
Kenya,MOH Supply Plan,"Norethisterone Enantate/Estradiol Valerate 50/5 mg/mL (1 mL) Ampoule, Intramuscular",Ready to Use Approved,Ready to Use Approved,Projected Inventory,S1,2028-06,0.0
Kenya,MOH Supply Plan,"Norethisterone Enantate/Estradiol Valerate 50/5 mg/mL (1 mL) Ampoule, Intramuscular",Ready to Use Approved,Ready to Use Approved,Projected Inventory,S1,2028-07,0.0
Kenya,MOH Supply Plan,"Norethisterone Enantate/Estradiol Valerate 50/5 mg/mL (1 mL) Ampoule, Intramuscular",Ready to Use Approved,Ready to Use Approved,Projected Inventory,S1,2028-08,0.0
Kenya,MOH Supply Plan,"Norethisterone Enantate/Estradiol Valerate 50/5 mg/mL (1 mL) Ampoule, Intramuscular",Ready to Use Approved,Ready to Use Approved,Projected Inventory,S2,2026-02,0.0
Kenya,MOH Supply Plan,"Norethisterone Enantate/Estradiol Valerate 50/5 mg/mL (1 mL) Ampoule, Intramuscular",Ready to Use Approved,Ready to Use Approved,Projected Inventory,S2,2026-03,0.0
Kenya,MOH Supply Plan,"Norethisterone Enantate/Estradiol Valerate 50/5 mg/mL (1 mL) Ampoule, Intramuscular",Ready to Use Approved,Ready to Use Approved,Projected Inventory,S2,2026-04,0.0
Kenya,MOH Supply Plan,"Norethisterone Enantate/Estradiol Valerate 50/5 mg/mL (1 mL) Ampoule, Intramuscular",Ready to Use Approved,Ready to Use Approved,Projected Inventory,S2,2026-05,0.0
Kenya,MOH Supply Plan,"Norethisterone Enantate/Estradiol Valerate 50/5 mg/mL (1 mL) Ampoule, Intramuscular",Ready to Use Approved,Ready to Use Approved,Projected Inventory,S2,2026-06,0.0
Kenya,MOH Supply Plan,"Norethisterone Enantate/Estradiol Valerate 50/5 mg/mL (1 mL) Ampoule, Intramuscular",Ready to Use Approved,Ready to Use Approved,Projected Inventory,S2,2026-07,0.0
Kenya,MOH Supply Plan,"Norethisterone Enantate/Estradiol Valerate 50/5 mg/mL (1 mL) Ampoule, Intramuscular",Ready to Use Approved,Ready to Use Approved,Projected Inventory,S2,2026-08,0.0
Kenya,MOH Supply Plan,"Norethisterone Enantate/Estradiol Valerate 50/5 mg/mL (1 mL) Ampoule, Intramuscular",Ready to Use Approved,Ready to Use Approved,Projected Inventory,S2,2026-09,0.0
Kenya,MOH Supply Plan,"Norethisterone Enantate/Estradiol Valerate 50/5 mg/mL (1 mL) Ampoule, Intramuscular",Ready to Use Approved,Ready to Use Approved,Projected Inventory,S2,2026-10,0.0
Kenya,MOH Supply Plan,"Norethisterone Enantate/Estradiol Valerate 50/5 mg/mL (1 mL) Ampoule, Intramuscular",Ready to Use Approved,Ready to Use Approved,Projected Inventory,S2,2026-11,0.0
Kenya,MOH Supply Plan,"Norethisterone Enantate/Estradiol Valerate 50/5 mg/mL (1 mL) Ampoule, Intramuscular",Ready to Use Approved,Ready to Use Approved,Projected Inventory,S2,2026-12,0.0
Kenya,MOH Supply Plan,"Norethisterone Enantate/Estradiol Valerate 50/5 mg/mL (1 mL) Ampoule, Intramuscular",Ready to Use Approved,Ready to Use Approved,Projected Inventory,S2,2027-01,0.0
Kenya,MOH Supply Plan,"Norethisterone Enantate/Estradiol Valerate 50/5 mg/mL (1 mL) Ampoule, Intramuscular",Ready to Use Approved,Ready to Use Approved,Projected Inventory,S2,2027-02,0.0
Kenya,MOH Supply Plan,"Norethisterone Enantate/Estradiol Valerate 50/5 mg/mL (1 mL) Ampoule, Intramuscular",Ready to Use Approved,Ready to Use Approved,Projected Inventory,S2,2027-03,0.0
Kenya,MOH Supply Plan,"Norethisterone Enantate/Estradiol Valerate 50/5 mg/mL (1 mL) Ampoule, Intramuscular",Ready to Use Approved,Ready to Use Approved,Projected Inventory,S2,2027-04,0.0
Kenya,MOH Supply Plan,"Norethisterone Enantate/Estradiol Valerate 50/5 mg/mL (1 mL) Ampoule, Intramuscular",Ready to Use Approved,Ready to Use Approved,Projected Inventory,S2,2027-05,0.0
Kenya,MOH Supply Plan,"Norethisterone Enantate/Estradiol Valerate 50/5 mg/mL (1 mL) Ampoule, Intramuscular",Ready to Use Approved,Ready to Use Approved,Projected Inventory,S2,2027-06,0.0
Kenya,MOH Supply Plan,"Norethisterone Enantate/Estradiol Valerate 50/5 mg/mL (1 mL) Ampoule, Intramuscular",Ready to Use Approved,Ready to Use Approved,Projected Inventory,S2,2027-07,0.0
Kenya,MOH Supply Plan,"Norethisterone Enantate/Estradiol Valerate 50/5 mg/mL (1 mL) Ampoule, Intramuscular",Ready to Use Approved,Ready to Use Approved,Projected Inventory,S2,2027-08,0.0
Kenya,MOH Supply Plan,"Norethisterone Enantate/Estradiol Valerate 50/5 mg/mL (1 mL) Ampoule, Intramuscular",Ready to Use Approved,Ready to Use Approved,Projected Inventory,S2,2027-09,0.0
Kenya,MOH Supply Plan,"Norethisterone Enantate/Estradiol Valerate 50/5 mg/mL (1 mL) Ampoule, Intramuscular",Ready to Use Approved,Ready to Use Approved,Projected Inventory,S2,2027-10,0.0
Kenya,MOH Supply Plan,"Norethisterone Enantate/Estradiol Valerate 50/5 mg/mL (1 mL) Ampoule, Intramuscular",Ready to Use Approved,Ready to Use Approved,Projected Inventory,S2,2027-11,0.0
Kenya,MOH Supply Plan,"Norethisterone Enantate/Estradiol Valerate 50/5 mg/mL (1 mL) Ampoule, Intramuscular",Ready to Use Approved,Ready to Use Approved,Projected Inventory,S2,2027-12,0.0
Kenya,MOH Supply Plan,"Norethisterone Enantate/Estradiol Valerate 50/5 mg/mL (1 mL) Ampoule, Intramuscular",Ready to Use Approved,Ready to Use Approved,Projected Inventory,S2,2028-01,0.0
Kenya,MOH Supply Plan,"Norethisterone Enantate/Estradiol Valerate 50/5 mg/mL (1 mL) Ampoule, Intramuscular",Ready to Use Approved,Ready to Use Approved,Projected Inventory,S2,2028-02,0.0
Kenya,MOH Supply Plan,"Norethisterone Enantate/Estradiol Valerate 50/5 mg/mL (1 mL) Ampoule, Intramuscular",Ready to Use Approved,Ready to Use Approved,Projected Inventory,S2,2028-03,0.0
Kenya,MOH Supply Plan,"Norethisterone Enantate/Estradiol Valerate 50/5 mg/mL (1 mL) Ampoule, Intramuscular",Ready to Use Approved,Ready to Use Approved,Projected Inventory,S2,2028-04,0.0
Kenya,MOH Supply Plan,"Norethisterone Enantate/Estradiol Valerate 50/5 mg/mL (1 mL) Ampoule, Intramuscular",Ready to Use Approved,Ready to Use Approved,Projected Inventory,S2,2028-05,0.0
Kenya,MOH Supply Plan,"Norethisterone Enantate/Estradiol Valerate 50/5 mg/mL (1 mL) Ampoule, Intramuscular",Ready to Use Approved,Ready to Use Approved,Projected Inventory,S2,2028-06,0.0
Kenya,MOH Supply Plan,"Norethisterone Enantate/Estradiol Valerate 50/5 mg/mL (1 mL) Ampoule, Intramuscular",Ready to Use Approved,Ready to Use Approved,Projected Inventory,S2,2028-07,0.0
Kenya,MOH Supply Plan,"Norethisterone Enantate/Estradiol Valerate 50/5 mg/mL (1 mL) Ampoule, Intramuscular",Ready to Use Approved,Ready to Use Approved,Projected Inventory,S2,2028-08,0.0
Kenya,No Supply Plan Available,"Medroxyprogesterone Acetate 104 mg/0.65 mL, Subcutaneous, Pre-Filled Device",Ready to Use Approved,Ready to Use Approved,Projected Inventory,Base,2026-02,0.0
Kenya,No Supply Plan Available,"Medroxyprogesterone Acetate 104 mg/0.65 mL, Subcutaneous, Pre-Filled Device",Ready to Use Approved,Ready to Use Approved,Projected Inventory,Base,2026-03,0.0
Kenya,No Supply Plan Available,"Medroxyprogesterone Acetate 104 mg/0.65 mL, Subcutaneous, Pre-Filled Device",Ready to Use Approved,Ready to Use Approved,Projected Inventory,Base,2026-04,0.0
Kenya,No Supply Plan Available,"Medroxyprogesterone Acetate 104 mg/0.65 mL, Subcutaneous, Pre-Filled Device",Ready to Use Approved,Ready to Use Approved,Projected Inventory,Base,2026-05,0.0
Kenya,No Supply Plan Available,"Medroxyprogesterone Acetate 104 mg/0.65 mL, Subcutaneous, Pre-Filled Device",Ready to Use Approved,Ready to Use Approved,Projected Inventory,Base,2026-06,0.0
Kenya,No Supply Plan Available,"Medroxyprogesterone Acetate 104 mg/0.65 mL, Subcutaneous, Pre-Filled Device",Ready to Use Approved,Ready to Use Approved,Projected Inventory,Base,2026-07,0.0
Kenya,No Supply Plan Available,"Medroxyprogesterone Acetate 104 mg/0.65 mL, Subcutaneous, Pre-Filled Device",Ready to Use Approved,Ready to Use Approved,Projected Inventory,Base,2026-08,0.0
Kenya,No Supply Plan Available,"Medroxyprogesterone Acetate 104 mg/0.65 mL, Subcutaneous, Pre-Filled Device",Ready to Use Approved,Ready to Use Approved,Projected Inventory,Base,2026-09,0.0
Kenya,No Supply Plan Available,"Medroxyprogesterone Acetate 104 mg/0.65 mL, Subcutaneous, Pre-Filled Device",Ready to Use Approved,Ready to Use Approved,Projected Inventory,Base,2026-10,0.0
Kenya,No Supply Plan Available,"Medroxyprogesterone Acetate 104 mg/0.65 mL, Subcutaneous, Pre-Filled Device",Ready to Use Approved,Ready to Use Approved,Projected Inventory,Base,2026-11,0.0
Kenya,No Supply Plan Available,"Medroxyprogesterone Acetate 104 mg/0.65 mL, Subcutaneous, Pre-Filled Device",Ready to Use Approved,Ready to Use Approved,Projected Inventory,Base,2026-12,0.0
Kenya,No Supply Plan Available,"Medroxyprogesterone Acetate 104 mg/0.65 mL, Subcutaneous, Pre-Filled Device",Ready to Use Approved,Ready to Use Approved,Projected Inventory,Base,2027-01,0.0
Kenya,No Supply Plan Available,"Medroxyprogesterone Acetate 104 mg/0.65 mL, Subcutaneous, Pre-Filled Device",Ready to Use Approved,Ready to Use Approved,Projected Inventory,Base,2027-02,0.0
Kenya,No Supply Plan Available,"Medroxyprogesterone Acetate 104 mg/0.65 mL, Subcutaneous, Pre-Filled Device",Ready to Use Approved,Ready to Use Approved,Projected Inventory,Base,2027-03,0.0
Kenya,No Supply Plan Available,"Medroxyprogesterone Acetate 104 mg/0.65 mL, Subcutaneous, Pre-Filled Device",Ready to Use Approved,Ready to Use Approved,Projected Inventory,Base,2027-04,0.0
Kenya,No Supply Plan Available,"Medroxyprogesterone Acetate 104 mg/0.65 mL, Subcutaneous, Pre-Filled Device",Ready to Use Approved,Ready to Use Approved,Projected Inventory,Base,2027-05,0.0
Kenya,No Supply Plan Available,"Medroxyprogesterone Acetate 104 mg/0.65 mL, Subcutaneous, Pre-Filled Device",Ready to Use Approved,Ready to Use Approved,Projected Inventory,Base,2027-06,0.0
Kenya,No Supply Plan Available,"Medroxyprogesterone Acetate 104 mg/0.65 mL, Subcutaneous, Pre-Filled Device",Ready to Use Approved,Ready to Use Approved,Projected Inventory,Base,2027-07,0.0
Kenya,No Supply Plan Available,"Medroxyprogesterone Acetate 104 mg/0.65 mL, Subcutaneous, Pre-Filled Device",Ready to Use Approved,Ready to Use Approved,Projected Inventory,Base,2027-08,0.0
Kenya,No Supply Plan Available,"Medroxyprogesterone Acetate 104 mg/0.65 mL, Subcutaneous, Pre-Filled Device",Ready to Use Approved,Ready to Use Approved,Projected Inventory,Base,2027-09,0.0
Kenya,No Supply Plan Available,"Medroxyprogesterone Acetate 104 mg/0.65 mL, Subcutaneous, Pre-Filled Device",Ready to Use Approved,Ready to Use Approved,Projected Inventory,Base,2027-10,0.0
Kenya,No Supply Plan Available,"Medroxyprogesterone Acetate 104 mg/0.65 mL, Subcutaneous, Pre-Filled Device",Ready to Use Approved,Ready to Use Approved,Projected Inventory,Base,2027-11,0.0
Kenya,No Supply Plan Available,"Medroxyprogesterone Acetate 104 mg/0.65 mL, Subcutaneous, Pre-Filled Device",Ready to Use Approved,Ready to Use Approved,Projected Inventory,Base,2027-12,0.0
Kenya,No Supply Plan Available,"Medroxyprogesterone Acetate 104 mg/0.65 mL, Subcutaneous, Pre-Filled Device",Ready to Use Approved,Ready to Use Approved,Projected Inventory,Base,2028-01,0.0
Kenya,No Supply Plan Available,"Medroxyprogesterone Acetate 104 mg/0.65 mL, Subcutaneous, Pre-Filled Device",Ready to Use Approved,Ready to Use Approved,Projected Inventory,Base,2028-02,0.0
Kenya,No Supply Plan Available,"Medroxyprogesterone Acetate 104 mg/0.65 mL, Subcutaneous, Pre-Filled Device",Ready to Use Approved,Ready to Use Approved,Projected Inventory,Base,2028-03,0.0
Kenya,No Supply Plan Available,"Medroxyprogesterone Acetate 104 mg/0.65 mL, Subcutaneous, Pre-Filled Device",Ready to Use Approved,Ready to Use Approved,Projected Inventory,Base,2028-04,0.0
Kenya,No Supply Plan Available,"Medroxyprogesterone Acetate 104 mg/0.65 mL, Subcutaneous, Pre-Filled Device",Ready to Use Approved,Ready to Use Approved,Projected Inventory,Base,2028-05,0.0
Kenya,No Supply Plan Available,"Medroxyprogesterone Acetate 104 mg/0.65 mL, Subcutaneous, Pre-Filled Device",Ready to Use Approved,Ready to Use Approved,Projected Inventory,Base,2028-06,0.0
Kenya,No Supply Plan Available,"Medroxyprogesterone Acetate 104 mg/0.65 mL, Subcutaneous, Pre-Filled Device",Ready to Use Approved,Ready to Use Approved,Projected Inventory,Base,2028-07,0.0
Kenya,No Supply Plan Available,"Medroxyprogesterone Acetate 104 mg/0.65 mL, Subcutaneous, Pre-Filled Device",Ready to Use Approved,Ready to Use Approved,Projected Inventory,Base,2028-08,0.0
Kenya,No Supply Plan Available,"Medroxyprogesterone Acetate 104 mg/0.65 mL, Subcutaneous, Pre-Filled Device",Ready to Use Approved,Ready to Use Approved,Projected MOS below min MOS Alert,Base,2026-02,0.0
Kenya,No Supply Plan Available,"Medroxyprogesterone Acetate 104 mg/0.65 mL, Subcutaneous, Pre-Filled Device",Ready to Use Approved,Ready to Use Approved,Projected MOS below min MOS Alert,Base,2026-03,0.0
Kenya,No Supply Plan Available,"Medroxyprogesterone Acetate 104 mg/0.65 mL, Subcutaneous, Pre-Filled Device",Ready to Use Approved,Ready to Use Approved,Projected MOS below min MOS Alert,Base,2026-04,0.0
Kenya,No Supply Plan Available,"Medroxyprogesterone Acetate 104 mg/0.65 mL, Subcutaneous, Pre-Filled Device",Ready to Use Approved,Ready to Use Approved,Projected MOS below min MOS Alert,Base,2026-05,0.0
Kenya,No Supply Plan Available,"Medroxyprogesterone Acetate 104 mg/0.65 mL, Subcutaneous, Pre-Filled Device",Ready to Use Approved,Ready to Use Approved,Projected MOS below min MOS Alert,Base,2026-06,0.0
Kenya,No Supply Plan Available,"Medroxyprogesterone Acetate 104 mg/0.65 mL, Subcutaneous, Pre-Filled Device",Ready to Use Approved,Ready to Use Approved,Projected MOS below min MOS Alert,Base,2026-07,0.0
Kenya,No Supply Plan Available,"Medroxyprogesterone Acetate 104 mg/0.65 mL, Subcutaneous, Pre-Filled Device",Ready to Use Approved,Ready to Use Approved,Projected MOS below min MOS Alert,Base,2026-08,0.0
Kenya,No Supply Plan Available,"Medroxyprogesterone Acetate 104 mg/0.65 mL, Subcutaneous, Pre-Filled Device",Ready to Use Approved,Ready to Use Approved,Projected MOS below min MOS Alert,Base,2026-09,0.0
Kenya,No Supply Plan Available,"Medroxyprogesterone Acetate 104 mg/0.65 mL, Subcutaneous, Pre-Filled Device",Ready to Use Approved,Ready to Use Approved,Projected MOS below min MOS Alert,Base,2026-10,0.0
Kenya,No Supply Plan Available,"Medroxyprogesterone Acetate 104 mg/0.65 mL, Subcutaneous, Pre-Filled Device",Ready to Use Approved,Ready to Use Approved,Projected MOS below min MOS Alert,Base,2026-11,0.0
Kenya,No Supply Plan Available,"Medroxyprogesterone Acetate 104 mg/0.65 mL, Subcutaneous, Pre-Filled Device",Ready to Use Approved,Ready to Use Approved,Projected MOS below min MOS Alert,Base,2026-12,0.0
Kenya,No Supply Plan Available,"Medroxyprogesterone Acetate 104 mg/0.65 mL, Subcutaneous, Pre-Filled Device",Ready to Use Approved,Ready to Use Approved,Projected MOS below min MOS Alert,Base,2027-01,0.0
Kenya,No Supply Plan Available,"Medroxyprogesterone Acetate 104 mg/0.65 mL, Subcutaneous, Pre-Filled Device",Ready to Use Approved,Ready to Use Approved,Projected MOS below min MOS Alert,Base,2027-02,0.0
Kenya,No Supply Plan Available,"Medroxyprogesterone Acetate 104 mg/0.65 mL, Subcutaneous, Pre-Filled Device",Ready to Use Approved,Ready to Use Approved,Projected MOS below min MOS Alert,Base,2027-03,0.0
Kenya,No Supply Plan Available,"Medroxyprogesterone Acetate 104 mg/0.65 mL, Subcutaneous, Pre-Filled Device",Ready to Use Approved,Ready to Use Approved,Projected MOS below min MOS Alert,Base,2027-04,0.0
Kenya,No Supply Plan Available,"Medroxyprogesterone Acetate 104 mg/0.65 mL, Subcutaneous, Pre-Filled Device",Ready to Use Approved,Ready to Use Approved,Projected MOS below min MOS Alert,Base,2027-05,0.0
Kenya,No Supply Plan Available,"Medroxyprogesterone Acetate 104 mg/0.65 mL, Subcutaneous, Pre-Filled Device",Ready to Use Approved,Ready to Use Approved,Projected MOS below min MOS Alert,Base,2027-06,0.0
Kenya,No Supply Plan Available,"Medroxyprogesterone Acetate 104 mg/0.65 mL, Subcutaneous, Pre-Filled Device",Ready to Use Approved,Ready to Use Approved,Projected MOS below min MOS Alert,Base,2027-07,0.0
Kenya,No Supply Plan Available,"Medroxyprogesterone Acetate 104 mg/0.65 mL, Subcutaneous, Pre-Filled Device",Ready to Use Approved,Ready to Use Approved,Projected MOS below min MOS Alert,Base,2027-08,0.0
Kenya,No Supply Plan Available,"Medroxyprogesterone Acetate 104 mg/0.65 mL, Subcutaneous, Pre-Filled Device",Ready to Use Approved,Ready to Use Approved,Projected MOS below min MOS Alert,Base,2027-09,0.0
Kenya,No Supply Plan Available,"Medroxyprogesterone Acetate 104 mg/0.65 mL, Subcutaneous, Pre-Filled Device",Ready to Use Approved,Ready to Use Approved,Projected MOS below min MOS Alert,Base,2027-10,0.0
Kenya,No Supply Plan Available,"Medroxyprogesterone Acetate 104 mg/0.65 mL, Subcutaneous, Pre-Filled Device",Ready to Use Approved,Ready to Use Approved,Projected MOS below min MOS Alert,Base,2027-11,0.0
Kenya,No Supply Plan Available,"Medroxyprogesterone Acetate 104 mg/0.65 mL, Subcutaneous, Pre-Filled Device",Ready to Use Approved,Ready to Use Approved,Projected MOS below min MOS Alert,Base,2027-12,0.0
Kenya,No Supply Plan Available,"Medroxyprogesterone Acetate 104 mg/0.65 mL, Subcutaneous, Pre-Filled Device",Ready to Use Approved,Ready to Use Approved,Projected MOS below min MOS Alert,Base,2028-01,0.0
Kenya,No Supply Plan Available,"Medroxyprogesterone Acetate 104 mg/0.65 mL, Subcutaneous, Pre-Filled Device",Ready to Use Approved,Ready to Use Approved,Projected MOS below min MOS Alert,Base,2028-02,0.0
Kenya,No Supply Plan Available,"Medroxyprogesterone Acetate 104 mg/0.65 mL, Subcutaneous, Pre-Filled Device",Ready to Use Approved,Ready to Use Approved,Projected MOS below min MOS Alert,Base,2028-03,0.0
Kenya,No Supply Plan Available,"Medroxyprogesterone Acetate 104 mg/0.65 mL, Subcutaneous, Pre-Filled Device",Ready to Use Approved,Ready to Use Approved,Projected MOS below min MOS Alert,Base,2028-04,0.0
Kenya,No Supply Plan Available,"Medroxyprogesterone Acetate 104 mg/0.65 mL, Subcutaneous, Pre-Filled Device",Ready to Use Approved,Ready to Use Approved,Projected MOS below min MOS Alert,Base,2028-05,0.0
Kenya,No Supply Plan Available,"Medroxyprogesterone Acetate 104 mg/0.65 mL, Subcutaneous, Pre-Filled Device",Ready to Use Approved,Ready to Use Approved,Projected MOS below min MOS Alert,Base,2028-06,0.0
Kenya,No Supply Plan Available,"Medroxyprogesterone Acetate 104 mg/0.65 mL, Subcutaneous, Pre-Filled Device",Ready to Use Approved,Ready to Use Approved,Projected MOS below min MOS Alert,Base,2028-07,0.0
Kenya,No Supply Plan Available,"Medroxyprogesterone Acetate 104 mg/0.65 mL, Subcutaneous, Pre-Filled Device",Ready to Use Approved,Ready to Use Approved,Projected MOS below min MOS Alert,Base,2028-08,0.0
Kenya,No Supply Plan Available,"Medroxyprogesterone Acetate 104 mg/0.65 mL, Subcutaneous, Pre-Filled Device",Ready to Use Approved,Ready to Use Approved,Projected MOS above max MOS Alert,Base,2026-02,0.0
Kenya,No Supply Plan Available,"Medroxyprogesterone Acetate 104 mg/0.65 mL, Subcutaneous, Pre-Filled Device",Ready to Use Approved,Ready to Use Approved,Projected MOS above max MOS Alert,Base,2026-03,0.0
Kenya,No Supply Plan Available,"Medroxyprogesterone Acetate 104 mg/0.65 mL, Subcutaneous, Pre-Filled Device",Ready to Use Approved,Ready to Use Approved,Projected MOS above max MOS Alert,Base,2026-04,0.0
Kenya,No Supply Plan Available,"Medroxyprogesterone Acetate 104 mg/0.65 mL, Subcutaneous, Pre-Filled Device",Ready to Use Approved,Ready to Use Approved,Projected MOS above max MOS Alert,Base,2026-05,0.0
Kenya,No Supply Plan Available,"Medroxyprogesterone Acetate 104 mg/0.65 mL, Subcutaneous, Pre-Filled Device",Ready to Use Approved,Ready to Use Approved,Projected MOS above max MOS Alert,Base,2026-06,0.0
Kenya,No Supply Plan Available,"Medroxyprogesterone Acetate 104 mg/0.65 mL, Subcutaneous, Pre-Filled Device",Ready to Use Approved,Ready to Use Approved,Projected MOS above max MOS Alert,Base,2026-07,0.0
Kenya,No Supply Plan Available,"Medroxyprogesterone Acetate 104 mg/0.65 mL, Subcutaneous, Pre-Filled Device",Ready to Use Approved,Ready to Use Approved,Projected MOS above max MOS Alert,Base,2026-08,0.0
Kenya,No Supply Plan Available,"Medroxyprogesterone Acetate 104 mg/0.65 mL, Subcutaneous, Pre-Filled Device",Ready to Use Approved,Ready to Use Approved,Projected MOS above max MOS Alert,Base,2026-09,0.0
Kenya,No Supply Plan Available,"Medroxyprogesterone Acetate 104 mg/0.65 mL, Subcutaneous, Pre-Filled Device",Ready to Use Approved,Ready to Use Approved,Projected MOS above max MOS Alert,Base,2026-10,0.0
Kenya,No Supply Plan Available,"Medroxyprogesterone Acetate 104 mg/0.65 mL, Subcutaneous, Pre-Filled Device",Ready to Use Approved,Ready to Use Approved,Projected MOS above max MOS Alert,Base,2026-11,0.0
Kenya,No Supply Plan Available,"Medroxyprogesterone Acetate 104 mg/0.65 mL, Subcutaneous, Pre-Filled Device",Ready to Use Approved,Ready to Use Approved,Projected MOS above max MOS Alert,Base,2026-12,0.0
Kenya,No Supply Plan Available,"Medroxyprogesterone Acetate 104 mg/0.65 mL, Subcutaneous, Pre-Filled Device",Ready to Use Approved,Ready to Use Approved,Projected MOS above max MOS Alert,Base,2027-01,0.0
Kenya,No Supply Plan Available,"Medroxyprogesterone Acetate 104 mg/0.65 mL, Subcutaneous, Pre-Filled Device",Ready to Use Approved,Ready to Use Approved,Projected MOS above max MOS Alert,Base,2027-02,0.0
Kenya,No Supply Plan Available,"Medroxyprogesterone Acetate 104 mg/0.65 mL, Subcutaneous, Pre-Filled Device",Ready to Use Approved,Ready to Use Approved,Projected MOS above max MOS Alert,Base,2027-03,0.0
Kenya,No Supply Plan Available,"Medroxyprogesterone Acetate 104 mg/0.65 mL, Subcutaneous, Pre-Filled Device",Ready to Use Approved,Ready to Use Approved,Projected MOS above max MOS Alert,Base,2027-04,0.0
Kenya,No Supply Plan Available,"Medroxyprogesterone Acetate 104 mg/0.65 mL, Subcutaneous, Pre-Filled Device",Ready to Use Approved,Ready to Use Approved,Projected MOS above max MOS Alert,Base,2027-05,0.0
Kenya,No Supply Plan Available,"Medroxyprogesterone Acetate 104 mg/0.65 mL, Subcutaneous, Pre-Filled Device",Ready to Use Approved,Ready to Use Approved,Projected MOS above max MOS Alert,Base,2027-06,0.0
Kenya,No Supply Plan Available,"Medroxyprogesterone Acetate 104 mg/0.65 mL, Subcutaneous, Pre-Filled Device",Ready to Use Approved,Ready to Use Approved,Projected MOS above max MOS Alert,Base,2027-07,0.0
Kenya,No Supply Plan Available,"Medroxyprogesterone Acetate 104 mg/0.65 mL, Subcutaneous, Pre-Filled Device",Ready to Use Approved,Ready to Use Approved,Projected MOS above max MOS Alert,Base,2027-08,0.0
Kenya,No Supply Plan Available,"Medroxyprogesterone Acetate 104 mg/0.65 mL, Subcutaneous, Pre-Filled Device",Ready to Use Approved,Ready to Use Approved,Projected MOS above max MOS Alert,Base,2027-09,0.0
Kenya,No Supply Plan Available,"Medroxyprogesterone Acetate 104 mg/0.65 mL, Subcutaneous, Pre-Filled Device",Ready to Use Approved,Ready to Use Approved,Projected MOS above max MOS Alert,Base,2027-10,0.0
Kenya,No Supply Plan Available,"Medroxyprogesterone Acetate 104 mg/0.65 mL, Subcutaneous, Pre-Filled Device",Ready to Use Approved,Ready to Use Approved,Projected MOS above max MOS Alert,Base,2027-11,0.0
Kenya,No Supply Plan Available,"Medroxyprogesterone Acetate 104 mg/0.65 mL, Subcutaneous, Pre-Filled Device",Ready to Use Approved,Ready to Use Approved,Projected MOS above max MOS Alert,Base,2027-12,0.0
Kenya,No Supply Plan Available,"Medroxyprogesterone Acetate 104 mg/0.65 mL, Subcutaneous, Pre-Filled Device",Ready to Use Approved,Ready to Use Approved,Projected MOS above max MOS Alert,Base,2028-01,0.0
Kenya,No Supply Plan Available,"Medroxyprogesterone Acetate 104 mg/0.65 mL, Subcutaneous, Pre-Filled Device",Ready to Use Approved,Ready to Use Approved,Projected MOS above max MOS Alert,Base,2028-02,0.0
Kenya,No Supply Plan Available,"Medroxyprogesterone Acetate 104 mg/0.65 mL, Subcutaneous, Pre-Filled Device",Ready to Use Approved,Ready to Use Approved,Projected MOS above max MOS Alert,Base,2028-03,0.0
Kenya,No Supply Plan Available,"Medroxyprogesterone Acetate 104 mg/0.65 mL, Subcutaneous, Pre-Filled Device",Ready to Use Approved,Ready to Use Approved,Projected MOS above max MOS Alert,Base,2028-04,0.0
Kenya,No Supply Plan Available,"Medroxyprogesterone Acetate 104 mg/0.65 mL, Subcutaneous, Pre-Filled Device",Ready to Use Approved,Ready to Use Approved,Projected MOS above max MOS Alert,Base,2028-05,0.0
Kenya,No Supply Plan Available,"Medroxyprogesterone Acetate 104 mg/0.65 mL, Subcutaneous, Pre-Filled Device",Ready to Use Approved,Ready to Use Approved,Projected MOS above max MOS Alert,Base,2028-06,0.0
Kenya,No Supply Plan Available,"Medroxyprogesterone Acetate 104 mg/0.65 mL, Subcutaneous, Pre-Filled Device",Ready to Use Approved,Ready to Use Approved,Projected MOS above max MOS Alert,Base,2028-07,0.0
Kenya,No Supply Plan Available,"Medroxyprogesterone Acetate 104 mg/0.65 mL, Subcutaneous, Pre-Filled Device",Ready to Use Approved,Ready to Use Approved,Projected MOS above max MOS Alert,Base,2028-08,0.0
Kenya,No Supply Plan Available,"Medroxyprogesterone Acetate 104 mg/0.65 mL, Subcutaneous, Pre-Filled Device",Ready to Use Approved,Ready to Use Approved,Projected Inventory,S1,2026-02,0.0
Kenya,No Supply Plan Available,"Medroxyprogesterone Acetate 104 mg/0.65 mL, Subcutaneous, Pre-Filled Device",Ready to Use Approved,Ready to Use Approved,Projected Inventory,S1,2026-03,0.0
Kenya,No Supply Plan Available,"Medroxyprogesterone Acetate 104 mg/0.65 mL, Subcutaneous, Pre-Filled Device",Ready to Use Approved,Ready to Use Approved,Projected Inventory,S1,2026-04,0.0
Kenya,No Supply Plan Available,"Medroxyprogesterone Acetate 104 mg/0.65 mL, Subcutaneous, Pre-Filled Device",Ready to Use Approved,Ready to Use Approved,Projected Inventory,S1,2026-05,0.0
Kenya,No Supply Plan Available,"Medroxyprogesterone Acetate 104 mg/0.65 mL, Subcutaneous, Pre-Filled Device",Ready to Use Approved,Ready to Use Approved,Projected Inventory,S1,2026-06,0.0
Kenya,No Supply Plan Available,"Medroxyprogesterone Acetate 104 mg/0.65 mL, Subcutaneous, Pre-Filled Device",Ready to Use Approved,Ready to Use Approved,Projected Inventory,S1,2026-07,0.0
Kenya,No Supply Plan Available,"Medroxyprogesterone Acetate 104 mg/0.65 mL, Subcutaneous, Pre-Filled Device",Ready to Use Approved,Ready to Use Approved,Projected Inventory,S1,2026-08,0.0
Kenya,No Supply Plan Available,"Medroxyprogesterone Acetate 104 mg/0.65 mL, Subcutaneous, Pre-Filled Device",Ready to Use Approved,Ready to Use Approved,Projected Inventory,S1,2026-09,0.0
Kenya,No Supply Plan Available,"Medroxyprogesterone Acetate 104 mg/0.65 mL, Subcutaneous, Pre-Filled Device",Ready to Use Approved,Ready to Use Approved,Projected Inventory,S1,2026-10,0.0
Kenya,No Supply Plan Available,"Medroxyprogesterone Acetate 104 mg/0.65 mL, Subcutaneous, Pre-Filled Device",Ready to Use Approved,Ready to Use Approved,Projected Inventory,S1,2026-11,0.0
Kenya,No Supply Plan Available,"Medroxyprogesterone Acetate 104 mg/0.65 mL, Subcutaneous, Pre-Filled Device",Ready to Use Approved,Ready to Use Approved,Projected Inventory,S1,2026-12,0.0
Kenya,No Supply Plan Available,"Medroxyprogesterone Acetate 104 mg/0.65 mL, Subcutaneous, Pre-Filled Device",Ready to Use Approved,Ready to Use Approved,Projected Inventory,S1,2027-01,0.0
Kenya,No Supply Plan Available,"Medroxyprogesterone Acetate 104 mg/0.65 mL, Subcutaneous, Pre-Filled Device",Ready to Use Approved,Ready to Use Approved,Projected Inventory,S1,2027-02,0.0
Kenya,No Supply Plan Available,"Medroxyprogesterone Acetate 104 mg/0.65 mL, Subcutaneous, Pre-Filled Device",Ready to Use Approved,Ready to Use Approved,Projected Inventory,S1,2027-03,0.0
Kenya,No Supply Plan Available,"Medroxyprogesterone Acetate 104 mg/0.65 mL, Subcutaneous, Pre-Filled Device",Ready to Use Approved,Ready to Use Approved,Projected Inventory,S1,2027-04,0.0
Kenya,No Supply Plan Available,"Medroxyprogesterone Acetate 104 mg/0.65 mL, Subcutaneous, Pre-Filled Device",Ready to Use Approved,Ready to Use Approved,Projected Inventory,S1,2027-05,0.0
Kenya,No Supply Plan Available,"Medroxyprogesterone Acetate 104 mg/0.65 mL, Subcutaneous, Pre-Filled Device",Ready to Use Approved,Ready to Use Approved,Projected Inventory,S1,2027-06,0.0
Kenya,No Supply Plan Available,"Medroxyprogesterone Acetate 104 mg/0.65 mL, Subcutaneous, Pre-Filled Device",Ready to Use Approved,Ready to Use Approved,Projected Inventory,S1,2027-07,0.0
Kenya,No Supply Plan Available,"Medroxyprogesterone Acetate 104 mg/0.65 mL, Subcutaneous, Pre-Filled Device",Ready to Use Approved,Ready to Use Approved,Projected Inventory,S1,2027-08,0.0
Kenya,No Supply Plan Available,"Medroxyprogesterone Acetate 104 mg/0.65 mL, Subcutaneous, Pre-Filled Device",Ready to Use Approved,Ready to Use Approved,Projected Inventory,S1,2027-09,0.0
Kenya,No Supply Plan Available,"Medroxyprogesterone Acetate 104 mg/0.65 mL, Subcutaneous, Pre-Filled Device",Ready to Use Approved,Ready to Use Approved,Projected Inventory,S1,2027-10,0.0
Kenya,No Supply Plan Available,"Medroxyprogesterone Acetate 104 mg/0.65 mL, Subcutaneous, Pre-Filled Device",Ready to Use Approved,Ready to Use Approved,Projected Inventory,S1,2027-11,0.0
Kenya,No Supply Plan Available,"Medroxyprogesterone Acetate 104 mg/0.65 mL, Subcutaneous, Pre-Filled Device",Ready to Use Approved,Ready to Use Approved,Projected Inventory,S1,2027-12,0.0
Kenya,No Supply Plan Available,"Medroxyprogesterone Acetate 104 mg/0.65 mL, Subcutaneous, Pre-Filled Device",Ready to Use Approved,Ready to Use Approved,Projected Inventory,S1,2028-01,0.0
Kenya,No Supply Plan Available,"Medroxyprogesterone Acetate 104 mg/0.65 mL, Subcutaneous, Pre-Filled Device",Ready to Use Approved,Ready to Use Approved,Projected Inventory,S1,2028-02,0.0
Kenya,No Supply Plan Available,"Medroxyprogesterone Acetate 104 mg/0.65 mL, Subcutaneous, Pre-Filled Device",Ready to Use Approved,Ready to Use Approved,Projected Inventory,S1,2028-03,0.0
Kenya,No Supply Plan Available,"Medroxyprogesterone Acetate 104 mg/0.65 mL, Subcutaneous, Pre-Filled Device",Ready to Use Approved,Ready to Use Approved,Projected Inventory,S1,2028-04,0.0
Kenya,No Supply Plan Available,"Medroxyprogesterone Acetate 104 mg/0.65 mL, Subcutaneous, Pre-Filled Device",Ready to Use Approved,Ready to Use Approved,Projected Inventory,S1,2028-05,0.0
Kenya,No Supply Plan Available,"Medroxyprogesterone Acetate 104 mg/0.65 mL, Subcutaneous, Pre-Filled Device",Ready to Use Approved,Ready to Use Approved,Projected Inventory,S1,2028-06,0.0
Kenya,No Supply Plan Available,"Medroxyprogesterone Acetate 104 mg/0.65 mL, Subcutaneous, Pre-Filled Device",Ready to Use Approved,Ready to Use Approved,Projected Inventory,S1,2028-07,0.0
Kenya,No Supply Plan Available,"Medroxyprogesterone Acetate 104 mg/0.65 mL, Subcutaneous, Pre-Filled Device",Ready to Use Approved,Ready to Use Approved,Projected Inventory,S1,2028-08,0.0
Kenya,No Supply Plan Available,"Medroxyprogesterone Acetate 104 mg/0.65 mL, Subcutaneous, Pre-Filled Device",Ready to Use Approved,Ready to Use Approved,Projected Inventory,S2,2026-02,0.0
Kenya,No Supply Plan Available,"Medroxyprogesterone Acetate 104 mg/0.65 mL, Subcutaneous, Pre-Filled Device",Ready to Use Approved,Ready to Use Approved,Projected Inventory,S2,2026-03,0.0
Kenya,No Supply Plan Available,"Medroxyprogesterone Acetate 104 mg/0.65 mL, Subcutaneous, Pre-Filled Device",Ready to Use Approved,Ready to Use Approved,Projected Inventory,S2,2026-04,0.0
Kenya,No Supply Plan Available,"Medroxyprogesterone Acetate 104 mg/0.65 mL, Subcutaneous, Pre-Filled Device",Ready to Use Approved,Ready to Use Approved,Projected Inventory,S2,2026-05,0.0
Kenya,No Supply Plan Available,"Medroxyprogesterone Acetate 104 mg/0.65 mL, Subcutaneous, Pre-Filled Device",Ready to Use Approved,Ready to Use Approved,Projected Inventory,S2,2026-06,0.0
Kenya,No Supply Plan Available,"Medroxyprogesterone Acetate 104 mg/0.65 mL, Subcutaneous, Pre-Filled Device",Ready to Use Approved,Ready to Use Approved,Projected Inventory,S2,2026-07,0.0
Kenya,No Supply Plan Available,"Medroxyprogesterone Acetate 104 mg/0.65 mL, Subcutaneous, Pre-Filled Device",Ready to Use Approved,Ready to Use Approved,Projected Inventory,S2,2026-08,0.0
Kenya,No Supply Plan Available,"Medroxyprogesterone Acetate 104 mg/0.65 mL, Subcutaneous, Pre-Filled Device",Ready to Use Approved,Ready to Use Approved,Projected Inventory,S2,2026-09,0.0
Kenya,No Supply Plan Available,"Medroxyprogesterone Acetate 104 mg/0.65 mL, Subcutaneous, Pre-Filled Device",Ready to Use Approved,Ready to Use Approved,Projected Inventory,S2,2026-10,0.0
Kenya,No Supply Plan Available,"Medroxyprogesterone Acetate 104 mg/0.65 mL, Subcutaneous, Pre-Filled Device",Ready to Use Approved,Ready to Use Approved,Projected Inventory,S2,2026-11,0.0
Kenya,No Supply Plan Available,"Medroxyprogesterone Acetate 104 mg/0.65 mL, Subcutaneous, Pre-Filled Device",Ready to Use Approved,Ready to Use Approved,Projected Inventory,S2,2026-12,0.0
Kenya,No Supply Plan Available,"Medroxyprogesterone Acetate 104 mg/0.65 mL, Subcutaneous, Pre-Filled Device",Ready to Use Approved,Ready to Use Approved,Projected Inventory,S2,2027-01,0.0
Kenya,No Supply Plan Available,"Medroxyprogesterone Acetate 104 mg/0.65 mL, Subcutaneous, Pre-Filled Device",Ready to Use Approved,Ready to Use Approved,Projected Inventory,S2,2027-02,0.0
Kenya,No Supply Plan Available,"Medroxyprogesterone Acetate 104 mg/0.65 mL, Subcutaneous, Pre-Filled Device",Ready to Use Approved,Ready to Use Approved,Projected Inventory,S2,2027-03,0.0
Kenya,No Supply Plan Available,"Medroxyprogesterone Acetate 104 mg/0.65 mL, Subcutaneous, Pre-Filled Device",Ready to Use Approved,Ready to Use Approved,Projected Inventory,S2,2027-04,0.0
Kenya,No Supply Plan Available,"Medroxyprogesterone Acetate 104 mg/0.65 mL, Subcutaneous, Pre-Filled Device",Ready to Use Approved,Ready to Use Approved,Projected Inventory,S2,2027-05,0.0
Kenya,No Supply Plan Available,"Medroxyprogesterone Acetate 104 mg/0.65 mL, Subcutaneous, Pre-Filled Device",Ready to Use Approved,Ready to Use Approved,Projected Inventory,S2,2027-06,0.0
Kenya,No Supply Plan Available,"Medroxyprogesterone Acetate 104 mg/0.65 mL, Subcutaneous, Pre-Filled Device",Ready to Use Approved,Ready to Use Approved,Projected Inventory,S2,2027-07,0.0
Kenya,No Supply Plan Available,"Medroxyprogesterone Acetate 104 mg/0.65 mL, Subcutaneous, Pre-Filled Device",Ready to Use Approved,Ready to Use Approved,Projected Inventory,S2,2027-08,0.0
Kenya,No Supply Plan Available,"Medroxyprogesterone Acetate 104 mg/0.65 mL, Subcutaneous, Pre-Filled Device",Ready to Use Approved,Ready to Use Approved,Projected Inventory,S2,2027-09,0.0
Kenya,No Supply Plan Available,"Medroxyprogesterone Acetate 104 mg/0.65 mL, Subcutaneous, Pre-Filled Device",Ready to Use Approved,Ready to Use Approved,Projected Inventory,S2,2027-10,0.0
Kenya,No Supply Plan Available,"Medroxyprogesterone Acetate 104 mg/0.65 mL, Subcutaneous, Pre-Filled Device",Ready to Use Approved,Ready to Use Approved,Projected Inventory,S2,2027-11,0.0
Kenya,No Supply Plan Available,"Medroxyprogesterone Acetate 104 mg/0.65 mL, Subcutaneous, Pre-Filled Device",Ready to Use Approved,Ready to Use Approved,Projected Inventory,S2,2027-12,0.0
Kenya,No Supply Plan Available,"Medroxyprogesterone Acetate 104 mg/0.65 mL, Subcutaneous, Pre-Filled Device",Ready to Use Approved,Ready to Use Approved,Projected Inventory,S2,2028-01,0.0
Kenya,No Supply Plan Available,"Medroxyprogesterone Acetate 104 mg/0.65 mL, Subcutaneous, Pre-Filled Device",Ready to Use Approved,Ready to Use Approved,Projected Inventory,S2,2028-02,0.0
Kenya,No Supply Plan Available,"Medroxyprogesterone Acetate 104 mg/0.65 mL, Subcutaneous, Pre-Filled Device",Ready to Use Approved,Ready to Use Approved,Projected Inventory,S2,2028-03,0.0
Kenya,No Supply Plan Available,"Medroxyprogesterone Acetate 104 mg/0.65 mL, Subcutaneous, Pre-Filled Device",Ready to Use Approved,Ready to Use Approved,Projected Inventory,S2,2028-04,0.0
Kenya,No Supply Plan Available,"Medroxyprogesterone Acetate 104 mg/0.65 mL, Subcutaneous, Pre-Filled Device",Ready to Use Approved,Ready to Use Approved,Projected Inventory,S2,2028-05,0.0
Kenya,No Supply Plan Available,"Medroxyprogesterone Acetate 104 mg/0.65 mL, Subcutaneous, Pre-Filled Device",Ready to Use Approved,Ready to Use Approved,Projected Inventory,S2,2028-06,0.0
Kenya,No Supply Plan Available,"Medroxyprogesterone Acetate 104 mg/0.65 mL, Subcutaneous, Pre-Filled Device",Ready to Use Approved,Ready to Use Approved,Projected Inventory,S2,2028-07,0.0
Kenya,No Supply Plan Available,"Medroxyprogesterone Acetate 104 mg/0.65 mL, Subcutaneous, Pre-Filled Device",Ready to Use Approved,Ready to Use Approved,Projected Inventory,S2,2028-08,0.0
