Country Name,Supply Plan Bucket Description,L5 - Product,Review Status - Inventory,Review Status - Supply Plan,DataMeasure,Scenario,Period,Value
Kenya,MOH Supply Plan,"Medroxyprogesterone Acetate 104 mg/0.65 mL, Subcutaneous, Pre-Filled Device",In Review,Ready to Use Approved,Monthly Consumption,Base,2026-03,117253.0
Kenya,MOH Supply Plan,"Medroxyprogesterone Acetate 104 mg/0.65 mL, Subcutaneous, Pre-Filled Device",In Review,Ready to Use Approved,Monthly Consumption,Base,2026-04,116106.0
Kenya,MOH Supply Plan,"Medroxyprogesterone Acetate 104 mg/0.65 mL, Subcutaneous, Pre-Filled Device",In Review,Ready to Use Approved,Monthly Consumption,Base,2026-05,116106.0
Kenya,MOH Supply Plan,"Medroxyprogesterone Acetate 104 mg/0.65 mL, Subcutaneous, Pre-Filled Device",In Review,Ready to Use Approved,Monthly Consumption,Base,2026-06,116106.0
Kenya,MOH Supply Plan,"Medroxyprogesterone Acetate 104 mg/0.65 mL, Subcutaneous, Pre-Filled Device",In Review,Ready to Use Approved,Monthly Consumption,Base,2026-07,118660.0
Kenya,MOH Supply Plan,"Medroxyprogesterone Acetate 104 mg/0.65 mL, Subcutaneous, Pre-Filled Device",In Review,Ready to Use Approved,Monthly Consumption,Base,2026-08,118660.0
Kenya,MOH Supply Plan,"Medroxyprogesterone Acetate 104 mg/0.65 mL, Subcutaneous, Pre-Filled Device",In Review,Ready to Use Approved,Monthly Consumption,Base,2026-09,118660.0
Kenya,MOH Supply Plan,"Medroxyprogesterone Acetate 104 mg/0.65 mL, Subcutaneous, Pre-Filled Device",In Review,Ready to Use Approved,Monthly Consumption,Base,2026-10,118660.0
Kenya,MOH Supply Plan,"Medroxyprogesterone Acetate 104 mg/0.65 mL, Subcutaneous, Pre-Filled Device",In Review,Ready to Use Approved,Monthly Consumption,Base,2026-11,118660.0
Kenya,MOH Supply Plan,"Medroxyprogesterone Acetate 104 mg/0.65 mL, Subcutaneous, Pre-Filled Device",In Review,Ready to Use Approved,Monthly Consumption,Base,2026-12,118660.0
Kenya,MOH Supply Plan,"Medroxyprogesterone Acetate 104 mg/0.65 mL, Subcutaneous, Pre-Filled Device",In Review,Ready to Use Approved,Monthly Consumption,Base,2027-01,118660.0
Kenya,MOH Supply Plan,"Medroxyprogesterone Acetate 104 mg/0.65 mL, Subcutaneous, Pre-Filled Device",In Review,Ready to Use Approved,Monthly Consumption,Base,2027-02,118660.0
Kenya,MOH Supply Plan,"Medroxyprogesterone Acetate 104 mg/0.65 mL, Subcutaneous, Pre-Filled Device",In Review,Ready to Use Approved,Monthly Consumption,Base,2027-03,118660.0
Kenya,MOH Supply Plan,"Medroxyprogesterone Acetate 104 mg/0.65 mL, Subcutaneous, Pre-Filled Device",In Review,Ready to Use Approved,Monthly Consumption,Base,2027-04,118660.0
Kenya,MOH Supply Plan,"Medroxyprogesterone Acetate 104 mg/0.65 mL, Subcutaneous, Pre-Filled Device",In Review,Ready to Use Approved,Monthly Consumption,Base,2027-05,118660.0
Kenya,MOH Supply Plan,"Medroxyprogesterone Acetate 104 mg/0.65 mL, Subcutaneous, Pre-Filled Device",In Review,Ready to Use Approved,Monthly Consumption,Base,2027-06,118660.0
Kenya,MOH Supply Plan,"Medroxyprogesterone Acetate 104 mg/0.65 mL, Subcutaneous, Pre-Filled Device",In Review,Ready to Use Approved,Monthly Consumption,Base,2027-07,121271.0
Kenya,MOH Supply Plan,"Medroxyprogesterone Acetate 104 mg/0.65 mL, Subcutaneous, Pre-Filled Device",In Review,Ready to Use Approved,Monthly Consumption,Base,2027-08,121271.0
Kenya,MOH Supply Plan,"Medroxyprogesterone Acetate 104 mg/0.65 mL, Subcutaneous, Pre-Filled Device",In Review,Ready to Use Approved,Monthly Consumption,Base,2027-09,121271.0
Kenya,MOH Supply Plan,"Medroxyprogesterone Acetate 104 mg/0.65 mL, Subcutaneous, Pre-Filled Device",In Review,Ready to Use Approved,Monthly Consumption,Base,2027-10,121271.0
Kenya,MOH Supply Plan,"Medroxyprogesterone Acetate 104 mg/0.65 mL, Subcutaneous, Pre-Filled Device",In Review,Ready to Use Approved,Monthly Consumption,Base,2027-11,121271.0
Kenya,MOH Supply Plan,"Medroxyprogesterone Acetate 104 mg/0.65 mL, Subcutaneous, Pre-Filled Device",In Review,Ready to Use Approved,Monthly Consumption,Base,2027-12,121271.0
Kenya,MOH Supply Plan,"Medroxyprogesterone Acetate 104 mg/0.65 mL, Subcutaneous, Pre-Filled Device",In Review,Ready to Use Approved,Monthly Consumption,Base,2028-01,121271.0
Kenya,MOH Supply Plan,"Medroxyprogesterone Acetate 104 mg/0.65 mL, Subcutaneous, Pre-Filled Device",In Review,Ready to Use Approved,Monthly Consumption,Base,2028-02,121271.0
Kenya,MOH Supply Plan,"Medroxyprogesterone Acetate 104 mg/0.65 mL, Subcutaneous, Pre-Filled Device",In Review,Ready to Use Approved,Monthly Consumption,Base,2028-03,121271.0
Kenya,MOH Supply Plan,"Medroxyprogesterone Acetate 104 mg/0.65 mL, Subcutaneous, Pre-Filled Device",In Review,Ready to Use Approved,Monthly Consumption,Base,2028-04,121271.0
Kenya,MOH Supply Plan,"Medroxyprogesterone Acetate 104 mg/0.65 mL, Subcutaneous, Pre-Filled Device",In Review,Ready to Use Approved,Monthly Consumption,Base,2028-05,121271.0
Kenya,MOH Supply Plan,"Medroxyprogesterone Acetate 104 mg/0.65 mL, Subcutaneous, Pre-Filled Device",In Review,Ready to Use Approved,Monthly Consumption,Base,2028-06,121271.0
Kenya,MOH Supply Plan,"Medroxyprogesterone Acetate 104 mg/0.65 mL, Subcutaneous, Pre-Filled Device",In Review,Ready to Use Approved,Prev. Monthly Consumption,Base,2026-03,116106.0
Kenya,MOH Supply Plan,"Medroxyprogesterone Acetate 104 mg/0.65 mL, Subcutaneous, Pre-Filled Device",In Review,Ready to Use Approved,Prev. Monthly Consumption,Base,2026-04,116106.0
Kenya,MOH Supply Plan,"Medroxyprogesterone Acetate 104 mg/0.65 mL, Subcutaneous, Pre-Filled Device",In Review,Ready to Use Approved,Prev. Monthly Consumption,Base,2026-05,116106.0
Kenya,MOH Supply Plan,"Medroxyprogesterone Acetate 104 mg/0.65 mL, Subcutaneous, Pre-Filled Device",In Review,Ready to Use Approved,Prev. Monthly Consumption,Base,2026-06,116106.0
Kenya,MOH Supply Plan,"Medroxyprogesterone Acetate 104 mg/0.65 mL, Subcutaneous, Pre-Filled Device",In Review,Ready to Use Approved,Prev. Monthly Consumption,Base,2026-07,118660.0
Kenya,MOH Supply Plan,"Medroxyprogesterone Acetate 104 mg/0.65 mL, Subcutaneous, Pre-Filled Device",In Review,Ready to Use Approved,Prev. Monthly Consumption,Base,2026-08,118660.0
Kenya,MOH Supply Plan,"Medroxyprogesterone Acetate 104 mg/0.65 mL, Subcutaneous, Pre-Filled Device",In Review,Ready to Use Approved,Prev. Monthly Consumption,Base,2026-09,118660.0
Kenya,MOH Supply Plan,"Medroxyprogesterone Acetate 104 mg/0.65 mL, Subcutaneous, Pre-Filled Device",In Review,Ready to Use Approved,Prev. Monthly Consumption,Base,2026-10,118660.0
Kenya,MOH Supply Plan,"Medroxyprogesterone Acetate 104 mg/0.65 mL, Subcutaneous, Pre-Filled Device",In Review,Ready to Use Approved,Prev. Monthly Consumption,Base,2026-11,118660.0
Kenya,MOH Supply Plan,"Medroxyprogesterone Acetate 104 mg/0.65 mL, Subcutaneous, Pre-Filled Device",In Review,Ready to Use Approved,Prev. Monthly Consumption,Base,2026-12,118660.0
Kenya,MOH Supply Plan,"Medroxyprogesterone Acetate 104 mg/0.65 mL, Subcutaneous, Pre-Filled Device",In Review,Ready to Use Approved,Prev. Monthly Consumption,Base,2027-01,118660.0
Kenya,MOH Supply Plan,"Medroxyprogesterone Acetate 104 mg/0.65 mL, Subcutaneous, Pre-Filled Device",In Review,Ready to Use Approved,Prev. Monthly Consumption,Base,2027-02,118660.0
Kenya,MOH Supply Plan,"Medroxyprogesterone Acetate 104 mg/0.65 mL, Subcutaneous, Pre-Filled Device",In Review,Ready to Use Approved,Prev. Monthly Consumption,Base,2027-03,118660.0
Kenya,MOH Supply Plan,"Medroxyprogesterone Acetate 104 mg/0.65 mL, Subcutaneous, Pre-Filled Device",In Review,Ready to Use Approved,Prev. Monthly Consumption,Base,2027-04,118660.0
Kenya,MOH Supply Plan,"Medroxyprogesterone Acetate 104 mg/0.65 mL, Subcutaneous, Pre-Filled Device",In Review,Ready to Use Approved,Prev. Monthly Consumption,Base,2027-05,118660.0
Kenya,MOH Supply Plan,"Medroxyprogesterone Acetate 104 mg/0.65 mL, Subcutaneous, Pre-Filled Device",In Review,Ready to Use Approved,Prev. Monthly Consumption,Base,2027-06,118660.0
Kenya,MOH Supply Plan,"Medroxyprogesterone Acetate 104 mg/0.65 mL, Subcutaneous, Pre-Filled Device",In Review,Ready to Use Approved,Prev. Monthly Consumption,Base,2027-07,121271.0
Kenya,MOH Supply Plan,"Medroxyprogesterone Acetate 104 mg/0.65 mL, Subcutaneous, Pre-Filled Device",In Review,Ready to Use Approved,Prev. Monthly Consumption,Base,2027-08,121271.0
Kenya,MOH Supply Plan,"Medroxyprogesterone Acetate 104 mg/0.65 mL, Subcutaneous, Pre-Filled Device",In Review,Ready to Use Approved,Prev. Monthly Consumption,Base,2027-09,121271.0
Kenya,MOH Supply Plan,"Medroxyprogesterone Acetate 104 mg/0.65 mL, Subcutaneous, Pre-Filled Device",In Review,Ready to Use Approved,Prev. Monthly Consumption,Base,2027-10,121271.0
Kenya,MOH Supply Plan,"Medroxyprogesterone Acetate 104 mg/0.65 mL, Subcutaneous, Pre-Filled Device",In Review,Ready to Use Approved,Prev. Monthly Consumption,Base,2027-11,121271.0
Kenya,MOH Supply Plan,"Medroxyprogesterone Acetate 104 mg/0.65 mL, Subcutaneous, Pre-Filled Device",In Review,Ready to Use Approved,Prev. Monthly Consumption,Base,2027-12,121271.0
Kenya,MOH Supply Plan,"Medroxyprogesterone Acetate 104 mg/0.65 mL, Subcutaneous, Pre-Filled Device",In Review,Ready to Use Approved,Prev. Monthly Consumption,Base,2028-01,121271.0
Kenya,MOH Supply Plan,"Medroxyprogesterone Acetate 104 mg/0.65 mL, Subcutaneous, Pre-Filled Device",In Review,Ready to Use Approved,Prev. Monthly Consumption,Base,2028-02,121271.0
Kenya,MOH Supply Plan,"Medroxyprogesterone Acetate 104 mg/0.65 mL, Subcutaneous, Pre-Filled Device",In Review,Ready to Use Approved,Prev. Monthly Consumption,Base,2028-03,121271.0
Kenya,MOH Supply Plan,"Medroxyprogesterone Acetate 104 mg/0.65 mL, Subcutaneous, Pre-Filled Device",In Review,Ready to Use Approved,Prev. Monthly Consumption,Base,2028-04,121271.0
Kenya,MOH Supply Plan,"Medroxyprogesterone Acetate 104 mg/0.65 mL, Subcutaneous, Pre-Filled Device",In Review,Ready to Use Approved,Prev. Monthly Consumption,Base,2028-05,121271.0
Kenya,MOH Supply Plan,"Medroxyprogesterone Acetate 104 mg/0.65 mL, Subcutaneous, Pre-Filled Device",In Review,Ready to Use Approved,Prev. Monthly Consumption,Base,2028-06,121271.0
Kenya,MOH Supply Plan,"Medroxyprogesterone Acetate 104 mg/0.65 mL, Subcutaneous, Pre-Filled Device",In Review,Ready to Use Approved,Supply Plan Inventory,Base,2026-03,686518.0
Kenya,MOH Supply Plan,"Medroxyprogesterone Acetate 104 mg/0.65 mL, Subcutaneous, Pre-Filled Device",In Review,Ready to Use Approved,Supply Plan Inventory,Base,2026-04,570412.0
Kenya,MOH Supply Plan,"Medroxyprogesterone Acetate 104 mg/0.65 mL, Subcutaneous, Pre-Filled Device",In Review,Ready to Use Approved,Supply Plan Inventory,Base,2026-05,454306.0
Kenya,MOH Supply Plan,"Medroxyprogesterone Acetate 104 mg/0.65 mL, Subcutaneous, Pre-Filled Device",In Review,Ready to Use Approved,Supply Plan Inventory,Base,2026-06,338200.0
Kenya,MOH Supply Plan,"Medroxyprogesterone Acetate 104 mg/0.65 mL, Subcutaneous, Pre-Filled Device",In Review,Ready to Use Approved,Supply Plan Inventory,Base,2026-07,219540.0
Kenya,MOH Supply Plan,"Medroxyprogesterone Acetate 104 mg/0.65 mL, Subcutaneous, Pre-Filled Device",In Review,Ready to Use Approved,Supply Plan Inventory,Base,2026-08,2827380.0
Kenya,MOH Supply Plan,"Medroxyprogesterone Acetate 104 mg/0.65 mL, Subcutaneous, Pre-Filled Device",In Review,Ready to Use Approved,Supply Plan Inventory,Base,2026-09,2708720.0
Kenya,MOH Supply Plan,"Medroxyprogesterone Acetate 104 mg/0.65 mL, Subcutaneous, Pre-Filled Device",In Review,Ready to Use Approved,Supply Plan Inventory,Base,2026-10,2590060.0
Kenya,MOH Supply Plan,"Medroxyprogesterone Acetate 104 mg/0.65 mL, Subcutaneous, Pre-Filled Device",In Review,Ready to Use Approved,Supply Plan Inventory,Base,2026-11,2471400.0
Kenya,MOH Supply Plan,"Medroxyprogesterone Acetate 104 mg/0.65 mL, Subcutaneous, Pre-Filled Device",In Review,Ready to Use Approved,Supply Plan Inventory,Base,2026-12,2352740.0
Kenya,MOH Supply Plan,"Medroxyprogesterone Acetate 104 mg/0.65 mL, Subcutaneous, Pre-Filled Device",In Review,Ready to Use Approved,Supply Plan Inventory,Base,2027-01,2234080.0
Kenya,MOH Supply Plan,"Medroxyprogesterone Acetate 104 mg/0.65 mL, Subcutaneous, Pre-Filled Device",In Review,Ready to Use Approved,Supply Plan Inventory,Base,2027-02,2847820.0
Kenya,MOH Supply Plan,"Medroxyprogesterone Acetate 104 mg/0.65 mL, Subcutaneous, Pre-Filled Device",In Review,Ready to Use Approved,Supply Plan Inventory,Base,2027-03,2729160.0
Kenya,MOH Supply Plan,"Medroxyprogesterone Acetate 104 mg/0.65 mL, Subcutaneous, Pre-Filled Device",In Review,Ready to Use Approved,Supply Plan Inventory,Base,2027-04,2610500.0
Kenya,MOH Supply Plan,"Medroxyprogesterone Acetate 104 mg/0.65 mL, Subcutaneous, Pre-Filled Device",In Review,Ready to Use Approved,Supply Plan Inventory,Base,2027-05,2491840.0
Kenya,MOH Supply Plan,"Medroxyprogesterone Acetate 104 mg/0.65 mL, Subcutaneous, Pre-Filled Device",In Review,Ready to Use Approved,Supply Plan Inventory,Base,2027-06,2373180.0
Kenya,MOH Supply Plan,"Medroxyprogesterone Acetate 104 mg/0.65 mL, Subcutaneous, Pre-Filled Device",In Review,Ready to Use Approved,Supply Plan Inventory,Base,2027-07,2251909.0
Kenya,MOH Supply Plan,"Medroxyprogesterone Acetate 104 mg/0.65 mL, Subcutaneous, Pre-Filled Device",In Review,Ready to Use Approved,Supply Plan Inventory,Base,2027-08,2889638.0
Kenya,MOH Supply Plan,"Medroxyprogesterone Acetate 104 mg/0.65 mL, Subcutaneous, Pre-Filled Device",In Review,Ready to Use Approved,Supply Plan Inventory,Base,2027-09,2768367.0
Kenya,MOH Supply Plan,"Medroxyprogesterone Acetate 104 mg/0.65 mL, Subcutaneous, Pre-Filled Device",In Review,Ready to Use Approved,Supply Plan Inventory,Base,2027-10,2647096.0
Kenya,MOH Supply Plan,"Medroxyprogesterone Acetate 104 mg/0.65 mL, Subcutaneous, Pre-Filled Device",In Review,Ready to Use Approved,Supply Plan Inventory,Base,2027-11,2525825.0
Kenya,MOH Supply Plan,"Medroxyprogesterone Acetate 104 mg/0.65 mL, Subcutaneous, Pre-Filled Device",In Review,Ready to Use Approved,Supply Plan Inventory,Base,2027-12,2404554.0
Kenya,MOH Supply Plan,"Medroxyprogesterone Acetate 104 mg/0.65 mL, Subcutaneous, Pre-Filled Device",In Review,Ready to Use Approved,Supply Plan Inventory,Base,2028-01,2283283.0
Kenya,MOH Supply Plan,"Medroxyprogesterone Acetate 104 mg/0.65 mL, Subcutaneous, Pre-Filled Device",In Review,Ready to Use Approved,Supply Plan Inventory,Base,2028-02,2910412.0
Kenya,MOH Supply Plan,"Medroxyprogesterone Acetate 104 mg/0.65 mL, Subcutaneous, Pre-Filled Device",In Review,Ready to Use Approved,Supply Plan Inventory,Base,2028-03,2789141.0
Kenya,MOH Supply Plan,"Medroxyprogesterone Acetate 104 mg/0.65 mL, Subcutaneous, Pre-Filled Device",In Review,Ready to Use Approved,Supply Plan Inventory,Base,2028-04,2667870.0
Kenya,MOH Supply Plan,"Medroxyprogesterone Acetate 104 mg/0.65 mL, Subcutaneous, Pre-Filled Device",In Review,Ready to Use Approved,Supply Plan Inventory,Base,2028-05,2546599.0
Kenya,MOH Supply Plan,"Medroxyprogesterone Acetate 104 mg/0.65 mL, Subcutaneous, Pre-Filled Device",In Review,Ready to Use Approved,Supply Plan Inventory,Base,2028-06,2425328.0
Kenya,MOH Supply Plan,"Medroxyprogesterone Acetate 104 mg/0.65 mL, Subcutaneous, Pre-Filled Device",In Review,Ready to Use Approved,Supply Plan Inventory,Base,2028-07,2425328.0
Kenya,MOH Supply Plan,"Medroxyprogesterone Acetate 104 mg/0.65 mL, Subcutaneous, Pre-Filled Device",In Review,Ready to Use Approved,Supply Plan Inventory,Base,2028-08,2425328.0
Kenya,MOH Supply Plan,"Medroxyprogesterone Acetate 104 mg/0.65 mL, Subcutaneous, Pre-Filled Device",In Review,Ready to Use Approved,Supply Plan Inventory,Base,2028-09,2425328.0
Kenya,MOH Supply Plan,"Medroxyprogesterone Acetate 104 mg/0.65 mL, Subcutaneous, Pre-Filled Device",In Review,Ready to Use Approved,Monthly Inventory,Base,2026-03,686518.0
Kenya,MOH Supply Plan,"Medroxyprogesterone Acetate 104 mg/0.65 mL, Subcutaneous, Pre-Filled Device",In Review,Ready to Use Approved,Monthly Inventory,Base,2026-04,599580.0
Kenya,MOH Supply Plan,"Medroxyprogesterone Acetate 104 mg/0.65 mL, Subcutaneous, Pre-Filled Device",In Review,Ready to Use Approved,Monthly Inventory,Base,2026-05,488302.0
Kenya,MOH Supply Plan,"Medroxyprogesterone Acetate 104 mg/0.65 mL, Subcutaneous, Pre-Filled Device",In Review,Ready to Use Approved,Monthly Inventory,Base,2026-06,396358.0
Kenya,MOH Supply Plan,"Medroxyprogesterone Acetate 104 mg/0.65 mL, Subcutaneous, Pre-Filled Device",In Review,Ready to Use Approved,Monthly Inventory,Base,2026-07,249421.0
Kenya,MOH Supply Plan,"Medroxyprogesterone Acetate 104 mg/0.65 mL, Subcutaneous, Pre-Filled Device",In Review,Ready to Use Approved,Projected Inventory Adjustment,Base,2026-03,52109.0
Kenya,MOH Supply Plan,"Medroxyprogesterone Acetate 104 mg/0.65 mL, Subcutaneous, Pre-Filled Device",In Review,Ready to Use Approved,Projected Inventory Adjustment,Base,2026-04,0.0
Kenya,MOH Supply Plan,"Medroxyprogesterone Acetate 104 mg/0.65 mL, Subcutaneous, Pre-Filled Device",In Review,Ready to Use Approved,Projected Inventory Adjustment,Base,2026-05,0.0
Kenya,MOH Supply Plan,"Medroxyprogesterone Acetate 104 mg/0.65 mL, Subcutaneous, Pre-Filled Device",In Review,Ready to Use Approved,Projected Inventory Adjustment,Base,2026-06,0.0
Kenya,MOH Supply Plan,"Medroxyprogesterone Acetate 104 mg/0.65 mL, Subcutaneous, Pre-Filled Device",In Review,Ready to Use Approved,Projected Inventory Adjustment,Base,2026-07,0.0
Kenya,MOH Supply Plan,"Medroxyprogesterone Acetate 104 mg/0.65 mL, Subcutaneous, Pre-Filled Device",In Review,Ready to Use Approved,Projected Inventory Adjustment,Base,2026-08,0.0
Kenya,MOH Supply Plan,"Medroxyprogesterone Acetate 104 mg/0.65 mL, Subcutaneous, Pre-Filled Device",In Review,Ready to Use Approved,Projected Inventory Adjustment,Base,2026-09,0.0
Kenya,MOH Supply Plan,"Medroxyprogesterone Acetate 104 mg/0.65 mL, Subcutaneous, Pre-Filled Device",In Review,Ready to Use Approved,Projected Inventory Adjustment,Base,2026-10,0.0
Kenya,MOH Supply Plan,"Medroxyprogesterone Acetate 104 mg/0.65 mL, Subcutaneous, Pre-Filled Device",In Review,Ready to Use Approved,Projected Inventory Adjustment,Base,2026-11,0.0
Kenya,MOH Supply Plan,"Medroxyprogesterone Acetate 104 mg/0.65 mL, Subcutaneous, Pre-Filled Device",In Review,Ready to Use Approved,Projected Inventory Adjustment,Base,2026-12,0.0
Kenya,MOH Supply Plan,"Medroxyprogesterone Acetate 104 mg/0.65 mL, Subcutaneous, Pre-Filled Device",In Review,Ready to Use Approved,Projected Inventory Adjustment,Base,2027-01,0.0
Kenya,MOH Supply Plan,"Medroxyprogesterone Acetate 104 mg/0.65 mL, Subcutaneous, Pre-Filled Device",In Review,Ready to Use Approved,Projected Inventory Adjustment,Base,2027-02,0.0
Kenya,MOH Supply Plan,"Medroxyprogesterone Acetate 104 mg/0.65 mL, Subcutaneous, Pre-Filled Device",In Review,Ready to Use Approved,Projected Inventory Adjustment,Base,2027-03,0.0
Kenya,MOH Supply Plan,"Medroxyprogesterone Acetate 104 mg/0.65 mL, Subcutaneous, Pre-Filled Device",In Review,Ready to Use Approved,Projected Inventory Adjustment,Base,2027-04,0.0
Kenya,MOH Supply Plan,"Medroxyprogesterone Acetate 104 mg/0.65 mL, Subcutaneous, Pre-Filled Device",In Review,Ready to Use Approved,Projected Inventory Adjustment,Base,2027-05,0.0
Kenya,MOH Supply Plan,"Medroxyprogesterone Acetate 104 mg/0.65 mL, Subcutaneous, Pre-Filled Device",In Review,Ready to Use Approved,Projected Inventory Adjustment,Base,2027-06,0.0
Kenya,MOH Supply Plan,"Medroxyprogesterone Acetate 104 mg/0.65 mL, Subcutaneous, Pre-Filled Device",In Review,Ready to Use Approved,Projected Inventory Adjustment,Base,2027-07,0.0
Kenya,MOH Supply Plan,"Medroxyprogesterone Acetate 104 mg/0.65 mL, Subcutaneous, Pre-Filled Device",In Review,Ready to Use Approved,Projected Inventory Adjustment,Base,2027-08,0.0
Kenya,MOH Supply Plan,"Medroxyprogesterone Acetate 104 mg/0.65 mL, Subcutaneous, Pre-Filled Device",In Review,Ready to Use Approved,Projected Inventory Adjustment,Base,2027-09,0.0
Kenya,MOH Supply Plan,"Medroxyprogesterone Acetate 104 mg/0.65 mL, Subcutaneous, Pre-Filled Device",In Review,Ready to Use Approved,Projected Inventory Adjustment,Base,2027-10,0.0
Kenya,MOH Supply Plan,"Medroxyprogesterone Acetate 104 mg/0.65 mL, Subcutaneous, Pre-Filled Device",In Review,Ready to Use Approved,Projected Inventory Adjustment,Base,2027-11,0.0
Kenya,MOH Supply Plan,"Medroxyprogesterone Acetate 104 mg/0.65 mL, Subcutaneous, Pre-Filled Device",In Review,Ready to Use Approved,Projected Inventory Adjustment,Base,2027-12,0.0
Kenya,MOH Supply Plan,"Medroxyprogesterone Acetate 104 mg/0.65 mL, Subcutaneous, Pre-Filled Device",In Review,Ready to Use Approved,Projected Inventory Adjustment,Base,2028-01,0.0
Kenya,MOH Supply Plan,"Medroxyprogesterone Acetate 104 mg/0.65 mL, Subcutaneous, Pre-Filled Device",In Review,Ready to Use Approved,Projected Inventory Adjustment,Base,2028-02,0.0
Kenya,MOH Supply Plan,"Medroxyprogesterone Acetate 104 mg/0.65 mL, Subcutaneous, Pre-Filled Device",In Review,Ready to Use Approved,Projected Inventory Adjustment,Base,2028-03,0.0
Kenya,MOH Supply Plan,"Medroxyprogesterone Acetate 104 mg/0.65 mL, Subcutaneous, Pre-Filled Device",In Review,Ready to Use Approved,Projected Inventory Adjustment,Base,2028-04,0.0
Kenya,MOH Supply Plan,"Medroxyprogesterone Acetate 104 mg/0.65 mL, Subcutaneous, Pre-Filled Device",In Review,Ready to Use Approved,Projected Inventory Adjustment,Base,2028-05,0.0
Kenya,MOH Supply Plan,"Medroxyprogesterone Acetate 104 mg/0.65 mL, Subcutaneous, Pre-Filled Device",In Review,Ready to Use Approved,Projected Inventory Adjustment,Base,2028-06,0.0
Kenya,MOH Supply Plan,"Medroxyprogesterone Acetate 104 mg/0.65 mL, Subcutaneous, Pre-Filled Device",In Review,Ready to Use Approved,Projected Inventory Adjustment,Base,2028-07,0.0
Kenya,MOH Supply Plan,"Medroxyprogesterone Acetate 104 mg/0.65 mL, Subcutaneous, Pre-Filled Device",In Review,Ready to Use Approved,Projected Inventory Adjustment,Base,2028-08,0.0
Kenya,MOH Supply Plan,"Medroxyprogesterone Acetate 104 mg/0.65 mL, Subcutaneous, Pre-Filled Device",In Review,Ready to Use Approved,Projected Inventory Adjustment,Base,2028-09,0.0
Kenya,MOH Supply Plan,"Medroxyprogesterone Acetate 104 mg/0.65 mL, Subcutaneous, Pre-Filled Device",In Review,Ready to Use Approved,Expected Requirements,Base,2026-08,2726500.0
Kenya,MOH Supply Plan,"Medroxyprogesterone Acetate 104 mg/0.65 mL, Subcutaneous, Pre-Filled Device",In Review,Ready to Use Approved,Expected Requirements,Base,2027-02,732400.0
Kenya,MOH Supply Plan,"Medroxyprogesterone Acetate 104 mg/0.65 mL, Subcutaneous, Pre-Filled Device",In Review,Ready to Use Approved,Expected Requirements,Base,2027-08,759000.0
Kenya,MOH Supply Plan,"Medroxyprogesterone Acetate 104 mg/0.65 mL, Subcutaneous, Pre-Filled Device",In Review,Ready to Use Approved,Expected Requirements,Base,2028-02,748400.0
Kenya,MOH Supply Plan,"Medroxyprogesterone Acetate 104 mg/0.65 mL, Subcutaneous, Pre-Filled Device",In Review,Ready to Use Approved,Un-Shipped Orders,Base,2026-10,560000.0
Kenya,MOH Supply Plan,"Medroxyprogesterone Acetate 104 mg/0.65 mL, Subcutaneous, Pre-Filled Device",In Review,Ready to Use Approved,Un-Shipped Orders,Base,2026-11,870000.0
Kenya,MOH Supply Plan,"Medroxyprogesterone Acetate 104 mg/0.65 mL, Subcutaneous, Pre-Filled Device",In Review,Ready to Use Approved,In-Transit Shipments,Base,2026-08,1312000.0
Kenya,MOH Supply Plan,"Medroxyprogesterone Acetate 104 mg/0.65 mL, Subcutaneous, Pre-Filled Device",In Review,Ready to Use Approved,Projected Inventory,Base,2026-03,0.0
Kenya,MOH Supply Plan,"Medroxyprogesterone Acetate 104 mg/0.65 mL, Subcutaneous, Pre-Filled Device",In Review,Ready to Use Approved,Projected Inventory,Base,2026-04,0.0
Kenya,MOH Supply Plan,"Medroxyprogesterone Acetate 104 mg/0.65 mL, Subcutaneous, Pre-Filled Device",In Review,Ready to Use Approved,Projected Inventory,Base,2026-05,0.0
Kenya,MOH Supply Plan,"Medroxyprogesterone Acetate 104 mg/0.65 mL, Subcutaneous, Pre-Filled Device",In Review,Ready to Use Approved,Projected Inventory,Base,2026-06,0.0
Kenya,MOH Supply Plan,"Medroxyprogesterone Acetate 104 mg/0.65 mL, Subcutaneous, Pre-Filled Device",In Review,Ready to Use Approved,Projected Inventory,Base,2026-07,249421.0
Kenya,MOH Supply Plan,"Medroxyprogesterone Acetate 104 mg/0.65 mL, Subcutaneous, Pre-Filled Device",In Review,Ready to Use Approved,Projected Inventory,Base,2026-08,1442761.0
Kenya,MOH Supply Plan,"Medroxyprogesterone Acetate 104 mg/0.65 mL, Subcutaneous, Pre-Filled Device",In Review,Ready to Use Approved,Projected Inventory,Base,2026-09,1324101.0
Kenya,MOH Supply Plan,"Medroxyprogesterone Acetate 104 mg/0.65 mL, Subcutaneous, Pre-Filled Device",In Review,Ready to Use Approved,Projected Inventory,Base,2026-10,1765441.0
Kenya,MOH Supply Plan,"Medroxyprogesterone Acetate 104 mg/0.65 mL, Subcutaneous, Pre-Filled Device",In Review,Ready to Use Approved,Projected Inventory,Base,2026-11,2516781.0
Kenya,MOH Supply Plan,"Medroxyprogesterone Acetate 104 mg/0.65 mL, Subcutaneous, Pre-Filled Device",In Review,Ready to Use Approved,Projected Inventory,Base,2026-12,2398121.0
Kenya,MOH Supply Plan,"Medroxyprogesterone Acetate 104 mg/0.65 mL, Subcutaneous, Pre-Filled Device",In Review,Ready to Use Approved,Projected Inventory,Base,2027-01,2279461.0
Kenya,MOH Supply Plan,"Medroxyprogesterone Acetate 104 mg/0.65 mL, Subcutaneous, Pre-Filled Device",In Review,Ready to Use Approved,Projected Inventory,Base,2027-02,2160801.0
Kenya,MOH Supply Plan,"Medroxyprogesterone Acetate 104 mg/0.65 mL, Subcutaneous, Pre-Filled Device",In Review,Ready to Use Approved,Projected Inventory,Base,2027-03,2042141.0
Kenya,MOH Supply Plan,"Medroxyprogesterone Acetate 104 mg/0.65 mL, Subcutaneous, Pre-Filled Device",In Review,Ready to Use Approved,Projected Inventory,Base,2027-04,1923481.0
Kenya,MOH Supply Plan,"Medroxyprogesterone Acetate 104 mg/0.65 mL, Subcutaneous, Pre-Filled Device",In Review,Ready to Use Approved,Projected Inventory,Base,2027-05,1804821.0
Kenya,MOH Supply Plan,"Medroxyprogesterone Acetate 104 mg/0.65 mL, Subcutaneous, Pre-Filled Device",In Review,Ready to Use Approved,Projected Inventory,Base,2027-06,1686161.0
Kenya,MOH Supply Plan,"Medroxyprogesterone Acetate 104 mg/0.65 mL, Subcutaneous, Pre-Filled Device",In Review,Ready to Use Approved,Projected Inventory,Base,2027-07,1564890.0
Kenya,MOH Supply Plan,"Medroxyprogesterone Acetate 104 mg/0.65 mL, Subcutaneous, Pre-Filled Device",In Review,Ready to Use Approved,Projected Inventory,Base,2027-08,1443619.0
Kenya,MOH Supply Plan,"Medroxyprogesterone Acetate 104 mg/0.65 mL, Subcutaneous, Pre-Filled Device",In Review,Ready to Use Approved,Projected Inventory,Base,2027-09,1322348.0
Kenya,MOH Supply Plan,"Medroxyprogesterone Acetate 104 mg/0.65 mL, Subcutaneous, Pre-Filled Device",In Review,Ready to Use Approved,Projected Inventory,Base,2027-10,1201077.0
Kenya,MOH Supply Plan,"Medroxyprogesterone Acetate 104 mg/0.65 mL, Subcutaneous, Pre-Filled Device",In Review,Ready to Use Approved,Projected Inventory,Base,2027-11,1079806.0
Kenya,MOH Supply Plan,"Medroxyprogesterone Acetate 104 mg/0.65 mL, Subcutaneous, Pre-Filled Device",In Review,Ready to Use Approved,Projected Inventory,Base,2027-12,958535.0
Kenya,MOH Supply Plan,"Medroxyprogesterone Acetate 104 mg/0.65 mL, Subcutaneous, Pre-Filled Device",In Review,Ready to Use Approved,Projected Inventory,Base,2028-01,837264.0
Kenya,MOH Supply Plan,"Medroxyprogesterone Acetate 104 mg/0.65 mL, Subcutaneous, Pre-Filled Device",In Review,Ready to Use Approved,Projected Inventory,Base,2028-02,715993.0
Kenya,MOH Supply Plan,"Medroxyprogesterone Acetate 104 mg/0.65 mL, Subcutaneous, Pre-Filled Device",In Review,Ready to Use Approved,Projected Inventory,Base,2028-03,594722.0
Kenya,MOH Supply Plan,"Medroxyprogesterone Acetate 104 mg/0.65 mL, Subcutaneous, Pre-Filled Device",In Review,Ready to Use Approved,Projected Inventory,Base,2028-04,473451.0
Kenya,MOH Supply Plan,"Medroxyprogesterone Acetate 104 mg/0.65 mL, Subcutaneous, Pre-Filled Device",In Review,Ready to Use Approved,Projected Inventory,Base,2028-05,352180.0
Kenya,MOH Supply Plan,"Medroxyprogesterone Acetate 104 mg/0.65 mL, Subcutaneous, Pre-Filled Device",In Review,Ready to Use Approved,Projected Inventory,Base,2028-06,230909.0
Kenya,MOH Supply Plan,"Medroxyprogesterone Acetate 104 mg/0.65 mL, Subcutaneous, Pre-Filled Device",In Review,Ready to Use Approved,Projected Inventory,Base,2028-07,230909.0
Kenya,MOH Supply Plan,"Medroxyprogesterone Acetate 104 mg/0.65 mL, Subcutaneous, Pre-Filled Device",In Review,Ready to Use Approved,Projected Inventory,Base,2028-08,230909.0
Kenya,MOH Supply Plan,"Medroxyprogesterone Acetate 104 mg/0.65 mL, Subcutaneous, Pre-Filled Device",In Review,Ready to Use Approved,Projected Inventory,Base,2028-09,230909.0
Kenya,MOH Supply Plan,"Medroxyprogesterone Acetate 104 mg/0.65 mL, Subcutaneous, Pre-Filled Device",In Review,Ready to Use Approved,Projected MOS,Base,2026-03,0.0
Kenya,MOH Supply Plan,"Medroxyprogesterone Acetate 104 mg/0.65 mL, Subcutaneous, Pre-Filled Device",In Review,Ready to Use Approved,Projected MOS,Base,2026-04,0.0
Kenya,MOH Supply Plan,"Medroxyprogesterone Acetate 104 mg/0.65 mL, Subcutaneous, Pre-Filled Device",In Review,Ready to Use Approved,Projected MOS,Base,2026-05,0.0
Kenya,MOH Supply Plan,"Medroxyprogesterone Acetate 104 mg/0.65 mL, Subcutaneous, Pre-Filled Device",In Review,Ready to Use Approved,Projected MOS,Base,2026-06,0.0
Kenya,MOH Supply Plan,"Medroxyprogesterone Acetate 104 mg/0.65 mL, Subcutaneous, Pre-Filled Device",In Review,Ready to Use Approved,Projected MOS,Base,2026-07,2.1
Kenya,MOH Supply Plan,"Medroxyprogesterone Acetate 104 mg/0.65 mL, Subcutaneous, Pre-Filled Device",In Review,Ready to Use Approved,Projected MOS,Base,2026-08,12.2
Kenya,MOH Supply Plan,"Medroxyprogesterone Acetate 104 mg/0.65 mL, Subcutaneous, Pre-Filled Device",In Review,Ready to Use Approved,Projected MOS,Base,2026-09,11.2
Kenya,MOH Supply Plan,"Medroxyprogesterone Acetate 104 mg/0.65 mL, Subcutaneous, Pre-Filled Device",In Review,Ready to Use Approved,Projected MOS,Base,2026-10,14.9
Kenya,MOH Supply Plan,"Medroxyprogesterone Acetate 104 mg/0.65 mL, Subcutaneous, Pre-Filled Device",In Review,Ready to Use Approved,Projected MOS,Base,2026-11,21.2
Kenya,MOH Supply Plan,"Medroxyprogesterone Acetate 104 mg/0.65 mL, Subcutaneous, Pre-Filled Device",In Review,Ready to Use Approved,Projected MOS,Base,2026-12,20.2
Kenya,MOH Supply Plan,"Medroxyprogesterone Acetate 104 mg/0.65 mL, Subcutaneous, Pre-Filled Device",In Review,Ready to Use Approved,Projected MOS,Base,2027-01,19.2
Kenya,MOH Supply Plan,"Medroxyprogesterone Acetate 104 mg/0.65 mL, Subcutaneous, Pre-Filled Device",In Review,Ready to Use Approved,Projected MOS,Base,2027-02,18.2
Kenya,MOH Supply Plan,"Medroxyprogesterone Acetate 104 mg/0.65 mL, Subcutaneous, Pre-Filled Device",In Review,Ready to Use Approved,Projected MOS,Base,2027-03,17.2
Kenya,MOH Supply Plan,"Medroxyprogesterone Acetate 104 mg/0.65 mL, Subcutaneous, Pre-Filled Device",In Review,Ready to Use Approved,Projected MOS,Base,2027-04,16.2
Kenya,MOH Supply Plan,"Medroxyprogesterone Acetate 104 mg/0.65 mL, Subcutaneous, Pre-Filled Device",In Review,Ready to Use Approved,Projected MOS,Base,2027-05,15.1
Kenya,MOH Supply Plan,"Medroxyprogesterone Acetate 104 mg/0.65 mL, Subcutaneous, Pre-Filled Device",In Review,Ready to Use Approved,Projected MOS,Base,2027-06,14.0
Kenya,MOH Supply Plan,"Medroxyprogesterone Acetate 104 mg/0.65 mL, Subcutaneous, Pre-Filled Device",In Review,Ready to Use Approved,Projected MOS,Base,2027-07,12.9
Kenya,MOH Supply Plan,"Medroxyprogesterone Acetate 104 mg/0.65 mL, Subcutaneous, Pre-Filled Device",In Review,Ready to Use Approved,Projected MOS,Base,2027-08,11.9
Kenya,MOH Supply Plan,"Medroxyprogesterone Acetate 104 mg/0.65 mL, Subcutaneous, Pre-Filled Device",In Review,Ready to Use Approved,Projected MOS,Base,2027-09,10.9
Kenya,MOH Supply Plan,"Medroxyprogesterone Acetate 104 mg/0.65 mL, Subcutaneous, Pre-Filled Device",In Review,Ready to Use Approved,Projected MOS,Base,2027-10,9.9
Kenya,MOH Supply Plan,"Medroxyprogesterone Acetate 104 mg/0.65 mL, Subcutaneous, Pre-Filled Device",In Review,Ready to Use Approved,Projected MOS,Base,2027-11,8.9
Kenya,MOH Supply Plan,"Medroxyprogesterone Acetate 104 mg/0.65 mL, Subcutaneous, Pre-Filled Device",In Review,Ready to Use Approved,Projected MOS,Base,2027-12,7.9
Kenya,MOH Supply Plan,"Medroxyprogesterone Acetate 104 mg/0.65 mL, Subcutaneous, Pre-Filled Device",In Review,Ready to Use Approved,Projected MOS,Base,2028-01,6.9
Kenya,MOH Supply Plan,"Medroxyprogesterone Acetate 104 mg/0.65 mL, Subcutaneous, Pre-Filled Device",In Review,Ready to Use Approved,Projected MOS,Base,2028-02,5.9
Kenya,MOH Supply Plan,"Medroxyprogesterone Acetate 104 mg/0.65 mL, Subcutaneous, Pre-Filled Device",In Review,Ready to Use Approved,Projected MOS,Base,2028-03,4.9
Kenya,MOH Supply Plan,"Medroxyprogesterone Acetate 104 mg/0.65 mL, Subcutaneous, Pre-Filled Device",In Review,Ready to Use Approved,Projected MOS,Base,2028-04,3.9
Kenya,MOH Supply Plan,"Medroxyprogesterone Acetate 104 mg/0.65 mL, Subcutaneous, Pre-Filled Device",In Review,Ready to Use Approved,Projected MOS,Base,2028-05,2.9
Kenya,MOH Supply Plan,"Medroxyprogesterone Acetate 104 mg/0.65 mL, Subcutaneous, Pre-Filled Device",In Review,Ready to Use Approved,Projected MOS,Base,2028-06,1.9
Kenya,MOH Supply Plan,"Medroxyprogesterone Acetate 104 mg/0.65 mL, Subcutaneous, Pre-Filled Device",In Review,Ready to Use Approved,Projected MOS below min MOS Alert,Base,2026-03,0.0
Kenya,MOH Supply Plan,"Medroxyprogesterone Acetate 104 mg/0.65 mL, Subcutaneous, Pre-Filled Device",In Review,Ready to Use Approved,Projected MOS below min MOS Alert,Base,2026-04,0.0
Kenya,MOH Supply Plan,"Medroxyprogesterone Acetate 104 mg/0.65 mL, Subcutaneous, Pre-Filled Device",In Review,Ready to Use Approved,Projected MOS below min MOS Alert,Base,2026-05,0.0
Kenya,MOH Supply Plan,"Medroxyprogesterone Acetate 104 mg/0.65 mL, Subcutaneous, Pre-Filled Device",In Review,Ready to Use Approved,Projected MOS below min MOS Alert,Base,2026-06,0.0
Kenya,MOH Supply Plan,"Medroxyprogesterone Acetate 104 mg/0.65 mL, Subcutaneous, Pre-Filled Device",In Review,Ready to Use Approved,Projected MOS below min MOS Alert,Base,2026-07,0.0
Kenya,MOH Supply Plan,"Medroxyprogesterone Acetate 104 mg/0.65 mL, Subcutaneous, Pre-Filled Device",In Review,Ready to Use Approved,Projected MOS below min MOS Alert,Base,2026-08,0.0
Kenya,MOH Supply Plan,"Medroxyprogesterone Acetate 104 mg/0.65 mL, Subcutaneous, Pre-Filled Device",In Review,Ready to Use Approved,Projected MOS below min MOS Alert,Base,2026-09,0.0
Kenya,MOH Supply Plan,"Medroxyprogesterone Acetate 104 mg/0.65 mL, Subcutaneous, Pre-Filled Device",In Review,Ready to Use Approved,Projected MOS below min MOS Alert,Base,2026-10,0.0
Kenya,MOH Supply Plan,"Medroxyprogesterone Acetate 104 mg/0.65 mL, Subcutaneous, Pre-Filled Device",In Review,Ready to Use Approved,Projected MOS below min MOS Alert,Base,2026-11,0.0
Kenya,MOH Supply Plan,"Medroxyprogesterone Acetate 104 mg/0.65 mL, Subcutaneous, Pre-Filled Device",In Review,Ready to Use Approved,Projected MOS below min MOS Alert,Base,2026-12,0.0
Kenya,MOH Supply Plan,"Medroxyprogesterone Acetate 104 mg/0.65 mL, Subcutaneous, Pre-Filled Device",In Review,Ready to Use Approved,Projected MOS below min MOS Alert,Base,2027-01,0.0
Kenya,MOH Supply Plan,"Medroxyprogesterone Acetate 104 mg/0.65 mL, Subcutaneous, Pre-Filled Device",In Review,Ready to Use Approved,Projected MOS below min MOS Alert,Base,2027-02,0.0
Kenya,MOH Supply Plan,"Medroxyprogesterone Acetate 104 mg/0.65 mL, Subcutaneous, Pre-Filled Device",In Review,Ready to Use Approved,Projected MOS below min MOS Alert,Base,2027-03,0.0
Kenya,MOH Supply Plan,"Medroxyprogesterone Acetate 104 mg/0.65 mL, Subcutaneous, Pre-Filled Device",In Review,Ready to Use Approved,Projected MOS below min MOS Alert,Base,2027-04,0.0
Kenya,MOH Supply Plan,"Medroxyprogesterone Acetate 104 mg/0.65 mL, Subcutaneous, Pre-Filled Device",In Review,Ready to Use Approved,Projected MOS below min MOS Alert,Base,2027-05,0.0
Kenya,MOH Supply Plan,"Medroxyprogesterone Acetate 104 mg/0.65 mL, Subcutaneous, Pre-Filled Device",In Review,Ready to Use Approved,Projected MOS below min MOS Alert,Base,2027-06,0.0
Kenya,MOH Supply Plan,"Medroxyprogesterone Acetate 104 mg/0.65 mL, Subcutaneous, Pre-Filled Device",In Review,Ready to Use Approved,Projected MOS below min MOS Alert,Base,2027-07,0.0
Kenya,MOH Supply Plan,"Medroxyprogesterone Acetate 104 mg/0.65 mL, Subcutaneous, Pre-Filled Device",In Review,Ready to Use Approved,Projected MOS below min MOS Alert,Base,2027-08,0.0
Kenya,MOH Supply Plan,"Medroxyprogesterone Acetate 104 mg/0.65 mL, Subcutaneous, Pre-Filled Device",In Review,Ready to Use Approved,Projected MOS below min MOS Alert,Base,2027-09,0.0
Kenya,MOH Supply Plan,"Medroxyprogesterone Acetate 104 mg/0.65 mL, Subcutaneous, Pre-Filled Device",In Review,Ready to Use Approved,Projected MOS below min MOS Alert,Base,2027-10,0.0
Kenya,MOH Supply Plan,"Medroxyprogesterone Acetate 104 mg/0.65 mL, Subcutaneous, Pre-Filled Device",In Review,Ready to Use Approved,Projected MOS below min MOS Alert,Base,2027-11,0.0
Kenya,MOH Supply Plan,"Medroxyprogesterone Acetate 104 mg/0.65 mL, Subcutaneous, Pre-Filled Device",In Review,Ready to Use Approved,Projected MOS below min MOS Alert,Base,2027-12,0.0
Kenya,MOH Supply Plan,"Medroxyprogesterone Acetate 104 mg/0.65 mL, Subcutaneous, Pre-Filled Device",In Review,Ready to Use Approved,Projected MOS below min MOS Alert,Base,2028-01,0.0
Kenya,MOH Supply Plan,"Medroxyprogesterone Acetate 104 mg/0.65 mL, Subcutaneous, Pre-Filled Device",In Review,Ready to Use Approved,Projected MOS below min MOS Alert,Base,2028-02,0.0
Kenya,MOH Supply Plan,"Medroxyprogesterone Acetate 104 mg/0.65 mL, Subcutaneous, Pre-Filled Device",In Review,Ready to Use Approved,Projected MOS below min MOS Alert,Base,2028-03,0.0
Kenya,MOH Supply Plan,"Medroxyprogesterone Acetate 104 mg/0.65 mL, Subcutaneous, Pre-Filled Device",In Review,Ready to Use Approved,Projected MOS below min MOS Alert,Base,2028-04,0.0
Kenya,MOH Supply Plan,"Medroxyprogesterone Acetate 104 mg/0.65 mL, Subcutaneous, Pre-Filled Device",In Review,Ready to Use Approved,Projected MOS below min MOS Alert,Base,2028-05,0.0
Kenya,MOH Supply Plan,"Medroxyprogesterone Acetate 104 mg/0.65 mL, Subcutaneous, Pre-Filled Device",In Review,Ready to Use Approved,Projected MOS below min MOS Alert,Base,2028-06,0.0
Kenya,MOH Supply Plan,"Medroxyprogesterone Acetate 104 mg/0.65 mL, Subcutaneous, Pre-Filled Device",In Review,Ready to Use Approved,Projected MOS below min MOS Alert,Base,2028-07,0.0
Kenya,MOH Supply Plan,"Medroxyprogesterone Acetate 104 mg/0.65 mL, Subcutaneous, Pre-Filled Device",In Review,Ready to Use Approved,Projected MOS below min MOS Alert,Base,2028-08,0.0
Kenya,MOH Supply Plan,"Medroxyprogesterone Acetate 104 mg/0.65 mL, Subcutaneous, Pre-Filled Device",In Review,Ready to Use Approved,Projected MOS below min MOS Alert,Base,2028-09,0.0
Kenya,MOH Supply Plan,"Medroxyprogesterone Acetate 104 mg/0.65 mL, Subcutaneous, Pre-Filled Device",In Review,Ready to Use Approved,Projected MOS above max MOS Alert,Base,2026-03,0.0
Kenya,MOH Supply Plan,"Medroxyprogesterone Acetate 104 mg/0.65 mL, Subcutaneous, Pre-Filled Device",In Review,Ready to Use Approved,Projected MOS above max MOS Alert,Base,2026-04,0.0
Kenya,MOH Supply Plan,"Medroxyprogesterone Acetate 104 mg/0.65 mL, Subcutaneous, Pre-Filled Device",In Review,Ready to Use Approved,Projected MOS above max MOS Alert,Base,2026-05,0.0
Kenya,MOH Supply Plan,"Medroxyprogesterone Acetate 104 mg/0.65 mL, Subcutaneous, Pre-Filled Device",In Review,Ready to Use Approved,Projected MOS above max MOS Alert,Base,2026-06,0.0
Kenya,MOH Supply Plan,"Medroxyprogesterone Acetate 104 mg/0.65 mL, Subcutaneous, Pre-Filled Device",In Review,Ready to Use Approved,Projected MOS above max MOS Alert,Base,2026-07,0.0
Kenya,MOH Supply Plan,"Medroxyprogesterone Acetate 104 mg/0.65 mL, Subcutaneous, Pre-Filled Device",In Review,Ready to Use Approved,Projected MOS above max MOS Alert,Base,2026-08,0.0
Kenya,MOH Supply Plan,"Medroxyprogesterone Acetate 104 mg/0.65 mL, Subcutaneous, Pre-Filled Device",In Review,Ready to Use Approved,Projected MOS above max MOS Alert,Base,2026-09,0.0
Kenya,MOH Supply Plan,"Medroxyprogesterone Acetate 104 mg/0.65 mL, Subcutaneous, Pre-Filled Device",In Review,Ready to Use Approved,Projected MOS above max MOS Alert,Base,2026-10,0.0
Kenya,MOH Supply Plan,"Medroxyprogesterone Acetate 104 mg/0.65 mL, Subcutaneous, Pre-Filled Device",In Review,Ready to Use Approved,Projected MOS above max MOS Alert,Base,2026-11,0.0
Kenya,MOH Supply Plan,"Medroxyprogesterone Acetate 104 mg/0.65 mL, Subcutaneous, Pre-Filled Device",In Review,Ready to Use Approved,Projected MOS above max MOS Alert,Base,2026-12,0.0
Kenya,MOH Supply Plan,"Medroxyprogesterone Acetate 104 mg/0.65 mL, Subcutaneous, Pre-Filled Device",In Review,Ready to Use Approved,Projected MOS above max MOS Alert,Base,2027-01,0.0
Kenya,MOH Supply Plan,"Medroxyprogesterone Acetate 104 mg/0.65 mL, Subcutaneous, Pre-Filled Device",In Review,Ready to Use Approved,Projected MOS above max MOS Alert,Base,2027-02,0.0
Kenya,MOH Supply Plan,"Medroxyprogesterone Acetate 104 mg/0.65 mL, Subcutaneous, Pre-Filled Device",In Review,Ready to Use Approved,Projected MOS above max MOS Alert,Base,2027-03,0.0
Kenya,MOH Supply Plan,"Medroxyprogesterone Acetate 104 mg/0.65 mL, Subcutaneous, Pre-Filled Device",In Review,Ready to Use Approved,Projected MOS above max MOS Alert,Base,2027-04,0.0
Kenya,MOH Supply Plan,"Medroxyprogesterone Acetate 104 mg/0.65 mL, Subcutaneous, Pre-Filled Device",In Review,Ready to Use Approved,Projected MOS above max MOS Alert,Base,2027-05,0.0
Kenya,MOH Supply Plan,"Medroxyprogesterone Acetate 104 mg/0.65 mL, Subcutaneous, Pre-Filled Device",In Review,Ready to Use Approved,Projected MOS above max MOS Alert,Base,2027-06,0.0
Kenya,MOH Supply Plan,"Medroxyprogesterone Acetate 104 mg/0.65 mL, Subcutaneous, Pre-Filled Device",In Review,Ready to Use Approved,Projected MOS above max MOS Alert,Base,2027-07,0.0
Kenya,MOH Supply Plan,"Medroxyprogesterone Acetate 104 mg/0.65 mL, Subcutaneous, Pre-Filled Device",In Review,Ready to Use Approved,Projected MOS above max MOS Alert,Base,2027-08,0.0
Kenya,MOH Supply Plan,"Medroxyprogesterone Acetate 104 mg/0.65 mL, Subcutaneous, Pre-Filled Device",In Review,Ready to Use Approved,Projected MOS above max MOS Alert,Base,2027-09,0.0
Kenya,MOH Supply Plan,"Medroxyprogesterone Acetate 104 mg/0.65 mL, Subcutaneous, Pre-Filled Device",In Review,Ready to Use Approved,Projected MOS above max MOS Alert,Base,2027-10,0.0
Kenya,MOH Supply Plan,"Medroxyprogesterone Acetate 104 mg/0.65 mL, Subcutaneous, Pre-Filled Device",In Review,Ready to Use Approved,Projected MOS above max MOS Alert,Base,2027-11,0.0
Kenya,MOH Supply Plan,"Medroxyprogesterone Acetate 104 mg/0.65 mL, Subcutaneous, Pre-Filled Device",In Review,Ready to Use Approved,Projected MOS above max MOS Alert,Base,2027-12,0.0
Kenya,MOH Supply Plan,"Medroxyprogesterone Acetate 104 mg/0.65 mL, Subcutaneous, Pre-Filled Device",In Review,Ready to Use Approved,Projected MOS above max MOS Alert,Base,2028-01,0.0
Kenya,MOH Supply Plan,"Medroxyprogesterone Acetate 104 mg/0.65 mL, Subcutaneous, Pre-Filled Device",In Review,Ready to Use Approved,Projected MOS above max MOS Alert,Base,2028-02,0.0
Kenya,MOH Supply Plan,"Medroxyprogesterone Acetate 104 mg/0.65 mL, Subcutaneous, Pre-Filled Device",In Review,Ready to Use Approved,Projected MOS above max MOS Alert,Base,2028-03,0.0
Kenya,MOH Supply Plan,"Medroxyprogesterone Acetate 104 mg/0.65 mL, Subcutaneous, Pre-Filled Device",In Review,Ready to Use Approved,Projected MOS above max MOS Alert,Base,2028-04,0.0
Kenya,MOH Supply Plan,"Medroxyprogesterone Acetate 104 mg/0.65 mL, Subcutaneous, Pre-Filled Device",In Review,Ready to Use Approved,Projected MOS above max MOS Alert,Base,2028-05,0.0
Kenya,MOH Supply Plan,"Medroxyprogesterone Acetate 104 mg/0.65 mL, Subcutaneous, Pre-Filled Device",In Review,Ready to Use Approved,Projected MOS above max MOS Alert,Base,2028-06,0.0
Kenya,MOH Supply Plan,"Medroxyprogesterone Acetate 104 mg/0.65 mL, Subcutaneous, Pre-Filled Device",In Review,Ready to Use Approved,Projected MOS above max MOS Alert,Base,2028-07,0.0
Kenya,MOH Supply Plan,"Medroxyprogesterone Acetate 104 mg/0.65 mL, Subcutaneous, Pre-Filled Device",In Review,Ready to Use Approved,Projected MOS above max MOS Alert,Base,2028-08,0.0
Kenya,MOH Supply Plan,"Medroxyprogesterone Acetate 104 mg/0.65 mL, Subcutaneous, Pre-Filled Device",In Review,Ready to Use Approved,Projected MOS above max MOS Alert,Base,2028-09,0.0
Kenya,MOH Supply Plan,"Medroxyprogesterone Acetate 104 mg/0.65 mL, Subcutaneous, Pre-Filled Device",In Review,Ready to Use Approved,Projected MOS with Sugg Repl,Base,2026-09,24.0
Kenya,MOH Supply Plan,"Medroxyprogesterone Acetate 104 mg/0.65 mL, Subcutaneous, Pre-Filled Device",In Review,Ready to Use Approved,Projected MOS with Sugg Repl,Base,2026-10,27.7
Kenya,MOH Supply Plan,"Medroxyprogesterone Acetate 104 mg/0.65 mL, Subcutaneous, Pre-Filled Device",In Review,Ready to Use Approved,Projected MOS with Sugg Repl,Base,2026-11,34.1
Kenya,MOH Supply Plan,"Medroxyprogesterone Acetate 104 mg/0.65 mL, Subcutaneous, Pre-Filled Device",In Review,Ready to Use Approved,Projected MOS with Sugg Repl,Base,2026-12,33.1
Kenya,MOH Supply Plan,"Medroxyprogesterone Acetate 104 mg/0.65 mL, Subcutaneous, Pre-Filled Device",In Review,Ready to Use Approved,Projected MOS with Sugg Repl,Base,2027-01,32.1
Kenya,MOH Supply Plan,"Medroxyprogesterone Acetate 104 mg/0.65 mL, Subcutaneous, Pre-Filled Device",In Review,Ready to Use Approved,Projected MOS with Sugg Repl,Base,2027-02,31.1
Kenya,MOH Supply Plan,"Medroxyprogesterone Acetate 104 mg/0.65 mL, Subcutaneous, Pre-Filled Device",In Review,Ready to Use Approved,Projected MOS with Sugg Repl,Base,2027-03,30.1
Kenya,MOH Supply Plan,"Medroxyprogesterone Acetate 104 mg/0.65 mL, Subcutaneous, Pre-Filled Device",In Review,Ready to Use Approved,Projected MOS with Sugg Repl,Base,2027-04,29.1
Kenya,MOH Supply Plan,"Medroxyprogesterone Acetate 104 mg/0.65 mL, Subcutaneous, Pre-Filled Device",In Review,Ready to Use Approved,Projected MOS with Sugg Repl,Base,2027-05,27.8
Kenya,MOH Supply Plan,"Medroxyprogesterone Acetate 104 mg/0.65 mL, Subcutaneous, Pre-Filled Device",In Review,Ready to Use Approved,Projected MOS with Sugg Repl,Base,2027-06,26.7
Kenya,MOH Supply Plan,"Medroxyprogesterone Acetate 104 mg/0.65 mL, Subcutaneous, Pre-Filled Device",In Review,Ready to Use Approved,Projected MOS with Sugg Repl,Base,2027-07,25.5
Kenya,MOH Supply Plan,"Medroxyprogesterone Acetate 104 mg/0.65 mL, Subcutaneous, Pre-Filled Device",In Review,Ready to Use Approved,Projected MOS with Sugg Repl,Base,2027-08,24.5
Kenya,MOH Supply Plan,"Medroxyprogesterone Acetate 104 mg/0.65 mL, Subcutaneous, Pre-Filled Device",In Review,Ready to Use Approved,Projected MOS with Sugg Repl,Base,2027-09,23.5
Kenya,MOH Supply Plan,"Medroxyprogesterone Acetate 104 mg/0.65 mL, Subcutaneous, Pre-Filled Device",In Review,Ready to Use Approved,Projected MOS with Sugg Repl,Base,2027-10,22.5
Kenya,MOH Supply Plan,"Medroxyprogesterone Acetate 104 mg/0.65 mL, Subcutaneous, Pre-Filled Device",In Review,Ready to Use Approved,Projected MOS with Sugg Repl,Base,2027-11,21.5
Kenya,MOH Supply Plan,"Medroxyprogesterone Acetate 104 mg/0.65 mL, Subcutaneous, Pre-Filled Device",In Review,Ready to Use Approved,Projected MOS with Sugg Repl,Base,2027-12,20.5
Kenya,MOH Supply Plan,"Medroxyprogesterone Acetate 104 mg/0.65 mL, Subcutaneous, Pre-Filled Device",In Review,Ready to Use Approved,Projected MOS with Sugg Repl,Base,2028-01,19.5
Kenya,MOH Supply Plan,"Medroxyprogesterone Acetate 104 mg/0.65 mL, Subcutaneous, Pre-Filled Device",In Review,Ready to Use Approved,Projected MOS with Sugg Repl,Base,2028-02,18.5
Kenya,MOH Supply Plan,"Medroxyprogesterone Acetate 104 mg/0.65 mL, Subcutaneous, Pre-Filled Device",In Review,Ready to Use Approved,Projected MOS with Sugg Repl,Base,2028-03,24.0
Kenya,MOH Supply Plan,"Medroxyprogesterone Acetate 104 mg/0.65 mL, Subcutaneous, Pre-Filled Device",In Review,Ready to Use Approved,Projected MOS with Sugg Repl,Base,2028-04,23.0
Kenya,MOH Supply Plan,"Medroxyprogesterone Acetate 104 mg/0.65 mL, Subcutaneous, Pre-Filled Device",In Review,Ready to Use Approved,Projected MOS with Sugg Repl,Base,2028-05,22.0
Kenya,MOH Supply Plan,"Medroxyprogesterone Acetate 104 mg/0.65 mL, Subcutaneous, Pre-Filled Device",In Review,Ready to Use Approved,Projected MOS with Sugg Repl,Base,2028-06,21.0
Kenya,MOH Supply Plan,"Medroxyprogesterone Acetate 104 mg/0.65 mL, Subcutaneous, Pre-Filled Device",In Review,Ready to Use Approved,Monthly Consumption,S1,2026-03,117253.0
Kenya,MOH Supply Plan,"Medroxyprogesterone Acetate 104 mg/0.65 mL, Subcutaneous, Pre-Filled Device",In Review,Ready to Use Approved,Monthly Consumption,S1,2026-04,116106.0
Kenya,MOH Supply Plan,"Medroxyprogesterone Acetate 104 mg/0.65 mL, Subcutaneous, Pre-Filled Device",In Review,Ready to Use Approved,Monthly Consumption,S1,2026-05,116106.0
Kenya,MOH Supply Plan,"Medroxyprogesterone Acetate 104 mg/0.65 mL, Subcutaneous, Pre-Filled Device",In Review,Ready to Use Approved,Monthly Consumption,S1,2026-06,116106.0
Kenya,MOH Supply Plan,"Medroxyprogesterone Acetate 104 mg/0.65 mL, Subcutaneous, Pre-Filled Device",In Review,Ready to Use Approved,Monthly Consumption,S1,2026-07,118660.0
Kenya,MOH Supply Plan,"Medroxyprogesterone Acetate 104 mg/0.65 mL, Subcutaneous, Pre-Filled Device",In Review,Ready to Use Approved,Monthly Consumption,S1,2026-08,118660.0
Kenya,MOH Supply Plan,"Medroxyprogesterone Acetate 104 mg/0.65 mL, Subcutaneous, Pre-Filled Device",In Review,Ready to Use Approved,Monthly Consumption,S1,2026-09,118660.0
Kenya,MOH Supply Plan,"Medroxyprogesterone Acetate 104 mg/0.65 mL, Subcutaneous, Pre-Filled Device",In Review,Ready to Use Approved,Monthly Consumption,S1,2026-10,118660.0
Kenya,MOH Supply Plan,"Medroxyprogesterone Acetate 104 mg/0.65 mL, Subcutaneous, Pre-Filled Device",In Review,Ready to Use Approved,Monthly Consumption,S1,2026-11,118660.0
Kenya,MOH Supply Plan,"Medroxyprogesterone Acetate 104 mg/0.65 mL, Subcutaneous, Pre-Filled Device",In Review,Ready to Use Approved,Monthly Consumption,S1,2026-12,118660.0
Kenya,MOH Supply Plan,"Medroxyprogesterone Acetate 104 mg/0.65 mL, Subcutaneous, Pre-Filled Device",In Review,Ready to Use Approved,Monthly Consumption,S1,2027-01,118660.0
Kenya,MOH Supply Plan,"Medroxyprogesterone Acetate 104 mg/0.65 mL, Subcutaneous, Pre-Filled Device",In Review,Ready to Use Approved,Monthly Consumption,S1,2027-02,118660.0
Kenya,MOH Supply Plan,"Medroxyprogesterone Acetate 104 mg/0.65 mL, Subcutaneous, Pre-Filled Device",In Review,Ready to Use Approved,Monthly Consumption,S1,2027-03,118660.0
Kenya,MOH Supply Plan,"Medroxyprogesterone Acetate 104 mg/0.65 mL, Subcutaneous, Pre-Filled Device",In Review,Ready to Use Approved,Monthly Consumption,S1,2027-04,118660.0
Kenya,MOH Supply Plan,"Medroxyprogesterone Acetate 104 mg/0.65 mL, Subcutaneous, Pre-Filled Device",In Review,Ready to Use Approved,Monthly Consumption,S1,2027-05,118660.0
Kenya,MOH Supply Plan,"Medroxyprogesterone Acetate 104 mg/0.65 mL, Subcutaneous, Pre-Filled Device",In Review,Ready to Use Approved,Monthly Consumption,S1,2027-06,118660.0
Kenya,MOH Supply Plan,"Medroxyprogesterone Acetate 104 mg/0.65 mL, Subcutaneous, Pre-Filled Device",In Review,Ready to Use Approved,Monthly Consumption,S1,2027-07,121271.0
Kenya,MOH Supply Plan,"Medroxyprogesterone Acetate 104 mg/0.65 mL, Subcutaneous, Pre-Filled Device",In Review,Ready to Use Approved,Monthly Consumption,S1,2027-08,121271.0
Kenya,MOH Supply Plan,"Medroxyprogesterone Acetate 104 mg/0.65 mL, Subcutaneous, Pre-Filled Device",In Review,Ready to Use Approved,Monthly Consumption,S1,2027-09,121271.0
Kenya,MOH Supply Plan,"Medroxyprogesterone Acetate 104 mg/0.65 mL, Subcutaneous, Pre-Filled Device",In Review,Ready to Use Approved,Monthly Consumption,S1,2027-10,121271.0
Kenya,MOH Supply Plan,"Medroxyprogesterone Acetate 104 mg/0.65 mL, Subcutaneous, Pre-Filled Device",In Review,Ready to Use Approved,Monthly Consumption,S1,2027-11,121271.0
Kenya,MOH Supply Plan,"Medroxyprogesterone Acetate 104 mg/0.65 mL, Subcutaneous, Pre-Filled Device",In Review,Ready to Use Approved,Monthly Consumption,S1,2027-12,121271.0
Kenya,MOH Supply Plan,"Medroxyprogesterone Acetate 104 mg/0.65 mL, Subcutaneous, Pre-Filled Device",In Review,Ready to Use Approved,Monthly Consumption,S1,2028-01,121271.0
Kenya,MOH Supply Plan,"Medroxyprogesterone Acetate 104 mg/0.65 mL, Subcutaneous, Pre-Filled Device",In Review,Ready to Use Approved,Monthly Consumption,S1,2028-02,121271.0
Kenya,MOH Supply Plan,"Medroxyprogesterone Acetate 104 mg/0.65 mL, Subcutaneous, Pre-Filled Device",In Review,Ready to Use Approved,Monthly Consumption,S1,2028-03,121271.0
Kenya,MOH Supply Plan,"Medroxyprogesterone Acetate 104 mg/0.65 mL, Subcutaneous, Pre-Filled Device",In Review,Ready to Use Approved,Monthly Consumption,S1,2028-04,121271.0
Kenya,MOH Supply Plan,"Medroxyprogesterone Acetate 104 mg/0.65 mL, Subcutaneous, Pre-Filled Device",In Review,Ready to Use Approved,Monthly Consumption,S1,2028-05,121271.0
Kenya,MOH Supply Plan,"Medroxyprogesterone Acetate 104 mg/0.65 mL, Subcutaneous, Pre-Filled Device",In Review,Ready to Use Approved,Monthly Consumption,S1,2028-06,121271.0
Kenya,MOH Supply Plan,"Medroxyprogesterone Acetate 104 mg/0.65 mL, Subcutaneous, Pre-Filled Device",In Review,Ready to Use Approved,Projected Supplies,S1,2026-10,560000.0
Kenya,MOH Supply Plan,"Medroxyprogesterone Acetate 104 mg/0.65 mL, Subcutaneous, Pre-Filled Device",In Review,Ready to Use Approved,Projected Supplies,S1,2026-11,150000.0
Kenya,MOH Supply Plan,"Medroxyprogesterone Acetate 104 mg/0.65 mL, Subcutaneous, Pre-Filled Device",In Review,Ready to Use Approved,Projected Supplies,S1,2026-12,554500.0
Kenya,MOH Supply Plan,"Medroxyprogesterone Acetate 104 mg/0.65 mL, Subcutaneous, Pre-Filled Device",In Review,Ready to Use Approved,Projected Supplies,S1,2027-01,0.0
Kenya,MOH Supply Plan,"Medroxyprogesterone Acetate 104 mg/0.65 mL, Subcutaneous, Pre-Filled Device",In Review,Ready to Use Approved,Projected Supplies,S1,2027-02,732400.0
Kenya,MOH Supply Plan,"Medroxyprogesterone Acetate 104 mg/0.65 mL, Subcutaneous, Pre-Filled Device",In Review,Ready to Use Approved,Projected Supplies,S1,2027-08,759000.0
Kenya,MOH Supply Plan,"Medroxyprogesterone Acetate 104 mg/0.65 mL, Subcutaneous, Pre-Filled Device",In Review,Ready to Use Approved,Projected Inventory,S1,2026-03,0.0
Kenya,MOH Supply Plan,"Medroxyprogesterone Acetate 104 mg/0.65 mL, Subcutaneous, Pre-Filled Device",In Review,Ready to Use Approved,Projected Inventory,S1,2026-04,0.0
Kenya,MOH Supply Plan,"Medroxyprogesterone Acetate 104 mg/0.65 mL, Subcutaneous, Pre-Filled Device",In Review,Ready to Use Approved,Projected Inventory,S1,2026-05,0.0
Kenya,MOH Supply Plan,"Medroxyprogesterone Acetate 104 mg/0.65 mL, Subcutaneous, Pre-Filled Device",In Review,Ready to Use Approved,Projected Inventory,S1,2026-06,0.0
Kenya,MOH Supply Plan,"Medroxyprogesterone Acetate 104 mg/0.65 mL, Subcutaneous, Pre-Filled Device",In Review,Ready to Use Approved,Projected Inventory,S1,2026-07,249421.0
Kenya,MOH Supply Plan,"Medroxyprogesterone Acetate 104 mg/0.65 mL, Subcutaneous, Pre-Filled Device",In Review,Ready to Use Approved,Projected Inventory,S1,2026-08,130761.0
Kenya,MOH Supply Plan,"Medroxyprogesterone Acetate 104 mg/0.65 mL, Subcutaneous, Pre-Filled Device",In Review,Ready to Use Approved,Projected Inventory,S1,2026-09,12101.0
Kenya,MOH Supply Plan,"Medroxyprogesterone Acetate 104 mg/0.65 mL, Subcutaneous, Pre-Filled Device",In Review,Ready to Use Approved,Projected Inventory,S1,2026-10,453441.0
Kenya,MOH Supply Plan,"Medroxyprogesterone Acetate 104 mg/0.65 mL, Subcutaneous, Pre-Filled Device",In Review,Ready to Use Approved,Projected Inventory,S1,2026-11,484781.0
Kenya,MOH Supply Plan,"Medroxyprogesterone Acetate 104 mg/0.65 mL, Subcutaneous, Pre-Filled Device",In Review,Ready to Use Approved,Projected Inventory,S1,2026-12,920621.0
Kenya,MOH Supply Plan,"Medroxyprogesterone Acetate 104 mg/0.65 mL, Subcutaneous, Pre-Filled Device",In Review,Ready to Use Approved,Projected Inventory,S1,2027-01,801961.0
Kenya,MOH Supply Plan,"Medroxyprogesterone Acetate 104 mg/0.65 mL, Subcutaneous, Pre-Filled Device",In Review,Ready to Use Approved,Projected Inventory,S1,2027-02,1415701.0
Kenya,MOH Supply Plan,"Medroxyprogesterone Acetate 104 mg/0.65 mL, Subcutaneous, Pre-Filled Device",In Review,Ready to Use Approved,Projected Inventory,S1,2027-03,1297041.0
Kenya,MOH Supply Plan,"Medroxyprogesterone Acetate 104 mg/0.65 mL, Subcutaneous, Pre-Filled Device",In Review,Ready to Use Approved,Projected Inventory,S1,2027-04,1178381.0
Kenya,MOH Supply Plan,"Medroxyprogesterone Acetate 104 mg/0.65 mL, Subcutaneous, Pre-Filled Device",In Review,Ready to Use Approved,Projected Inventory,S1,2027-05,1059721.0
Kenya,MOH Supply Plan,"Medroxyprogesterone Acetate 104 mg/0.65 mL, Subcutaneous, Pre-Filled Device",In Review,Ready to Use Approved,Projected Inventory,S1,2027-06,941061.0
Kenya,MOH Supply Plan,"Medroxyprogesterone Acetate 104 mg/0.65 mL, Subcutaneous, Pre-Filled Device",In Review,Ready to Use Approved,Projected Inventory,S1,2027-07,819790.0
Kenya,MOH Supply Plan,"Medroxyprogesterone Acetate 104 mg/0.65 mL, Subcutaneous, Pre-Filled Device",In Review,Ready to Use Approved,Projected Inventory,S1,2027-08,1457519.0
Kenya,MOH Supply Plan,"Medroxyprogesterone Acetate 104 mg/0.65 mL, Subcutaneous, Pre-Filled Device",In Review,Ready to Use Approved,Projected Inventory,S1,2027-09,1336248.0
Kenya,MOH Supply Plan,"Medroxyprogesterone Acetate 104 mg/0.65 mL, Subcutaneous, Pre-Filled Device",In Review,Ready to Use Approved,Projected Inventory,S1,2027-10,1214977.0
Kenya,MOH Supply Plan,"Medroxyprogesterone Acetate 104 mg/0.65 mL, Subcutaneous, Pre-Filled Device",In Review,Ready to Use Approved,Projected Inventory,S1,2027-11,1093706.0
Kenya,MOH Supply Plan,"Medroxyprogesterone Acetate 104 mg/0.65 mL, Subcutaneous, Pre-Filled Device",In Review,Ready to Use Approved,Projected Inventory,S1,2027-12,972435.0
Kenya,MOH Supply Plan,"Medroxyprogesterone Acetate 104 mg/0.65 mL, Subcutaneous, Pre-Filled Device",In Review,Ready to Use Approved,Projected Inventory,S1,2028-01,851164.0
Kenya,MOH Supply Plan,"Medroxyprogesterone Acetate 104 mg/0.65 mL, Subcutaneous, Pre-Filled Device",In Review,Ready to Use Approved,Projected Inventory,S1,2028-02,729893.0
Kenya,MOH Supply Plan,"Medroxyprogesterone Acetate 104 mg/0.65 mL, Subcutaneous, Pre-Filled Device",In Review,Ready to Use Approved,Projected Inventory,S1,2028-03,608622.0
Kenya,MOH Supply Plan,"Medroxyprogesterone Acetate 104 mg/0.65 mL, Subcutaneous, Pre-Filled Device",In Review,Ready to Use Approved,Projected Inventory,S1,2028-04,487351.0
Kenya,MOH Supply Plan,"Medroxyprogesterone Acetate 104 mg/0.65 mL, Subcutaneous, Pre-Filled Device",In Review,Ready to Use Approved,Projected Inventory,S1,2028-05,366080.0
Kenya,MOH Supply Plan,"Medroxyprogesterone Acetate 104 mg/0.65 mL, Subcutaneous, Pre-Filled Device",In Review,Ready to Use Approved,Projected Inventory,S1,2028-06,244809.0
Kenya,MOH Supply Plan,"Medroxyprogesterone Acetate 104 mg/0.65 mL, Subcutaneous, Pre-Filled Device",In Review,Ready to Use Approved,Projected Inventory,S1,2028-07,244809.0
Kenya,MOH Supply Plan,"Medroxyprogesterone Acetate 104 mg/0.65 mL, Subcutaneous, Pre-Filled Device",In Review,Ready to Use Approved,Projected Inventory,S1,2028-08,244809.0
Kenya,MOH Supply Plan,"Medroxyprogesterone Acetate 104 mg/0.65 mL, Subcutaneous, Pre-Filled Device",In Review,Ready to Use Approved,Projected Inventory,S1,2028-09,244809.0
Kenya,MOH Supply Plan,"Medroxyprogesterone Acetate 104 mg/0.65 mL, Subcutaneous, Pre-Filled Device",In Review,Ready to Use Approved,Projected MOS,S1,2026-03,0.0
Kenya,MOH Supply Plan,"Medroxyprogesterone Acetate 104 mg/0.65 mL, Subcutaneous, Pre-Filled Device",In Review,Ready to Use Approved,Projected MOS,S1,2026-04,0.0
Kenya,MOH Supply Plan,"Medroxyprogesterone Acetate 104 mg/0.65 mL, Subcutaneous, Pre-Filled Device",In Review,Ready to Use Approved,Projected MOS,S1,2026-05,0.0
Kenya,MOH Supply Plan,"Medroxyprogesterone Acetate 104 mg/0.65 mL, Subcutaneous, Pre-Filled Device",In Review,Ready to Use Approved,Projected MOS,S1,2026-06,0.0
Kenya,MOH Supply Plan,"Medroxyprogesterone Acetate 104 mg/0.65 mL, Subcutaneous, Pre-Filled Device",In Review,Ready to Use Approved,Projected MOS,S1,2026-07,2.1
Kenya,MOH Supply Plan,"Medroxyprogesterone Acetate 104 mg/0.65 mL, Subcutaneous, Pre-Filled Device",In Review,Ready to Use Approved,Projected MOS,S1,2026-08,1.1
Kenya,MOH Supply Plan,"Medroxyprogesterone Acetate 104 mg/0.65 mL, Subcutaneous, Pre-Filled Device",In Review,Ready to Use Approved,Projected MOS,S1,2026-09,0.1
Kenya,MOH Supply Plan,"Medroxyprogesterone Acetate 104 mg/0.65 mL, Subcutaneous, Pre-Filled Device",In Review,Ready to Use Approved,Projected MOS,S1,2026-10,3.8
Kenya,MOH Supply Plan,"Medroxyprogesterone Acetate 104 mg/0.65 mL, Subcutaneous, Pre-Filled Device",In Review,Ready to Use Approved,Projected MOS,S1,2026-11,4.1
Kenya,MOH Supply Plan,"Medroxyprogesterone Acetate 104 mg/0.65 mL, Subcutaneous, Pre-Filled Device",In Review,Ready to Use Approved,Projected MOS,S1,2026-12,7.8
Kenya,MOH Supply Plan,"Medroxyprogesterone Acetate 104 mg/0.65 mL, Subcutaneous, Pre-Filled Device",In Review,Ready to Use Approved,Projected MOS,S1,2027-01,6.8
Kenya,MOH Supply Plan,"Medroxyprogesterone Acetate 104 mg/0.65 mL, Subcutaneous, Pre-Filled Device",In Review,Ready to Use Approved,Projected MOS,S1,2027-02,11.9
Kenya,MOH Supply Plan,"Medroxyprogesterone Acetate 104 mg/0.65 mL, Subcutaneous, Pre-Filled Device",In Review,Ready to Use Approved,Projected MOS,S1,2027-03,10.9
Kenya,MOH Supply Plan,"Medroxyprogesterone Acetate 104 mg/0.65 mL, Subcutaneous, Pre-Filled Device",In Review,Ready to Use Approved,Projected MOS,S1,2027-04,9.9
Kenya,MOH Supply Plan,"Medroxyprogesterone Acetate 104 mg/0.65 mL, Subcutaneous, Pre-Filled Device",In Review,Ready to Use Approved,Projected MOS,S1,2027-05,8.9
Kenya,MOH Supply Plan,"Medroxyprogesterone Acetate 104 mg/0.65 mL, Subcutaneous, Pre-Filled Device",In Review,Ready to Use Approved,Projected MOS,S1,2027-06,7.8
Kenya,MOH Supply Plan,"Medroxyprogesterone Acetate 104 mg/0.65 mL, Subcutaneous, Pre-Filled Device",In Review,Ready to Use Approved,Projected MOS,S1,2027-07,6.8
Kenya,MOH Supply Plan,"Medroxyprogesterone Acetate 104 mg/0.65 mL, Subcutaneous, Pre-Filled Device",In Review,Ready to Use Approved,Projected MOS,S1,2027-08,12.0
Kenya,MOH Supply Plan,"Medroxyprogesterone Acetate 104 mg/0.65 mL, Subcutaneous, Pre-Filled Device",In Review,Ready to Use Approved,Projected MOS,S1,2027-09,11.0
Kenya,MOH Supply Plan,"Medroxyprogesterone Acetate 104 mg/0.65 mL, Subcutaneous, Pre-Filled Device",In Review,Ready to Use Approved,Projected MOS,S1,2027-10,10.0
Kenya,MOH Supply Plan,"Medroxyprogesterone Acetate 104 mg/0.65 mL, Subcutaneous, Pre-Filled Device",In Review,Ready to Use Approved,Projected MOS,S1,2027-11,9.0
Kenya,MOH Supply Plan,"Medroxyprogesterone Acetate 104 mg/0.65 mL, Subcutaneous, Pre-Filled Device",In Review,Ready to Use Approved,Projected MOS,S1,2027-12,8.0
Kenya,MOH Supply Plan,"Medroxyprogesterone Acetate 104 mg/0.65 mL, Subcutaneous, Pre-Filled Device",In Review,Ready to Use Approved,Projected MOS,S1,2028-01,7.0
Kenya,MOH Supply Plan,"Medroxyprogesterone Acetate 104 mg/0.65 mL, Subcutaneous, Pre-Filled Device",In Review,Ready to Use Approved,Projected MOS,S1,2028-02,6.0
Kenya,MOH Supply Plan,"Medroxyprogesterone Acetate 104 mg/0.65 mL, Subcutaneous, Pre-Filled Device",In Review,Ready to Use Approved,Projected MOS,S1,2028-03,5.0
Kenya,MOH Supply Plan,"Medroxyprogesterone Acetate 104 mg/0.65 mL, Subcutaneous, Pre-Filled Device",In Review,Ready to Use Approved,Projected MOS,S1,2028-04,4.0
Kenya,MOH Supply Plan,"Medroxyprogesterone Acetate 104 mg/0.65 mL, Subcutaneous, Pre-Filled Device",In Review,Ready to Use Approved,Projected MOS,S1,2028-05,3.0
Kenya,MOH Supply Plan,"Medroxyprogesterone Acetate 104 mg/0.65 mL, Subcutaneous, Pre-Filled Device",In Review,Ready to Use Approved,Projected MOS,S1,2028-06,2.0
Kenya,MOH Supply Plan,"Medroxyprogesterone Acetate 104 mg/0.65 mL, Subcutaneous, Pre-Filled Device",In Review,Ready to Use Approved,Monthly Consumption,S2,2026-03,117253.0
Kenya,MOH Supply Plan,"Medroxyprogesterone Acetate 104 mg/0.65 mL, Subcutaneous, Pre-Filled Device",In Review,Ready to Use Approved,Monthly Consumption,S2,2026-04,116106.0
Kenya,MOH Supply Plan,"Medroxyprogesterone Acetate 104 mg/0.65 mL, Subcutaneous, Pre-Filled Device",In Review,Ready to Use Approved,Monthly Consumption,S2,2026-05,116106.0
Kenya,MOH Supply Plan,"Medroxyprogesterone Acetate 104 mg/0.65 mL, Subcutaneous, Pre-Filled Device",In Review,Ready to Use Approved,Monthly Consumption,S2,2026-06,116106.0
Kenya,MOH Supply Plan,"Medroxyprogesterone Acetate 104 mg/0.65 mL, Subcutaneous, Pre-Filled Device",In Review,Ready to Use Approved,Monthly Consumption,S2,2026-07,118660.0
Kenya,MOH Supply Plan,"Medroxyprogesterone Acetate 104 mg/0.65 mL, Subcutaneous, Pre-Filled Device",In Review,Ready to Use Approved,Monthly Consumption,S2,2026-08,118660.0
Kenya,MOH Supply Plan,"Medroxyprogesterone Acetate 104 mg/0.65 mL, Subcutaneous, Pre-Filled Device",In Review,Ready to Use Approved,Monthly Consumption,S2,2026-09,118660.0
Kenya,MOH Supply Plan,"Medroxyprogesterone Acetate 104 mg/0.65 mL, Subcutaneous, Pre-Filled Device",In Review,Ready to Use Approved,Monthly Consumption,S2,2026-10,118660.0
Kenya,MOH Supply Plan,"Medroxyprogesterone Acetate 104 mg/0.65 mL, Subcutaneous, Pre-Filled Device",In Review,Ready to Use Approved,Monthly Consumption,S2,2026-11,118660.0
Kenya,MOH Supply Plan,"Medroxyprogesterone Acetate 104 mg/0.65 mL, Subcutaneous, Pre-Filled Device",In Review,Ready to Use Approved,Monthly Consumption,S2,2026-12,118660.0
Kenya,MOH Supply Plan,"Medroxyprogesterone Acetate 104 mg/0.65 mL, Subcutaneous, Pre-Filled Device",In Review,Ready to Use Approved,Monthly Consumption,S2,2027-01,118660.0
Kenya,MOH Supply Plan,"Medroxyprogesterone Acetate 104 mg/0.65 mL, Subcutaneous, Pre-Filled Device",In Review,Ready to Use Approved,Monthly Consumption,S2,2027-02,118660.0
Kenya,MOH Supply Plan,"Medroxyprogesterone Acetate 104 mg/0.65 mL, Subcutaneous, Pre-Filled Device",In Review,Ready to Use Approved,Monthly Consumption,S2,2027-03,118660.0
Kenya,MOH Supply Plan,"Medroxyprogesterone Acetate 104 mg/0.65 mL, Subcutaneous, Pre-Filled Device",In Review,Ready to Use Approved,Monthly Consumption,S2,2027-04,118660.0
Kenya,MOH Supply Plan,"Medroxyprogesterone Acetate 104 mg/0.65 mL, Subcutaneous, Pre-Filled Device",In Review,Ready to Use Approved,Monthly Consumption,S2,2027-05,118660.0
Kenya,MOH Supply Plan,"Medroxyprogesterone Acetate 104 mg/0.65 mL, Subcutaneous, Pre-Filled Device",In Review,Ready to Use Approved,Monthly Consumption,S2,2027-06,118660.0
Kenya,MOH Supply Plan,"Medroxyprogesterone Acetate 104 mg/0.65 mL, Subcutaneous, Pre-Filled Device",In Review,Ready to Use Approved,Monthly Consumption,S2,2027-07,121271.0
Kenya,MOH Supply Plan,"Medroxyprogesterone Acetate 104 mg/0.65 mL, Subcutaneous, Pre-Filled Device",In Review,Ready to Use Approved,Monthly Consumption,S2,2027-08,121271.0
Kenya,MOH Supply Plan,"Medroxyprogesterone Acetate 104 mg/0.65 mL, Subcutaneous, Pre-Filled Device",In Review,Ready to Use Approved,Monthly Consumption,S2,2027-09,121271.0
Kenya,MOH Supply Plan,"Medroxyprogesterone Acetate 104 mg/0.65 mL, Subcutaneous, Pre-Filled Device",In Review,Ready to Use Approved,Monthly Consumption,S2,2027-10,121271.0
Kenya,MOH Supply Plan,"Medroxyprogesterone Acetate 104 mg/0.65 mL, Subcutaneous, Pre-Filled Device",In Review,Ready to Use Approved,Monthly Consumption,S2,2027-11,121271.0
Kenya,MOH Supply Plan,"Medroxyprogesterone Acetate 104 mg/0.65 mL, Subcutaneous, Pre-Filled Device",In Review,Ready to Use Approved,Monthly Consumption,S2,2027-12,121271.0
Kenya,MOH Supply Plan,"Medroxyprogesterone Acetate 104 mg/0.65 mL, Subcutaneous, Pre-Filled Device",In Review,Ready to Use Approved,Monthly Consumption,S2,2028-01,121271.0
Kenya,MOH Supply Plan,"Medroxyprogesterone Acetate 104 mg/0.65 mL, Subcutaneous, Pre-Filled Device",In Review,Ready to Use Approved,Monthly Consumption,S2,2028-02,121271.0
Kenya,MOH Supply Plan,"Medroxyprogesterone Acetate 104 mg/0.65 mL, Subcutaneous, Pre-Filled Device",In Review,Ready to Use Approved,Monthly Consumption,S2,2028-03,121271.0
Kenya,MOH Supply Plan,"Medroxyprogesterone Acetate 104 mg/0.65 mL, Subcutaneous, Pre-Filled Device",In Review,Ready to Use Approved,Monthly Consumption,S2,2028-04,121271.0
Kenya,MOH Supply Plan,"Medroxyprogesterone Acetate 104 mg/0.65 mL, Subcutaneous, Pre-Filled Device",In Review,Ready to Use Approved,Monthly Consumption,S2,2028-05,121271.0
Kenya,MOH Supply Plan,"Medroxyprogesterone Acetate 104 mg/0.65 mL, Subcutaneous, Pre-Filled Device",In Review,Ready to Use Approved,Monthly Consumption,S2,2028-06,121271.0
Kenya,MOH Supply Plan,"Medroxyprogesterone Acetate 104 mg/0.65 mL, Subcutaneous, Pre-Filled Device",In Review,Ready to Use Approved,Projected Supplies,S2,2026-06,928000.0
Kenya,MOH Supply Plan,"Medroxyprogesterone Acetate 104 mg/0.65 mL, Subcutaneous, Pre-Filled Device",In Review,Ready to Use Approved,Projected Inventory,S2,2026-03,0.0
Kenya,MOH Supply Plan,"Medroxyprogesterone Acetate 104 mg/0.65 mL, Subcutaneous, Pre-Filled Device",In Review,Ready to Use Approved,Projected Inventory,S2,2026-04,0.0
Kenya,MOH Supply Plan,"Medroxyprogesterone Acetate 104 mg/0.65 mL, Subcutaneous, Pre-Filled Device",In Review,Ready to Use Approved,Projected Inventory,S2,2026-05,0.0
Kenya,MOH Supply Plan,"Medroxyprogesterone Acetate 104 mg/0.65 mL, Subcutaneous, Pre-Filled Device",In Review,Ready to Use Approved,Projected Inventory,S2,2026-06,0.0
Kenya,MOH Supply Plan,"Medroxyprogesterone Acetate 104 mg/0.65 mL, Subcutaneous, Pre-Filled Device",In Review,Ready to Use Approved,Projected Inventory,S2,2026-07,249421.0
Kenya,MOH Supply Plan,"Medroxyprogesterone Acetate 104 mg/0.65 mL, Subcutaneous, Pre-Filled Device",In Review,Ready to Use Approved,Projected Inventory,S2,2026-08,130761.0
Kenya,MOH Supply Plan,"Medroxyprogesterone Acetate 104 mg/0.65 mL, Subcutaneous, Pre-Filled Device",In Review,Ready to Use Approved,Projected Inventory,S2,2026-09,12101.0
Kenya,MOH Supply Plan,"Medroxyprogesterone Acetate 104 mg/0.65 mL, Subcutaneous, Pre-Filled Device",In Review,Ready to Use Approved,Projected Inventory,S2,2026-10,0.0
Kenya,MOH Supply Plan,"Medroxyprogesterone Acetate 104 mg/0.65 mL, Subcutaneous, Pre-Filled Device",In Review,Ready to Use Approved,Projected Inventory,S2,2026-11,0.0
Kenya,MOH Supply Plan,"Medroxyprogesterone Acetate 104 mg/0.65 mL, Subcutaneous, Pre-Filled Device",In Review,Ready to Use Approved,Projected Inventory,S2,2026-12,0.0
Kenya,MOH Supply Plan,"Medroxyprogesterone Acetate 104 mg/0.65 mL, Subcutaneous, Pre-Filled Device",In Review,Ready to Use Approved,Projected Inventory,S2,2027-01,0.0
Kenya,MOH Supply Plan,"Medroxyprogesterone Acetate 104 mg/0.65 mL, Subcutaneous, Pre-Filled Device",In Review,Ready to Use Approved,Projected Inventory,S2,2027-02,0.0
Kenya,MOH Supply Plan,"Medroxyprogesterone Acetate 104 mg/0.65 mL, Subcutaneous, Pre-Filled Device",In Review,Ready to Use Approved,Projected Inventory,S2,2027-03,0.0
Kenya,MOH Supply Plan,"Medroxyprogesterone Acetate 104 mg/0.65 mL, Subcutaneous, Pre-Filled Device",In Review,Ready to Use Approved,Projected Inventory,S2,2027-04,0.0
Kenya,MOH Supply Plan,"Medroxyprogesterone Acetate 104 mg/0.65 mL, Subcutaneous, Pre-Filled Device",In Review,Ready to Use Approved,Projected Inventory,S2,2027-05,0.0
Kenya,MOH Supply Plan,"Medroxyprogesterone Acetate 104 mg/0.65 mL, Subcutaneous, Pre-Filled Device",In Review,Ready to Use Approved,Projected Inventory,S2,2027-06,0.0
Kenya,MOH Supply Plan,"Medroxyprogesterone Acetate 104 mg/0.65 mL, Subcutaneous, Pre-Filled Device",In Review,Ready to Use Approved,Projected Inventory,S2,2027-07,0.0
Kenya,MOH Supply Plan,"Medroxyprogesterone Acetate 104 mg/0.65 mL, Subcutaneous, Pre-Filled Device",In Review,Ready to Use Approved,Projected Inventory,S2,2027-08,0.0
Kenya,MOH Supply Plan,"Medroxyprogesterone Acetate 104 mg/0.65 mL, Subcutaneous, Pre-Filled Device",In Review,Ready to Use Approved,Projected Inventory,S2,2027-09,0.0
Kenya,MOH Supply Plan,"Medroxyprogesterone Acetate 104 mg/0.65 mL, Subcutaneous, Pre-Filled Device",In Review,Ready to Use Approved,Projected Inventory,S2,2027-10,0.0
Kenya,MOH Supply Plan,"Medroxyprogesterone Acetate 104 mg/0.65 mL, Subcutaneous, Pre-Filled Device",In Review,Ready to Use Approved,Projected Inventory,S2,2027-11,0.0
Kenya,MOH Supply Plan,"Medroxyprogesterone Acetate 104 mg/0.65 mL, Subcutaneous, Pre-Filled Device",In Review,Ready to Use Approved,Projected Inventory,S2,2027-12,0.0
Kenya,MOH Supply Plan,"Medroxyprogesterone Acetate 104 mg/0.65 mL, Subcutaneous, Pre-Filled Device",In Review,Ready to Use Approved,Projected Inventory,S2,2028-01,0.0
Kenya,MOH Supply Plan,"Medroxyprogesterone Acetate 104 mg/0.65 mL, Subcutaneous, Pre-Filled Device",In Review,Ready to Use Approved,Projected Inventory,S2,2028-02,0.0
Kenya,MOH Supply Plan,"Medroxyprogesterone Acetate 104 mg/0.65 mL, Subcutaneous, Pre-Filled Device",In Review,Ready to Use Approved,Projected Inventory,S2,2028-03,0.0
Kenya,MOH Supply Plan,"Medroxyprogesterone Acetate 104 mg/0.65 mL, Subcutaneous, Pre-Filled Device",In Review,Ready to Use Approved,Projected Inventory,S2,2028-04,0.0
Kenya,MOH Supply Plan,"Medroxyprogesterone Acetate 104 mg/0.65 mL, Subcutaneous, Pre-Filled Device",In Review,Ready to Use Approved,Projected Inventory,S2,2028-05,0.0
Kenya,MOH Supply Plan,"Medroxyprogesterone Acetate 104 mg/0.65 mL, Subcutaneous, Pre-Filled Device",In Review,Ready to Use Approved,Projected Inventory,S2,2028-06,0.0
Kenya,MOH Supply Plan,"Medroxyprogesterone Acetate 104 mg/0.65 mL, Subcutaneous, Pre-Filled Device",In Review,Ready to Use Approved,Projected Inventory,S2,2028-07,0.0
Kenya,MOH Supply Plan,"Medroxyprogesterone Acetate 104 mg/0.65 mL, Subcutaneous, Pre-Filled Device",In Review,Ready to Use Approved,Projected Inventory,S2,2028-08,0.0
Kenya,MOH Supply Plan,"Medroxyprogesterone Acetate 104 mg/0.65 mL, Subcutaneous, Pre-Filled Device",In Review,Ready to Use Approved,Projected Inventory,S2,2028-09,0.0
Kenya,MOH Supply Plan,"Medroxyprogesterone Acetate 104 mg/0.65 mL, Subcutaneous, Pre-Filled Device",In Review,Ready to Use Approved,Projected MOS,S2,2026-03,0.0
Kenya,MOH Supply Plan,"Medroxyprogesterone Acetate 104 mg/0.65 mL, Subcutaneous, Pre-Filled Device",In Review,Ready to Use Approved,Projected MOS,S2,2026-04,0.0
Kenya,MOH Supply Plan,"Medroxyprogesterone Acetate 104 mg/0.65 mL, Subcutaneous, Pre-Filled Device",In Review,Ready to Use Approved,Projected MOS,S2,2026-05,0.0
Kenya,MOH Supply Plan,"Medroxyprogesterone Acetate 104 mg/0.65 mL, Subcutaneous, Pre-Filled Device",In Review,Ready to Use Approved,Projected MOS,S2,2026-06,0.0
Kenya,MOH Supply Plan,"Medroxyprogesterone Acetate 104 mg/0.65 mL, Subcutaneous, Pre-Filled Device",In Review,Ready to Use Approved,Projected MOS,S2,2026-07,2.1
Kenya,MOH Supply Plan,"Medroxyprogesterone Acetate 104 mg/0.65 mL, Subcutaneous, Pre-Filled Device",In Review,Ready to Use Approved,Projected MOS,S2,2026-08,1.1
Kenya,MOH Supply Plan,"Medroxyprogesterone Acetate 104 mg/0.65 mL, Subcutaneous, Pre-Filled Device",In Review,Ready to Use Approved,Projected MOS,S2,2026-09,0.1
Kenya,MOH Supply Plan,"Medroxyprogesterone Acetate 104 mg/0.65 mL, Subcutaneous, Pre-Filled Device",In Review,Ready to Use Approved,Projected MOS,S2,2026-10,0.0
Kenya,MOH Supply Plan,"Medroxyprogesterone Acetate 104 mg/0.65 mL, Subcutaneous, Pre-Filled Device",In Review,Ready to Use Approved,Projected MOS,S2,2026-11,0.0
Kenya,MOH Supply Plan,"Medroxyprogesterone Acetate 104 mg/0.65 mL, Subcutaneous, Pre-Filled Device",In Review,Ready to Use Approved,Projected MOS,S2,2026-12,0.0
Kenya,MOH Supply Plan,"Medroxyprogesterone Acetate 104 mg/0.65 mL, Subcutaneous, Pre-Filled Device",In Review,Ready to Use Approved,Projected MOS,S2,2027-01,0.0
Kenya,MOH Supply Plan,"Medroxyprogesterone Acetate 104 mg/0.65 mL, Subcutaneous, Pre-Filled Device",In Review,Ready to Use Approved,Projected MOS,S2,2027-02,0.0
Kenya,MOH Supply Plan,"Medroxyprogesterone Acetate 104 mg/0.65 mL, Subcutaneous, Pre-Filled Device",In Review,Ready to Use Approved,Projected MOS,S2,2027-03,0.0
Kenya,MOH Supply Plan,"Medroxyprogesterone Acetate 104 mg/0.65 mL, Subcutaneous, Pre-Filled Device",In Review,Ready to Use Approved,Projected MOS,S2,2027-04,0.0
Kenya,MOH Supply Plan,"Medroxyprogesterone Acetate 104 mg/0.65 mL, Subcutaneous, Pre-Filled Device",In Review,Ready to Use Approved,Projected MOS,S2,2027-05,0.0
Kenya,MOH Supply Plan,"Medroxyprogesterone Acetate 104 mg/0.65 mL, Subcutaneous, Pre-Filled Device",In Review,Ready to Use Approved,Projected MOS,S2,2027-06,0.0
Kenya,MOH Supply Plan,"Medroxyprogesterone Acetate 104 mg/0.65 mL, Subcutaneous, Pre-Filled Device",In Review,Ready to Use Approved,Projected MOS,S2,2027-07,0.0
Kenya,MOH Supply Plan,"Medroxyprogesterone Acetate 104 mg/0.65 mL, Subcutaneous, Pre-Filled Device",In Review,Ready to Use Approved,Projected MOS,S2,2027-08,0.0
Kenya,MOH Supply Plan,"Medroxyprogesterone Acetate 104 mg/0.65 mL, Subcutaneous, Pre-Filled Device",In Review,Ready to Use Approved,Projected MOS,S2,2027-09,0.0
Kenya,MOH Supply Plan,"Medroxyprogesterone Acetate 104 mg/0.65 mL, Subcutaneous, Pre-Filled Device",In Review,Ready to Use Approved,Projected MOS,S2,2027-10,0.0
Kenya,MOH Supply Plan,"Medroxyprogesterone Acetate 104 mg/0.65 mL, Subcutaneous, Pre-Filled Device",In Review,Ready to Use Approved,Projected MOS,S2,2027-11,0.0
Kenya,MOH Supply Plan,"Medroxyprogesterone Acetate 104 mg/0.65 mL, Subcutaneous, Pre-Filled Device",In Review,Ready to Use Approved,Projected MOS,S2,2027-12,0.0
Kenya,MOH Supply Plan,"Medroxyprogesterone Acetate 104 mg/0.65 mL, Subcutaneous, Pre-Filled Device",In Review,Ready to Use Approved,Projected MOS,S2,2028-01,0.0
Kenya,MOH Supply Plan,"Medroxyprogesterone Acetate 104 mg/0.65 mL, Subcutaneous, Pre-Filled Device",In Review,Ready to Use Approved,Projected MOS,S2,2028-02,0.0
Kenya,MOH Supply Plan,"Medroxyprogesterone Acetate 104 mg/0.65 mL, Subcutaneous, Pre-Filled Device",In Review,Ready to Use Approved,Projected MOS,S2,2028-03,0.0
Kenya,MOH Supply Plan,"Medroxyprogesterone Acetate 104 mg/0.65 mL, Subcutaneous, Pre-Filled Device",In Review,Ready to Use Approved,Projected MOS,S2,2028-04,0.0
Kenya,MOH Supply Plan,"Medroxyprogesterone Acetate 104 mg/0.65 mL, Subcutaneous, Pre-Filled Device",In Review,Ready to Use Approved,Projected MOS,S2,2028-05,0.0
Kenya,MOH Supply Plan,"Medroxyprogesterone Acetate 104 mg/0.65 mL, Subcutaneous, Pre-Filled Device",In Review,Ready to Use Approved,Projected MOS,S2,2028-06,0.0
Kenya,MOH Supply Plan,"Medroxyprogesterone Acetate 104 mg/0.65 mL, Subcutaneous, Pre-Filled Device",In Review,Ready to Use Approved,Inventory Upload Notification,Base,2026-07,249421.0
Kenya,MOH Supply Plan,"Medroxyprogesterone Acetate 150 mg/mL (1 mL) Vial, Intramuscular",In Review,Ready to Use Approved,Monthly Consumption,Base,2026-03,95380.0
Kenya,MOH Supply Plan,"Medroxyprogesterone Acetate 150 mg/mL (1 mL) Vial, Intramuscular",In Review,Ready to Use Approved,Monthly Consumption,Base,2026-04,216901.0
Kenya,MOH Supply Plan,"Medroxyprogesterone Acetate 150 mg/mL (1 mL) Vial, Intramuscular",In Review,Ready to Use Approved,Monthly Consumption,Base,2026-05,216901.0
Kenya,MOH Supply Plan,"Medroxyprogesterone Acetate 150 mg/mL (1 mL) Vial, Intramuscular",In Review,Ready to Use Approved,Monthly Consumption,Base,2026-06,216901.0
Kenya,MOH Supply Plan,"Medroxyprogesterone Acetate 150 mg/mL (1 mL) Vial, Intramuscular",In Review,Ready to Use Approved,Monthly Consumption,Base,2026-07,221673.0
Kenya,MOH Supply Plan,"Medroxyprogesterone Acetate 150 mg/mL (1 mL) Vial, Intramuscular",In Review,Ready to Use Approved,Monthly Consumption,Base,2026-08,221673.0
Kenya,MOH Supply Plan,"Medroxyprogesterone Acetate 150 mg/mL (1 mL) Vial, Intramuscular",In Review,Ready to Use Approved,Monthly Consumption,Base,2026-09,221673.0
Kenya,MOH Supply Plan,"Medroxyprogesterone Acetate 150 mg/mL (1 mL) Vial, Intramuscular",In Review,Ready to Use Approved,Monthly Consumption,Base,2026-10,221673.0
Kenya,MOH Supply Plan,"Medroxyprogesterone Acetate 150 mg/mL (1 mL) Vial, Intramuscular",In Review,Ready to Use Approved,Monthly Consumption,Base,2026-11,221673.0
Kenya,MOH Supply Plan,"Medroxyprogesterone Acetate 150 mg/mL (1 mL) Vial, Intramuscular",In Review,Ready to Use Approved,Monthly Consumption,Base,2026-12,221673.0
Kenya,MOH Supply Plan,"Medroxyprogesterone Acetate 150 mg/mL (1 mL) Vial, Intramuscular",In Review,Ready to Use Approved,Monthly Consumption,Base,2027-01,221673.0
Kenya,MOH Supply Plan,"Medroxyprogesterone Acetate 150 mg/mL (1 mL) Vial, Intramuscular",In Review,Ready to Use Approved,Monthly Consumption,Base,2027-02,221673.0
Kenya,MOH Supply Plan,"Medroxyprogesterone Acetate 150 mg/mL (1 mL) Vial, Intramuscular",In Review,Ready to Use Approved,Monthly Consumption,Base,2027-03,221673.0
Kenya,MOH Supply Plan,"Medroxyprogesterone Acetate 150 mg/mL (1 mL) Vial, Intramuscular",In Review,Ready to Use Approved,Monthly Consumption,Base,2027-04,221673.0
Kenya,MOH Supply Plan,"Medroxyprogesterone Acetate 150 mg/mL (1 mL) Vial, Intramuscular",In Review,Ready to Use Approved,Monthly Consumption,Base,2027-05,221673.0
Kenya,MOH Supply Plan,"Medroxyprogesterone Acetate 150 mg/mL (1 mL) Vial, Intramuscular",In Review,Ready to Use Approved,Monthly Consumption,Base,2027-06,221673.0
Kenya,MOH Supply Plan,"Medroxyprogesterone Acetate 150 mg/mL (1 mL) Vial, Intramuscular",In Review,Ready to Use Approved,Monthly Consumption,Base,2027-07,226550.0
Kenya,MOH Supply Plan,"Medroxyprogesterone Acetate 150 mg/mL (1 mL) Vial, Intramuscular",In Review,Ready to Use Approved,Monthly Consumption,Base,2027-08,226550.0
Kenya,MOH Supply Plan,"Medroxyprogesterone Acetate 150 mg/mL (1 mL) Vial, Intramuscular",In Review,Ready to Use Approved,Monthly Consumption,Base,2027-09,226550.0
Kenya,MOH Supply Plan,"Medroxyprogesterone Acetate 150 mg/mL (1 mL) Vial, Intramuscular",In Review,Ready to Use Approved,Monthly Consumption,Base,2027-10,226550.0
Kenya,MOH Supply Plan,"Medroxyprogesterone Acetate 150 mg/mL (1 mL) Vial, Intramuscular",In Review,Ready to Use Approved,Monthly Consumption,Base,2027-11,226550.0
Kenya,MOH Supply Plan,"Medroxyprogesterone Acetate 150 mg/mL (1 mL) Vial, Intramuscular",In Review,Ready to Use Approved,Monthly Consumption,Base,2027-12,226550.0
Kenya,MOH Supply Plan,"Medroxyprogesterone Acetate 150 mg/mL (1 mL) Vial, Intramuscular",In Review,Ready to Use Approved,Monthly Consumption,Base,2028-01,226550.0
Kenya,MOH Supply Plan,"Medroxyprogesterone Acetate 150 mg/mL (1 mL) Vial, Intramuscular",In Review,Ready to Use Approved,Monthly Consumption,Base,2028-02,226550.0
Kenya,MOH Supply Plan,"Medroxyprogesterone Acetate 150 mg/mL (1 mL) Vial, Intramuscular",In Review,Ready to Use Approved,Monthly Consumption,Base,2028-03,226550.0
Kenya,MOH Supply Plan,"Medroxyprogesterone Acetate 150 mg/mL (1 mL) Vial, Intramuscular",In Review,Ready to Use Approved,Monthly Consumption,Base,2028-04,226550.0
Kenya,MOH Supply Plan,"Medroxyprogesterone Acetate 150 mg/mL (1 mL) Vial, Intramuscular",In Review,Ready to Use Approved,Monthly Consumption,Base,2028-05,226550.0
Kenya,MOH Supply Plan,"Medroxyprogesterone Acetate 150 mg/mL (1 mL) Vial, Intramuscular",In Review,Ready to Use Approved,Monthly Consumption,Base,2028-06,226550.0
Kenya,MOH Supply Plan,"Medroxyprogesterone Acetate 150 mg/mL (1 mL) Vial, Intramuscular",In Review,Ready to Use Approved,Prev. Monthly Consumption,Base,2026-03,216901.0
Kenya,MOH Supply Plan,"Medroxyprogesterone Acetate 150 mg/mL (1 mL) Vial, Intramuscular",In Review,Ready to Use Approved,Prev. Monthly Consumption,Base,2026-04,216901.0
Kenya,MOH Supply Plan,"Medroxyprogesterone Acetate 150 mg/mL (1 mL) Vial, Intramuscular",In Review,Ready to Use Approved,Prev. Monthly Consumption,Base,2026-05,216901.0
Kenya,MOH Supply Plan,"Medroxyprogesterone Acetate 150 mg/mL (1 mL) Vial, Intramuscular",In Review,Ready to Use Approved,Prev. Monthly Consumption,Base,2026-06,216901.0
Kenya,MOH Supply Plan,"Medroxyprogesterone Acetate 150 mg/mL (1 mL) Vial, Intramuscular",In Review,Ready to Use Approved,Prev. Monthly Consumption,Base,2026-07,221673.0
Kenya,MOH Supply Plan,"Medroxyprogesterone Acetate 150 mg/mL (1 mL) Vial, Intramuscular",In Review,Ready to Use Approved,Prev. Monthly Consumption,Base,2026-08,221673.0
Kenya,MOH Supply Plan,"Medroxyprogesterone Acetate 150 mg/mL (1 mL) Vial, Intramuscular",In Review,Ready to Use Approved,Prev. Monthly Consumption,Base,2026-09,221673.0
Kenya,MOH Supply Plan,"Medroxyprogesterone Acetate 150 mg/mL (1 mL) Vial, Intramuscular",In Review,Ready to Use Approved,Prev. Monthly Consumption,Base,2026-10,221673.0
Kenya,MOH Supply Plan,"Medroxyprogesterone Acetate 150 mg/mL (1 mL) Vial, Intramuscular",In Review,Ready to Use Approved,Prev. Monthly Consumption,Base,2026-11,221673.0
Kenya,MOH Supply Plan,"Medroxyprogesterone Acetate 150 mg/mL (1 mL) Vial, Intramuscular",In Review,Ready to Use Approved,Prev. Monthly Consumption,Base,2026-12,221673.0
Kenya,MOH Supply Plan,"Medroxyprogesterone Acetate 150 mg/mL (1 mL) Vial, Intramuscular",In Review,Ready to Use Approved,Prev. Monthly Consumption,Base,2027-01,221673.0
Kenya,MOH Supply Plan,"Medroxyprogesterone Acetate 150 mg/mL (1 mL) Vial, Intramuscular",In Review,Ready to Use Approved,Prev. Monthly Consumption,Base,2027-02,221673.0
Kenya,MOH Supply Plan,"Medroxyprogesterone Acetate 150 mg/mL (1 mL) Vial, Intramuscular",In Review,Ready to Use Approved,Prev. Monthly Consumption,Base,2027-03,221673.0
Kenya,MOH Supply Plan,"Medroxyprogesterone Acetate 150 mg/mL (1 mL) Vial, Intramuscular",In Review,Ready to Use Approved,Prev. Monthly Consumption,Base,2027-04,221673.0
Kenya,MOH Supply Plan,"Medroxyprogesterone Acetate 150 mg/mL (1 mL) Vial, Intramuscular",In Review,Ready to Use Approved,Prev. Monthly Consumption,Base,2027-05,221673.0
Kenya,MOH Supply Plan,"Medroxyprogesterone Acetate 150 mg/mL (1 mL) Vial, Intramuscular",In Review,Ready to Use Approved,Prev. Monthly Consumption,Base,2027-06,221673.0
Kenya,MOH Supply Plan,"Medroxyprogesterone Acetate 150 mg/mL (1 mL) Vial, Intramuscular",In Review,Ready to Use Approved,Prev. Monthly Consumption,Base,2027-07,226550.0
Kenya,MOH Supply Plan,"Medroxyprogesterone Acetate 150 mg/mL (1 mL) Vial, Intramuscular",In Review,Ready to Use Approved,Prev. Monthly Consumption,Base,2027-08,226550.0
Kenya,MOH Supply Plan,"Medroxyprogesterone Acetate 150 mg/mL (1 mL) Vial, Intramuscular",In Review,Ready to Use Approved,Prev. Monthly Consumption,Base,2027-09,226550.0
Kenya,MOH Supply Plan,"Medroxyprogesterone Acetate 150 mg/mL (1 mL) Vial, Intramuscular",In Review,Ready to Use Approved,Prev. Monthly Consumption,Base,2027-10,226550.0
Kenya,MOH Supply Plan,"Medroxyprogesterone Acetate 150 mg/mL (1 mL) Vial, Intramuscular",In Review,Ready to Use Approved,Prev. Monthly Consumption,Base,2027-11,226550.0
Kenya,MOH Supply Plan,"Medroxyprogesterone Acetate 150 mg/mL (1 mL) Vial, Intramuscular",In Review,Ready to Use Approved,Prev. Monthly Consumption,Base,2027-12,226550.0
Kenya,MOH Supply Plan,"Medroxyprogesterone Acetate 150 mg/mL (1 mL) Vial, Intramuscular",In Review,Ready to Use Approved,Prev. Monthly Consumption,Base,2028-01,226550.0
Kenya,MOH Supply Plan,"Medroxyprogesterone Acetate 150 mg/mL (1 mL) Vial, Intramuscular",In Review,Ready to Use Approved,Prev. Monthly Consumption,Base,2028-02,226550.0
Kenya,MOH Supply Plan,"Medroxyprogesterone Acetate 150 mg/mL (1 mL) Vial, Intramuscular",In Review,Ready to Use Approved,Prev. Monthly Consumption,Base,2028-03,226550.0
Kenya,MOH Supply Plan,"Medroxyprogesterone Acetate 150 mg/mL (1 mL) Vial, Intramuscular",In Review,Ready to Use Approved,Prev. Monthly Consumption,Base,2028-04,226550.0
Kenya,MOH Supply Plan,"Medroxyprogesterone Acetate 150 mg/mL (1 mL) Vial, Intramuscular",In Review,Ready to Use Approved,Prev. Monthly Consumption,Base,2028-05,226550.0
Kenya,MOH Supply Plan,"Medroxyprogesterone Acetate 150 mg/mL (1 mL) Vial, Intramuscular",In Review,Ready to Use Approved,Prev. Monthly Consumption,Base,2028-06,226550.0
Kenya,MOH Supply Plan,"Medroxyprogesterone Acetate 150 mg/mL (1 mL) Vial, Intramuscular",In Review,Ready to Use Approved,Supply Plan Inventory,Base,2026-03,353978.0
Kenya,MOH Supply Plan,"Medroxyprogesterone Acetate 150 mg/mL (1 mL) Vial, Intramuscular",In Review,Ready to Use Approved,Supply Plan Inventory,Base,2026-04,137077.0
Kenya,MOH Supply Plan,"Medroxyprogesterone Acetate 150 mg/mL (1 mL) Vial, Intramuscular",In Review,Ready to Use Approved,Supply Plan Inventory,Base,2026-05,0.0
Kenya,MOH Supply Plan,"Medroxyprogesterone Acetate 150 mg/mL (1 mL) Vial, Intramuscular",In Review,Ready to Use Approved,Supply Plan Inventory,Base,2026-06,0.0
Kenya,MOH Supply Plan,"Medroxyprogesterone Acetate 150 mg/mL (1 mL) Vial, Intramuscular",In Review,Ready to Use Approved,Supply Plan Inventory,Base,2026-07,0.0
Kenya,MOH Supply Plan,"Medroxyprogesterone Acetate 150 mg/mL (1 mL) Vial, Intramuscular",In Review,Ready to Use Approved,Supply Plan Inventory,Base,2026-08,5281927.0
Kenya,MOH Supply Plan,"Medroxyprogesterone Acetate 150 mg/mL (1 mL) Vial, Intramuscular",In Review,Ready to Use Approved,Supply Plan Inventory,Base,2026-09,5060254.0
Kenya,MOH Supply Plan,"Medroxyprogesterone Acetate 150 mg/mL (1 mL) Vial, Intramuscular",In Review,Ready to Use Approved,Supply Plan Inventory,Base,2026-10,4838581.0
Kenya,MOH Supply Plan,"Medroxyprogesterone Acetate 150 mg/mL (1 mL) Vial, Intramuscular",In Review,Ready to Use Approved,Supply Plan Inventory,Base,2026-11,4616908.0
Kenya,MOH Supply Plan,"Medroxyprogesterone Acetate 150 mg/mL (1 mL) Vial, Intramuscular",In Review,Ready to Use Approved,Supply Plan Inventory,Base,2026-12,4395235.0
Kenya,MOH Supply Plan,"Medroxyprogesterone Acetate 150 mg/mL (1 mL) Vial, Intramuscular",In Review,Ready to Use Approved,Supply Plan Inventory,Base,2027-01,4173562.0
Kenya,MOH Supply Plan,"Medroxyprogesterone Acetate 150 mg/mL (1 mL) Vial, Intramuscular",In Review,Ready to Use Approved,Supply Plan Inventory,Base,2027-02,5320089.0
Kenya,MOH Supply Plan,"Medroxyprogesterone Acetate 150 mg/mL (1 mL) Vial, Intramuscular",In Review,Ready to Use Approved,Supply Plan Inventory,Base,2027-03,5098416.0
Kenya,MOH Supply Plan,"Medroxyprogesterone Acetate 150 mg/mL (1 mL) Vial, Intramuscular",In Review,Ready to Use Approved,Supply Plan Inventory,Base,2027-04,4876743.0
Kenya,MOH Supply Plan,"Medroxyprogesterone Acetate 150 mg/mL (1 mL) Vial, Intramuscular",In Review,Ready to Use Approved,Supply Plan Inventory,Base,2027-05,4655070.0
Kenya,MOH Supply Plan,"Medroxyprogesterone Acetate 150 mg/mL (1 mL) Vial, Intramuscular",In Review,Ready to Use Approved,Supply Plan Inventory,Base,2027-06,4433397.0
Kenya,MOH Supply Plan,"Medroxyprogesterone Acetate 150 mg/mL (1 mL) Vial, Intramuscular",In Review,Ready to Use Approved,Supply Plan Inventory,Base,2027-07,4206847.0
Kenya,MOH Supply Plan,"Medroxyprogesterone Acetate 150 mg/mL (1 mL) Vial, Intramuscular",In Review,Ready to Use Approved,Supply Plan Inventory,Base,2027-08,5398197.0
Kenya,MOH Supply Plan,"Medroxyprogesterone Acetate 150 mg/mL (1 mL) Vial, Intramuscular",In Review,Ready to Use Approved,Supply Plan Inventory,Base,2027-09,5171647.0
Kenya,MOH Supply Plan,"Medroxyprogesterone Acetate 150 mg/mL (1 mL) Vial, Intramuscular",In Review,Ready to Use Approved,Supply Plan Inventory,Base,2027-10,4945097.0
Kenya,MOH Supply Plan,"Medroxyprogesterone Acetate 150 mg/mL (1 mL) Vial, Intramuscular",In Review,Ready to Use Approved,Supply Plan Inventory,Base,2027-11,4718547.0
Kenya,MOH Supply Plan,"Medroxyprogesterone Acetate 150 mg/mL (1 mL) Vial, Intramuscular",In Review,Ready to Use Approved,Supply Plan Inventory,Base,2027-12,4491997.0
Kenya,MOH Supply Plan,"Medroxyprogesterone Acetate 150 mg/mL (1 mL) Vial, Intramuscular",In Review,Ready to Use Approved,Supply Plan Inventory,Base,2028-01,4265447.0
Kenya,MOH Supply Plan,"Medroxyprogesterone Acetate 150 mg/mL (1 mL) Vial, Intramuscular",In Review,Ready to Use Approved,Supply Plan Inventory,Base,2028-02,5437197.0
Kenya,MOH Supply Plan,"Medroxyprogesterone Acetate 150 mg/mL (1 mL) Vial, Intramuscular",In Review,Ready to Use Approved,Supply Plan Inventory,Base,2028-03,5210647.0
Kenya,MOH Supply Plan,"Medroxyprogesterone Acetate 150 mg/mL (1 mL) Vial, Intramuscular",In Review,Ready to Use Approved,Supply Plan Inventory,Base,2028-04,4984097.0
Kenya,MOH Supply Plan,"Medroxyprogesterone Acetate 150 mg/mL (1 mL) Vial, Intramuscular",In Review,Ready to Use Approved,Supply Plan Inventory,Base,2028-05,4757547.0
Kenya,MOH Supply Plan,"Medroxyprogesterone Acetate 150 mg/mL (1 mL) Vial, Intramuscular",In Review,Ready to Use Approved,Supply Plan Inventory,Base,2028-06,4530997.0
Kenya,MOH Supply Plan,"Medroxyprogesterone Acetate 150 mg/mL (1 mL) Vial, Intramuscular",In Review,Ready to Use Approved,Supply Plan Inventory,Base,2028-07,4530997.0
Kenya,MOH Supply Plan,"Medroxyprogesterone Acetate 150 mg/mL (1 mL) Vial, Intramuscular",In Review,Ready to Use Approved,Supply Plan Inventory,Base,2028-08,4530997.0
Kenya,MOH Supply Plan,"Medroxyprogesterone Acetate 150 mg/mL (1 mL) Vial, Intramuscular",In Review,Ready to Use Approved,Supply Plan Inventory,Base,2028-09,4530997.0
Kenya,MOH Supply Plan,"Medroxyprogesterone Acetate 150 mg/mL (1 mL) Vial, Intramuscular",In Review,Ready to Use Approved,Monthly Inventory,Base,2026-03,353978.0
Kenya,MOH Supply Plan,"Medroxyprogesterone Acetate 150 mg/mL (1 mL) Vial, Intramuscular",In Review,Ready to Use Approved,Monthly Inventory,Base,2026-04,280974.0
Kenya,MOH Supply Plan,"Medroxyprogesterone Acetate 150 mg/mL (1 mL) Vial, Intramuscular",In Review,Ready to Use Approved,Monthly Inventory,Base,2026-05,203985.0
Kenya,MOH Supply Plan,"Medroxyprogesterone Acetate 150 mg/mL (1 mL) Vial, Intramuscular",In Review,Ready to Use Approved,Monthly Inventory,Base,2026-06,150029.0
Kenya,MOH Supply Plan,"Medroxyprogesterone Acetate 150 mg/mL (1 mL) Vial, Intramuscular",In Review,Ready to Use Approved,Monthly Inventory,Base,2026-07,395240.0
Kenya,MOH Supply Plan,"Medroxyprogesterone Acetate 150 mg/mL (1 mL) Vial, Intramuscular",In Review,Ready to Use Approved,Projected Inventory Adjustment,Base,2026-03,5279.0
Kenya,MOH Supply Plan,"Medroxyprogesterone Acetate 150 mg/mL (1 mL) Vial, Intramuscular",In Review,Ready to Use Approved,Projected Inventory Adjustment,Base,2026-04,0.0
Kenya,MOH Supply Plan,"Medroxyprogesterone Acetate 150 mg/mL (1 mL) Vial, Intramuscular",In Review,Ready to Use Approved,Projected Inventory Adjustment,Base,2026-05,0.0
Kenya,MOH Supply Plan,"Medroxyprogesterone Acetate 150 mg/mL (1 mL) Vial, Intramuscular",In Review,Ready to Use Approved,Projected Inventory Adjustment,Base,2026-06,0.0
Kenya,MOH Supply Plan,"Medroxyprogesterone Acetate 150 mg/mL (1 mL) Vial, Intramuscular",In Review,Ready to Use Approved,Projected Inventory Adjustment,Base,2026-07,0.0
Kenya,MOH Supply Plan,"Medroxyprogesterone Acetate 150 mg/mL (1 mL) Vial, Intramuscular",In Review,Ready to Use Approved,Projected Inventory Adjustment,Base,2026-08,0.0
Kenya,MOH Supply Plan,"Medroxyprogesterone Acetate 150 mg/mL (1 mL) Vial, Intramuscular",In Review,Ready to Use Approved,Projected Inventory Adjustment,Base,2026-09,0.0
Kenya,MOH Supply Plan,"Medroxyprogesterone Acetate 150 mg/mL (1 mL) Vial, Intramuscular",In Review,Ready to Use Approved,Projected Inventory Adjustment,Base,2026-10,0.0
Kenya,MOH Supply Plan,"Medroxyprogesterone Acetate 150 mg/mL (1 mL) Vial, Intramuscular",In Review,Ready to Use Approved,Projected Inventory Adjustment,Base,2026-11,0.0
Kenya,MOH Supply Plan,"Medroxyprogesterone Acetate 150 mg/mL (1 mL) Vial, Intramuscular",In Review,Ready to Use Approved,Projected Inventory Adjustment,Base,2026-12,0.0
Kenya,MOH Supply Plan,"Medroxyprogesterone Acetate 150 mg/mL (1 mL) Vial, Intramuscular",In Review,Ready to Use Approved,Projected Inventory Adjustment,Base,2027-01,0.0
Kenya,MOH Supply Plan,"Medroxyprogesterone Acetate 150 mg/mL (1 mL) Vial, Intramuscular",In Review,Ready to Use Approved,Projected Inventory Adjustment,Base,2027-02,0.0
Kenya,MOH Supply Plan,"Medroxyprogesterone Acetate 150 mg/mL (1 mL) Vial, Intramuscular",In Review,Ready to Use Approved,Projected Inventory Adjustment,Base,2027-03,0.0
Kenya,MOH Supply Plan,"Medroxyprogesterone Acetate 150 mg/mL (1 mL) Vial, Intramuscular",In Review,Ready to Use Approved,Projected Inventory Adjustment,Base,2027-04,0.0
Kenya,MOH Supply Plan,"Medroxyprogesterone Acetate 150 mg/mL (1 mL) Vial, Intramuscular",In Review,Ready to Use Approved,Projected Inventory Adjustment,Base,2027-05,0.0
Kenya,MOH Supply Plan,"Medroxyprogesterone Acetate 150 mg/mL (1 mL) Vial, Intramuscular",In Review,Ready to Use Approved,Projected Inventory Adjustment,Base,2027-06,0.0
Kenya,MOH Supply Plan,"Medroxyprogesterone Acetate 150 mg/mL (1 mL) Vial, Intramuscular",In Review,Ready to Use Approved,Projected Inventory Adjustment,Base,2027-07,0.0
Kenya,MOH Supply Plan,"Medroxyprogesterone Acetate 150 mg/mL (1 mL) Vial, Intramuscular",In Review,Ready to Use Approved,Projected Inventory Adjustment,Base,2027-08,0.0
Kenya,MOH Supply Plan,"Medroxyprogesterone Acetate 150 mg/mL (1 mL) Vial, Intramuscular",In Review,Ready to Use Approved,Projected Inventory Adjustment,Base,2027-09,0.0
Kenya,MOH Supply Plan,"Medroxyprogesterone Acetate 150 mg/mL (1 mL) Vial, Intramuscular",In Review,Ready to Use Approved,Projected Inventory Adjustment,Base,2027-10,0.0
Kenya,MOH Supply Plan,"Medroxyprogesterone Acetate 150 mg/mL (1 mL) Vial, Intramuscular",In Review,Ready to Use Approved,Projected Inventory Adjustment,Base,2027-11,0.0
Kenya,MOH Supply Plan,"Medroxyprogesterone Acetate 150 mg/mL (1 mL) Vial, Intramuscular",In Review,Ready to Use Approved,Projected Inventory Adjustment,Base,2027-12,0.0
Kenya,MOH Supply Plan,"Medroxyprogesterone Acetate 150 mg/mL (1 mL) Vial, Intramuscular",In Review,Ready to Use Approved,Projected Inventory Adjustment,Base,2028-01,0.0
Kenya,MOH Supply Plan,"Medroxyprogesterone Acetate 150 mg/mL (1 mL) Vial, Intramuscular",In Review,Ready to Use Approved,Projected Inventory Adjustment,Base,2028-02,0.0
Kenya,MOH Supply Plan,"Medroxyprogesterone Acetate 150 mg/mL (1 mL) Vial, Intramuscular",In Review,Ready to Use Approved,Projected Inventory Adjustment,Base,2028-03,0.0
Kenya,MOH Supply Plan,"Medroxyprogesterone Acetate 150 mg/mL (1 mL) Vial, Intramuscular",In Review,Ready to Use Approved,Projected Inventory Adjustment,Base,2028-04,0.0
Kenya,MOH Supply Plan,"Medroxyprogesterone Acetate 150 mg/mL (1 mL) Vial, Intramuscular",In Review,Ready to Use Approved,Projected Inventory Adjustment,Base,2028-05,0.0
Kenya,MOH Supply Plan,"Medroxyprogesterone Acetate 150 mg/mL (1 mL) Vial, Intramuscular",In Review,Ready to Use Approved,Projected Inventory Adjustment,Base,2028-06,0.0
Kenya,MOH Supply Plan,"Medroxyprogesterone Acetate 150 mg/mL (1 mL) Vial, Intramuscular",In Review,Ready to Use Approved,Projected Inventory Adjustment,Base,2028-07,0.0
Kenya,MOH Supply Plan,"Medroxyprogesterone Acetate 150 mg/mL (1 mL) Vial, Intramuscular",In Review,Ready to Use Approved,Projected Inventory Adjustment,Base,2028-08,0.0
Kenya,MOH Supply Plan,"Medroxyprogesterone Acetate 150 mg/mL (1 mL) Vial, Intramuscular",In Review,Ready to Use Approved,Projected Inventory Adjustment,Base,2028-09,0.0
Kenya,MOH Supply Plan,"Medroxyprogesterone Acetate 150 mg/mL (1 mL) Vial, Intramuscular",In Review,Ready to Use Approved,Expected Requirements,Base,2026-08,5503600.0
Kenya,MOH Supply Plan,"Medroxyprogesterone Acetate 150 mg/mL (1 mL) Vial, Intramuscular",In Review,Ready to Use Approved,Expected Requirements,Base,2027-02,1368200.0
Kenya,MOH Supply Plan,"Medroxyprogesterone Acetate 150 mg/mL (1 mL) Vial, Intramuscular",In Review,Ready to Use Approved,Expected Requirements,Base,2027-08,1417900.0
Kenya,MOH Supply Plan,"Medroxyprogesterone Acetate 150 mg/mL (1 mL) Vial, Intramuscular",In Review,Ready to Use Approved,Expected Requirements,Base,2028-02,1398300.0
Kenya,MOH Supply Plan,"Medroxyprogesterone Acetate 150 mg/mL (1 mL) Vial, Intramuscular",In Review,Ready to Use Approved,Un-Shipped Orders,Base,2026-10,100000.0
Kenya,MOH Supply Plan,"Medroxyprogesterone Acetate 150 mg/mL (1 mL) Vial, Intramuscular",In Review,Ready to Use Approved,In-Transit Shipments,Base,2026-08,150000.0
Kenya,MOH Supply Plan,"Medroxyprogesterone Acetate 150 mg/mL (1 mL) Vial, Intramuscular",In Review,Ready to Use Approved,Received Shipments,Base,2026-06,310000.0
Kenya,MOH Supply Plan,"Medroxyprogesterone Acetate 150 mg/mL (1 mL) Vial, Intramuscular",In Review,Ready to Use Approved,Manual Adjustment,Base,2026-07,700000.0
Kenya,MOH Supply Plan,"Medroxyprogesterone Acetate 150 mg/mL (1 mL) Vial, Intramuscular",In Review,Ready to Use Approved,Manual Adjustment,Base,2026-09,150000.0
Kenya,MOH Supply Plan,"Medroxyprogesterone Acetate 150 mg/mL (1 mL) Vial, Intramuscular",In Review,Ready to Use Approved,Projected Inventory,Base,2026-03,0.0
Kenya,MOH Supply Plan,"Medroxyprogesterone Acetate 150 mg/mL (1 mL) Vial, Intramuscular",In Review,Ready to Use Approved,Projected Inventory,Base,2026-04,0.0
Kenya,MOH Supply Plan,"Medroxyprogesterone Acetate 150 mg/mL (1 mL) Vial, Intramuscular",In Review,Ready to Use Approved,Projected Inventory,Base,2026-05,0.0
Kenya,MOH Supply Plan,"Medroxyprogesterone Acetate 150 mg/mL (1 mL) Vial, Intramuscular",In Review,Ready to Use Approved,Projected Inventory,Base,2026-06,0.0
Kenya,MOH Supply Plan,"Medroxyprogesterone Acetate 150 mg/mL (1 mL) Vial, Intramuscular",In Review,Ready to Use Approved,Projected Inventory,Base,2026-07,395240.0
Kenya,MOH Supply Plan,"Medroxyprogesterone Acetate 150 mg/mL (1 mL) Vial, Intramuscular",In Review,Ready to Use Approved,Projected Inventory,Base,2026-08,323567.0
Kenya,MOH Supply Plan,"Medroxyprogesterone Acetate 150 mg/mL (1 mL) Vial, Intramuscular",In Review,Ready to Use Approved,Projected Inventory,Base,2026-09,251894.0
Kenya,MOH Supply Plan,"Medroxyprogesterone Acetate 150 mg/mL (1 mL) Vial, Intramuscular",In Review,Ready to Use Approved,Projected Inventory,Base,2026-10,130221.0
Kenya,MOH Supply Plan,"Medroxyprogesterone Acetate 150 mg/mL (1 mL) Vial, Intramuscular",In Review,Ready to Use Approved,Projected Inventory,Base,2026-11,0.0
Kenya,MOH Supply Plan,"Medroxyprogesterone Acetate 150 mg/mL (1 mL) Vial, Intramuscular",In Review,Ready to Use Approved,Projected Inventory,Base,2026-12,0.0
Kenya,MOH Supply Plan,"Medroxyprogesterone Acetate 150 mg/mL (1 mL) Vial, Intramuscular",In Review,Ready to Use Approved,Projected Inventory,Base,2027-01,0.0
Kenya,MOH Supply Plan,"Medroxyprogesterone Acetate 150 mg/mL (1 mL) Vial, Intramuscular",In Review,Ready to Use Approved,Projected Inventory,Base,2027-02,0.0
Kenya,MOH Supply Plan,"Medroxyprogesterone Acetate 150 mg/mL (1 mL) Vial, Intramuscular",In Review,Ready to Use Approved,Projected Inventory,Base,2027-03,0.0
Kenya,MOH Supply Plan,"Medroxyprogesterone Acetate 150 mg/mL (1 mL) Vial, Intramuscular",In Review,Ready to Use Approved,Projected Inventory,Base,2027-04,0.0
Kenya,MOH Supply Plan,"Medroxyprogesterone Acetate 150 mg/mL (1 mL) Vial, Intramuscular",In Review,Ready to Use Approved,Projected Inventory,Base,2027-05,0.0
Kenya,MOH Supply Plan,"Medroxyprogesterone Acetate 150 mg/mL (1 mL) Vial, Intramuscular",In Review,Ready to Use Approved,Projected Inventory,Base,2027-06,0.0
Kenya,MOH Supply Plan,"Medroxyprogesterone Acetate 150 mg/mL (1 mL) Vial, Intramuscular",In Review,Ready to Use Approved,Projected Inventory,Base,2027-07,0.0
Kenya,MOH Supply Plan,"Medroxyprogesterone Acetate 150 mg/mL (1 mL) Vial, Intramuscular",In Review,Ready to Use Approved,Projected Inventory,Base,2027-08,0.0
Kenya,MOH Supply Plan,"Medroxyprogesterone Acetate 150 mg/mL (1 mL) Vial, Intramuscular",In Review,Ready to Use Approved,Projected Inventory,Base,2027-09,0.0
Kenya,MOH Supply Plan,"Medroxyprogesterone Acetate 150 mg/mL (1 mL) Vial, Intramuscular",In Review,Ready to Use Approved,Projected Inventory,Base,2027-10,0.0
Kenya,MOH Supply Plan,"Medroxyprogesterone Acetate 150 mg/mL (1 mL) Vial, Intramuscular",In Review,Ready to Use Approved,Projected Inventory,Base,2027-11,0.0
Kenya,MOH Supply Plan,"Medroxyprogesterone Acetate 150 mg/mL (1 mL) Vial, Intramuscular",In Review,Ready to Use Approved,Projected Inventory,Base,2027-12,0.0
Kenya,MOH Supply Plan,"Medroxyprogesterone Acetate 150 mg/mL (1 mL) Vial, Intramuscular",In Review,Ready to Use Approved,Projected Inventory,Base,2028-01,0.0
Kenya,MOH Supply Plan,"Medroxyprogesterone Acetate 150 mg/mL (1 mL) Vial, Intramuscular",In Review,Ready to Use Approved,Projected Inventory,Base,2028-02,0.0
Kenya,MOH Supply Plan,"Medroxyprogesterone Acetate 150 mg/mL (1 mL) Vial, Intramuscular",In Review,Ready to Use Approved,Projected Inventory,Base,2028-03,0.0
Kenya,MOH Supply Plan,"Medroxyprogesterone Acetate 150 mg/mL (1 mL) Vial, Intramuscular",In Review,Ready to Use Approved,Projected Inventory,Base,2028-04,0.0
Kenya,MOH Supply Plan,"Medroxyprogesterone Acetate 150 mg/mL (1 mL) Vial, Intramuscular",In Review,Ready to Use Approved,Projected Inventory,Base,2028-05,0.0
Kenya,MOH Supply Plan,"Medroxyprogesterone Acetate 150 mg/mL (1 mL) Vial, Intramuscular",In Review,Ready to Use Approved,Projected Inventory,Base,2028-06,0.0
Kenya,MOH Supply Plan,"Medroxyprogesterone Acetate 150 mg/mL (1 mL) Vial, Intramuscular",In Review,Ready to Use Approved,Projected Inventory,Base,2028-07,0.0
Kenya,MOH Supply Plan,"Medroxyprogesterone Acetate 150 mg/mL (1 mL) Vial, Intramuscular",In Review,Ready to Use Approved,Projected Inventory,Base,2028-08,0.0
Kenya,MOH Supply Plan,"Medroxyprogesterone Acetate 150 mg/mL (1 mL) Vial, Intramuscular",In Review,Ready to Use Approved,Projected Inventory,Base,2028-09,0.0
Kenya,MOH Supply Plan,"Medroxyprogesterone Acetate 150 mg/mL (1 mL) Vial, Intramuscular",In Review,Ready to Use Approved,Projected MOS,Base,2026-03,0.0
Kenya,MOH Supply Plan,"Medroxyprogesterone Acetate 150 mg/mL (1 mL) Vial, Intramuscular",In Review,Ready to Use Approved,Projected MOS,Base,2026-04,0.0
Kenya,MOH Supply Plan,"Medroxyprogesterone Acetate 150 mg/mL (1 mL) Vial, Intramuscular",In Review,Ready to Use Approved,Projected MOS,Base,2026-05,0.0
Kenya,MOH Supply Plan,"Medroxyprogesterone Acetate 150 mg/mL (1 mL) Vial, Intramuscular",In Review,Ready to Use Approved,Projected MOS,Base,2026-06,0.0
Kenya,MOH Supply Plan,"Medroxyprogesterone Acetate 150 mg/mL (1 mL) Vial, Intramuscular",In Review,Ready to Use Approved,Projected MOS,Base,2026-07,1.8
Kenya,MOH Supply Plan,"Medroxyprogesterone Acetate 150 mg/mL (1 mL) Vial, Intramuscular",In Review,Ready to Use Approved,Projected MOS,Base,2026-08,1.5
Kenya,MOH Supply Plan,"Medroxyprogesterone Acetate 150 mg/mL (1 mL) Vial, Intramuscular",In Review,Ready to Use Approved,Projected MOS,Base,2026-09,1.1
Kenya,MOH Supply Plan,"Medroxyprogesterone Acetate 150 mg/mL (1 mL) Vial, Intramuscular",In Review,Ready to Use Approved,Projected MOS,Base,2026-10,0.6
Kenya,MOH Supply Plan,"Medroxyprogesterone Acetate 150 mg/mL (1 mL) Vial, Intramuscular",In Review,Ready to Use Approved,Projected MOS,Base,2026-11,0.0
Kenya,MOH Supply Plan,"Medroxyprogesterone Acetate 150 mg/mL (1 mL) Vial, Intramuscular",In Review,Ready to Use Approved,Projected MOS,Base,2026-12,0.0
Kenya,MOH Supply Plan,"Medroxyprogesterone Acetate 150 mg/mL (1 mL) Vial, Intramuscular",In Review,Ready to Use Approved,Projected MOS,Base,2027-01,0.0
Kenya,MOH Supply Plan,"Medroxyprogesterone Acetate 150 mg/mL (1 mL) Vial, Intramuscular",In Review,Ready to Use Approved,Projected MOS,Base,2027-02,0.0
Kenya,MOH Supply Plan,"Medroxyprogesterone Acetate 150 mg/mL (1 mL) Vial, Intramuscular",In Review,Ready to Use Approved,Projected MOS,Base,2027-03,0.0
Kenya,MOH Supply Plan,"Medroxyprogesterone Acetate 150 mg/mL (1 mL) Vial, Intramuscular",In Review,Ready to Use Approved,Projected MOS,Base,2027-04,0.0
Kenya,MOH Supply Plan,"Medroxyprogesterone Acetate 150 mg/mL (1 mL) Vial, Intramuscular",In Review,Ready to Use Approved,Projected MOS,Base,2027-05,0.0
Kenya,MOH Supply Plan,"Medroxyprogesterone Acetate 150 mg/mL (1 mL) Vial, Intramuscular",In Review,Ready to Use Approved,Projected MOS,Base,2027-06,0.0
Kenya,MOH Supply Plan,"Medroxyprogesterone Acetate 150 mg/mL (1 mL) Vial, Intramuscular",In Review,Ready to Use Approved,Projected MOS,Base,2027-07,0.0
Kenya,MOH Supply Plan,"Medroxyprogesterone Acetate 150 mg/mL (1 mL) Vial, Intramuscular",In Review,Ready to Use Approved,Projected MOS,Base,2027-08,0.0
Kenya,MOH Supply Plan,"Medroxyprogesterone Acetate 150 mg/mL (1 mL) Vial, Intramuscular",In Review,Ready to Use Approved,Projected MOS,Base,2027-09,0.0
Kenya,MOH Supply Plan,"Medroxyprogesterone Acetate 150 mg/mL (1 mL) Vial, Intramuscular",In Review,Ready to Use Approved,Projected MOS,Base,2027-10,0.0
Kenya,MOH Supply Plan,"Medroxyprogesterone Acetate 150 mg/mL (1 mL) Vial, Intramuscular",In Review,Ready to Use Approved,Projected MOS,Base,2027-11,0.0
Kenya,MOH Supply Plan,"Medroxyprogesterone Acetate 150 mg/mL (1 mL) Vial, Intramuscular",In Review,Ready to Use Approved,Projected MOS,Base,2027-12,0.0
Kenya,MOH Supply Plan,"Medroxyprogesterone Acetate 150 mg/mL (1 mL) Vial, Intramuscular",In Review,Ready to Use Approved,Projected MOS,Base,2028-01,0.0
Kenya,MOH Supply Plan,"Medroxyprogesterone Acetate 150 mg/mL (1 mL) Vial, Intramuscular",In Review,Ready to Use Approved,Projected MOS,Base,2028-02,0.0
Kenya,MOH Supply Plan,"Medroxyprogesterone Acetate 150 mg/mL (1 mL) Vial, Intramuscular",In Review,Ready to Use Approved,Projected MOS,Base,2028-03,0.0
Kenya,MOH Supply Plan,"Medroxyprogesterone Acetate 150 mg/mL (1 mL) Vial, Intramuscular",In Review,Ready to Use Approved,Projected MOS,Base,2028-04,0.0
Kenya,MOH Supply Plan,"Medroxyprogesterone Acetate 150 mg/mL (1 mL) Vial, Intramuscular",In Review,Ready to Use Approved,Projected MOS,Base,2028-05,0.0
Kenya,MOH Supply Plan,"Medroxyprogesterone Acetate 150 mg/mL (1 mL) Vial, Intramuscular",In Review,Ready to Use Approved,Projected MOS,Base,2028-06,0.0
Kenya,MOH Supply Plan,"Medroxyprogesterone Acetate 150 mg/mL (1 mL) Vial, Intramuscular",In Review,Ready to Use Approved,Projected MOS below min MOS Alert,Base,2026-03,0.0
Kenya,MOH Supply Plan,"Medroxyprogesterone Acetate 150 mg/mL (1 mL) Vial, Intramuscular",In Review,Ready to Use Approved,Projected MOS below min MOS Alert,Base,2026-04,0.0
Kenya,MOH Supply Plan,"Medroxyprogesterone Acetate 150 mg/mL (1 mL) Vial, Intramuscular",In Review,Ready to Use Approved,Projected MOS below min MOS Alert,Base,2026-05,0.0
Kenya,MOH Supply Plan,"Medroxyprogesterone Acetate 150 mg/mL (1 mL) Vial, Intramuscular",In Review,Ready to Use Approved,Projected MOS below min MOS Alert,Base,2026-06,0.0
Kenya,MOH Supply Plan,"Medroxyprogesterone Acetate 150 mg/mL (1 mL) Vial, Intramuscular",In Review,Ready to Use Approved,Projected MOS below min MOS Alert,Base,2026-07,0.0
Kenya,MOH Supply Plan,"Medroxyprogesterone Acetate 150 mg/mL (1 mL) Vial, Intramuscular",In Review,Ready to Use Approved,Projected MOS below min MOS Alert,Base,2026-08,0.0
Kenya,MOH Supply Plan,"Medroxyprogesterone Acetate 150 mg/mL (1 mL) Vial, Intramuscular",In Review,Ready to Use Approved,Projected MOS below min MOS Alert,Base,2026-09,0.0
Kenya,MOH Supply Plan,"Medroxyprogesterone Acetate 150 mg/mL (1 mL) Vial, Intramuscular",In Review,Ready to Use Approved,Projected MOS below min MOS Alert,Base,2026-10,0.0
Kenya,MOH Supply Plan,"Medroxyprogesterone Acetate 150 mg/mL (1 mL) Vial, Intramuscular",In Review,Ready to Use Approved,Projected MOS below min MOS Alert,Base,2026-11,0.0
Kenya,MOH Supply Plan,"Medroxyprogesterone Acetate 150 mg/mL (1 mL) Vial, Intramuscular",In Review,Ready to Use Approved,Projected MOS below min MOS Alert,Base,2026-12,0.0
Kenya,MOH Supply Plan,"Medroxyprogesterone Acetate 150 mg/mL (1 mL) Vial, Intramuscular",In Review,Ready to Use Approved,Projected MOS below min MOS Alert,Base,2027-01,0.0
Kenya,MOH Supply Plan,"Medroxyprogesterone Acetate 150 mg/mL (1 mL) Vial, Intramuscular",In Review,Ready to Use Approved,Projected MOS below min MOS Alert,Base,2027-02,0.0
Kenya,MOH Supply Plan,"Medroxyprogesterone Acetate 150 mg/mL (1 mL) Vial, Intramuscular",In Review,Ready to Use Approved,Projected MOS below min MOS Alert,Base,2027-03,0.0
Kenya,MOH Supply Plan,"Medroxyprogesterone Acetate 150 mg/mL (1 mL) Vial, Intramuscular",In Review,Ready to Use Approved,Projected MOS below min MOS Alert,Base,2027-04,0.0
Kenya,MOH Supply Plan,"Medroxyprogesterone Acetate 150 mg/mL (1 mL) Vial, Intramuscular",In Review,Ready to Use Approved,Projected MOS below min MOS Alert,Base,2027-05,0.0
Kenya,MOH Supply Plan,"Medroxyprogesterone Acetate 150 mg/mL (1 mL) Vial, Intramuscular",In Review,Ready to Use Approved,Projected MOS below min MOS Alert,Base,2027-06,0.0
Kenya,MOH Supply Plan,"Medroxyprogesterone Acetate 150 mg/mL (1 mL) Vial, Intramuscular",In Review,Ready to Use Approved,Projected MOS below min MOS Alert,Base,2027-07,0.0
Kenya,MOH Supply Plan,"Medroxyprogesterone Acetate 150 mg/mL (1 mL) Vial, Intramuscular",In Review,Ready to Use Approved,Projected MOS below min MOS Alert,Base,2027-08,0.0
Kenya,MOH Supply Plan,"Medroxyprogesterone Acetate 150 mg/mL (1 mL) Vial, Intramuscular",In Review,Ready to Use Approved,Projected MOS below min MOS Alert,Base,2027-09,0.0
Kenya,MOH Supply Plan,"Medroxyprogesterone Acetate 150 mg/mL (1 mL) Vial, Intramuscular",In Review,Ready to Use Approved,Projected MOS below min MOS Alert,Base,2027-10,0.0
Kenya,MOH Supply Plan,"Medroxyprogesterone Acetate 150 mg/mL (1 mL) Vial, Intramuscular",In Review,Ready to Use Approved,Projected MOS below min MOS Alert,Base,2027-11,0.0
Kenya,MOH Supply Plan,"Medroxyprogesterone Acetate 150 mg/mL (1 mL) Vial, Intramuscular",In Review,Ready to Use Approved,Projected MOS below min MOS Alert,Base,2027-12,0.0
Kenya,MOH Supply Plan,"Medroxyprogesterone Acetate 150 mg/mL (1 mL) Vial, Intramuscular",In Review,Ready to Use Approved,Projected MOS below min MOS Alert,Base,2028-01,0.0
Kenya,MOH Supply Plan,"Medroxyprogesterone Acetate 150 mg/mL (1 mL) Vial, Intramuscular",In Review,Ready to Use Approved,Projected MOS below min MOS Alert,Base,2028-02,0.0
Kenya,MOH Supply Plan,"Medroxyprogesterone Acetate 150 mg/mL (1 mL) Vial, Intramuscular",In Review,Ready to Use Approved,Projected MOS below min MOS Alert,Base,2028-03,0.0
Kenya,MOH Supply Plan,"Medroxyprogesterone Acetate 150 mg/mL (1 mL) Vial, Intramuscular",In Review,Ready to Use Approved,Projected MOS below min MOS Alert,Base,2028-04,0.0
Kenya,MOH Supply Plan,"Medroxyprogesterone Acetate 150 mg/mL (1 mL) Vial, Intramuscular",In Review,Ready to Use Approved,Projected MOS below min MOS Alert,Base,2028-05,0.0
Kenya,MOH Supply Plan,"Medroxyprogesterone Acetate 150 mg/mL (1 mL) Vial, Intramuscular",In Review,Ready to Use Approved,Projected MOS below min MOS Alert,Base,2028-06,0.0
Kenya,MOH Supply Plan,"Medroxyprogesterone Acetate 150 mg/mL (1 mL) Vial, Intramuscular",In Review,Ready to Use Approved,Projected MOS below min MOS Alert,Base,2028-07,0.0
Kenya,MOH Supply Plan,"Medroxyprogesterone Acetate 150 mg/mL (1 mL) Vial, Intramuscular",In Review,Ready to Use Approved,Projected MOS below min MOS Alert,Base,2028-08,0.0
Kenya,MOH Supply Plan,"Medroxyprogesterone Acetate 150 mg/mL (1 mL) Vial, Intramuscular",In Review,Ready to Use Approved,Projected MOS below min MOS Alert,Base,2028-09,0.0
Kenya,MOH Supply Plan,"Medroxyprogesterone Acetate 150 mg/mL (1 mL) Vial, Intramuscular",In Review,Ready to Use Approved,Projected MOS above max MOS Alert,Base,2026-03,0.0
Kenya,MOH Supply Plan,"Medroxyprogesterone Acetate 150 mg/mL (1 mL) Vial, Intramuscular",In Review,Ready to Use Approved,Projected MOS above max MOS Alert,Base,2026-04,0.0
Kenya,MOH Supply Plan,"Medroxyprogesterone Acetate 150 mg/mL (1 mL) Vial, Intramuscular",In Review,Ready to Use Approved,Projected MOS above max MOS Alert,Base,2026-05,0.0
Kenya,MOH Supply Plan,"Medroxyprogesterone Acetate 150 mg/mL (1 mL) Vial, Intramuscular",In Review,Ready to Use Approved,Projected MOS above max MOS Alert,Base,2026-06,0.0
Kenya,MOH Supply Plan,"Medroxyprogesterone Acetate 150 mg/mL (1 mL) Vial, Intramuscular",In Review,Ready to Use Approved,Projected MOS above max MOS Alert,Base,2026-07,0.0
Kenya,MOH Supply Plan,"Medroxyprogesterone Acetate 150 mg/mL (1 mL) Vial, Intramuscular",In Review,Ready to Use Approved,Projected MOS above max MOS Alert,Base,2026-08,0.0
Kenya,MOH Supply Plan,"Medroxyprogesterone Acetate 150 mg/mL (1 mL) Vial, Intramuscular",In Review,Ready to Use Approved,Projected MOS above max MOS Alert,Base,2026-09,0.0
Kenya,MOH Supply Plan,"Medroxyprogesterone Acetate 150 mg/mL (1 mL) Vial, Intramuscular",In Review,Ready to Use Approved,Projected MOS above max MOS Alert,Base,2026-10,0.0
Kenya,MOH Supply Plan,"Medroxyprogesterone Acetate 150 mg/mL (1 mL) Vial, Intramuscular",In Review,Ready to Use Approved,Projected MOS above max MOS Alert,Base,2026-11,0.0
Kenya,MOH Supply Plan,"Medroxyprogesterone Acetate 150 mg/mL (1 mL) Vial, Intramuscular",In Review,Ready to Use Approved,Projected MOS above max MOS Alert,Base,2026-12,0.0
Kenya,MOH Supply Plan,"Medroxyprogesterone Acetate 150 mg/mL (1 mL) Vial, Intramuscular",In Review,Ready to Use Approved,Projected MOS above max MOS Alert,Base,2027-01,0.0
Kenya,MOH Supply Plan,"Medroxyprogesterone Acetate 150 mg/mL (1 mL) Vial, Intramuscular",In Review,Ready to Use Approved,Projected MOS above max MOS Alert,Base,2027-02,0.0
Kenya,MOH Supply Plan,"Medroxyprogesterone Acetate 150 mg/mL (1 mL) Vial, Intramuscular",In Review,Ready to Use Approved,Projected MOS above max MOS Alert,Base,2027-03,0.0
Kenya,MOH Supply Plan,"Medroxyprogesterone Acetate 150 mg/mL (1 mL) Vial, Intramuscular",In Review,Ready to Use Approved,Projected MOS above max MOS Alert,Base,2027-04,0.0
Kenya,MOH Supply Plan,"Medroxyprogesterone Acetate 150 mg/mL (1 mL) Vial, Intramuscular",In Review,Ready to Use Approved,Projected MOS above max MOS Alert,Base,2027-05,0.0
Kenya,MOH Supply Plan,"Medroxyprogesterone Acetate 150 mg/mL (1 mL) Vial, Intramuscular",In Review,Ready to Use Approved,Projected MOS above max MOS Alert,Base,2027-06,0.0
Kenya,MOH Supply Plan,"Medroxyprogesterone Acetate 150 mg/mL (1 mL) Vial, Intramuscular",In Review,Ready to Use Approved,Projected MOS above max MOS Alert,Base,2027-07,0.0
Kenya,MOH Supply Plan,"Medroxyprogesterone Acetate 150 mg/mL (1 mL) Vial, Intramuscular",In Review,Ready to Use Approved,Projected MOS above max MOS Alert,Base,2027-08,0.0
Kenya,MOH Supply Plan,"Medroxyprogesterone Acetate 150 mg/mL (1 mL) Vial, Intramuscular",In Review,Ready to Use Approved,Projected MOS above max MOS Alert,Base,2027-09,0.0
Kenya,MOH Supply Plan,"Medroxyprogesterone Acetate 150 mg/mL (1 mL) Vial, Intramuscular",In Review,Ready to Use Approved,Projected MOS above max MOS Alert,Base,2027-10,0.0
Kenya,MOH Supply Plan,"Medroxyprogesterone Acetate 150 mg/mL (1 mL) Vial, Intramuscular",In Review,Ready to Use Approved,Projected MOS above max MOS Alert,Base,2027-11,0.0
Kenya,MOH Supply Plan,"Medroxyprogesterone Acetate 150 mg/mL (1 mL) Vial, Intramuscular",In Review,Ready to Use Approved,Projected MOS above max MOS Alert,Base,2027-12,0.0
Kenya,MOH Supply Plan,"Medroxyprogesterone Acetate 150 mg/mL (1 mL) Vial, Intramuscular",In Review,Ready to Use Approved,Projected MOS above max MOS Alert,Base,2028-01,0.0
Kenya,MOH Supply Plan,"Medroxyprogesterone Acetate 150 mg/mL (1 mL) Vial, Intramuscular",In Review,Ready to Use Approved,Projected MOS above max MOS Alert,Base,2028-02,0.0
Kenya,MOH Supply Plan,"Medroxyprogesterone Acetate 150 mg/mL (1 mL) Vial, Intramuscular",In Review,Ready to Use Approved,Projected MOS above max MOS Alert,Base,2028-03,0.0
Kenya,MOH Supply Plan,"Medroxyprogesterone Acetate 150 mg/mL (1 mL) Vial, Intramuscular",In Review,Ready to Use Approved,Projected MOS above max MOS Alert,Base,2028-04,0.0
Kenya,MOH Supply Plan,"Medroxyprogesterone Acetate 150 mg/mL (1 mL) Vial, Intramuscular",In Review,Ready to Use Approved,Projected MOS above max MOS Alert,Base,2028-05,0.0
Kenya,MOH Supply Plan,"Medroxyprogesterone Acetate 150 mg/mL (1 mL) Vial, Intramuscular",In Review,Ready to Use Approved,Projected MOS above max MOS Alert,Base,2028-06,0.0
Kenya,MOH Supply Plan,"Medroxyprogesterone Acetate 150 mg/mL (1 mL) Vial, Intramuscular",In Review,Ready to Use Approved,Projected MOS above max MOS Alert,Base,2028-07,0.0
Kenya,MOH Supply Plan,"Medroxyprogesterone Acetate 150 mg/mL (1 mL) Vial, Intramuscular",In Review,Ready to Use Approved,Projected MOS above max MOS Alert,Base,2028-08,0.0
Kenya,MOH Supply Plan,"Medroxyprogesterone Acetate 150 mg/mL (1 mL) Vial, Intramuscular",In Review,Ready to Use Approved,Projected MOS above max MOS Alert,Base,2028-09,0.0
Kenya,MOH Supply Plan,"Medroxyprogesterone Acetate 150 mg/mL (1 mL) Vial, Intramuscular",In Review,Ready to Use Approved,Suggested Replenishment,Base,2026-09,5068258.0
Kenya,MOH Supply Plan,"Medroxyprogesterone Acetate 150 mg/mL (1 mL) Vial, Intramuscular",In Review,Ready to Use Approved,Suggested Replenishment,Base,2026-10,0.0
Kenya,MOH Supply Plan,"Medroxyprogesterone Acetate 150 mg/mL (1 mL) Vial, Intramuscular",In Review,Ready to Use Approved,Suggested Replenishment,Base,2026-11,0.0
Kenya,MOH Supply Plan,"Medroxyprogesterone Acetate 150 mg/mL (1 mL) Vial, Intramuscular",In Review,Ready to Use Approved,Suggested Replenishment,Base,2026-12,0.0
Kenya,MOH Supply Plan,"Medroxyprogesterone Acetate 150 mg/mL (1 mL) Vial, Intramuscular",In Review,Ready to Use Approved,Suggested Replenishment,Base,2027-01,0.0
Kenya,MOH Supply Plan,"Medroxyprogesterone Acetate 150 mg/mL (1 mL) Vial, Intramuscular",In Review,Ready to Use Approved,Suggested Replenishment,Base,2027-02,0.0
Kenya,MOH Supply Plan,"Medroxyprogesterone Acetate 150 mg/mL (1 mL) Vial, Intramuscular",In Review,Ready to Use Approved,Suggested Replenishment,Base,2027-03,0.0
Kenya,MOH Supply Plan,"Medroxyprogesterone Acetate 150 mg/mL (1 mL) Vial, Intramuscular",In Review,Ready to Use Approved,Suggested Replenishment,Base,2027-04,1451711.0
Kenya,MOH Supply Plan,"Medroxyprogesterone Acetate 150 mg/mL (1 mL) Vial, Intramuscular",In Review,Ready to Use Approved,Suggested Replenishment,Base,2027-05,0.0
Kenya,MOH Supply Plan,"Medroxyprogesterone Acetate 150 mg/mL (1 mL) Vial, Intramuscular",In Review,Ready to Use Approved,Suggested Replenishment,Base,2027-06,0.0
Kenya,MOH Supply Plan,"Medroxyprogesterone Acetate 150 mg/mL (1 mL) Vial, Intramuscular",In Review,Ready to Use Approved,Suggested Replenishment,Base,2027-07,0.0
Kenya,MOH Supply Plan,"Medroxyprogesterone Acetate 150 mg/mL (1 mL) Vial, Intramuscular",In Review,Ready to Use Approved,Suggested Replenishment,Base,2027-08,0.0
Kenya,MOH Supply Plan,"Medroxyprogesterone Acetate 150 mg/mL (1 mL) Vial, Intramuscular",In Review,Ready to Use Approved,Suggested Replenishment,Base,2027-09,0.0
Kenya,MOH Supply Plan,"Medroxyprogesterone Acetate 150 mg/mL (1 mL) Vial, Intramuscular",In Review,Ready to Use Approved,Suggested Replenishment,Base,2027-10,1466594.0
Kenya,MOH Supply Plan,"Medroxyprogesterone Acetate 150 mg/mL (1 mL) Vial, Intramuscular",In Review,Ready to Use Approved,Suggested Replenishment,Base,2027-11,0.0
Kenya,MOH Supply Plan,"Medroxyprogesterone Acetate 150 mg/mL (1 mL) Vial, Intramuscular",In Review,Ready to Use Approved,Suggested Replenishment,Base,2027-12,0.0
Kenya,MOH Supply Plan,"Medroxyprogesterone Acetate 150 mg/mL (1 mL) Vial, Intramuscular",In Review,Ready to Use Approved,Suggested Replenishment,Base,2028-01,0.0
Kenya,MOH Supply Plan,"Medroxyprogesterone Acetate 150 mg/mL (1 mL) Vial, Intramuscular",In Review,Ready to Use Approved,Suggested Replenishment,Base,2028-02,0.0
Kenya,MOH Supply Plan,"Medroxyprogesterone Acetate 150 mg/mL (1 mL) Vial, Intramuscular",In Review,Ready to Use Approved,Suggested Replenishment,Base,2028-03,0.0
Kenya,MOH Supply Plan,"Medroxyprogesterone Acetate 150 mg/mL (1 mL) Vial, Intramuscular",In Review,Ready to Use Approved,Suggested Replenishment,Base,2028-04,0.0
Kenya,MOH Supply Plan,"Medroxyprogesterone Acetate 150 mg/mL (1 mL) Vial, Intramuscular",In Review,Ready to Use Approved,Suggested Replenishment,Base,2028-05,1585850.0
Kenya,MOH Supply Plan,"Medroxyprogesterone Acetate 150 mg/mL (1 mL) Vial, Intramuscular",In Review,Ready to Use Approved,Suggested Replenishment,Base,2028-06,0.0
Kenya,MOH Supply Plan,"Medroxyprogesterone Acetate 150 mg/mL (1 mL) Vial, Intramuscular",In Review,Ready to Use Approved,Projected MOS with Sugg Repl,Base,2026-09,24.0
Kenya,MOH Supply Plan,"Medroxyprogesterone Acetate 150 mg/mL (1 mL) Vial, Intramuscular",In Review,Ready to Use Approved,Projected MOS with Sugg Repl,Base,2026-10,23.5
Kenya,MOH Supply Plan,"Medroxyprogesterone Acetate 150 mg/mL (1 mL) Vial, Intramuscular",In Review,Ready to Use Approved,Projected MOS with Sugg Repl,Base,2026-11,22.5
Kenya,MOH Supply Plan,"Medroxyprogesterone Acetate 150 mg/mL (1 mL) Vial, Intramuscular",In Review,Ready to Use Approved,Projected MOS with Sugg Repl,Base,2026-12,21.5
Kenya,MOH Supply Plan,"Medroxyprogesterone Acetate 150 mg/mL (1 mL) Vial, Intramuscular",In Review,Ready to Use Approved,Projected MOS with Sugg Repl,Base,2027-01,20.5
Kenya,MOH Supply Plan,"Medroxyprogesterone Acetate 150 mg/mL (1 mL) Vial, Intramuscular",In Review,Ready to Use Approved,Projected MOS with Sugg Repl,Base,2027-02,19.5
Kenya,MOH Supply Plan,"Medroxyprogesterone Acetate 150 mg/mL (1 mL) Vial, Intramuscular",In Review,Ready to Use Approved,Projected MOS with Sugg Repl,Base,2027-03,18.5
Kenya,MOH Supply Plan,"Medroxyprogesterone Acetate 150 mg/mL (1 mL) Vial, Intramuscular",In Review,Ready to Use Approved,Projected MOS with Sugg Repl,Base,2027-04,24.0
Kenya,MOH Supply Plan,"Medroxyprogesterone Acetate 150 mg/mL (1 mL) Vial, Intramuscular",In Review,Ready to Use Approved,Projected MOS with Sugg Repl,Base,2027-05,22.8
Kenya,MOH Supply Plan,"Medroxyprogesterone Acetate 150 mg/mL (1 mL) Vial, Intramuscular",In Review,Ready to Use Approved,Projected MOS with Sugg Repl,Base,2027-06,21.7
Kenya,MOH Supply Plan,"Medroxyprogesterone Acetate 150 mg/mL (1 mL) Vial, Intramuscular",In Review,Ready to Use Approved,Projected MOS with Sugg Repl,Base,2027-07,20.5
Kenya,MOH Supply Plan,"Medroxyprogesterone Acetate 150 mg/mL (1 mL) Vial, Intramuscular",In Review,Ready to Use Approved,Projected MOS with Sugg Repl,Base,2027-08,19.5
Kenya,MOH Supply Plan,"Medroxyprogesterone Acetate 150 mg/mL (1 mL) Vial, Intramuscular",In Review,Ready to Use Approved,Projected MOS with Sugg Repl,Base,2027-09,18.5
Kenya,MOH Supply Plan,"Medroxyprogesterone Acetate 150 mg/mL (1 mL) Vial, Intramuscular",In Review,Ready to Use Approved,Projected MOS with Sugg Repl,Base,2027-10,24.0
Kenya,MOH Supply Plan,"Medroxyprogesterone Acetate 150 mg/mL (1 mL) Vial, Intramuscular",In Review,Ready to Use Approved,Projected MOS with Sugg Repl,Base,2027-11,23.0
Kenya,MOH Supply Plan,"Medroxyprogesterone Acetate 150 mg/mL (1 mL) Vial, Intramuscular",In Review,Ready to Use Approved,Projected MOS with Sugg Repl,Base,2027-12,22.0
Kenya,MOH Supply Plan,"Medroxyprogesterone Acetate 150 mg/mL (1 mL) Vial, Intramuscular",In Review,Ready to Use Approved,Projected MOS with Sugg Repl,Base,2028-01,21.0
Kenya,MOH Supply Plan,"Medroxyprogesterone Acetate 150 mg/mL (1 mL) Vial, Intramuscular",In Review,Ready to Use Approved,Projected MOS with Sugg Repl,Base,2028-02,20.0
Kenya,MOH Supply Plan,"Medroxyprogesterone Acetate 150 mg/mL (1 mL) Vial, Intramuscular",In Review,Ready to Use Approved,Projected MOS with Sugg Repl,Base,2028-03,19.0
Kenya,MOH Supply Plan,"Medroxyprogesterone Acetate 150 mg/mL (1 mL) Vial, Intramuscular",In Review,Ready to Use Approved,Projected MOS with Sugg Repl,Base,2028-04,18.0
Kenya,MOH Supply Plan,"Medroxyprogesterone Acetate 150 mg/mL (1 mL) Vial, Intramuscular",In Review,Ready to Use Approved,Projected MOS with Sugg Repl,Base,2028-05,24.0
Kenya,MOH Supply Plan,"Medroxyprogesterone Acetate 150 mg/mL (1 mL) Vial, Intramuscular",In Review,Ready to Use Approved,Projected MOS with Sugg Repl,Base,2028-06,23.0
Kenya,MOH Supply Plan,"Medroxyprogesterone Acetate 150 mg/mL (1 mL) Vial, Intramuscular",In Review,Ready to Use Approved,Monthly Consumption,S1,2026-03,95380.0
Kenya,MOH Supply Plan,"Medroxyprogesterone Acetate 150 mg/mL (1 mL) Vial, Intramuscular",In Review,Ready to Use Approved,Monthly Consumption,S1,2026-04,216901.0
Kenya,MOH Supply Plan,"Medroxyprogesterone Acetate 150 mg/mL (1 mL) Vial, Intramuscular",In Review,Ready to Use Approved,Monthly Consumption,S1,2026-05,216901.0
Kenya,MOH Supply Plan,"Medroxyprogesterone Acetate 150 mg/mL (1 mL) Vial, Intramuscular",In Review,Ready to Use Approved,Monthly Consumption,S1,2026-06,216901.0
Kenya,MOH Supply Plan,"Medroxyprogesterone Acetate 150 mg/mL (1 mL) Vial, Intramuscular",In Review,Ready to Use Approved,Monthly Consumption,S1,2026-07,221673.0
Kenya,MOH Supply Plan,"Medroxyprogesterone Acetate 150 mg/mL (1 mL) Vial, Intramuscular",In Review,Ready to Use Approved,Monthly Consumption,S1,2026-08,221673.0
Kenya,MOH Supply Plan,"Medroxyprogesterone Acetate 150 mg/mL (1 mL) Vial, Intramuscular",In Review,Ready to Use Approved,Monthly Consumption,S1,2026-09,221673.0
Kenya,MOH Supply Plan,"Medroxyprogesterone Acetate 150 mg/mL (1 mL) Vial, Intramuscular",In Review,Ready to Use Approved,Monthly Consumption,S1,2026-10,221673.0
Kenya,MOH Supply Plan,"Medroxyprogesterone Acetate 150 mg/mL (1 mL) Vial, Intramuscular",In Review,Ready to Use Approved,Monthly Consumption,S1,2026-11,221673.0
Kenya,MOH Supply Plan,"Medroxyprogesterone Acetate 150 mg/mL (1 mL) Vial, Intramuscular",In Review,Ready to Use Approved,Monthly Consumption,S1,2026-12,221673.0
Kenya,MOH Supply Plan,"Medroxyprogesterone Acetate 150 mg/mL (1 mL) Vial, Intramuscular",In Review,Ready to Use Approved,Monthly Consumption,S1,2027-01,221673.0
Kenya,MOH Supply Plan,"Medroxyprogesterone Acetate 150 mg/mL (1 mL) Vial, Intramuscular",In Review,Ready to Use Approved,Monthly Consumption,S1,2027-02,221673.0
Kenya,MOH Supply Plan,"Medroxyprogesterone Acetate 150 mg/mL (1 mL) Vial, Intramuscular",In Review,Ready to Use Approved,Monthly Consumption,S1,2027-03,221673.0
Kenya,MOH Supply Plan,"Medroxyprogesterone Acetate 150 mg/mL (1 mL) Vial, Intramuscular",In Review,Ready to Use Approved,Monthly Consumption,S1,2027-04,221673.0
Kenya,MOH Supply Plan,"Medroxyprogesterone Acetate 150 mg/mL (1 mL) Vial, Intramuscular",In Review,Ready to Use Approved,Monthly Consumption,S1,2027-05,221673.0
Kenya,MOH Supply Plan,"Medroxyprogesterone Acetate 150 mg/mL (1 mL) Vial, Intramuscular",In Review,Ready to Use Approved,Monthly Consumption,S1,2027-06,221673.0
Kenya,MOH Supply Plan,"Medroxyprogesterone Acetate 150 mg/mL (1 mL) Vial, Intramuscular",In Review,Ready to Use Approved,Monthly Consumption,S1,2027-07,226550.0
Kenya,MOH Supply Plan,"Medroxyprogesterone Acetate 150 mg/mL (1 mL) Vial, Intramuscular",In Review,Ready to Use Approved,Monthly Consumption,S1,2027-08,226550.0
Kenya,MOH Supply Plan,"Medroxyprogesterone Acetate 150 mg/mL (1 mL) Vial, Intramuscular",In Review,Ready to Use Approved,Monthly Consumption,S1,2027-09,226550.0
Kenya,MOH Supply Plan,"Medroxyprogesterone Acetate 150 mg/mL (1 mL) Vial, Intramuscular",In Review,Ready to Use Approved,Monthly Consumption,S1,2027-10,226550.0
Kenya,MOH Supply Plan,"Medroxyprogesterone Acetate 150 mg/mL (1 mL) Vial, Intramuscular",In Review,Ready to Use Approved,Monthly Consumption,S1,2027-11,226550.0
Kenya,MOH Supply Plan,"Medroxyprogesterone Acetate 150 mg/mL (1 mL) Vial, Intramuscular",In Review,Ready to Use Approved,Monthly Consumption,S1,2027-12,226550.0
Kenya,MOH Supply Plan,"Medroxyprogesterone Acetate 150 mg/mL (1 mL) Vial, Intramuscular",In Review,Ready to Use Approved,Monthly Consumption,S1,2028-01,226550.0
Kenya,MOH Supply Plan,"Medroxyprogesterone Acetate 150 mg/mL (1 mL) Vial, Intramuscular",In Review,Ready to Use Approved,Monthly Consumption,S1,2028-02,226550.0
Kenya,MOH Supply Plan,"Medroxyprogesterone Acetate 150 mg/mL (1 mL) Vial, Intramuscular",In Review,Ready to Use Approved,Monthly Consumption,S1,2028-03,226550.0
Kenya,MOH Supply Plan,"Medroxyprogesterone Acetate 150 mg/mL (1 mL) Vial, Intramuscular",In Review,Ready to Use Approved,Monthly Consumption,S1,2028-04,226550.0
Kenya,MOH Supply Plan,"Medroxyprogesterone Acetate 150 mg/mL (1 mL) Vial, Intramuscular",In Review,Ready to Use Approved,Monthly Consumption,S1,2028-05,226550.0
Kenya,MOH Supply Plan,"Medroxyprogesterone Acetate 150 mg/mL (1 mL) Vial, Intramuscular",In Review,Ready to Use Approved,Monthly Consumption,S1,2028-06,226550.0
Kenya,MOH Supply Plan,"Medroxyprogesterone Acetate 150 mg/mL (1 mL) Vial, Intramuscular",In Review,Ready to Use Approved,Projected Supplies,S1,2026-10,119000.0
Kenya,MOH Supply Plan,"Medroxyprogesterone Acetate 150 mg/mL (1 mL) Vial, Intramuscular",In Review,Ready to Use Approved,Projected Supplies,S1,2026-11,500000.0
Kenya,MOH Supply Plan,"Medroxyprogesterone Acetate 150 mg/mL (1 mL) Vial, Intramuscular",In Review,Ready to Use Approved,Projected Supplies,S1,2026-12,3724600.0
Kenya,MOH Supply Plan,"Medroxyprogesterone Acetate 150 mg/mL (1 mL) Vial, Intramuscular",In Review,Ready to Use Approved,Projected Supplies,S1,2027-02,1368200.0
Kenya,MOH Supply Plan,"Medroxyprogesterone Acetate 150 mg/mL (1 mL) Vial, Intramuscular",In Review,Ready to Use Approved,Projected Supplies,S1,2027-08,1417900.0
Kenya,MOH Supply Plan,"Medroxyprogesterone Acetate 150 mg/mL (1 mL) Vial, Intramuscular",In Review,Ready to Use Approved,Projected Inventory,S1,2026-03,0.0
Kenya,MOH Supply Plan,"Medroxyprogesterone Acetate 150 mg/mL (1 mL) Vial, Intramuscular",In Review,Ready to Use Approved,Projected Inventory,S1,2026-04,0.0
Kenya,MOH Supply Plan,"Medroxyprogesterone Acetate 150 mg/mL (1 mL) Vial, Intramuscular",In Review,Ready to Use Approved,Projected Inventory,S1,2026-05,0.0
Kenya,MOH Supply Plan,"Medroxyprogesterone Acetate 150 mg/mL (1 mL) Vial, Intramuscular",In Review,Ready to Use Approved,Projected Inventory,S1,2026-06,0.0
Kenya,MOH Supply Plan,"Medroxyprogesterone Acetate 150 mg/mL (1 mL) Vial, Intramuscular",In Review,Ready to Use Approved,Projected Inventory,S1,2026-07,395240.0
Kenya,MOH Supply Plan,"Medroxyprogesterone Acetate 150 mg/mL (1 mL) Vial, Intramuscular",In Review,Ready to Use Approved,Projected Inventory,S1,2026-08,173567.0
Kenya,MOH Supply Plan,"Medroxyprogesterone Acetate 150 mg/mL (1 mL) Vial, Intramuscular",In Review,Ready to Use Approved,Projected Inventory,S1,2026-09,0.0
Kenya,MOH Supply Plan,"Medroxyprogesterone Acetate 150 mg/mL (1 mL) Vial, Intramuscular",In Review,Ready to Use Approved,Projected Inventory,S1,2026-10,0.0
Kenya,MOH Supply Plan,"Medroxyprogesterone Acetate 150 mg/mL (1 mL) Vial, Intramuscular",In Review,Ready to Use Approved,Projected Inventory,S1,2026-11,278327.0
Kenya,MOH Supply Plan,"Medroxyprogesterone Acetate 150 mg/mL (1 mL) Vial, Intramuscular",In Review,Ready to Use Approved,Projected Inventory,S1,2026-12,3781254.0
Kenya,MOH Supply Plan,"Medroxyprogesterone Acetate 150 mg/mL (1 mL) Vial, Intramuscular",In Review,Ready to Use Approved,Projected Inventory,S1,2027-01,3559581.0
Kenya,MOH Supply Plan,"Medroxyprogesterone Acetate 150 mg/mL (1 mL) Vial, Intramuscular",In Review,Ready to Use Approved,Projected Inventory,S1,2027-02,4706108.0
Kenya,MOH Supply Plan,"Medroxyprogesterone Acetate 150 mg/mL (1 mL) Vial, Intramuscular",In Review,Ready to Use Approved,Projected Inventory,S1,2027-03,4484435.0
Kenya,MOH Supply Plan,"Medroxyprogesterone Acetate 150 mg/mL (1 mL) Vial, Intramuscular",In Review,Ready to Use Approved,Projected Inventory,S1,2027-04,4262762.0
Kenya,MOH Supply Plan,"Medroxyprogesterone Acetate 150 mg/mL (1 mL) Vial, Intramuscular",In Review,Ready to Use Approved,Projected Inventory,S1,2027-05,4041089.0
Kenya,MOH Supply Plan,"Medroxyprogesterone Acetate 150 mg/mL (1 mL) Vial, Intramuscular",In Review,Ready to Use Approved,Projected Inventory,S1,2027-06,3819416.0
Kenya,MOH Supply Plan,"Medroxyprogesterone Acetate 150 mg/mL (1 mL) Vial, Intramuscular",In Review,Ready to Use Approved,Projected Inventory,S1,2027-07,3592866.0
Kenya,MOH Supply Plan,"Medroxyprogesterone Acetate 150 mg/mL (1 mL) Vial, Intramuscular",In Review,Ready to Use Approved,Projected Inventory,S1,2027-08,4784216.0
Kenya,MOH Supply Plan,"Medroxyprogesterone Acetate 150 mg/mL (1 mL) Vial, Intramuscular",In Review,Ready to Use Approved,Projected Inventory,S1,2027-09,4557666.0
Kenya,MOH Supply Plan,"Medroxyprogesterone Acetate 150 mg/mL (1 mL) Vial, Intramuscular",In Review,Ready to Use Approved,Projected Inventory,S1,2027-10,4331116.0
Kenya,MOH Supply Plan,"Medroxyprogesterone Acetate 150 mg/mL (1 mL) Vial, Intramuscular",In Review,Ready to Use Approved,Projected Inventory,S1,2027-11,4104566.0
Kenya,MOH Supply Plan,"Medroxyprogesterone Acetate 150 mg/mL (1 mL) Vial, Intramuscular",In Review,Ready to Use Approved,Projected Inventory,S1,2027-12,3878016.0
Kenya,MOH Supply Plan,"Medroxyprogesterone Acetate 150 mg/mL (1 mL) Vial, Intramuscular",In Review,Ready to Use Approved,Projected Inventory,S1,2028-01,3651466.0
Kenya,MOH Supply Plan,"Medroxyprogesterone Acetate 150 mg/mL (1 mL) Vial, Intramuscular",In Review,Ready to Use Approved,Projected Inventory,S1,2028-02,3424916.0
Kenya,MOH Supply Plan,"Medroxyprogesterone Acetate 150 mg/mL (1 mL) Vial, Intramuscular",In Review,Ready to Use Approved,Projected Inventory,S1,2028-03,3198366.0
Kenya,MOH Supply Plan,"Medroxyprogesterone Acetate 150 mg/mL (1 mL) Vial, Intramuscular",In Review,Ready to Use Approved,Projected Inventory,S1,2028-04,2971816.0
Kenya,MOH Supply Plan,"Medroxyprogesterone Acetate 150 mg/mL (1 mL) Vial, Intramuscular",In Review,Ready to Use Approved,Projected Inventory,S1,2028-05,2745266.0
Kenya,MOH Supply Plan,"Medroxyprogesterone Acetate 150 mg/mL (1 mL) Vial, Intramuscular",In Review,Ready to Use Approved,Projected Inventory,S1,2028-06,2518716.0
Kenya,MOH Supply Plan,"Medroxyprogesterone Acetate 150 mg/mL (1 mL) Vial, Intramuscular",In Review,Ready to Use Approved,Projected Inventory,S1,2028-07,2518716.0
Kenya,MOH Supply Plan,"Medroxyprogesterone Acetate 150 mg/mL (1 mL) Vial, Intramuscular",In Review,Ready to Use Approved,Projected Inventory,S1,2028-08,2518716.0
Kenya,MOH Supply Plan,"Medroxyprogesterone Acetate 150 mg/mL (1 mL) Vial, Intramuscular",In Review,Ready to Use Approved,Projected Inventory,S1,2028-09,2518716.0
Kenya,MOH Supply Plan,"Medroxyprogesterone Acetate 150 mg/mL (1 mL) Vial, Intramuscular",In Review,Ready to Use Approved,Projected MOS,S1,2026-03,0.0
Kenya,MOH Supply Plan,"Medroxyprogesterone Acetate 150 mg/mL (1 mL) Vial, Intramuscular",In Review,Ready to Use Approved,Projected MOS,S1,2026-04,0.0
Kenya,MOH Supply Plan,"Medroxyprogesterone Acetate 150 mg/mL (1 mL) Vial, Intramuscular",In Review,Ready to Use Approved,Projected MOS,S1,2026-05,0.0
Kenya,MOH Supply Plan,"Medroxyprogesterone Acetate 150 mg/mL (1 mL) Vial, Intramuscular",In Review,Ready to Use Approved,Projected MOS,S1,2026-06,0.0
Kenya,MOH Supply Plan,"Medroxyprogesterone Acetate 150 mg/mL (1 mL) Vial, Intramuscular",In Review,Ready to Use Approved,Projected MOS,S1,2026-07,1.8
Kenya,MOH Supply Plan,"Medroxyprogesterone Acetate 150 mg/mL (1 mL) Vial, Intramuscular",In Review,Ready to Use Approved,Projected MOS,S1,2026-08,0.8
Kenya,MOH Supply Plan,"Medroxyprogesterone Acetate 150 mg/mL (1 mL) Vial, Intramuscular",In Review,Ready to Use Approved,Projected MOS,S1,2026-09,0.0
Kenya,MOH Supply Plan,"Medroxyprogesterone Acetate 150 mg/mL (1 mL) Vial, Intramuscular",In Review,Ready to Use Approved,Projected MOS,S1,2026-10,0.0
Kenya,MOH Supply Plan,"Medroxyprogesterone Acetate 150 mg/mL (1 mL) Vial, Intramuscular",In Review,Ready to Use Approved,Projected MOS,S1,2026-11,1.3
Kenya,MOH Supply Plan,"Medroxyprogesterone Acetate 150 mg/mL (1 mL) Vial, Intramuscular",In Review,Ready to Use Approved,Projected MOS,S1,2026-12,17.1
Kenya,MOH Supply Plan,"Medroxyprogesterone Acetate 150 mg/mL (1 mL) Vial, Intramuscular",In Review,Ready to Use Approved,Projected MOS,S1,2027-01,16.1
Kenya,MOH Supply Plan,"Medroxyprogesterone Acetate 150 mg/mL (1 mL) Vial, Intramuscular",In Review,Ready to Use Approved,Projected MOS,S1,2027-02,21.2
Kenya,MOH Supply Plan,"Medroxyprogesterone Acetate 150 mg/mL (1 mL) Vial, Intramuscular",In Review,Ready to Use Approved,Projected MOS,S1,2027-03,20.2
Kenya,MOH Supply Plan,"Medroxyprogesterone Acetate 150 mg/mL (1 mL) Vial, Intramuscular",In Review,Ready to Use Approved,Projected MOS,S1,2027-04,19.2
Kenya,MOH Supply Plan,"Medroxyprogesterone Acetate 150 mg/mL (1 mL) Vial, Intramuscular",In Review,Ready to Use Approved,Projected MOS,S1,2027-05,18.1
Kenya,MOH Supply Plan,"Medroxyprogesterone Acetate 150 mg/mL (1 mL) Vial, Intramuscular",In Review,Ready to Use Approved,Projected MOS,S1,2027-06,17.0
Kenya,MOH Supply Plan,"Medroxyprogesterone Acetate 150 mg/mL (1 mL) Vial, Intramuscular",In Review,Ready to Use Approved,Projected MOS,S1,2027-07,15.9
Kenya,MOH Supply Plan,"Medroxyprogesterone Acetate 150 mg/mL (1 mL) Vial, Intramuscular",In Review,Ready to Use Approved,Projected MOS,S1,2027-08,21.1
Kenya,MOH Supply Plan,"Medroxyprogesterone Acetate 150 mg/mL (1 mL) Vial, Intramuscular",In Review,Ready to Use Approved,Projected MOS,S1,2027-09,20.1
Kenya,MOH Supply Plan,"Medroxyprogesterone Acetate 150 mg/mL (1 mL) Vial, Intramuscular",In Review,Ready to Use Approved,Projected MOS,S1,2027-10,19.1
Kenya,MOH Supply Plan,"Medroxyprogesterone Acetate 150 mg/mL (1 mL) Vial, Intramuscular",In Review,Ready to Use Approved,Projected MOS,S1,2027-11,18.1
Kenya,MOH Supply Plan,"Medroxyprogesterone Acetate 150 mg/mL (1 mL) Vial, Intramuscular",In Review,Ready to Use Approved,Projected MOS,S1,2027-12,17.1
Kenya,MOH Supply Plan,"Medroxyprogesterone Acetate 150 mg/mL (1 mL) Vial, Intramuscular",In Review,Ready to Use Approved,Projected MOS,S1,2028-01,16.1
Kenya,MOH Supply Plan,"Medroxyprogesterone Acetate 150 mg/mL (1 mL) Vial, Intramuscular",In Review,Ready to Use Approved,Projected MOS,S1,2028-02,15.1
Kenya,MOH Supply Plan,"Medroxyprogesterone Acetate 150 mg/mL (1 mL) Vial, Intramuscular",In Review,Ready to Use Approved,Projected MOS,S1,2028-03,14.1
Kenya,MOH Supply Plan,"Medroxyprogesterone Acetate 150 mg/mL (1 mL) Vial, Intramuscular",In Review,Ready to Use Approved,Projected MOS,S1,2028-04,13.1
Kenya,MOH Supply Plan,"Medroxyprogesterone Acetate 150 mg/mL (1 mL) Vial, Intramuscular",In Review,Ready to Use Approved,Projected MOS,S1,2028-05,12.1
Kenya,MOH Supply Plan,"Medroxyprogesterone Acetate 150 mg/mL (1 mL) Vial, Intramuscular",In Review,Ready to Use Approved,Projected MOS,S1,2028-06,11.1
Kenya,MOH Supply Plan,"Medroxyprogesterone Acetate 150 mg/mL (1 mL) Vial, Intramuscular",In Review,Ready to Use Approved,Monthly Consumption,S2,2026-03,95380.0
Kenya,MOH Supply Plan,"Medroxyprogesterone Acetate 150 mg/mL (1 mL) Vial, Intramuscular",In Review,Ready to Use Approved,Monthly Consumption,S2,2026-04,216901.0
Kenya,MOH Supply Plan,"Medroxyprogesterone Acetate 150 mg/mL (1 mL) Vial, Intramuscular",In Review,Ready to Use Approved,Monthly Consumption,S2,2026-05,216901.0
Kenya,MOH Supply Plan,"Medroxyprogesterone Acetate 150 mg/mL (1 mL) Vial, Intramuscular",In Review,Ready to Use Approved,Monthly Consumption,S2,2026-06,216901.0
Kenya,MOH Supply Plan,"Medroxyprogesterone Acetate 150 mg/mL (1 mL) Vial, Intramuscular",In Review,Ready to Use Approved,Monthly Consumption,S2,2026-07,221673.0
Kenya,MOH Supply Plan,"Medroxyprogesterone Acetate 150 mg/mL (1 mL) Vial, Intramuscular",In Review,Ready to Use Approved,Monthly Consumption,S2,2026-08,221673.0
Kenya,MOH Supply Plan,"Medroxyprogesterone Acetate 150 mg/mL (1 mL) Vial, Intramuscular",In Review,Ready to Use Approved,Monthly Consumption,S2,2026-09,221673.0
Kenya,MOH Supply Plan,"Medroxyprogesterone Acetate 150 mg/mL (1 mL) Vial, Intramuscular",In Review,Ready to Use Approved,Monthly Consumption,S2,2026-10,221673.0
Kenya,MOH Supply Plan,"Medroxyprogesterone Acetate 150 mg/mL (1 mL) Vial, Intramuscular",In Review,Ready to Use Approved,Monthly Consumption,S2,2026-11,221673.0
Kenya,MOH Supply Plan,"Medroxyprogesterone Acetate 150 mg/mL (1 mL) Vial, Intramuscular",In Review,Ready to Use Approved,Monthly Consumption,S2,2026-12,221673.0
Kenya,MOH Supply Plan,"Medroxyprogesterone Acetate 150 mg/mL (1 mL) Vial, Intramuscular",In Review,Ready to Use Approved,Monthly Consumption,S2,2027-01,221673.0
Kenya,MOH Supply Plan,"Medroxyprogesterone Acetate 150 mg/mL (1 mL) Vial, Intramuscular",In Review,Ready to Use Approved,Monthly Consumption,S2,2027-02,221673.0
Kenya,MOH Supply Plan,"Medroxyprogesterone Acetate 150 mg/mL (1 mL) Vial, Intramuscular",In Review,Ready to Use Approved,Monthly Consumption,S2,2027-03,221673.0
Kenya,MOH Supply Plan,"Medroxyprogesterone Acetate 150 mg/mL (1 mL) Vial, Intramuscular",In Review,Ready to Use Approved,Monthly Consumption,S2,2027-04,221673.0
Kenya,MOH Supply Plan,"Medroxyprogesterone Acetate 150 mg/mL (1 mL) Vial, Intramuscular",In Review,Ready to Use Approved,Monthly Consumption,S2,2027-05,221673.0
Kenya,MOH Supply Plan,"Medroxyprogesterone Acetate 150 mg/mL (1 mL) Vial, Intramuscular",In Review,Ready to Use Approved,Monthly Consumption,S2,2027-06,221673.0
Kenya,MOH Supply Plan,"Medroxyprogesterone Acetate 150 mg/mL (1 mL) Vial, Intramuscular",In Review,Ready to Use Approved,Monthly Consumption,S2,2027-07,226550.0
Kenya,MOH Supply Plan,"Medroxyprogesterone Acetate 150 mg/mL (1 mL) Vial, Intramuscular",In Review,Ready to Use Approved,Monthly Consumption,S2,2027-08,226550.0
Kenya,MOH Supply Plan,"Medroxyprogesterone Acetate 150 mg/mL (1 mL) Vial, Intramuscular",In Review,Ready to Use Approved,Monthly Consumption,S2,2027-09,226550.0
Kenya,MOH Supply Plan,"Medroxyprogesterone Acetate 150 mg/mL (1 mL) Vial, Intramuscular",In Review,Ready to Use Approved,Monthly Consumption,S2,2027-10,226550.0
Kenya,MOH Supply Plan,"Medroxyprogesterone Acetate 150 mg/mL (1 mL) Vial, Intramuscular",In Review,Ready to Use Approved,Monthly Consumption,S2,2027-11,226550.0
Kenya,MOH Supply Plan,"Medroxyprogesterone Acetate 150 mg/mL (1 mL) Vial, Intramuscular",In Review,Ready to Use Approved,Monthly Consumption,S2,2027-12,226550.0
Kenya,MOH Supply Plan,"Medroxyprogesterone Acetate 150 mg/mL (1 mL) Vial, Intramuscular",In Review,Ready to Use Approved,Monthly Consumption,S2,2028-01,226550.0
Kenya,MOH Supply Plan,"Medroxyprogesterone Acetate 150 mg/mL (1 mL) Vial, Intramuscular",In Review,Ready to Use Approved,Monthly Consumption,S2,2028-02,226550.0
Kenya,MOH Supply Plan,"Medroxyprogesterone Acetate 150 mg/mL (1 mL) Vial, Intramuscular",In Review,Ready to Use Approved,Monthly Consumption,S2,2028-03,226550.0
Kenya,MOH Supply Plan,"Medroxyprogesterone Acetate 150 mg/mL (1 mL) Vial, Intramuscular",In Review,Ready to Use Approved,Monthly Consumption,S2,2028-04,226550.0
Kenya,MOH Supply Plan,"Medroxyprogesterone Acetate 150 mg/mL (1 mL) Vial, Intramuscular",In Review,Ready to Use Approved,Monthly Consumption,S2,2028-05,226550.0
Kenya,MOH Supply Plan,"Medroxyprogesterone Acetate 150 mg/mL (1 mL) Vial, Intramuscular",In Review,Ready to Use Approved,Monthly Consumption,S2,2028-06,226550.0
Kenya,MOH Supply Plan,"Medroxyprogesterone Acetate 150 mg/mL (1 mL) Vial, Intramuscular",In Review,Ready to Use Approved,Projected Supplies,S2,2026-03,1405595.0
Kenya,MOH Supply Plan,"Medroxyprogesterone Acetate 150 mg/mL (1 mL) Vial, Intramuscular",In Review,Ready to Use Approved,Projected Supplies,S2,2026-08,1405679.0
Kenya,MOH Supply Plan,"Medroxyprogesterone Acetate 150 mg/mL (1 mL) Vial, Intramuscular",In Review,Ready to Use Approved,Projected Supplies,S2,2027-04,1405691.0
Kenya,MOH Supply Plan,"Medroxyprogesterone Acetate 150 mg/mL (1 mL) Vial, Intramuscular",In Review,Ready to Use Approved,Projected Supplies,S2,2027-10,1372689.0
Kenya,MOH Supply Plan,"Medroxyprogesterone Acetate 150 mg/mL (1 mL) Vial, Intramuscular",In Review,Ready to Use Approved,Projected Inventory,S2,2026-03,0.0
Kenya,MOH Supply Plan,"Medroxyprogesterone Acetate 150 mg/mL (1 mL) Vial, Intramuscular",In Review,Ready to Use Approved,Projected Inventory,S2,2026-04,0.0
Kenya,MOH Supply Plan,"Medroxyprogesterone Acetate 150 mg/mL (1 mL) Vial, Intramuscular",In Review,Ready to Use Approved,Projected Inventory,S2,2026-05,0.0
Kenya,MOH Supply Plan,"Medroxyprogesterone Acetate 150 mg/mL (1 mL) Vial, Intramuscular",In Review,Ready to Use Approved,Projected Inventory,S2,2026-06,0.0
Kenya,MOH Supply Plan,"Medroxyprogesterone Acetate 150 mg/mL (1 mL) Vial, Intramuscular",In Review,Ready to Use Approved,Projected Inventory,S2,2026-07,395240.0
Kenya,MOH Supply Plan,"Medroxyprogesterone Acetate 150 mg/mL (1 mL) Vial, Intramuscular",In Review,Ready to Use Approved,Projected Inventory,S2,2026-08,1579246.0
Kenya,MOH Supply Plan,"Medroxyprogesterone Acetate 150 mg/mL (1 mL) Vial, Intramuscular",In Review,Ready to Use Approved,Projected Inventory,S2,2026-09,1357573.0
Kenya,MOH Supply Plan,"Medroxyprogesterone Acetate 150 mg/mL (1 mL) Vial, Intramuscular",In Review,Ready to Use Approved,Projected Inventory,S2,2026-10,1135900.0
Kenya,MOH Supply Plan,"Medroxyprogesterone Acetate 150 mg/mL (1 mL) Vial, Intramuscular",In Review,Ready to Use Approved,Projected Inventory,S2,2026-11,914227.0
Kenya,MOH Supply Plan,"Medroxyprogesterone Acetate 150 mg/mL (1 mL) Vial, Intramuscular",In Review,Ready to Use Approved,Projected Inventory,S2,2026-12,692554.0
Kenya,MOH Supply Plan,"Medroxyprogesterone Acetate 150 mg/mL (1 mL) Vial, Intramuscular",In Review,Ready to Use Approved,Projected Inventory,S2,2027-01,470881.0
Kenya,MOH Supply Plan,"Medroxyprogesterone Acetate 150 mg/mL (1 mL) Vial, Intramuscular",In Review,Ready to Use Approved,Projected Inventory,S2,2027-02,249208.0
Kenya,MOH Supply Plan,"Medroxyprogesterone Acetate 150 mg/mL (1 mL) Vial, Intramuscular",In Review,Ready to Use Approved,Projected Inventory,S2,2027-03,27535.0
Kenya,MOH Supply Plan,"Medroxyprogesterone Acetate 150 mg/mL (1 mL) Vial, Intramuscular",In Review,Ready to Use Approved,Projected Inventory,S2,2027-04,1211553.0
Kenya,MOH Supply Plan,"Medroxyprogesterone Acetate 150 mg/mL (1 mL) Vial, Intramuscular",In Review,Ready to Use Approved,Projected Inventory,S2,2027-05,989880.0
Kenya,MOH Supply Plan,"Medroxyprogesterone Acetate 150 mg/mL (1 mL) Vial, Intramuscular",In Review,Ready to Use Approved,Projected Inventory,S2,2027-06,768207.0
Kenya,MOH Supply Plan,"Medroxyprogesterone Acetate 150 mg/mL (1 mL) Vial, Intramuscular",In Review,Ready to Use Approved,Projected Inventory,S2,2027-07,541657.0
Kenya,MOH Supply Plan,"Medroxyprogesterone Acetate 150 mg/mL (1 mL) Vial, Intramuscular",In Review,Ready to Use Approved,Projected Inventory,S2,2027-08,315107.0
Kenya,MOH Supply Plan,"Medroxyprogesterone Acetate 150 mg/mL (1 mL) Vial, Intramuscular",In Review,Ready to Use Approved,Projected Inventory,S2,2027-09,88557.0
Kenya,MOH Supply Plan,"Medroxyprogesterone Acetate 150 mg/mL (1 mL) Vial, Intramuscular",In Review,Ready to Use Approved,Projected Inventory,S2,2027-10,1234696.0
Kenya,MOH Supply Plan,"Medroxyprogesterone Acetate 150 mg/mL (1 mL) Vial, Intramuscular",In Review,Ready to Use Approved,Projected Inventory,S2,2027-11,1008146.0
Kenya,MOH Supply Plan,"Medroxyprogesterone Acetate 150 mg/mL (1 mL) Vial, Intramuscular",In Review,Ready to Use Approved,Projected Inventory,S2,2027-12,781596.0
Kenya,MOH Supply Plan,"Medroxyprogesterone Acetate 150 mg/mL (1 mL) Vial, Intramuscular",In Review,Ready to Use Approved,Projected Inventory,S2,2028-01,555046.0
Kenya,MOH Supply Plan,"Medroxyprogesterone Acetate 150 mg/mL (1 mL) Vial, Intramuscular",In Review,Ready to Use Approved,Projected Inventory,S2,2028-02,328496.0
Kenya,MOH Supply Plan,"Medroxyprogesterone Acetate 150 mg/mL (1 mL) Vial, Intramuscular",In Review,Ready to Use Approved,Projected Inventory,S2,2028-03,101946.0
Kenya,MOH Supply Plan,"Medroxyprogesterone Acetate 150 mg/mL (1 mL) Vial, Intramuscular",In Review,Ready to Use Approved,Projected Inventory,S2,2028-04,0.0
Kenya,MOH Supply Plan,"Medroxyprogesterone Acetate 150 mg/mL (1 mL) Vial, Intramuscular",In Review,Ready to Use Approved,Projected Inventory,S2,2028-05,0.0
Kenya,MOH Supply Plan,"Medroxyprogesterone Acetate 150 mg/mL (1 mL) Vial, Intramuscular",In Review,Ready to Use Approved,Projected Inventory,S2,2028-06,0.0
Kenya,MOH Supply Plan,"Medroxyprogesterone Acetate 150 mg/mL (1 mL) Vial, Intramuscular",In Review,Ready to Use Approved,Projected Inventory,S2,2028-07,0.0
Kenya,MOH Supply Plan,"Medroxyprogesterone Acetate 150 mg/mL (1 mL) Vial, Intramuscular",In Review,Ready to Use Approved,Projected Inventory,S2,2028-08,0.0
Kenya,MOH Supply Plan,"Medroxyprogesterone Acetate 150 mg/mL (1 mL) Vial, Intramuscular",In Review,Ready to Use Approved,Projected Inventory,S2,2028-09,0.0
Kenya,MOH Supply Plan,"Medroxyprogesterone Acetate 150 mg/mL (1 mL) Vial, Intramuscular",In Review,Ready to Use Approved,Projected MOS,S2,2026-03,0.0
Kenya,MOH Supply Plan,"Medroxyprogesterone Acetate 150 mg/mL (1 mL) Vial, Intramuscular",In Review,Ready to Use Approved,Projected MOS,S2,2026-04,0.0
Kenya,MOH Supply Plan,"Medroxyprogesterone Acetate 150 mg/mL (1 mL) Vial, Intramuscular",In Review,Ready to Use Approved,Projected MOS,S2,2026-05,0.0
Kenya,MOH Supply Plan,"Medroxyprogesterone Acetate 150 mg/mL (1 mL) Vial, Intramuscular",In Review,Ready to Use Approved,Projected MOS,S2,2026-06,0.0
Kenya,MOH Supply Plan,"Medroxyprogesterone Acetate 150 mg/mL (1 mL) Vial, Intramuscular",In Review,Ready to Use Approved,Projected MOS,S2,2026-07,1.8
Kenya,MOH Supply Plan,"Medroxyprogesterone Acetate 150 mg/mL (1 mL) Vial, Intramuscular",In Review,Ready to Use Approved,Projected MOS,S2,2026-08,7.1
Kenya,MOH Supply Plan,"Medroxyprogesterone Acetate 150 mg/mL (1 mL) Vial, Intramuscular",In Review,Ready to Use Approved,Projected MOS,S2,2026-09,6.1
Kenya,MOH Supply Plan,"Medroxyprogesterone Acetate 150 mg/mL (1 mL) Vial, Intramuscular",In Review,Ready to Use Approved,Projected MOS,S2,2026-10,5.1
Kenya,MOH Supply Plan,"Medroxyprogesterone Acetate 150 mg/mL (1 mL) Vial, Intramuscular",In Review,Ready to Use Approved,Projected MOS,S2,2026-11,4.1
Kenya,MOH Supply Plan,"Medroxyprogesterone Acetate 150 mg/mL (1 mL) Vial, Intramuscular",In Review,Ready to Use Approved,Projected MOS,S2,2026-12,3.1
Kenya,MOH Supply Plan,"Medroxyprogesterone Acetate 150 mg/mL (1 mL) Vial, Intramuscular",In Review,Ready to Use Approved,Projected MOS,S2,2027-01,2.1
Kenya,MOH Supply Plan,"Medroxyprogesterone Acetate 150 mg/mL (1 mL) Vial, Intramuscular",In Review,Ready to Use Approved,Projected MOS,S2,2027-02,1.1
Kenya,MOH Supply Plan,"Medroxyprogesterone Acetate 150 mg/mL (1 mL) Vial, Intramuscular",In Review,Ready to Use Approved,Projected MOS,S2,2027-03,0.1
Kenya,MOH Supply Plan,"Medroxyprogesterone Acetate 150 mg/mL (1 mL) Vial, Intramuscular",In Review,Ready to Use Approved,Projected MOS,S2,2027-04,5.5
Kenya,MOH Supply Plan,"Medroxyprogesterone Acetate 150 mg/mL (1 mL) Vial, Intramuscular",In Review,Ready to Use Approved,Projected MOS,S2,2027-05,4.4
Kenya,MOH Supply Plan,"Medroxyprogesterone Acetate 150 mg/mL (1 mL) Vial, Intramuscular",In Review,Ready to Use Approved,Projected MOS,S2,2027-06,3.4
Kenya,MOH Supply Plan,"Medroxyprogesterone Acetate 150 mg/mL (1 mL) Vial, Intramuscular",In Review,Ready to Use Approved,Projected MOS,S2,2027-07,2.4
Kenya,MOH Supply Plan,"Medroxyprogesterone Acetate 150 mg/mL (1 mL) Vial, Intramuscular",In Review,Ready to Use Approved,Projected MOS,S2,2027-08,1.4
Kenya,MOH Supply Plan,"Medroxyprogesterone Acetate 150 mg/mL (1 mL) Vial, Intramuscular",In Review,Ready to Use Approved,Projected MOS,S2,2027-09,0.4
Kenya,MOH Supply Plan,"Medroxyprogesterone Acetate 150 mg/mL (1 mL) Vial, Intramuscular",In Review,Ready to Use Approved,Projected MOS,S2,2027-10,5.4
Kenya,MOH Supply Plan,"Medroxyprogesterone Acetate 150 mg/mL (1 mL) Vial, Intramuscular",In Review,Ready to Use Approved,Projected MOS,S2,2027-11,4.4
Kenya,MOH Supply Plan,"Medroxyprogesterone Acetate 150 mg/mL (1 mL) Vial, Intramuscular",In Review,Ready to Use Approved,Projected MOS,S2,2027-12,3.4
Kenya,MOH Supply Plan,"Medroxyprogesterone Acetate 150 mg/mL (1 mL) Vial, Intramuscular",In Review,Ready to Use Approved,Projected MOS,S2,2028-01,2.4
Kenya,MOH Supply Plan,"Medroxyprogesterone Acetate 150 mg/mL (1 mL) Vial, Intramuscular",In Review,Ready to Use Approved,Projected MOS,S2,2028-02,1.4
Kenya,MOH Supply Plan,"Medroxyprogesterone Acetate 150 mg/mL (1 mL) Vial, Intramuscular",In Review,Ready to Use Approved,Projected MOS,S2,2028-03,0.4
Kenya,MOH Supply Plan,"Medroxyprogesterone Acetate 150 mg/mL (1 mL) Vial, Intramuscular",In Review,Ready to Use Approved,Projected MOS,S2,2028-04,0.0
Kenya,MOH Supply Plan,"Medroxyprogesterone Acetate 150 mg/mL (1 mL) Vial, Intramuscular",In Review,Ready to Use Approved,Projected MOS,S2,2028-05,0.0
Kenya,MOH Supply Plan,"Medroxyprogesterone Acetate 150 mg/mL (1 mL) Vial, Intramuscular",In Review,Ready to Use Approved,Projected MOS,S2,2028-06,0.0
Kenya,MOH Supply Plan,"Medroxyprogesterone Acetate 150 mg/mL (1 mL) Vial, Intramuscular",In Review,Ready to Use Approved,Inventory Upload Notification,Base,2026-07,395240.0
Kenya,MOH Supply Plan,"Norethisterone Enantate 200 mg/mL (1 mL) Ampoule, Intramuscular",In Review,Ready to Use Approved,Projected Inventory,Base,2026-03,0.0
Kenya,MOH Supply Plan,"Norethisterone Enantate 200 mg/mL (1 mL) Ampoule, Intramuscular",In Review,Ready to Use Approved,Projected Inventory,Base,2026-04,0.0
Kenya,MOH Supply Plan,"Norethisterone Enantate 200 mg/mL (1 mL) Ampoule, Intramuscular",In Review,Ready to Use Approved,Projected Inventory,Base,2026-05,0.0
Kenya,MOH Supply Plan,"Norethisterone Enantate 200 mg/mL (1 mL) Ampoule, Intramuscular",In Review,Ready to Use Approved,Projected Inventory,Base,2026-06,0.0
Kenya,MOH Supply Plan,"Norethisterone Enantate 200 mg/mL (1 mL) Ampoule, Intramuscular",In Review,Ready to Use Approved,Projected Inventory,Base,2026-07,0.0
Kenya,MOH Supply Plan,"Norethisterone Enantate 200 mg/mL (1 mL) Ampoule, Intramuscular",In Review,Ready to Use Approved,Projected Inventory,Base,2026-08,0.0
Kenya,MOH Supply Plan,"Norethisterone Enantate 200 mg/mL (1 mL) Ampoule, Intramuscular",In Review,Ready to Use Approved,Projected Inventory,Base,2026-09,0.0
Kenya,MOH Supply Plan,"Norethisterone Enantate 200 mg/mL (1 mL) Ampoule, Intramuscular",In Review,Ready to Use Approved,Projected Inventory,Base,2026-10,0.0
Kenya,MOH Supply Plan,"Norethisterone Enantate 200 mg/mL (1 mL) Ampoule, Intramuscular",In Review,Ready to Use Approved,Projected Inventory,Base,2026-11,0.0
Kenya,MOH Supply Plan,"Norethisterone Enantate 200 mg/mL (1 mL) Ampoule, Intramuscular",In Review,Ready to Use Approved,Projected Inventory,Base,2026-12,0.0
Kenya,MOH Supply Plan,"Norethisterone Enantate 200 mg/mL (1 mL) Ampoule, Intramuscular",In Review,Ready to Use Approved,Projected Inventory,Base,2027-01,0.0
Kenya,MOH Supply Plan,"Norethisterone Enantate 200 mg/mL (1 mL) Ampoule, Intramuscular",In Review,Ready to Use Approved,Projected Inventory,Base,2027-02,0.0
Kenya,MOH Supply Plan,"Norethisterone Enantate 200 mg/mL (1 mL) Ampoule, Intramuscular",In Review,Ready to Use Approved,Projected Inventory,Base,2027-03,0.0
Kenya,MOH Supply Plan,"Norethisterone Enantate 200 mg/mL (1 mL) Ampoule, Intramuscular",In Review,Ready to Use Approved,Projected Inventory,Base,2027-04,0.0
Kenya,MOH Supply Plan,"Norethisterone Enantate 200 mg/mL (1 mL) Ampoule, Intramuscular",In Review,Ready to Use Approved,Projected Inventory,Base,2027-05,0.0
Kenya,MOH Supply Plan,"Norethisterone Enantate 200 mg/mL (1 mL) Ampoule, Intramuscular",In Review,Ready to Use Approved,Projected Inventory,Base,2027-06,0.0
Kenya,MOH Supply Plan,"Norethisterone Enantate 200 mg/mL (1 mL) Ampoule, Intramuscular",In Review,Ready to Use Approved,Projected Inventory,Base,2027-07,0.0
Kenya,MOH Supply Plan,"Norethisterone Enantate 200 mg/mL (1 mL) Ampoule, Intramuscular",In Review,Ready to Use Approved,Projected Inventory,Base,2027-08,0.0
Kenya,MOH Supply Plan,"Norethisterone Enantate 200 mg/mL (1 mL) Ampoule, Intramuscular",In Review,Ready to Use Approved,Projected Inventory,Base,2027-09,0.0
Kenya,MOH Supply Plan,"Norethisterone Enantate 200 mg/mL (1 mL) Ampoule, Intramuscular",In Review,Ready to Use Approved,Projected Inventory,Base,2027-10,0.0
Kenya,MOH Supply Plan,"Norethisterone Enantate 200 mg/mL (1 mL) Ampoule, Intramuscular",In Review,Ready to Use Approved,Projected Inventory,Base,2027-11,0.0
Kenya,MOH Supply Plan,"Norethisterone Enantate 200 mg/mL (1 mL) Ampoule, Intramuscular",In Review,Ready to Use Approved,Projected Inventory,Base,2027-12,0.0
Kenya,MOH Supply Plan,"Norethisterone Enantate 200 mg/mL (1 mL) Ampoule, Intramuscular",In Review,Ready to Use Approved,Projected Inventory,Base,2028-01,0.0
Kenya,MOH Supply Plan,"Norethisterone Enantate 200 mg/mL (1 mL) Ampoule, Intramuscular",In Review,Ready to Use Approved,Projected Inventory,Base,2028-02,0.0
Kenya,MOH Supply Plan,"Norethisterone Enantate 200 mg/mL (1 mL) Ampoule, Intramuscular",In Review,Ready to Use Approved,Projected Inventory,Base,2028-03,0.0
Kenya,MOH Supply Plan,"Norethisterone Enantate 200 mg/mL (1 mL) Ampoule, Intramuscular",In Review,Ready to Use Approved,Projected Inventory,Base,2028-04,0.0
Kenya,MOH Supply Plan,"Norethisterone Enantate 200 mg/mL (1 mL) Ampoule, Intramuscular",In Review,Ready to Use Approved,Projected Inventory,Base,2028-05,0.0
Kenya,MOH Supply Plan,"Norethisterone Enantate 200 mg/mL (1 mL) Ampoule, Intramuscular",In Review,Ready to Use Approved,Projected Inventory,Base,2028-06,0.0
Kenya,MOH Supply Plan,"Norethisterone Enantate 200 mg/mL (1 mL) Ampoule, Intramuscular",In Review,Ready to Use Approved,Projected Inventory,Base,2028-07,0.0
Kenya,MOH Supply Plan,"Norethisterone Enantate 200 mg/mL (1 mL) Ampoule, Intramuscular",In Review,Ready to Use Approved,Projected Inventory,Base,2028-08,0.0
Kenya,MOH Supply Plan,"Norethisterone Enantate 200 mg/mL (1 mL) Ampoule, Intramuscular",In Review,Ready to Use Approved,Projected Inventory,Base,2028-09,0.0
Kenya,MOH Supply Plan,"Norethisterone Enantate 200 mg/mL (1 mL) Ampoule, Intramuscular",In Review,Ready to Use Approved,Projected MOS below min MOS Alert,Base,2026-03,0.0
Kenya,MOH Supply Plan,"Norethisterone Enantate 200 mg/mL (1 mL) Ampoule, Intramuscular",In Review,Ready to Use Approved,Projected MOS below min MOS Alert,Base,2026-04,0.0
Kenya,MOH Supply Plan,"Norethisterone Enantate 200 mg/mL (1 mL) Ampoule, Intramuscular",In Review,Ready to Use Approved,Projected MOS below min MOS Alert,Base,2026-05,0.0
Kenya,MOH Supply Plan,"Norethisterone Enantate 200 mg/mL (1 mL) Ampoule, Intramuscular",In Review,Ready to Use Approved,Projected MOS below min MOS Alert,Base,2026-06,0.0
Kenya,MOH Supply Plan,"Norethisterone Enantate 200 mg/mL (1 mL) Ampoule, Intramuscular",In Review,Ready to Use Approved,Projected MOS below min MOS Alert,Base,2026-07,0.0
Kenya,MOH Supply Plan,"Norethisterone Enantate 200 mg/mL (1 mL) Ampoule, Intramuscular",In Review,Ready to Use Approved,Projected MOS below min MOS Alert,Base,2026-08,0.0
Kenya,MOH Supply Plan,"Norethisterone Enantate 200 mg/mL (1 mL) Ampoule, Intramuscular",In Review,Ready to Use Approved,Projected MOS below min MOS Alert,Base,2026-09,0.0
Kenya,MOH Supply Plan,"Norethisterone Enantate 200 mg/mL (1 mL) Ampoule, Intramuscular",In Review,Ready to Use Approved,Projected MOS below min MOS Alert,Base,2026-10,0.0
Kenya,MOH Supply Plan,"Norethisterone Enantate 200 mg/mL (1 mL) Ampoule, Intramuscular",In Review,Ready to Use Approved,Projected MOS below min MOS Alert,Base,2026-11,0.0
Kenya,MOH Supply Plan,"Norethisterone Enantate 200 mg/mL (1 mL) Ampoule, Intramuscular",In Review,Ready to Use Approved,Projected MOS below min MOS Alert,Base,2026-12,0.0
Kenya,MOH Supply Plan,"Norethisterone Enantate 200 mg/mL (1 mL) Ampoule, Intramuscular",In Review,Ready to Use Approved,Projected MOS below min MOS Alert,Base,2027-01,0.0
Kenya,MOH Supply Plan,"Norethisterone Enantate 200 mg/mL (1 mL) Ampoule, Intramuscular",In Review,Ready to Use Approved,Projected MOS below min MOS Alert,Base,2027-02,0.0
Kenya,MOH Supply Plan,"Norethisterone Enantate 200 mg/mL (1 mL) Ampoule, Intramuscular",In Review,Ready to Use Approved,Projected MOS below min MOS Alert,Base,2027-03,0.0
Kenya,MOH Supply Plan,"Norethisterone Enantate 200 mg/mL (1 mL) Ampoule, Intramuscular",In Review,Ready to Use Approved,Projected MOS below min MOS Alert,Base,2027-04,0.0
Kenya,MOH Supply Plan,"Norethisterone Enantate 200 mg/mL (1 mL) Ampoule, Intramuscular",In Review,Ready to Use Approved,Projected MOS below min MOS Alert,Base,2027-05,0.0
Kenya,MOH Supply Plan,"Norethisterone Enantate 200 mg/mL (1 mL) Ampoule, Intramuscular",In Review,Ready to Use Approved,Projected MOS below min MOS Alert,Base,2027-06,0.0
Kenya,MOH Supply Plan,"Norethisterone Enantate 200 mg/mL (1 mL) Ampoule, Intramuscular",In Review,Ready to Use Approved,Projected MOS below min MOS Alert,Base,2027-07,0.0
Kenya,MOH Supply Plan,"Norethisterone Enantate 200 mg/mL (1 mL) Ampoule, Intramuscular",In Review,Ready to Use Approved,Projected MOS below min MOS Alert,Base,2027-08,0.0
Kenya,MOH Supply Plan,"Norethisterone Enantate 200 mg/mL (1 mL) Ampoule, Intramuscular",In Review,Ready to Use Approved,Projected MOS below min MOS Alert,Base,2027-09,0.0
Kenya,MOH Supply Plan,"Norethisterone Enantate 200 mg/mL (1 mL) Ampoule, Intramuscular",In Review,Ready to Use Approved,Projected MOS below min MOS Alert,Base,2027-10,0.0
Kenya,MOH Supply Plan,"Norethisterone Enantate 200 mg/mL (1 mL) Ampoule, Intramuscular",In Review,Ready to Use Approved,Projected MOS below min MOS Alert,Base,2027-11,0.0
Kenya,MOH Supply Plan,"Norethisterone Enantate 200 mg/mL (1 mL) Ampoule, Intramuscular",In Review,Ready to Use Approved,Projected MOS below min MOS Alert,Base,2027-12,0.0
Kenya,MOH Supply Plan,"Norethisterone Enantate 200 mg/mL (1 mL) Ampoule, Intramuscular",In Review,Ready to Use Approved,Projected MOS below min MOS Alert,Base,2028-01,0.0
Kenya,MOH Supply Plan,"Norethisterone Enantate 200 mg/mL (1 mL) Ampoule, Intramuscular",In Review,Ready to Use Approved,Projected MOS below min MOS Alert,Base,2028-02,0.0
Kenya,MOH Supply Plan,"Norethisterone Enantate 200 mg/mL (1 mL) Ampoule, Intramuscular",In Review,Ready to Use Approved,Projected MOS below min MOS Alert,Base,2028-03,0.0
Kenya,MOH Supply Plan,"Norethisterone Enantate 200 mg/mL (1 mL) Ampoule, Intramuscular",In Review,Ready to Use Approved,Projected MOS below min MOS Alert,Base,2028-04,0.0
Kenya,MOH Supply Plan,"Norethisterone Enantate 200 mg/mL (1 mL) Ampoule, Intramuscular",In Review,Ready to Use Approved,Projected MOS below min MOS Alert,Base,2028-05,0.0
Kenya,MOH Supply Plan,"Norethisterone Enantate 200 mg/mL (1 mL) Ampoule, Intramuscular",In Review,Ready to Use Approved,Projected MOS below min MOS Alert,Base,2028-06,0.0
Kenya,MOH Supply Plan,"Norethisterone Enantate 200 mg/mL (1 mL) Ampoule, Intramuscular",In Review,Ready to Use Approved,Projected MOS below min MOS Alert,Base,2028-07,0.0
Kenya,MOH Supply Plan,"Norethisterone Enantate 200 mg/mL (1 mL) Ampoule, Intramuscular",In Review,Ready to Use Approved,Projected MOS below min MOS Alert,Base,2028-08,0.0
Kenya,MOH Supply Plan,"Norethisterone Enantate 200 mg/mL (1 mL) Ampoule, Intramuscular",In Review,Ready to Use Approved,Projected MOS below min MOS Alert,Base,2028-09,0.0
Kenya,MOH Supply Plan,"Norethisterone Enantate 200 mg/mL (1 mL) Ampoule, Intramuscular",In Review,Ready to Use Approved,Projected MOS above max MOS Alert,Base,2026-03,0.0
Kenya,MOH Supply Plan,"Norethisterone Enantate 200 mg/mL (1 mL) Ampoule, Intramuscular",In Review,Ready to Use Approved,Projected MOS above max MOS Alert,Base,2026-04,0.0
Kenya,MOH Supply Plan,"Norethisterone Enantate 200 mg/mL (1 mL) Ampoule, Intramuscular",In Review,Ready to Use Approved,Projected MOS above max MOS Alert,Base,2026-05,0.0
Kenya,MOH Supply Plan,"Norethisterone Enantate 200 mg/mL (1 mL) Ampoule, Intramuscular",In Review,Ready to Use Approved,Projected MOS above max MOS Alert,Base,2026-06,0.0
Kenya,MOH Supply Plan,"Norethisterone Enantate 200 mg/mL (1 mL) Ampoule, Intramuscular",In Review,Ready to Use Approved,Projected MOS above max MOS Alert,Base,2026-07,0.0
Kenya,MOH Supply Plan,"Norethisterone Enantate 200 mg/mL (1 mL) Ampoule, Intramuscular",In Review,Ready to Use Approved,Projected MOS above max MOS Alert,Base,2026-08,0.0
Kenya,MOH Supply Plan,"Norethisterone Enantate 200 mg/mL (1 mL) Ampoule, Intramuscular",In Review,Ready to Use Approved,Projected MOS above max MOS Alert,Base,2026-09,0.0
Kenya,MOH Supply Plan,"Norethisterone Enantate 200 mg/mL (1 mL) Ampoule, Intramuscular",In Review,Ready to Use Approved,Projected MOS above max MOS Alert,Base,2026-10,0.0
Kenya,MOH Supply Plan,"Norethisterone Enantate 200 mg/mL (1 mL) Ampoule, Intramuscular",In Review,Ready to Use Approved,Projected MOS above max MOS Alert,Base,2026-11,0.0
Kenya,MOH Supply Plan,"Norethisterone Enantate 200 mg/mL (1 mL) Ampoule, Intramuscular",In Review,Ready to Use Approved,Projected MOS above max MOS Alert,Base,2026-12,0.0
Kenya,MOH Supply Plan,"Norethisterone Enantate 200 mg/mL (1 mL) Ampoule, Intramuscular",In Review,Ready to Use Approved,Projected MOS above max MOS Alert,Base,2027-01,0.0
Kenya,MOH Supply Plan,"Norethisterone Enantate 200 mg/mL (1 mL) Ampoule, Intramuscular",In Review,Ready to Use Approved,Projected MOS above max MOS Alert,Base,2027-02,0.0
Kenya,MOH Supply Plan,"Norethisterone Enantate 200 mg/mL (1 mL) Ampoule, Intramuscular",In Review,Ready to Use Approved,Projected MOS above max MOS Alert,Base,2027-03,0.0
Kenya,MOH Supply Plan,"Norethisterone Enantate 200 mg/mL (1 mL) Ampoule, Intramuscular",In Review,Ready to Use Approved,Projected MOS above max MOS Alert,Base,2027-04,0.0
Kenya,MOH Supply Plan,"Norethisterone Enantate 200 mg/mL (1 mL) Ampoule, Intramuscular",In Review,Ready to Use Approved,Projected MOS above max MOS Alert,Base,2027-05,0.0
Kenya,MOH Supply Plan,"Norethisterone Enantate 200 mg/mL (1 mL) Ampoule, Intramuscular",In Review,Ready to Use Approved,Projected MOS above max MOS Alert,Base,2027-06,0.0
Kenya,MOH Supply Plan,"Norethisterone Enantate 200 mg/mL (1 mL) Ampoule, Intramuscular",In Review,Ready to Use Approved,Projected MOS above max MOS Alert,Base,2027-07,0.0
Kenya,MOH Supply Plan,"Norethisterone Enantate 200 mg/mL (1 mL) Ampoule, Intramuscular",In Review,Ready to Use Approved,Projected MOS above max MOS Alert,Base,2027-08,0.0
Kenya,MOH Supply Plan,"Norethisterone Enantate 200 mg/mL (1 mL) Ampoule, Intramuscular",In Review,Ready to Use Approved,Projected MOS above max MOS Alert,Base,2027-09,0.0
Kenya,MOH Supply Plan,"Norethisterone Enantate 200 mg/mL (1 mL) Ampoule, Intramuscular",In Review,Ready to Use Approved,Projected MOS above max MOS Alert,Base,2027-10,0.0
Kenya,MOH Supply Plan,"Norethisterone Enantate 200 mg/mL (1 mL) Ampoule, Intramuscular",In Review,Ready to Use Approved,Projected MOS above max MOS Alert,Base,2027-11,0.0
Kenya,MOH Supply Plan,"Norethisterone Enantate 200 mg/mL (1 mL) Ampoule, Intramuscular",In Review,Ready to Use Approved,Projected MOS above max MOS Alert,Base,2027-12,0.0
Kenya,MOH Supply Plan,"Norethisterone Enantate 200 mg/mL (1 mL) Ampoule, Intramuscular",In Review,Ready to Use Approved,Projected MOS above max MOS Alert,Base,2028-01,0.0
Kenya,MOH Supply Plan,"Norethisterone Enantate 200 mg/mL (1 mL) Ampoule, Intramuscular",In Review,Ready to Use Approved,Projected MOS above max MOS Alert,Base,2028-02,0.0
Kenya,MOH Supply Plan,"Norethisterone Enantate 200 mg/mL (1 mL) Ampoule, Intramuscular",In Review,Ready to Use Approved,Projected MOS above max MOS Alert,Base,2028-03,0.0
Kenya,MOH Supply Plan,"Norethisterone Enantate 200 mg/mL (1 mL) Ampoule, Intramuscular",In Review,Ready to Use Approved,Projected MOS above max MOS Alert,Base,2028-04,0.0
Kenya,MOH Supply Plan,"Norethisterone Enantate 200 mg/mL (1 mL) Ampoule, Intramuscular",In Review,Ready to Use Approved,Projected MOS above max MOS Alert,Base,2028-05,0.0
Kenya,MOH Supply Plan,"Norethisterone Enantate 200 mg/mL (1 mL) Ampoule, Intramuscular",In Review,Ready to Use Approved,Projected MOS above max MOS Alert,Base,2028-06,0.0
Kenya,MOH Supply Plan,"Norethisterone Enantate 200 mg/mL (1 mL) Ampoule, Intramuscular",In Review,Ready to Use Approved,Projected MOS above max MOS Alert,Base,2028-07,0.0
Kenya,MOH Supply Plan,"Norethisterone Enantate 200 mg/mL (1 mL) Ampoule, Intramuscular",In Review,Ready to Use Approved,Projected MOS above max MOS Alert,Base,2028-08,0.0
Kenya,MOH Supply Plan,"Norethisterone Enantate 200 mg/mL (1 mL) Ampoule, Intramuscular",In Review,Ready to Use Approved,Projected MOS above max MOS Alert,Base,2028-09,0.0
Kenya,MOH Supply Plan,"Norethisterone Enantate 200 mg/mL (1 mL) Ampoule, Intramuscular",In Review,Ready to Use Approved,Projected Inventory,S1,2026-03,0.0
Kenya,MOH Supply Plan,"Norethisterone Enantate 200 mg/mL (1 mL) Ampoule, Intramuscular",In Review,Ready to Use Approved,Projected Inventory,S1,2026-04,0.0
Kenya,MOH Supply Plan,"Norethisterone Enantate 200 mg/mL (1 mL) Ampoule, Intramuscular",In Review,Ready to Use Approved,Projected Inventory,S1,2026-05,0.0
Kenya,MOH Supply Plan,"Norethisterone Enantate 200 mg/mL (1 mL) Ampoule, Intramuscular",In Review,Ready to Use Approved,Projected Inventory,S1,2026-06,0.0
Kenya,MOH Supply Plan,"Norethisterone Enantate 200 mg/mL (1 mL) Ampoule, Intramuscular",In Review,Ready to Use Approved,Projected Inventory,S1,2026-07,0.0
Kenya,MOH Supply Plan,"Norethisterone Enantate 200 mg/mL (1 mL) Ampoule, Intramuscular",In Review,Ready to Use Approved,Projected Inventory,S1,2026-08,0.0
Kenya,MOH Supply Plan,"Norethisterone Enantate 200 mg/mL (1 mL) Ampoule, Intramuscular",In Review,Ready to Use Approved,Projected Inventory,S1,2026-09,0.0
Kenya,MOH Supply Plan,"Norethisterone Enantate 200 mg/mL (1 mL) Ampoule, Intramuscular",In Review,Ready to Use Approved,Projected Inventory,S1,2026-10,0.0
Kenya,MOH Supply Plan,"Norethisterone Enantate 200 mg/mL (1 mL) Ampoule, Intramuscular",In Review,Ready to Use Approved,Projected Inventory,S1,2026-11,0.0
Kenya,MOH Supply Plan,"Norethisterone Enantate 200 mg/mL (1 mL) Ampoule, Intramuscular",In Review,Ready to Use Approved,Projected Inventory,S1,2026-12,0.0
Kenya,MOH Supply Plan,"Norethisterone Enantate 200 mg/mL (1 mL) Ampoule, Intramuscular",In Review,Ready to Use Approved,Projected Inventory,S1,2027-01,0.0
Kenya,MOH Supply Plan,"Norethisterone Enantate 200 mg/mL (1 mL) Ampoule, Intramuscular",In Review,Ready to Use Approved,Projected Inventory,S1,2027-02,0.0
Kenya,MOH Supply Plan,"Norethisterone Enantate 200 mg/mL (1 mL) Ampoule, Intramuscular",In Review,Ready to Use Approved,Projected Inventory,S1,2027-03,0.0
Kenya,MOH Supply Plan,"Norethisterone Enantate 200 mg/mL (1 mL) Ampoule, Intramuscular",In Review,Ready to Use Approved,Projected Inventory,S1,2027-04,0.0
Kenya,MOH Supply Plan,"Norethisterone Enantate 200 mg/mL (1 mL) Ampoule, Intramuscular",In Review,Ready to Use Approved,Projected Inventory,S1,2027-05,0.0
Kenya,MOH Supply Plan,"Norethisterone Enantate 200 mg/mL (1 mL) Ampoule, Intramuscular",In Review,Ready to Use Approved,Projected Inventory,S1,2027-06,0.0
Kenya,MOH Supply Plan,"Norethisterone Enantate 200 mg/mL (1 mL) Ampoule, Intramuscular",In Review,Ready to Use Approved,Projected Inventory,S1,2027-07,0.0
Kenya,MOH Supply Plan,"Norethisterone Enantate 200 mg/mL (1 mL) Ampoule, Intramuscular",In Review,Ready to Use Approved,Projected Inventory,S1,2027-08,0.0
Kenya,MOH Supply Plan,"Norethisterone Enantate 200 mg/mL (1 mL) Ampoule, Intramuscular",In Review,Ready to Use Approved,Projected Inventory,S1,2027-09,0.0
Kenya,MOH Supply Plan,"Norethisterone Enantate 200 mg/mL (1 mL) Ampoule, Intramuscular",In Review,Ready to Use Approved,Projected Inventory,S1,2027-10,0.0
Kenya,MOH Supply Plan,"Norethisterone Enantate 200 mg/mL (1 mL) Ampoule, Intramuscular",In Review,Ready to Use Approved,Projected Inventory,S1,2027-11,0.0
Kenya,MOH Supply Plan,"Norethisterone Enantate 200 mg/mL (1 mL) Ampoule, Intramuscular",In Review,Ready to Use Approved,Projected Inventory,S1,2027-12,0.0
Kenya,MOH Supply Plan,"Norethisterone Enantate 200 mg/mL (1 mL) Ampoule, Intramuscular",In Review,Ready to Use Approved,Projected Inventory,S1,2028-01,0.0
Kenya,MOH Supply Plan,"Norethisterone Enantate 200 mg/mL (1 mL) Ampoule, Intramuscular",In Review,Ready to Use Approved,Projected Inventory,S1,2028-02,0.0
Kenya,MOH Supply Plan,"Norethisterone Enantate 200 mg/mL (1 mL) Ampoule, Intramuscular",In Review,Ready to Use Approved,Projected Inventory,S1,2028-03,0.0
Kenya,MOH Supply Plan,"Norethisterone Enantate 200 mg/mL (1 mL) Ampoule, Intramuscular",In Review,Ready to Use Approved,Projected Inventory,S1,2028-04,0.0
Kenya,MOH Supply Plan,"Norethisterone Enantate 200 mg/mL (1 mL) Ampoule, Intramuscular",In Review,Ready to Use Approved,Projected Inventory,S1,2028-05,0.0
Kenya,MOH Supply Plan,"Norethisterone Enantate 200 mg/mL (1 mL) Ampoule, Intramuscular",In Review,Ready to Use Approved,Projected Inventory,S1,2028-06,0.0
Kenya,MOH Supply Plan,"Norethisterone Enantate 200 mg/mL (1 mL) Ampoule, Intramuscular",In Review,Ready to Use Approved,Projected Inventory,S1,2028-07,0.0
Kenya,MOH Supply Plan,"Norethisterone Enantate 200 mg/mL (1 mL) Ampoule, Intramuscular",In Review,Ready to Use Approved,Projected Inventory,S1,2028-08,0.0
Kenya,MOH Supply Plan,"Norethisterone Enantate 200 mg/mL (1 mL) Ampoule, Intramuscular",In Review,Ready to Use Approved,Projected Inventory,S1,2028-09,0.0
Kenya,MOH Supply Plan,"Norethisterone Enantate 200 mg/mL (1 mL) Ampoule, Intramuscular",In Review,Ready to Use Approved,Projected Inventory,S2,2026-03,0.0
Kenya,MOH Supply Plan,"Norethisterone Enantate 200 mg/mL (1 mL) Ampoule, Intramuscular",In Review,Ready to Use Approved,Projected Inventory,S2,2026-04,0.0
Kenya,MOH Supply Plan,"Norethisterone Enantate 200 mg/mL (1 mL) Ampoule, Intramuscular",In Review,Ready to Use Approved,Projected Inventory,S2,2026-05,0.0
Kenya,MOH Supply Plan,"Norethisterone Enantate 200 mg/mL (1 mL) Ampoule, Intramuscular",In Review,Ready to Use Approved,Projected Inventory,S2,2026-06,0.0
Kenya,MOH Supply Plan,"Norethisterone Enantate 200 mg/mL (1 mL) Ampoule, Intramuscular",In Review,Ready to Use Approved,Projected Inventory,S2,2026-07,0.0
Kenya,MOH Supply Plan,"Norethisterone Enantate 200 mg/mL (1 mL) Ampoule, Intramuscular",In Review,Ready to Use Approved,Projected Inventory,S2,2026-08,0.0
Kenya,MOH Supply Plan,"Norethisterone Enantate 200 mg/mL (1 mL) Ampoule, Intramuscular",In Review,Ready to Use Approved,Projected Inventory,S2,2026-09,0.0
Kenya,MOH Supply Plan,"Norethisterone Enantate 200 mg/mL (1 mL) Ampoule, Intramuscular",In Review,Ready to Use Approved,Projected Inventory,S2,2026-10,0.0
Kenya,MOH Supply Plan,"Norethisterone Enantate 200 mg/mL (1 mL) Ampoule, Intramuscular",In Review,Ready to Use Approved,Projected Inventory,S2,2026-11,0.0
Kenya,MOH Supply Plan,"Norethisterone Enantate 200 mg/mL (1 mL) Ampoule, Intramuscular",In Review,Ready to Use Approved,Projected Inventory,S2,2026-12,0.0
Kenya,MOH Supply Plan,"Norethisterone Enantate 200 mg/mL (1 mL) Ampoule, Intramuscular",In Review,Ready to Use Approved,Projected Inventory,S2,2027-01,0.0
Kenya,MOH Supply Plan,"Norethisterone Enantate 200 mg/mL (1 mL) Ampoule, Intramuscular",In Review,Ready to Use Approved,Projected Inventory,S2,2027-02,0.0
Kenya,MOH Supply Plan,"Norethisterone Enantate 200 mg/mL (1 mL) Ampoule, Intramuscular",In Review,Ready to Use Approved,Projected Inventory,S2,2027-03,0.0
Kenya,MOH Supply Plan,"Norethisterone Enantate 200 mg/mL (1 mL) Ampoule, Intramuscular",In Review,Ready to Use Approved,Projected Inventory,S2,2027-04,0.0
Kenya,MOH Supply Plan,"Norethisterone Enantate 200 mg/mL (1 mL) Ampoule, Intramuscular",In Review,Ready to Use Approved,Projected Inventory,S2,2027-05,0.0
Kenya,MOH Supply Plan,"Norethisterone Enantate 200 mg/mL (1 mL) Ampoule, Intramuscular",In Review,Ready to Use Approved,Projected Inventory,S2,2027-06,0.0
Kenya,MOH Supply Plan,"Norethisterone Enantate 200 mg/mL (1 mL) Ampoule, Intramuscular",In Review,Ready to Use Approved,Projected Inventory,S2,2027-07,0.0
Kenya,MOH Supply Plan,"Norethisterone Enantate 200 mg/mL (1 mL) Ampoule, Intramuscular",In Review,Ready to Use Approved,Projected Inventory,S2,2027-08,0.0
Kenya,MOH Supply Plan,"Norethisterone Enantate 200 mg/mL (1 mL) Ampoule, Intramuscular",In Review,Ready to Use Approved,Projected Inventory,S2,2027-09,0.0
Kenya,MOH Supply Plan,"Norethisterone Enantate 200 mg/mL (1 mL) Ampoule, Intramuscular",In Review,Ready to Use Approved,Projected Inventory,S2,2027-10,0.0
Kenya,MOH Supply Plan,"Norethisterone Enantate 200 mg/mL (1 mL) Ampoule, Intramuscular",In Review,Ready to Use Approved,Projected Inventory,S2,2027-11,0.0
Kenya,MOH Supply Plan,"Norethisterone Enantate 200 mg/mL (1 mL) Ampoule, Intramuscular",In Review,Ready to Use Approved,Projected Inventory,S2,2027-12,0.0
Kenya,MOH Supply Plan,"Norethisterone Enantate 200 mg/mL (1 mL) Ampoule, Intramuscular",In Review,Ready to Use Approved,Projected Inventory,S2,2028-01,0.0
Kenya,MOH Supply Plan,"Norethisterone Enantate 200 mg/mL (1 mL) Ampoule, Intramuscular",In Review,Ready to Use Approved,Projected Inventory,S2,2028-02,0.0
Kenya,MOH Supply Plan,"Norethisterone Enantate 200 mg/mL (1 mL) Ampoule, Intramuscular",In Review,Ready to Use Approved,Projected Inventory,S2,2028-03,0.0
Kenya,MOH Supply Plan,"Norethisterone Enantate 200 mg/mL (1 mL) Ampoule, Intramuscular",In Review,Ready to Use Approved,Projected Inventory,S2,2028-04,0.0
Kenya,MOH Supply Plan,"Norethisterone Enantate 200 mg/mL (1 mL) Ampoule, Intramuscular",In Review,Ready to Use Approved,Projected Inventory,S2,2028-05,0.0
Kenya,MOH Supply Plan,"Norethisterone Enantate 200 mg/mL (1 mL) Ampoule, Intramuscular",In Review,Ready to Use Approved,Projected Inventory,S2,2028-06,0.0
Kenya,MOH Supply Plan,"Norethisterone Enantate 200 mg/mL (1 mL) Ampoule, Intramuscular",In Review,Ready to Use Approved,Projected Inventory,S2,2028-07,0.0
Kenya,MOH Supply Plan,"Norethisterone Enantate 200 mg/mL (1 mL) Ampoule, Intramuscular",In Review,Ready to Use Approved,Projected Inventory,S2,2028-08,0.0
Kenya,MOH Supply Plan,"Norethisterone Enantate 200 mg/mL (1 mL) Ampoule, Intramuscular",In Review,Ready to Use Approved,Projected Inventory,S2,2028-09,0.0
Kenya,MOH Supply Plan,"Norethisterone Enantate/Estradiol Valerate 50/5 mg/mL (1 mL) Ampoule, Intramuscular",In Review,Ready to Use Approved,Projected Inventory,Base,2026-03,0.0
Kenya,MOH Supply Plan,"Norethisterone Enantate/Estradiol Valerate 50/5 mg/mL (1 mL) Ampoule, Intramuscular",In Review,Ready to Use Approved,Projected Inventory,Base,2026-04,0.0
Kenya,MOH Supply Plan,"Norethisterone Enantate/Estradiol Valerate 50/5 mg/mL (1 mL) Ampoule, Intramuscular",In Review,Ready to Use Approved,Projected Inventory,Base,2026-05,0.0
Kenya,MOH Supply Plan,"Norethisterone Enantate/Estradiol Valerate 50/5 mg/mL (1 mL) Ampoule, Intramuscular",In Review,Ready to Use Approved,Projected Inventory,Base,2026-06,0.0
Kenya,MOH Supply Plan,"Norethisterone Enantate/Estradiol Valerate 50/5 mg/mL (1 mL) Ampoule, Intramuscular",In Review,Ready to Use Approved,Projected Inventory,Base,2026-07,0.0
Kenya,MOH Supply Plan,"Norethisterone Enantate/Estradiol Valerate 50/5 mg/mL (1 mL) Ampoule, Intramuscular",In Review,Ready to Use Approved,Projected Inventory,Base,2026-08,0.0
Kenya,MOH Supply Plan,"Norethisterone Enantate/Estradiol Valerate 50/5 mg/mL (1 mL) Ampoule, Intramuscular",In Review,Ready to Use Approved,Projected Inventory,Base,2026-09,0.0
Kenya,MOH Supply Plan,"Norethisterone Enantate/Estradiol Valerate 50/5 mg/mL (1 mL) Ampoule, Intramuscular",In Review,Ready to Use Approved,Projected Inventory,Base,2026-10,0.0
Kenya,MOH Supply Plan,"Norethisterone Enantate/Estradiol Valerate 50/5 mg/mL (1 mL) Ampoule, Intramuscular",In Review,Ready to Use Approved,Projected Inventory,Base,2026-11,0.0
Kenya,MOH Supply Plan,"Norethisterone Enantate/Estradiol Valerate 50/5 mg/mL (1 mL) Ampoule, Intramuscular",In Review,Ready to Use Approved,Projected Inventory,Base,2026-12,0.0
Kenya,MOH Supply Plan,"Norethisterone Enantate/Estradiol Valerate 50/5 mg/mL (1 mL) Ampoule, Intramuscular",In Review,Ready to Use Approved,Projected Inventory,Base,2027-01,0.0
Kenya,MOH Supply Plan,"Norethisterone Enantate/Estradiol Valerate 50/5 mg/mL (1 mL) Ampoule, Intramuscular",In Review,Ready to Use Approved,Projected Inventory,Base,2027-02,0.0
Kenya,MOH Supply Plan,"Norethisterone Enantate/Estradiol Valerate 50/5 mg/mL (1 mL) Ampoule, Intramuscular",In Review,Ready to Use Approved,Projected Inventory,Base,2027-03,0.0
Kenya,MOH Supply Plan,"Norethisterone Enantate/Estradiol Valerate 50/5 mg/mL (1 mL) Ampoule, Intramuscular",In Review,Ready to Use Approved,Projected Inventory,Base,2027-04,0.0
Kenya,MOH Supply Plan,"Norethisterone Enantate/Estradiol Valerate 50/5 mg/mL (1 mL) Ampoule, Intramuscular",In Review,Ready to Use Approved,Projected Inventory,Base,2027-05,0.0
Kenya,MOH Supply Plan,"Norethisterone Enantate/Estradiol Valerate 50/5 mg/mL (1 mL) Ampoule, Intramuscular",In Review,Ready to Use Approved,Projected Inventory,Base,2027-06,0.0
Kenya,MOH Supply Plan,"Norethisterone Enantate/Estradiol Valerate 50/5 mg/mL (1 mL) Ampoule, Intramuscular",In Review,Ready to Use Approved,Projected Inventory,Base,2027-07,0.0
Kenya,MOH Supply Plan,"Norethisterone Enantate/Estradiol Valerate 50/5 mg/mL (1 mL) Ampoule, Intramuscular",In Review,Ready to Use Approved,Projected Inventory,Base,2027-08,0.0
Kenya,MOH Supply Plan,"Norethisterone Enantate/Estradiol Valerate 50/5 mg/mL (1 mL) Ampoule, Intramuscular",In Review,Ready to Use Approved,Projected Inventory,Base,2027-09,0.0
Kenya,MOH Supply Plan,"Norethisterone Enantate/Estradiol Valerate 50/5 mg/mL (1 mL) Ampoule, Intramuscular",In Review,Ready to Use Approved,Projected Inventory,Base,2027-10,0.0
Kenya,MOH Supply Plan,"Norethisterone Enantate/Estradiol Valerate 50/5 mg/mL (1 mL) Ampoule, Intramuscular",In Review,Ready to Use Approved,Projected Inventory,Base,2027-11,0.0
Kenya,MOH Supply Plan,"Norethisterone Enantate/Estradiol Valerate 50/5 mg/mL (1 mL) Ampoule, Intramuscular",In Review,Ready to Use Approved,Projected Inventory,Base,2027-12,0.0
Kenya,MOH Supply Plan,"Norethisterone Enantate/Estradiol Valerate 50/5 mg/mL (1 mL) Ampoule, Intramuscular",In Review,Ready to Use Approved,Projected Inventory,Base,2028-01,0.0
Kenya,MOH Supply Plan,"Norethisterone Enantate/Estradiol Valerate 50/5 mg/mL (1 mL) Ampoule, Intramuscular",In Review,Ready to Use Approved,Projected Inventory,Base,2028-02,0.0
Kenya,MOH Supply Plan,"Norethisterone Enantate/Estradiol Valerate 50/5 mg/mL (1 mL) Ampoule, Intramuscular",In Review,Ready to Use Approved,Projected Inventory,Base,2028-03,0.0
Kenya,MOH Supply Plan,"Norethisterone Enantate/Estradiol Valerate 50/5 mg/mL (1 mL) Ampoule, Intramuscular",In Review,Ready to Use Approved,Projected Inventory,Base,2028-04,0.0
Kenya,MOH Supply Plan,"Norethisterone Enantate/Estradiol Valerate 50/5 mg/mL (1 mL) Ampoule, Intramuscular",In Review,Ready to Use Approved,Projected Inventory,Base,2028-05,0.0
Kenya,MOH Supply Plan,"Norethisterone Enantate/Estradiol Valerate 50/5 mg/mL (1 mL) Ampoule, Intramuscular",In Review,Ready to Use Approved,Projected Inventory,Base,2028-06,0.0
Kenya,MOH Supply Plan,"Norethisterone Enantate/Estradiol Valerate 50/5 mg/mL (1 mL) Ampoule, Intramuscular",In Review,Ready to Use Approved,Projected Inventory,Base,2028-07,0.0
Kenya,MOH Supply Plan,"Norethisterone Enantate/Estradiol Valerate 50/5 mg/mL (1 mL) Ampoule, Intramuscular",In Review,Ready to Use Approved,Projected Inventory,Base,2028-08,0.0
Kenya,MOH Supply Plan,"Norethisterone Enantate/Estradiol Valerate 50/5 mg/mL (1 mL) Ampoule, Intramuscular",In Review,Ready to Use Approved,Projected Inventory,Base,2028-09,0.0
Kenya,MOH Supply Plan,"Norethisterone Enantate/Estradiol Valerate 50/5 mg/mL (1 mL) Ampoule, Intramuscular",In Review,Ready to Use Approved,Projected MOS below min MOS Alert,Base,2026-03,0.0
Kenya,MOH Supply Plan,"Norethisterone Enantate/Estradiol Valerate 50/5 mg/mL (1 mL) Ampoule, Intramuscular",In Review,Ready to Use Approved,Projected MOS below min MOS Alert,Base,2026-04,0.0
Kenya,MOH Supply Plan,"Norethisterone Enantate/Estradiol Valerate 50/5 mg/mL (1 mL) Ampoule, Intramuscular",In Review,Ready to Use Approved,Projected MOS below min MOS Alert,Base,2026-05,0.0
Kenya,MOH Supply Plan,"Norethisterone Enantate/Estradiol Valerate 50/5 mg/mL (1 mL) Ampoule, Intramuscular",In Review,Ready to Use Approved,Projected MOS below min MOS Alert,Base,2026-06,0.0
Kenya,MOH Supply Plan,"Norethisterone Enantate/Estradiol Valerate 50/5 mg/mL (1 mL) Ampoule, Intramuscular",In Review,Ready to Use Approved,Projected MOS below min MOS Alert,Base,2026-07,0.0
Kenya,MOH Supply Plan,"Norethisterone Enantate/Estradiol Valerate 50/5 mg/mL (1 mL) Ampoule, Intramuscular",In Review,Ready to Use Approved,Projected MOS below min MOS Alert,Base,2026-08,0.0
Kenya,MOH Supply Plan,"Norethisterone Enantate/Estradiol Valerate 50/5 mg/mL (1 mL) Ampoule, Intramuscular",In Review,Ready to Use Approved,Projected MOS below min MOS Alert,Base,2026-09,0.0
Kenya,MOH Supply Plan,"Norethisterone Enantate/Estradiol Valerate 50/5 mg/mL (1 mL) Ampoule, Intramuscular",In Review,Ready to Use Approved,Projected MOS below min MOS Alert,Base,2026-10,0.0
Kenya,MOH Supply Plan,"Norethisterone Enantate/Estradiol Valerate 50/5 mg/mL (1 mL) Ampoule, Intramuscular",In Review,Ready to Use Approved,Projected MOS below min MOS Alert,Base,2026-11,0.0
Kenya,MOH Supply Plan,"Norethisterone Enantate/Estradiol Valerate 50/5 mg/mL (1 mL) Ampoule, Intramuscular",In Review,Ready to Use Approved,Projected MOS below min MOS Alert,Base,2026-12,0.0
Kenya,MOH Supply Plan,"Norethisterone Enantate/Estradiol Valerate 50/5 mg/mL (1 mL) Ampoule, Intramuscular",In Review,Ready to Use Approved,Projected MOS below min MOS Alert,Base,2027-01,0.0
Kenya,MOH Supply Plan,"Norethisterone Enantate/Estradiol Valerate 50/5 mg/mL (1 mL) Ampoule, Intramuscular",In Review,Ready to Use Approved,Projected MOS below min MOS Alert,Base,2027-02,0.0
Kenya,MOH Supply Plan,"Norethisterone Enantate/Estradiol Valerate 50/5 mg/mL (1 mL) Ampoule, Intramuscular",In Review,Ready to Use Approved,Projected MOS below min MOS Alert,Base,2027-03,0.0
Kenya,MOH Supply Plan,"Norethisterone Enantate/Estradiol Valerate 50/5 mg/mL (1 mL) Ampoule, Intramuscular",In Review,Ready to Use Approved,Projected MOS below min MOS Alert,Base,2027-04,0.0
Kenya,MOH Supply Plan,"Norethisterone Enantate/Estradiol Valerate 50/5 mg/mL (1 mL) Ampoule, Intramuscular",In Review,Ready to Use Approved,Projected MOS below min MOS Alert,Base,2027-05,0.0
Kenya,MOH Supply Plan,"Norethisterone Enantate/Estradiol Valerate 50/5 mg/mL (1 mL) Ampoule, Intramuscular",In Review,Ready to Use Approved,Projected MOS below min MOS Alert,Base,2027-06,0.0
Kenya,MOH Supply Plan,"Norethisterone Enantate/Estradiol Valerate 50/5 mg/mL (1 mL) Ampoule, Intramuscular",In Review,Ready to Use Approved,Projected MOS below min MOS Alert,Base,2027-07,0.0
Kenya,MOH Supply Plan,"Norethisterone Enantate/Estradiol Valerate 50/5 mg/mL (1 mL) Ampoule, Intramuscular",In Review,Ready to Use Approved,Projected MOS below min MOS Alert,Base,2027-08,0.0
Kenya,MOH Supply Plan,"Norethisterone Enantate/Estradiol Valerate 50/5 mg/mL (1 mL) Ampoule, Intramuscular",In Review,Ready to Use Approved,Projected MOS below min MOS Alert,Base,2027-09,0.0
Kenya,MOH Supply Plan,"Norethisterone Enantate/Estradiol Valerate 50/5 mg/mL (1 mL) Ampoule, Intramuscular",In Review,Ready to Use Approved,Projected MOS below min MOS Alert,Base,2027-10,0.0
Kenya,MOH Supply Plan,"Norethisterone Enantate/Estradiol Valerate 50/5 mg/mL (1 mL) Ampoule, Intramuscular",In Review,Ready to Use Approved,Projected MOS below min MOS Alert,Base,2027-11,0.0
Kenya,MOH Supply Plan,"Norethisterone Enantate/Estradiol Valerate 50/5 mg/mL (1 mL) Ampoule, Intramuscular",In Review,Ready to Use Approved,Projected MOS below min MOS Alert,Base,2027-12,0.0
Kenya,MOH Supply Plan,"Norethisterone Enantate/Estradiol Valerate 50/5 mg/mL (1 mL) Ampoule, Intramuscular",In Review,Ready to Use Approved,Projected MOS below min MOS Alert,Base,2028-01,0.0
Kenya,MOH Supply Plan,"Norethisterone Enantate/Estradiol Valerate 50/5 mg/mL (1 mL) Ampoule, Intramuscular",In Review,Ready to Use Approved,Projected MOS below min MOS Alert,Base,2028-02,0.0
Kenya,MOH Supply Plan,"Norethisterone Enantate/Estradiol Valerate 50/5 mg/mL (1 mL) Ampoule, Intramuscular",In Review,Ready to Use Approved,Projected MOS below min MOS Alert,Base,2028-03,0.0
Kenya,MOH Supply Plan,"Norethisterone Enantate/Estradiol Valerate 50/5 mg/mL (1 mL) Ampoule, Intramuscular",In Review,Ready to Use Approved,Projected MOS below min MOS Alert,Base,2028-04,0.0
Kenya,MOH Supply Plan,"Norethisterone Enantate/Estradiol Valerate 50/5 mg/mL (1 mL) Ampoule, Intramuscular",In Review,Ready to Use Approved,Projected MOS below min MOS Alert,Base,2028-05,0.0
Kenya,MOH Supply Plan,"Norethisterone Enantate/Estradiol Valerate 50/5 mg/mL (1 mL) Ampoule, Intramuscular",In Review,Ready to Use Approved,Projected MOS below min MOS Alert,Base,2028-06,0.0
Kenya,MOH Supply Plan,"Norethisterone Enantate/Estradiol Valerate 50/5 mg/mL (1 mL) Ampoule, Intramuscular",In Review,Ready to Use Approved,Projected MOS below min MOS Alert,Base,2028-07,0.0
Kenya,MOH Supply Plan,"Norethisterone Enantate/Estradiol Valerate 50/5 mg/mL (1 mL) Ampoule, Intramuscular",In Review,Ready to Use Approved,Projected MOS below min MOS Alert,Base,2028-08,0.0
Kenya,MOH Supply Plan,"Norethisterone Enantate/Estradiol Valerate 50/5 mg/mL (1 mL) Ampoule, Intramuscular",In Review,Ready to Use Approved,Projected MOS below min MOS Alert,Base,2028-09,0.0
Kenya,MOH Supply Plan,"Norethisterone Enantate/Estradiol Valerate 50/5 mg/mL (1 mL) Ampoule, Intramuscular",In Review,Ready to Use Approved,Projected MOS above max MOS Alert,Base,2026-03,0.0
Kenya,MOH Supply Plan,"Norethisterone Enantate/Estradiol Valerate 50/5 mg/mL (1 mL) Ampoule, Intramuscular",In Review,Ready to Use Approved,Projected MOS above max MOS Alert,Base,2026-04,0.0
Kenya,MOH Supply Plan,"Norethisterone Enantate/Estradiol Valerate 50/5 mg/mL (1 mL) Ampoule, Intramuscular",In Review,Ready to Use Approved,Projected MOS above max MOS Alert,Base,2026-05,0.0
Kenya,MOH Supply Plan,"Norethisterone Enantate/Estradiol Valerate 50/5 mg/mL (1 mL) Ampoule, Intramuscular",In Review,Ready to Use Approved,Projected MOS above max MOS Alert,Base,2026-06,0.0
Kenya,MOH Supply Plan,"Norethisterone Enantate/Estradiol Valerate 50/5 mg/mL (1 mL) Ampoule, Intramuscular",In Review,Ready to Use Approved,Projected MOS above max MOS Alert,Base,2026-07,0.0
Kenya,MOH Supply Plan,"Norethisterone Enantate/Estradiol Valerate 50/5 mg/mL (1 mL) Ampoule, Intramuscular",In Review,Ready to Use Approved,Projected MOS above max MOS Alert,Base,2026-08,0.0
Kenya,MOH Supply Plan,"Norethisterone Enantate/Estradiol Valerate 50/5 mg/mL (1 mL) Ampoule, Intramuscular",In Review,Ready to Use Approved,Projected MOS above max MOS Alert,Base,2026-09,0.0
Kenya,MOH Supply Plan,"Norethisterone Enantate/Estradiol Valerate 50/5 mg/mL (1 mL) Ampoule, Intramuscular",In Review,Ready to Use Approved,Projected MOS above max MOS Alert,Base,2026-10,0.0
Kenya,MOH Supply Plan,"Norethisterone Enantate/Estradiol Valerate 50/5 mg/mL (1 mL) Ampoule, Intramuscular",In Review,Ready to Use Approved,Projected MOS above max MOS Alert,Base,2026-11,0.0
Kenya,MOH Supply Plan,"Norethisterone Enantate/Estradiol Valerate 50/5 mg/mL (1 mL) Ampoule, Intramuscular",In Review,Ready to Use Approved,Projected MOS above max MOS Alert,Base,2026-12,0.0
Kenya,MOH Supply Plan,"Norethisterone Enantate/Estradiol Valerate 50/5 mg/mL (1 mL) Ampoule, Intramuscular",In Review,Ready to Use Approved,Projected MOS above max MOS Alert,Base,2027-01,0.0
Kenya,MOH Supply Plan,"Norethisterone Enantate/Estradiol Valerate 50/5 mg/mL (1 mL) Ampoule, Intramuscular",In Review,Ready to Use Approved,Projected MOS above max MOS Alert,Base,2027-02,0.0
Kenya,MOH Supply Plan,"Norethisterone Enantate/Estradiol Valerate 50/5 mg/mL (1 mL) Ampoule, Intramuscular",In Review,Ready to Use Approved,Projected MOS above max MOS Alert,Base,2027-03,0.0
Kenya,MOH Supply Plan,"Norethisterone Enantate/Estradiol Valerate 50/5 mg/mL (1 mL) Ampoule, Intramuscular",In Review,Ready to Use Approved,Projected MOS above max MOS Alert,Base,2027-04,0.0
Kenya,MOH Supply Plan,"Norethisterone Enantate/Estradiol Valerate 50/5 mg/mL (1 mL) Ampoule, Intramuscular",In Review,Ready to Use Approved,Projected MOS above max MOS Alert,Base,2027-05,0.0
Kenya,MOH Supply Plan,"Norethisterone Enantate/Estradiol Valerate 50/5 mg/mL (1 mL) Ampoule, Intramuscular",In Review,Ready to Use Approved,Projected MOS above max MOS Alert,Base,2027-06,0.0
Kenya,MOH Supply Plan,"Norethisterone Enantate/Estradiol Valerate 50/5 mg/mL (1 mL) Ampoule, Intramuscular",In Review,Ready to Use Approved,Projected MOS above max MOS Alert,Base,2027-07,0.0
Kenya,MOH Supply Plan,"Norethisterone Enantate/Estradiol Valerate 50/5 mg/mL (1 mL) Ampoule, Intramuscular",In Review,Ready to Use Approved,Projected MOS above max MOS Alert,Base,2027-08,0.0
Kenya,MOH Supply Plan,"Norethisterone Enantate/Estradiol Valerate 50/5 mg/mL (1 mL) Ampoule, Intramuscular",In Review,Ready to Use Approved,Projected MOS above max MOS Alert,Base,2027-09,0.0
Kenya,MOH Supply Plan,"Norethisterone Enantate/Estradiol Valerate 50/5 mg/mL (1 mL) Ampoule, Intramuscular",In Review,Ready to Use Approved,Projected MOS above max MOS Alert,Base,2027-10,0.0
Kenya,MOH Supply Plan,"Norethisterone Enantate/Estradiol Valerate 50/5 mg/mL (1 mL) Ampoule, Intramuscular",In Review,Ready to Use Approved,Projected MOS above max MOS Alert,Base,2027-11,0.0
Kenya,MOH Supply Plan,"Norethisterone Enantate/Estradiol Valerate 50/5 mg/mL (1 mL) Ampoule, Intramuscular",In Review,Ready to Use Approved,Projected MOS above max MOS Alert,Base,2027-12,0.0
Kenya,MOH Supply Plan,"Norethisterone Enantate/Estradiol Valerate 50/5 mg/mL (1 mL) Ampoule, Intramuscular",In Review,Ready to Use Approved,Projected MOS above max MOS Alert,Base,2028-01,0.0
Kenya,MOH Supply Plan,"Norethisterone Enantate/Estradiol Valerate 50/5 mg/mL (1 mL) Ampoule, Intramuscular",In Review,Ready to Use Approved,Projected MOS above max MOS Alert,Base,2028-02,0.0
Kenya,MOH Supply Plan,"Norethisterone Enantate/Estradiol Valerate 50/5 mg/mL (1 mL) Ampoule, Intramuscular",In Review,Ready to Use Approved,Projected MOS above max MOS Alert,Base,2028-03,0.0
Kenya,MOH Supply Plan,"Norethisterone Enantate/Estradiol Valerate 50/5 mg/mL (1 mL) Ampoule, Intramuscular",In Review,Ready to Use Approved,Projected MOS above max MOS Alert,Base,2028-04,0.0
Kenya,MOH Supply Plan,"Norethisterone Enantate/Estradiol Valerate 50/5 mg/mL (1 mL) Ampoule, Intramuscular",In Review,Ready to Use Approved,Projected MOS above max MOS Alert,Base,2028-05,0.0
Kenya,MOH Supply Plan,"Norethisterone Enantate/Estradiol Valerate 50/5 mg/mL (1 mL) Ampoule, Intramuscular",In Review,Ready to Use Approved,Projected MOS above max MOS Alert,Base,2028-06,0.0
Kenya,MOH Supply Plan,"Norethisterone Enantate/Estradiol Valerate 50/5 mg/mL (1 mL) Ampoule, Intramuscular",In Review,Ready to Use Approved,Projected MOS above max MOS Alert,Base,2028-07,0.0
Kenya,MOH Supply Plan,"Norethisterone Enantate/Estradiol Valerate 50/5 mg/mL (1 mL) Ampoule, Intramuscular",In Review,Ready to Use Approved,Projected MOS above max MOS Alert,Base,2028-08,0.0
Kenya,MOH Supply Plan,"Norethisterone Enantate/Estradiol Valerate 50/5 mg/mL (1 mL) Ampoule, Intramuscular",In Review,Ready to Use Approved,Projected MOS above max MOS Alert,Base,2028-09,0.0
Kenya,MOH Supply Plan,"Norethisterone Enantate/Estradiol Valerate 50/5 mg/mL (1 mL) Ampoule, Intramuscular",In Review,Ready to Use Approved,Projected Inventory,S1,2026-03,0.0
Kenya,MOH Supply Plan,"Norethisterone Enantate/Estradiol Valerate 50/5 mg/mL (1 mL) Ampoule, Intramuscular",In Review,Ready to Use Approved,Projected Inventory,S1,2026-04,0.0
Kenya,MOH Supply Plan,"Norethisterone Enantate/Estradiol Valerate 50/5 mg/mL (1 mL) Ampoule, Intramuscular",In Review,Ready to Use Approved,Projected Inventory,S1,2026-05,0.0
Kenya,MOH Supply Plan,"Norethisterone Enantate/Estradiol Valerate 50/5 mg/mL (1 mL) Ampoule, Intramuscular",In Review,Ready to Use Approved,Projected Inventory,S1,2026-06,0.0
Kenya,MOH Supply Plan,"Norethisterone Enantate/Estradiol Valerate 50/5 mg/mL (1 mL) Ampoule, Intramuscular",In Review,Ready to Use Approved,Projected Inventory,S1,2026-07,0.0
Kenya,MOH Supply Plan,"Norethisterone Enantate/Estradiol Valerate 50/5 mg/mL (1 mL) Ampoule, Intramuscular",In Review,Ready to Use Approved,Projected Inventory,S1,2026-08,0.0
Kenya,MOH Supply Plan,"Norethisterone Enantate/Estradiol Valerate 50/5 mg/mL (1 mL) Ampoule, Intramuscular",In Review,Ready to Use Approved,Projected Inventory,S1,2026-09,0.0
Kenya,MOH Supply Plan,"Norethisterone Enantate/Estradiol Valerate 50/5 mg/mL (1 mL) Ampoule, Intramuscular",In Review,Ready to Use Approved,Projected Inventory,S1,2026-10,0.0
Kenya,MOH Supply Plan,"Norethisterone Enantate/Estradiol Valerate 50/5 mg/mL (1 mL) Ampoule, Intramuscular",In Review,Ready to Use Approved,Projected Inventory,S1,2026-11,0.0
Kenya,MOH Supply Plan,"Norethisterone Enantate/Estradiol Valerate 50/5 mg/mL (1 mL) Ampoule, Intramuscular",In Review,Ready to Use Approved,Projected Inventory,S1,2026-12,0.0
Kenya,MOH Supply Plan,"Norethisterone Enantate/Estradiol Valerate 50/5 mg/mL (1 mL) Ampoule, Intramuscular",In Review,Ready to Use Approved,Projected Inventory,S1,2027-01,0.0
Kenya,MOH Supply Plan,"Norethisterone Enantate/Estradiol Valerate 50/5 mg/mL (1 mL) Ampoule, Intramuscular",In Review,Ready to Use Approved,Projected Inventory,S1,2027-02,0.0
Kenya,MOH Supply Plan,"Norethisterone Enantate/Estradiol Valerate 50/5 mg/mL (1 mL) Ampoule, Intramuscular",In Review,Ready to Use Approved,Projected Inventory,S1,2027-03,0.0
Kenya,MOH Supply Plan,"Norethisterone Enantate/Estradiol Valerate 50/5 mg/mL (1 mL) Ampoule, Intramuscular",In Review,Ready to Use Approved,Projected Inventory,S1,2027-04,0.0
Kenya,MOH Supply Plan,"Norethisterone Enantate/Estradiol Valerate 50/5 mg/mL (1 mL) Ampoule, Intramuscular",In Review,Ready to Use Approved,Projected Inventory,S1,2027-05,0.0
Kenya,MOH Supply Plan,"Norethisterone Enantate/Estradiol Valerate 50/5 mg/mL (1 mL) Ampoule, Intramuscular",In Review,Ready to Use Approved,Projected Inventory,S1,2027-06,0.0
Kenya,MOH Supply Plan,"Norethisterone Enantate/Estradiol Valerate 50/5 mg/mL (1 mL) Ampoule, Intramuscular",In Review,Ready to Use Approved,Projected Inventory,S1,2027-07,0.0
Kenya,MOH Supply Plan,"Norethisterone Enantate/Estradiol Valerate 50/5 mg/mL (1 mL) Ampoule, Intramuscular",In Review,Ready to Use Approved,Projected Inventory,S1,2027-08,0.0
Kenya,MOH Supply Plan,"Norethisterone Enantate/Estradiol Valerate 50/5 mg/mL (1 mL) Ampoule, Intramuscular",In Review,Ready to Use Approved,Projected Inventory,S1,2027-09,0.0
Kenya,MOH Supply Plan,"Norethisterone Enantate/Estradiol Valerate 50/5 mg/mL (1 mL) Ampoule, Intramuscular",In Review,Ready to Use Approved,Projected Inventory,S1,2027-10,0.0
Kenya,MOH Supply Plan,"Norethisterone Enantate/Estradiol Valerate 50/5 mg/mL (1 mL) Ampoule, Intramuscular",In Review,Ready to Use Approved,Projected Inventory,S1,2027-11,0.0
Kenya,MOH Supply Plan,"Norethisterone Enantate/Estradiol Valerate 50/5 mg/mL (1 mL) Ampoule, Intramuscular",In Review,Ready to Use Approved,Projected Inventory,S1,2027-12,0.0
Kenya,MOH Supply Plan,"Norethisterone Enantate/Estradiol Valerate 50/5 mg/mL (1 mL) Ampoule, Intramuscular",In Review,Ready to Use Approved,Projected Inventory,S1,2028-01,0.0
Kenya,MOH Supply Plan,"Norethisterone Enantate/Estradiol Valerate 50/5 mg/mL (1 mL) Ampoule, Intramuscular",In Review,Ready to Use Approved,Projected Inventory,S1,2028-02,0.0
Kenya,MOH Supply Plan,"Norethisterone Enantate/Estradiol Valerate 50/5 mg/mL (1 mL) Ampoule, Intramuscular",In Review,Ready to Use Approved,Projected Inventory,S1,2028-03,0.0
Kenya,MOH Supply Plan,"Norethisterone Enantate/Estradiol Valerate 50/5 mg/mL (1 mL) Ampoule, Intramuscular",In Review,Ready to Use Approved,Projected Inventory,S1,2028-04,0.0
Kenya,MOH Supply Plan,"Norethisterone Enantate/Estradiol Valerate 50/5 mg/mL (1 mL) Ampoule, Intramuscular",In Review,Ready to Use Approved,Projected Inventory,S1,2028-05,0.0
Kenya,MOH Supply Plan,"Norethisterone Enantate/Estradiol Valerate 50/5 mg/mL (1 mL) Ampoule, Intramuscular",In Review,Ready to Use Approved,Projected Inventory,S1,2028-06,0.0
Kenya,MOH Supply Plan,"Norethisterone Enantate/Estradiol Valerate 50/5 mg/mL (1 mL) Ampoule, Intramuscular",In Review,Ready to Use Approved,Projected Inventory,S1,2028-07,0.0
Kenya,MOH Supply Plan,"Norethisterone Enantate/Estradiol Valerate 50/5 mg/mL (1 mL) Ampoule, Intramuscular",In Review,Ready to Use Approved,Projected Inventory,S1,2028-08,0.0
Kenya,MOH Supply Plan,"Norethisterone Enantate/Estradiol Valerate 50/5 mg/mL (1 mL) Ampoule, Intramuscular",In Review,Ready to Use Approved,Projected Inventory,S1,2028-09,0.0
Kenya,MOH Supply Plan,"Norethisterone Enantate/Estradiol Valerate 50/5 mg/mL (1 mL) Ampoule, Intramuscular",In Review,Ready to Use Approved,Projected Inventory,S2,2026-03,0.0
Kenya,MOH Supply Plan,"Norethisterone Enantate/Estradiol Valerate 50/5 mg/mL (1 mL) Ampoule, Intramuscular",In Review,Ready to Use Approved,Projected Inventory,S2,2026-04,0.0
Kenya,MOH Supply Plan,"Norethisterone Enantate/Estradiol Valerate 50/5 mg/mL (1 mL) Ampoule, Intramuscular",In Review,Ready to Use Approved,Projected Inventory,S2,2026-05,0.0
Kenya,MOH Supply Plan,"Norethisterone Enantate/Estradiol Valerate 50/5 mg/mL (1 mL) Ampoule, Intramuscular",In Review,Ready to Use Approved,Projected Inventory,S2,2026-06,0.0
Kenya,MOH Supply Plan,"Norethisterone Enantate/Estradiol Valerate 50/5 mg/mL (1 mL) Ampoule, Intramuscular",In Review,Ready to Use Approved,Projected Inventory,S2,2026-07,0.0
Kenya,MOH Supply Plan,"Norethisterone Enantate/Estradiol Valerate 50/5 mg/mL (1 mL) Ampoule, Intramuscular",In Review,Ready to Use Approved,Projected Inventory,S2,2026-08,0.0
Kenya,MOH Supply Plan,"Norethisterone Enantate/Estradiol Valerate 50/5 mg/mL (1 mL) Ampoule, Intramuscular",In Review,Ready to Use Approved,Projected Inventory,S2,2026-09,0.0
Kenya,MOH Supply Plan,"Norethisterone Enantate/Estradiol Valerate 50/5 mg/mL (1 mL) Ampoule, Intramuscular",In Review,Ready to Use Approved,Projected Inventory,S2,2026-10,0.0
Kenya,MOH Supply Plan,"Norethisterone Enantate/Estradiol Valerate 50/5 mg/mL (1 mL) Ampoule, Intramuscular",In Review,Ready to Use Approved,Projected Inventory,S2,2026-11,0.0
Kenya,MOH Supply Plan,"Norethisterone Enantate/Estradiol Valerate 50/5 mg/mL (1 mL) Ampoule, Intramuscular",In Review,Ready to Use Approved,Projected Inventory,S2,2026-12,0.0
Kenya,MOH Supply Plan,"Norethisterone Enantate/Estradiol Valerate 50/5 mg/mL (1 mL) Ampoule, Intramuscular",In Review,Ready to Use Approved,Projected Inventory,S2,2027-01,0.0
Kenya,MOH Supply Plan,"Norethisterone Enantate/Estradiol Valerate 50/5 mg/mL (1 mL) Ampoule, Intramuscular",In Review,Ready to Use Approved,Projected Inventory,S2,2027-02,0.0
Kenya,MOH Supply Plan,"Norethisterone Enantate/Estradiol Valerate 50/5 mg/mL (1 mL) Ampoule, Intramuscular",In Review,Ready to Use Approved,Projected Inventory,S2,2027-03,0.0
Kenya,MOH Supply Plan,"Norethisterone Enantate/Estradiol Valerate 50/5 mg/mL (1 mL) Ampoule, Intramuscular",In Review,Ready to Use Approved,Projected Inventory,S2,2027-04,0.0
Kenya,MOH Supply Plan,"Norethisterone Enantate/Estradiol Valerate 50/5 mg/mL (1 mL) Ampoule, Intramuscular",In Review,Ready to Use Approved,Projected Inventory,S2,2027-05,0.0
Kenya,MOH Supply Plan,"Norethisterone Enantate/Estradiol Valerate 50/5 mg/mL (1 mL) Ampoule, Intramuscular",In Review,Ready to Use Approved,Projected Inventory,S2,2027-06,0.0
Kenya,MOH Supply Plan,"Norethisterone Enantate/Estradiol Valerate 50/5 mg/mL (1 mL) Ampoule, Intramuscular",In Review,Ready to Use Approved,Projected Inventory,S2,2027-07,0.0
Kenya,MOH Supply Plan,"Norethisterone Enantate/Estradiol Valerate 50/5 mg/mL (1 mL) Ampoule, Intramuscular",In Review,Ready to Use Approved,Projected Inventory,S2,2027-08,0.0
Kenya,MOH Supply Plan,"Norethisterone Enantate/Estradiol Valerate 50/5 mg/mL (1 mL) Ampoule, Intramuscular",In Review,Ready to Use Approved,Projected Inventory,S2,2027-09,0.0
Kenya,MOH Supply Plan,"Norethisterone Enantate/Estradiol Valerate 50/5 mg/mL (1 mL) Ampoule, Intramuscular",In Review,Ready to Use Approved,Projected Inventory,S2,2027-10,0.0
Kenya,MOH Supply Plan,"Norethisterone Enantate/Estradiol Valerate 50/5 mg/mL (1 mL) Ampoule, Intramuscular",In Review,Ready to Use Approved,Projected Inventory,S2,2027-11,0.0
Kenya,MOH Supply Plan,"Norethisterone Enantate/Estradiol Valerate 50/5 mg/mL (1 mL) Ampoule, Intramuscular",In Review,Ready to Use Approved,Projected Inventory,S2,2027-12,0.0
Kenya,MOH Supply Plan,"Norethisterone Enantate/Estradiol Valerate 50/5 mg/mL (1 mL) Ampoule, Intramuscular",In Review,Ready to Use Approved,Projected Inventory,S2,2028-01,0.0
Kenya,MOH Supply Plan,"Norethisterone Enantate/Estradiol Valerate 50/5 mg/mL (1 mL) Ampoule, Intramuscular",In Review,Ready to Use Approved,Projected Inventory,S2,2028-02,0.0
Kenya,MOH Supply Plan,"Norethisterone Enantate/Estradiol Valerate 50/5 mg/mL (1 mL) Ampoule, Intramuscular",In Review,Ready to Use Approved,Projected Inventory,S2,2028-03,0.0
Kenya,MOH Supply Plan,"Norethisterone Enantate/Estradiol Valerate 50/5 mg/mL (1 mL) Ampoule, Intramuscular",In Review,Ready to Use Approved,Projected Inventory,S2,2028-04,0.0
Kenya,MOH Supply Plan,"Norethisterone Enantate/Estradiol Valerate 50/5 mg/mL (1 mL) Ampoule, Intramuscular",In Review,Ready to Use Approved,Projected Inventory,S2,2028-05,0.0
Kenya,MOH Supply Plan,"Norethisterone Enantate/Estradiol Valerate 50/5 mg/mL (1 mL) Ampoule, Intramuscular",In Review,Ready to Use Approved,Projected Inventory,S2,2028-06,0.0
Kenya,MOH Supply Plan,"Norethisterone Enantate/Estradiol Valerate 50/5 mg/mL (1 mL) Ampoule, Intramuscular",In Review,Ready to Use Approved,Projected Inventory,S2,2028-07,0.0
Kenya,MOH Supply Plan,"Norethisterone Enantate/Estradiol Valerate 50/5 mg/mL (1 mL) Ampoule, Intramuscular",In Review,Ready to Use Approved,Projected Inventory,S2,2028-08,0.0
Kenya,MOH Supply Plan,"Norethisterone Enantate/Estradiol Valerate 50/5 mg/mL (1 mL) Ampoule, Intramuscular",In Review,Ready to Use Approved,Projected Inventory,S2,2028-09,0.0
Kenya,No Supply Plan Available,"Medroxyprogesterone Acetate 104 mg/0.65 mL, Subcutaneous, Pre-Filled Device",In Review,Ready to Use Approved,Projected Inventory,Base,2026-03,0.0
Kenya,No Supply Plan Available,"Medroxyprogesterone Acetate 104 mg/0.65 mL, Subcutaneous, Pre-Filled Device",In Review,Ready to Use Approved,Projected Inventory,Base,2026-04,0.0
Kenya,No Supply Plan Available,"Medroxyprogesterone Acetate 104 mg/0.65 mL, Subcutaneous, Pre-Filled Device",In Review,Ready to Use Approved,Projected Inventory,Base,2026-05,0.0
Kenya,No Supply Plan Available,"Medroxyprogesterone Acetate 104 mg/0.65 mL, Subcutaneous, Pre-Filled Device",In Review,Ready to Use Approved,Projected Inventory,Base,2026-06,0.0
Kenya,No Supply Plan Available,"Medroxyprogesterone Acetate 104 mg/0.65 mL, Subcutaneous, Pre-Filled Device",In Review,Ready to Use Approved,Projected Inventory,Base,2026-07,0.0
Kenya,No Supply Plan Available,"Medroxyprogesterone Acetate 104 mg/0.65 mL, Subcutaneous, Pre-Filled Device",In Review,Ready to Use Approved,Projected Inventory,Base,2026-08,0.0
Kenya,No Supply Plan Available,"Medroxyprogesterone Acetate 104 mg/0.65 mL, Subcutaneous, Pre-Filled Device",In Review,Ready to Use Approved,Projected Inventory,Base,2026-09,0.0
Kenya,No Supply Plan Available,"Medroxyprogesterone Acetate 104 mg/0.65 mL, Subcutaneous, Pre-Filled Device",In Review,Ready to Use Approved,Projected Inventory,Base,2026-10,0.0
Kenya,No Supply Plan Available,"Medroxyprogesterone Acetate 104 mg/0.65 mL, Subcutaneous, Pre-Filled Device",In Review,Ready to Use Approved,Projected Inventory,Base,2026-11,0.0
Kenya,No Supply Plan Available,"Medroxyprogesterone Acetate 104 mg/0.65 mL, Subcutaneous, Pre-Filled Device",In Review,Ready to Use Approved,Projected Inventory,Base,2026-12,0.0
Kenya,No Supply Plan Available,"Medroxyprogesterone Acetate 104 mg/0.65 mL, Subcutaneous, Pre-Filled Device",In Review,Ready to Use Approved,Projected Inventory,Base,2027-01,0.0
Kenya,No Supply Plan Available,"Medroxyprogesterone Acetate 104 mg/0.65 mL, Subcutaneous, Pre-Filled Device",In Review,Ready to Use Approved,Projected Inventory,Base,2027-02,0.0
Kenya,No Supply Plan Available,"Medroxyprogesterone Acetate 104 mg/0.65 mL, Subcutaneous, Pre-Filled Device",In Review,Ready to Use Approved,Projected Inventory,Base,2027-03,0.0
Kenya,No Supply Plan Available,"Medroxyprogesterone Acetate 104 mg/0.65 mL, Subcutaneous, Pre-Filled Device",In Review,Ready to Use Approved,Projected Inventory,Base,2027-04,0.0
Kenya,No Supply Plan Available,"Medroxyprogesterone Acetate 104 mg/0.65 mL, Subcutaneous, Pre-Filled Device",In Review,Ready to Use Approved,Projected Inventory,Base,2027-05,0.0
Kenya,No Supply Plan Available,"Medroxyprogesterone Acetate 104 mg/0.65 mL, Subcutaneous, Pre-Filled Device",In Review,Ready to Use Approved,Projected Inventory,Base,2027-06,0.0
Kenya,No Supply Plan Available,"Medroxyprogesterone Acetate 104 mg/0.65 mL, Subcutaneous, Pre-Filled Device",In Review,Ready to Use Approved,Projected Inventory,Base,2027-07,0.0
Kenya,No Supply Plan Available,"Medroxyprogesterone Acetate 104 mg/0.65 mL, Subcutaneous, Pre-Filled Device",In Review,Ready to Use Approved,Projected Inventory,Base,2027-08,0.0
Kenya,No Supply Plan Available,"Medroxyprogesterone Acetate 104 mg/0.65 mL, Subcutaneous, Pre-Filled Device",In Review,Ready to Use Approved,Projected Inventory,Base,2027-09,0.0
Kenya,No Supply Plan Available,"Medroxyprogesterone Acetate 104 mg/0.65 mL, Subcutaneous, Pre-Filled Device",In Review,Ready to Use Approved,Projected Inventory,Base,2027-10,0.0
Kenya,No Supply Plan Available,"Medroxyprogesterone Acetate 104 mg/0.65 mL, Subcutaneous, Pre-Filled Device",In Review,Ready to Use Approved,Projected Inventory,Base,2027-11,0.0
Kenya,No Supply Plan Available,"Medroxyprogesterone Acetate 104 mg/0.65 mL, Subcutaneous, Pre-Filled Device",In Review,Ready to Use Approved,Projected Inventory,Base,2027-12,0.0
Kenya,No Supply Plan Available,"Medroxyprogesterone Acetate 104 mg/0.65 mL, Subcutaneous, Pre-Filled Device",In Review,Ready to Use Approved,Projected Inventory,Base,2028-01,0.0
Kenya,No Supply Plan Available,"Medroxyprogesterone Acetate 104 mg/0.65 mL, Subcutaneous, Pre-Filled Device",In Review,Ready to Use Approved,Projected Inventory,Base,2028-02,0.0
Kenya,No Supply Plan Available,"Medroxyprogesterone Acetate 104 mg/0.65 mL, Subcutaneous, Pre-Filled Device",In Review,Ready to Use Approved,Projected Inventory,Base,2028-03,0.0
Kenya,No Supply Plan Available,"Medroxyprogesterone Acetate 104 mg/0.65 mL, Subcutaneous, Pre-Filled Device",In Review,Ready to Use Approved,Projected Inventory,Base,2028-04,0.0
Kenya,No Supply Plan Available,"Medroxyprogesterone Acetate 104 mg/0.65 mL, Subcutaneous, Pre-Filled Device",In Review,Ready to Use Approved,Projected Inventory,Base,2028-05,0.0
Kenya,No Supply Plan Available,"Medroxyprogesterone Acetate 104 mg/0.65 mL, Subcutaneous, Pre-Filled Device",In Review,Ready to Use Approved,Projected Inventory,Base,2028-06,0.0
Kenya,No Supply Plan Available,"Medroxyprogesterone Acetate 104 mg/0.65 mL, Subcutaneous, Pre-Filled Device",In Review,Ready to Use Approved,Projected Inventory,Base,2028-07,0.0
Kenya,No Supply Plan Available,"Medroxyprogesterone Acetate 104 mg/0.65 mL, Subcutaneous, Pre-Filled Device",In Review,Ready to Use Approved,Projected Inventory,Base,2028-08,0.0
Kenya,No Supply Plan Available,"Medroxyprogesterone Acetate 104 mg/0.65 mL, Subcutaneous, Pre-Filled Device",In Review,Ready to Use Approved,Projected Inventory,Base,2028-09,0.0
Kenya,No Supply Plan Available,"Medroxyprogesterone Acetate 104 mg/0.65 mL, Subcutaneous, Pre-Filled Device",In Review,Ready to Use Approved,Projected MOS below min MOS Alert,Base,2026-03,0.0
Kenya,No Supply Plan Available,"Medroxyprogesterone Acetate 104 mg/0.65 mL, Subcutaneous, Pre-Filled Device",In Review,Ready to Use Approved,Projected MOS below min MOS Alert,Base,2026-04,0.0
Kenya,No Supply Plan Available,"Medroxyprogesterone Acetate 104 mg/0.65 mL, Subcutaneous, Pre-Filled Device",In Review,Ready to Use Approved,Projected MOS below min MOS Alert,Base,2026-05,0.0
Kenya,No Supply Plan Available,"Medroxyprogesterone Acetate 104 mg/0.65 mL, Subcutaneous, Pre-Filled Device",In Review,Ready to Use Approved,Projected MOS below min MOS Alert,Base,2026-06,0.0
Kenya,No Supply Plan Available,"Medroxyprogesterone Acetate 104 mg/0.65 mL, Subcutaneous, Pre-Filled Device",In Review,Ready to Use Approved,Projected MOS below min MOS Alert,Base,2026-07,0.0
Kenya,No Supply Plan Available,"Medroxyprogesterone Acetate 104 mg/0.65 mL, Subcutaneous, Pre-Filled Device",In Review,Ready to Use Approved,Projected MOS below min MOS Alert,Base,2026-08,0.0
Kenya,No Supply Plan Available,"Medroxyprogesterone Acetate 104 mg/0.65 mL, Subcutaneous, Pre-Filled Device",In Review,Ready to Use Approved,Projected MOS below min MOS Alert,Base,2026-09,0.0
Kenya,No Supply Plan Available,"Medroxyprogesterone Acetate 104 mg/0.65 mL, Subcutaneous, Pre-Filled Device",In Review,Ready to Use Approved,Projected MOS below min MOS Alert,Base,2026-10,0.0
Kenya,No Supply Plan Available,"Medroxyprogesterone Acetate 104 mg/0.65 mL, Subcutaneous, Pre-Filled Device",In Review,Ready to Use Approved,Projected MOS below min MOS Alert,Base,2026-11,0.0
Kenya,No Supply Plan Available,"Medroxyprogesterone Acetate 104 mg/0.65 mL, Subcutaneous, Pre-Filled Device",In Review,Ready to Use Approved,Projected MOS below min MOS Alert,Base,2026-12,0.0
Kenya,No Supply Plan Available,"Medroxyprogesterone Acetate 104 mg/0.65 mL, Subcutaneous, Pre-Filled Device",In Review,Ready to Use Approved,Projected MOS below min MOS Alert,Base,2027-01,0.0
Kenya,No Supply Plan Available,"Medroxyprogesterone Acetate 104 mg/0.65 mL, Subcutaneous, Pre-Filled Device",In Review,Ready to Use Approved,Projected MOS below min MOS Alert,Base,2027-02,0.0
Kenya,No Supply Plan Available,"Medroxyprogesterone Acetate 104 mg/0.65 mL, Subcutaneous, Pre-Filled Device",In Review,Ready to Use Approved,Projected MOS below min MOS Alert,Base,2027-03,0.0
Kenya,No Supply Plan Available,"Medroxyprogesterone Acetate 104 mg/0.65 mL, Subcutaneous, Pre-Filled Device",In Review,Ready to Use Approved,Projected MOS below min MOS Alert,Base,2027-04,0.0
Kenya,No Supply Plan Available,"Medroxyprogesterone Acetate 104 mg/0.65 mL, Subcutaneous, Pre-Filled Device",In Review,Ready to Use Approved,Projected MOS below min MOS Alert,Base,2027-05,0.0
Kenya,No Supply Plan Available,"Medroxyprogesterone Acetate 104 mg/0.65 mL, Subcutaneous, Pre-Filled Device",In Review,Ready to Use Approved,Projected MOS below min MOS Alert,Base,2027-06,0.0
Kenya,No Supply Plan Available,"Medroxyprogesterone Acetate 104 mg/0.65 mL, Subcutaneous, Pre-Filled Device",In Review,Ready to Use Approved,Projected MOS below min MOS Alert,Base,2027-07,0.0
Kenya,No Supply Plan Available,"Medroxyprogesterone Acetate 104 mg/0.65 mL, Subcutaneous, Pre-Filled Device",In Review,Ready to Use Approved,Projected MOS below min MOS Alert,Base,2027-08,0.0
Kenya,No Supply Plan Available,"Medroxyprogesterone Acetate 104 mg/0.65 mL, Subcutaneous, Pre-Filled Device",In Review,Ready to Use Approved,Projected MOS below min MOS Alert,Base,2027-09,0.0
Kenya,No Supply Plan Available,"Medroxyprogesterone Acetate 104 mg/0.65 mL, Subcutaneous, Pre-Filled Device",In Review,Ready to Use Approved,Projected MOS below min MOS Alert,Base,2027-10,0.0
Kenya,No Supply Plan Available,"Medroxyprogesterone Acetate 104 mg/0.65 mL, Subcutaneous, Pre-Filled Device",In Review,Ready to Use Approved,Projected MOS below min MOS Alert,Base,2027-11,0.0
Kenya,No Supply Plan Available,"Medroxyprogesterone Acetate 104 mg/0.65 mL, Subcutaneous, Pre-Filled Device",In Review,Ready to Use Approved,Projected MOS below min MOS Alert,Base,2027-12,0.0
Kenya,No Supply Plan Available,"Medroxyprogesterone Acetate 104 mg/0.65 mL, Subcutaneous, Pre-Filled Device",In Review,Ready to Use Approved,Projected MOS below min MOS Alert,Base,2028-01,0.0
Kenya,No Supply Plan Available,"Medroxyprogesterone Acetate 104 mg/0.65 mL, Subcutaneous, Pre-Filled Device",In Review,Ready to Use Approved,Projected MOS below min MOS Alert,Base,2028-02,0.0
Kenya,No Supply Plan Available,"Medroxyprogesterone Acetate 104 mg/0.65 mL, Subcutaneous, Pre-Filled Device",In Review,Ready to Use Approved,Projected MOS below min MOS Alert,Base,2028-03,0.0
Kenya,No Supply Plan Available,"Medroxyprogesterone Acetate 104 mg/0.65 mL, Subcutaneous, Pre-Filled Device",In Review,Ready to Use Approved,Projected MOS below min MOS Alert,Base,2028-04,0.0
Kenya,No Supply Plan Available,"Medroxyprogesterone Acetate 104 mg/0.65 mL, Subcutaneous, Pre-Filled Device",In Review,Ready to Use Approved,Projected MOS below min MOS Alert,Base,2028-05,0.0
Kenya,No Supply Plan Available,"Medroxyprogesterone Acetate 104 mg/0.65 mL, Subcutaneous, Pre-Filled Device",In Review,Ready to Use Approved,Projected MOS below min MOS Alert,Base,2028-06,0.0
Kenya,No Supply Plan Available,"Medroxyprogesterone Acetate 104 mg/0.65 mL, Subcutaneous, Pre-Filled Device",In Review,Ready to Use Approved,Projected MOS below min MOS Alert,Base,2028-07,0.0
Kenya,No Supply Plan Available,"Medroxyprogesterone Acetate 104 mg/0.65 mL, Subcutaneous, Pre-Filled Device",In Review,Ready to Use Approved,Projected MOS below min MOS Alert,Base,2028-08,0.0
Kenya,No Supply Plan Available,"Medroxyprogesterone Acetate 104 mg/0.65 mL, Subcutaneous, Pre-Filled Device",In Review,Ready to Use Approved,Projected MOS below min MOS Alert,Base,2028-09,0.0
Kenya,No Supply Plan Available,"Medroxyprogesterone Acetate 104 mg/0.65 mL, Subcutaneous, Pre-Filled Device",In Review,Ready to Use Approved,Projected MOS above max MOS Alert,Base,2026-03,0.0
Kenya,No Supply Plan Available,"Medroxyprogesterone Acetate 104 mg/0.65 mL, Subcutaneous, Pre-Filled Device",In Review,Ready to Use Approved,Projected MOS above max MOS Alert,Base,2026-04,0.0
Kenya,No Supply Plan Available,"Medroxyprogesterone Acetate 104 mg/0.65 mL, Subcutaneous, Pre-Filled Device",In Review,Ready to Use Approved,Projected MOS above max MOS Alert,Base,2026-05,0.0
Kenya,No Supply Plan Available,"Medroxyprogesterone Acetate 104 mg/0.65 mL, Subcutaneous, Pre-Filled Device",In Review,Ready to Use Approved,Projected MOS above max MOS Alert,Base,2026-06,0.0
Kenya,No Supply Plan Available,"Medroxyprogesterone Acetate 104 mg/0.65 mL, Subcutaneous, Pre-Filled Device",In Review,Ready to Use Approved,Projected MOS above max MOS Alert,Base,2026-07,0.0
Kenya,No Supply Plan Available,"Medroxyprogesterone Acetate 104 mg/0.65 mL, Subcutaneous, Pre-Filled Device",In Review,Ready to Use Approved,Projected MOS above max MOS Alert,Base,2026-08,0.0
Kenya,No Supply Plan Available,"Medroxyprogesterone Acetate 104 mg/0.65 mL, Subcutaneous, Pre-Filled Device",In Review,Ready to Use Approved,Projected MOS above max MOS Alert,Base,2026-09,0.0
Kenya,No Supply Plan Available,"Medroxyprogesterone Acetate 104 mg/0.65 mL, Subcutaneous, Pre-Filled Device",In Review,Ready to Use Approved,Projected MOS above max MOS Alert,Base,2026-10,0.0
Kenya,No Supply Plan Available,"Medroxyprogesterone Acetate 104 mg/0.65 mL, Subcutaneous, Pre-Filled Device",In Review,Ready to Use Approved,Projected MOS above max MOS Alert,Base,2026-11,0.0
Kenya,No Supply Plan Available,"Medroxyprogesterone Acetate 104 mg/0.65 mL, Subcutaneous, Pre-Filled Device",In Review,Ready to Use Approved,Projected MOS above max MOS Alert,Base,2026-12,0.0
Kenya,No Supply Plan Available,"Medroxyprogesterone Acetate 104 mg/0.65 mL, Subcutaneous, Pre-Filled Device",In Review,Ready to Use Approved,Projected MOS above max MOS Alert,Base,2027-01,0.0
Kenya,No Supply Plan Available,"Medroxyprogesterone Acetate 104 mg/0.65 mL, Subcutaneous, Pre-Filled Device",In Review,Ready to Use Approved,Projected MOS above max MOS Alert,Base,2027-02,0.0
Kenya,No Supply Plan Available,"Medroxyprogesterone Acetate 104 mg/0.65 mL, Subcutaneous, Pre-Filled Device",In Review,Ready to Use Approved,Projected MOS above max MOS Alert,Base,2027-03,0.0
Kenya,No Supply Plan Available,"Medroxyprogesterone Acetate 104 mg/0.65 mL, Subcutaneous, Pre-Filled Device",In Review,Ready to Use Approved,Projected MOS above max MOS Alert,Base,2027-04,0.0
Kenya,No Supply Plan Available,"Medroxyprogesterone Acetate 104 mg/0.65 mL, Subcutaneous, Pre-Filled Device",In Review,Ready to Use Approved,Projected MOS above max MOS Alert,Base,2027-05,0.0
Kenya,No Supply Plan Available,"Medroxyprogesterone Acetate 104 mg/0.65 mL, Subcutaneous, Pre-Filled Device",In Review,Ready to Use Approved,Projected MOS above max MOS Alert,Base,2027-06,0.0
Kenya,No Supply Plan Available,"Medroxyprogesterone Acetate 104 mg/0.65 mL, Subcutaneous, Pre-Filled Device",In Review,Ready to Use Approved,Projected MOS above max MOS Alert,Base,2027-07,0.0
Kenya,No Supply Plan Available,"Medroxyprogesterone Acetate 104 mg/0.65 mL, Subcutaneous, Pre-Filled Device",In Review,Ready to Use Approved,Projected MOS above max MOS Alert,Base,2027-08,0.0
Kenya,No Supply Plan Available,"Medroxyprogesterone Acetate 104 mg/0.65 mL, Subcutaneous, Pre-Filled Device",In Review,Ready to Use Approved,Projected MOS above max MOS Alert,Base,2027-09,0.0
Kenya,No Supply Plan Available,"Medroxyprogesterone Acetate 104 mg/0.65 mL, Subcutaneous, Pre-Filled Device",In Review,Ready to Use Approved,Projected MOS above max MOS Alert,Base,2027-10,0.0
Kenya,No Supply Plan Available,"Medroxyprogesterone Acetate 104 mg/0.65 mL, Subcutaneous, Pre-Filled Device",In Review,Ready to Use Approved,Projected MOS above max MOS Alert,Base,2027-11,0.0
Kenya,No Supply Plan Available,"Medroxyprogesterone Acetate 104 mg/0.65 mL, Subcutaneous, Pre-Filled Device",In Review,Ready to Use Approved,Projected MOS above max MOS Alert,Base,2027-12,0.0
Kenya,No Supply Plan Available,"Medroxyprogesterone Acetate 104 mg/0.65 mL, Subcutaneous, Pre-Filled Device",In Review,Ready to Use Approved,Projected MOS above max MOS Alert,Base,2028-01,0.0
Kenya,No Supply Plan Available,"Medroxyprogesterone Acetate 104 mg/0.65 mL, Subcutaneous, Pre-Filled Device",In Review,Ready to Use Approved,Projected MOS above max MOS Alert,Base,2028-02,0.0
Kenya,No Supply Plan Available,"Medroxyprogesterone Acetate 104 mg/0.65 mL, Subcutaneous, Pre-Filled Device",In Review,Ready to Use Approved,Projected MOS above max MOS Alert,Base,2028-03,0.0
Kenya,No Supply Plan Available,"Medroxyprogesterone Acetate 104 mg/0.65 mL, Subcutaneous, Pre-Filled Device",In Review,Ready to Use Approved,Projected MOS above max MOS Alert,Base,2028-04,0.0
Kenya,No Supply Plan Available,"Medroxyprogesterone Acetate 104 mg/0.65 mL, Subcutaneous, Pre-Filled Device",In Review,Ready to Use Approved,Projected MOS above max MOS Alert,Base,2028-05,0.0
Kenya,No Supply Plan Available,"Medroxyprogesterone Acetate 104 mg/0.65 mL, Subcutaneous, Pre-Filled Device",In Review,Ready to Use Approved,Projected MOS above max MOS Alert,Base,2028-06,0.0
Kenya,No Supply Plan Available,"Medroxyprogesterone Acetate 104 mg/0.65 mL, Subcutaneous, Pre-Filled Device",In Review,Ready to Use Approved,Projected MOS above max MOS Alert,Base,2028-07,0.0
Kenya,No Supply Plan Available,"Medroxyprogesterone Acetate 104 mg/0.65 mL, Subcutaneous, Pre-Filled Device",In Review,Ready to Use Approved,Projected MOS above max MOS Alert,Base,2028-08,0.0
Kenya,No Supply Plan Available,"Medroxyprogesterone Acetate 104 mg/0.65 mL, Subcutaneous, Pre-Filled Device",In Review,Ready to Use Approved,Projected MOS above max MOS Alert,Base,2028-09,0.0
Kenya,No Supply Plan Available,"Medroxyprogesterone Acetate 104 mg/0.65 mL, Subcutaneous, Pre-Filled Device",In Review,Ready to Use Approved,Projected Inventory,S1,2026-03,0.0
Kenya,No Supply Plan Available,"Medroxyprogesterone Acetate 104 mg/0.65 mL, Subcutaneous, Pre-Filled Device",In Review,Ready to Use Approved,Projected Inventory,S1,2026-04,0.0
Kenya,No Supply Plan Available,"Medroxyprogesterone Acetate 104 mg/0.65 mL, Subcutaneous, Pre-Filled Device",In Review,Ready to Use Approved,Projected Inventory,S1,2026-05,0.0
Kenya,No Supply Plan Available,"Medroxyprogesterone Acetate 104 mg/0.65 mL, Subcutaneous, Pre-Filled Device",In Review,Ready to Use Approved,Projected Inventory,S1,2026-06,0.0
Kenya,No Supply Plan Available,"Medroxyprogesterone Acetate 104 mg/0.65 mL, Subcutaneous, Pre-Filled Device",In Review,Ready to Use Approved,Projected Inventory,S1,2026-07,0.0
Kenya,No Supply Plan Available,"Medroxyprogesterone Acetate 104 mg/0.65 mL, Subcutaneous, Pre-Filled Device",In Review,Ready to Use Approved,Projected Inventory,S1,2026-08,0.0
Kenya,No Supply Plan Available,"Medroxyprogesterone Acetate 104 mg/0.65 mL, Subcutaneous, Pre-Filled Device",In Review,Ready to Use Approved,Projected Inventory,S1,2026-09,0.0
Kenya,No Supply Plan Available,"Medroxyprogesterone Acetate 104 mg/0.65 mL, Subcutaneous, Pre-Filled Device",In Review,Ready to Use Approved,Projected Inventory,S1,2026-10,0.0
Kenya,No Supply Plan Available,"Medroxyprogesterone Acetate 104 mg/0.65 mL, Subcutaneous, Pre-Filled Device",In Review,Ready to Use Approved,Projected Inventory,S1,2026-11,0.0
Kenya,No Supply Plan Available,"Medroxyprogesterone Acetate 104 mg/0.65 mL, Subcutaneous, Pre-Filled Device",In Review,Ready to Use Approved,Projected Inventory,S1,2026-12,0.0
Kenya,No Supply Plan Available,"Medroxyprogesterone Acetate 104 mg/0.65 mL, Subcutaneous, Pre-Filled Device",In Review,Ready to Use Approved,Projected Inventory,S1,2027-01,0.0
Kenya,No Supply Plan Available,"Medroxyprogesterone Acetate 104 mg/0.65 mL, Subcutaneous, Pre-Filled Device",In Review,Ready to Use Approved,Projected Inventory,S1,2027-02,0.0
Kenya,No Supply Plan Available,"Medroxyprogesterone Acetate 104 mg/0.65 mL, Subcutaneous, Pre-Filled Device",In Review,Ready to Use Approved,Projected Inventory,S1,2027-03,0.0
Kenya,No Supply Plan Available,"Medroxyprogesterone Acetate 104 mg/0.65 mL, Subcutaneous, Pre-Filled Device",In Review,Ready to Use Approved,Projected Inventory,S1,2027-04,0.0
Kenya,No Supply Plan Available,"Medroxyprogesterone Acetate 104 mg/0.65 mL, Subcutaneous, Pre-Filled Device",In Review,Ready to Use Approved,Projected Inventory,S1,2027-05,0.0
Kenya,No Supply Plan Available,"Medroxyprogesterone Acetate 104 mg/0.65 mL, Subcutaneous, Pre-Filled Device",In Review,Ready to Use Approved,Projected Inventory,S1,2027-06,0.0
Kenya,No Supply Plan Available,"Medroxyprogesterone Acetate 104 mg/0.65 mL, Subcutaneous, Pre-Filled Device",In Review,Ready to Use Approved,Projected Inventory,S1,2027-07,0.0
Kenya,No Supply Plan Available,"Medroxyprogesterone Acetate 104 mg/0.65 mL, Subcutaneous, Pre-Filled Device",In Review,Ready to Use Approved,Projected Inventory,S1,2027-08,0.0
Kenya,No Supply Plan Available,"Medroxyprogesterone Acetate 104 mg/0.65 mL, Subcutaneous, Pre-Filled Device",In Review,Ready to Use Approved,Projected Inventory,S1,2027-09,0.0
Kenya,No Supply Plan Available,"Medroxyprogesterone Acetate 104 mg/0.65 mL, Subcutaneous, Pre-Filled Device",In Review,Ready to Use Approved,Projected Inventory,S1,2027-10,0.0
Kenya,No Supply Plan Available,"Medroxyprogesterone Acetate 104 mg/0.65 mL, Subcutaneous, Pre-Filled Device",In Review,Ready to Use Approved,Projected Inventory,S1,2027-11,0.0
Kenya,No Supply Plan Available,"Medroxyprogesterone Acetate 104 mg/0.65 mL, Subcutaneous, Pre-Filled Device",In Review,Ready to Use Approved,Projected Inventory,S1,2027-12,0.0
Kenya,No Supply Plan Available,"Medroxyprogesterone Acetate 104 mg/0.65 mL, Subcutaneous, Pre-Filled Device",In Review,Ready to Use Approved,Projected Inventory,S1,2028-01,0.0
Kenya,No Supply Plan Available,"Medroxyprogesterone Acetate 104 mg/0.65 mL, Subcutaneous, Pre-Filled Device",In Review,Ready to Use Approved,Projected Inventory,S1,2028-02,0.0
Kenya,No Supply Plan Available,"Medroxyprogesterone Acetate 104 mg/0.65 mL, Subcutaneous, Pre-Filled Device",In Review,Ready to Use Approved,Projected Inventory,S1,2028-03,0.0
Kenya,No Supply Plan Available,"Medroxyprogesterone Acetate 104 mg/0.65 mL, Subcutaneous, Pre-Filled Device",In Review,Ready to Use Approved,Projected Inventory,S1,2028-04,0.0
Kenya,No Supply Plan Available,"Medroxyprogesterone Acetate 104 mg/0.65 mL, Subcutaneous, Pre-Filled Device",In Review,Ready to Use Approved,Projected Inventory,S1,2028-05,0.0
Kenya,No Supply Plan Available,"Medroxyprogesterone Acetate 104 mg/0.65 mL, Subcutaneous, Pre-Filled Device",In Review,Ready to Use Approved,Projected Inventory,S1,2028-06,0.0
Kenya,No Supply Plan Available,"Medroxyprogesterone Acetate 104 mg/0.65 mL, Subcutaneous, Pre-Filled Device",In Review,Ready to Use Approved,Projected Inventory,S1,2028-07,0.0
Kenya,No Supply Plan Available,"Medroxyprogesterone Acetate 104 mg/0.65 mL, Subcutaneous, Pre-Filled Device",In Review,Ready to Use Approved,Projected Inventory,S1,2028-08,0.0
Kenya,No Supply Plan Available,"Medroxyprogesterone Acetate 104 mg/0.65 mL, Subcutaneous, Pre-Filled Device",In Review,Ready to Use Approved,Projected Inventory,S1,2028-09,0.0
Kenya,No Supply Plan Available,"Medroxyprogesterone Acetate 104 mg/0.65 mL, Subcutaneous, Pre-Filled Device",In Review,Ready to Use Approved,Projected Inventory,S2,2026-03,0.0
Kenya,No Supply Plan Available,"Medroxyprogesterone Acetate 104 mg/0.65 mL, Subcutaneous, Pre-Filled Device",In Review,Ready to Use Approved,Projected Inventory,S2,2026-04,0.0
Kenya,No Supply Plan Available,"Medroxyprogesterone Acetate 104 mg/0.65 mL, Subcutaneous, Pre-Filled Device",In Review,Ready to Use Approved,Projected Inventory,S2,2026-05,0.0
Kenya,No Supply Plan Available,"Medroxyprogesterone Acetate 104 mg/0.65 mL, Subcutaneous, Pre-Filled Device",In Review,Ready to Use Approved,Projected Inventory,S2,2026-06,0.0
Kenya,No Supply Plan Available,"Medroxyprogesterone Acetate 104 mg/0.65 mL, Subcutaneous, Pre-Filled Device",In Review,Ready to Use Approved,Projected Inventory,S2,2026-07,0.0
Kenya,No Supply Plan Available,"Medroxyprogesterone Acetate 104 mg/0.65 mL, Subcutaneous, Pre-Filled Device",In Review,Ready to Use Approved,Projected Inventory,S2,2026-08,0.0
Kenya,No Supply Plan Available,"Medroxyprogesterone Acetate 104 mg/0.65 mL, Subcutaneous, Pre-Filled Device",In Review,Ready to Use Approved,Projected Inventory,S2,2026-09,0.0
Kenya,No Supply Plan Available,"Medroxyprogesterone Acetate 104 mg/0.65 mL, Subcutaneous, Pre-Filled Device",In Review,Ready to Use Approved,Projected Inventory,S2,2026-10,0.0
Kenya,No Supply Plan Available,"Medroxyprogesterone Acetate 104 mg/0.65 mL, Subcutaneous, Pre-Filled Device",In Review,Ready to Use Approved,Projected Inventory,S2,2026-11,0.0
Kenya,No Supply Plan Available,"Medroxyprogesterone Acetate 104 mg/0.65 mL, Subcutaneous, Pre-Filled Device",In Review,Ready to Use Approved,Projected Inventory,S2,2026-12,0.0
Kenya,No Supply Plan Available,"Medroxyprogesterone Acetate 104 mg/0.65 mL, Subcutaneous, Pre-Filled Device",In Review,Ready to Use Approved,Projected Inventory,S2,2027-01,0.0
Kenya,No Supply Plan Available,"Medroxyprogesterone Acetate 104 mg/0.65 mL, Subcutaneous, Pre-Filled Device",In Review,Ready to Use Approved,Projected Inventory,S2,2027-02,0.0
Kenya,No Supply Plan Available,"Medroxyprogesterone Acetate 104 mg/0.65 mL, Subcutaneous, Pre-Filled Device",In Review,Ready to Use Approved,Projected Inventory,S2,2027-03,0.0
Kenya,No Supply Plan Available,"Medroxyprogesterone Acetate 104 mg/0.65 mL, Subcutaneous, Pre-Filled Device",In Review,Ready to Use Approved,Projected Inventory,S2,2027-04,0.0
Kenya,No Supply Plan Available,"Medroxyprogesterone Acetate 104 mg/0.65 mL, Subcutaneous, Pre-Filled Device",In Review,Ready to Use Approved,Projected Inventory,S2,2027-05,0.0
Kenya,No Supply Plan Available,"Medroxyprogesterone Acetate 104 mg/0.65 mL, Subcutaneous, Pre-Filled Device",In Review,Ready to Use Approved,Projected Inventory,S2,2027-06,0.0
Kenya,No Supply Plan Available,"Medroxyprogesterone Acetate 104 mg/0.65 mL, Subcutaneous, Pre-Filled Device",In Review,Ready to Use Approved,Projected Inventory,S2,2027-07,0.0
Kenya,No Supply Plan Available,"Medroxyprogesterone Acetate 104 mg/0.65 mL, Subcutaneous, Pre-Filled Device",In Review,Ready to Use Approved,Projected Inventory,S2,2027-08,0.0
Kenya,No Supply Plan Available,"Medroxyprogesterone Acetate 104 mg/0.65 mL, Subcutaneous, Pre-Filled Device",In Review,Ready to Use Approved,Projected Inventory,S2,2027-09,0.0
Kenya,No Supply Plan Available,"Medroxyprogesterone Acetate 104 mg/0.65 mL, Subcutaneous, Pre-Filled Device",In Review,Ready to Use Approved,Projected Inventory,S2,2027-10,0.0
Kenya,No Supply Plan Available,"Medroxyprogesterone Acetate 104 mg/0.65 mL, Subcutaneous, Pre-Filled Device",In Review,Ready to Use Approved,Projected Inventory,S2,2027-11,0.0
Kenya,No Supply Plan Available,"Medroxyprogesterone Acetate 104 mg/0.65 mL, Subcutaneous, Pre-Filled Device",In Review,Ready to Use Approved,Projected Inventory,S2,2027-12,0.0
Kenya,No Supply Plan Available,"Medroxyprogesterone Acetate 104 mg/0.65 mL, Subcutaneous, Pre-Filled Device",In Review,Ready to Use Approved,Projected Inventory,S2,2028-01,0.0
Kenya,No Supply Plan Available,"Medroxyprogesterone Acetate 104 mg/0.65 mL, Subcutaneous, Pre-Filled Device",In Review,Ready to Use Approved,Projected Inventory,S2,2028-02,0.0
Kenya,No Supply Plan Available,"Medroxyprogesterone Acetate 104 mg/0.65 mL, Subcutaneous, Pre-Filled Device",In Review,Ready to Use Approved,Projected Inventory,S2,2028-03,0.0
Kenya,No Supply Plan Available,"Medroxyprogesterone Acetate 104 mg/0.65 mL, Subcutaneous, Pre-Filled Device",In Review,Ready to Use Approved,Projected Inventory,S2,2028-04,0.0
Kenya,No Supply Plan Available,"Medroxyprogesterone Acetate 104 mg/0.65 mL, Subcutaneous, Pre-Filled Device",In Review,Ready to Use Approved,Projected Inventory,S2,2028-05,0.0
Kenya,No Supply Plan Available,"Medroxyprogesterone Acetate 104 mg/0.65 mL, Subcutaneous, Pre-Filled Device",In Review,Ready to Use Approved,Projected Inventory,S2,2028-06,0.0
Kenya,No Supply Plan Available,"Medroxyprogesterone Acetate 104 mg/0.65 mL, Subcutaneous, Pre-Filled Device",In Review,Ready to Use Approved,Projected Inventory,S2,2028-07,0.0
Kenya,No Supply Plan Available,"Medroxyprogesterone Acetate 104 mg/0.65 mL, Subcutaneous, Pre-Filled Device",In Review,Ready to Use Approved,Projected Inventory,S2,2028-08,0.0
Kenya,No Supply Plan Available,"Medroxyprogesterone Acetate 104 mg/0.65 mL, Subcutaneous, Pre-Filled Device",In Review,Ready to Use Approved,Projected Inventory,S2,2028-09,0.0
