Country Name,Supply Plan Bucket Description,L5 - Product,Review Status - Inventory,Review Status - Supply Plan,DataMeasure,Period,Value
Malawi,MOH Supply Plan,"Medroxyprogesterone Acetate 104 mg/0.65 mL, Subcutaneous, Pre-Filled Device",In Review,Ready to Use Approved,Monthly Consumption,2026-02,411069.0
Malawi,MOH Supply Plan,"Medroxyprogesterone Acetate 104 mg/0.65 mL, Subcutaneous, Pre-Filled Device",In Review,Ready to Use Approved,Monthly Consumption,2026-03,408168.0
Malawi,MOH Supply Plan,"Medroxyprogesterone Acetate 104 mg/0.65 mL, Subcutaneous, Pre-Filled Device",In Review,Ready to Use Approved,Monthly Consumption,2026-04,379238.0
Malawi,MOH Supply Plan,"Medroxyprogesterone Acetate 104 mg/0.65 mL, Subcutaneous, Pre-Filled Device",In Review,Ready to Use Approved,Monthly Consumption,2026-05,379238.0
Malawi,MOH Supply Plan,"Medroxyprogesterone Acetate 104 mg/0.65 mL, Subcutaneous, Pre-Filled Device",In Review,Ready to Use Approved,Monthly Consumption,2026-06,379238.0
Malawi,MOH Supply Plan,"Medroxyprogesterone Acetate 104 mg/0.65 mL, Subcutaneous, Pre-Filled Device",In Review,Ready to Use Approved,Monthly Consumption,2026-07,379238.0
Malawi,MOH Supply Plan,"Medroxyprogesterone Acetate 104 mg/0.65 mL, Subcutaneous, Pre-Filled Device",In Review,Ready to Use Approved,Monthly Consumption,2026-08,379238.0
Malawi,MOH Supply Plan,"Medroxyprogesterone Acetate 104 mg/0.65 mL, Subcutaneous, Pre-Filled Device",In Review,Ready to Use Approved,Monthly Consumption,2026-09,379238.0
Malawi,MOH Supply Plan,"Medroxyprogesterone Acetate 104 mg/0.65 mL, Subcutaneous, Pre-Filled Device",In Review,Ready to Use Approved,Monthly Consumption,2026-10,379238.0
Malawi,MOH Supply Plan,"Medroxyprogesterone Acetate 104 mg/0.65 mL, Subcutaneous, Pre-Filled Device",In Review,Ready to Use Approved,Monthly Consumption,2026-11,379238.0
Malawi,MOH Supply Plan,"Medroxyprogesterone Acetate 104 mg/0.65 mL, Subcutaneous, Pre-Filled Device",In Review,Ready to Use Approved,Monthly Consumption,2026-12,379238.0
Malawi,MOH Supply Plan,"Medroxyprogesterone Acetate 104 mg/0.65 mL, Subcutaneous, Pre-Filled Device",In Review,Ready to Use Approved,Monthly Consumption,2027-01,379238.0
Malawi,MOH Supply Plan,"Medroxyprogesterone Acetate 104 mg/0.65 mL, Subcutaneous, Pre-Filled Device",In Review,Ready to Use Approved,Monthly Consumption,2027-02,379238.0
Malawi,MOH Supply Plan,"Medroxyprogesterone Acetate 104 mg/0.65 mL, Subcutaneous, Pre-Filled Device",In Review,Ready to Use Approved,Monthly Consumption,2027-03,379238.0
Malawi,MOH Supply Plan,"Medroxyprogesterone Acetate 104 mg/0.65 mL, Subcutaneous, Pre-Filled Device",In Review,Ready to Use Approved,Monthly Consumption,2027-04,379238.0
Malawi,MOH Supply Plan,"Medroxyprogesterone Acetate 104 mg/0.65 mL, Subcutaneous, Pre-Filled Device",In Review,Ready to Use Approved,Monthly Consumption,2027-05,379238.0
Malawi,MOH Supply Plan,"Medroxyprogesterone Acetate 104 mg/0.65 mL, Subcutaneous, Pre-Filled Device",In Review,Ready to Use Approved,Monthly Consumption,2027-06,379238.0
Malawi,MOH Supply Plan,"Medroxyprogesterone Acetate 104 mg/0.65 mL, Subcutaneous, Pre-Filled Device",In Review,Ready to Use Approved,Monthly Consumption,2027-07,379238.0
Malawi,MOH Supply Plan,"Medroxyprogesterone Acetate 104 mg/0.65 mL, Subcutaneous, Pre-Filled Device",In Review,Ready to Use Approved,Monthly Consumption,2027-08,379238.0
Malawi,MOH Supply Plan,"Medroxyprogesterone Acetate 104 mg/0.65 mL, Subcutaneous, Pre-Filled Device",In Review,Ready to Use Approved,Monthly Consumption,2027-09,379238.0
Malawi,MOH Supply Plan,"Medroxyprogesterone Acetate 104 mg/0.65 mL, Subcutaneous, Pre-Filled Device",In Review,Ready to Use Approved,Monthly Consumption,2027-10,379238.0
Malawi,MOH Supply Plan,"Medroxyprogesterone Acetate 104 mg/0.65 mL, Subcutaneous, Pre-Filled Device",In Review,Ready to Use Approved,Monthly Consumption,2027-11,379238.0
Malawi,MOH Supply Plan,"Medroxyprogesterone Acetate 104 mg/0.65 mL, Subcutaneous, Pre-Filled Device",In Review,Ready to Use Approved,Monthly Consumption,2027-12,379238.0
Malawi,MOH Supply Plan,"Medroxyprogesterone Acetate 104 mg/0.65 mL, Subcutaneous, Pre-Filled Device",In Review,Ready to Use Approved,Monthly Consumption,2028-01,379238.0
Malawi,MOH Supply Plan,"Medroxyprogesterone Acetate 104 mg/0.65 mL, Subcutaneous, Pre-Filled Device",In Review,Ready to Use Approved,Monthly Consumption,2028-02,379238.0
Malawi,MOH Supply Plan,"Medroxyprogesterone Acetate 104 mg/0.65 mL, Subcutaneous, Pre-Filled Device",In Review,Ready to Use Approved,Monthly Consumption,2028-03,379238.0
Malawi,MOH Supply Plan,"Medroxyprogesterone Acetate 104 mg/0.65 mL, Subcutaneous, Pre-Filled Device",In Review,Ready to Use Approved,Monthly Consumption,2028-04,379238.0
Malawi,MOH Supply Plan,"Medroxyprogesterone Acetate 104 mg/0.65 mL, Subcutaneous, Pre-Filled Device",In Review,Ready to Use Approved,Monthly Consumption,2028-05,379238.0
Malawi,MOH Supply Plan,"Medroxyprogesterone Acetate 104 mg/0.65 mL, Subcutaneous, Pre-Filled Device",In Review,Ready to Use Approved,Monthly Consumption,2028-06,379238.0
Malawi,MOH Supply Plan,"Medroxyprogesterone Acetate 104 mg/0.65 mL, Subcutaneous, Pre-Filled Device",In Review,Ready to Use Approved,Monthly Consumption,2028-07,379238.0
Malawi,MOH Supply Plan,"Medroxyprogesterone Acetate 104 mg/0.65 mL, Subcutaneous, Pre-Filled Device",In Review,Ready to Use Approved,Monthly Consumption,2028-08,379238.0
Malawi,MOH Supply Plan,"Medroxyprogesterone Acetate 104 mg/0.65 mL, Subcutaneous, Pre-Filled Device",In Review,Ready to Use Approved,Prev. Monthly Consumption,2026-02,411069.0
Malawi,MOH Supply Plan,"Medroxyprogesterone Acetate 104 mg/0.65 mL, Subcutaneous, Pre-Filled Device",In Review,Ready to Use Approved,Prev. Monthly Consumption,2026-03,408168.0
Malawi,MOH Supply Plan,"Medroxyprogesterone Acetate 104 mg/0.65 mL, Subcutaneous, Pre-Filled Device",In Review,Ready to Use Approved,Prev. Monthly Consumption,2026-04,366323.0
Malawi,MOH Supply Plan,"Medroxyprogesterone Acetate 104 mg/0.65 mL, Subcutaneous, Pre-Filled Device",In Review,Ready to Use Approved,Prev. Monthly Consumption,2026-05,379238.0
Malawi,MOH Supply Plan,"Medroxyprogesterone Acetate 104 mg/0.65 mL, Subcutaneous, Pre-Filled Device",In Review,Ready to Use Approved,Prev. Monthly Consumption,2026-06,379238.0
Malawi,MOH Supply Plan,"Medroxyprogesterone Acetate 104 mg/0.65 mL, Subcutaneous, Pre-Filled Device",In Review,Ready to Use Approved,Prev. Monthly Consumption,2026-07,379238.0
Malawi,MOH Supply Plan,"Medroxyprogesterone Acetate 104 mg/0.65 mL, Subcutaneous, Pre-Filled Device",In Review,Ready to Use Approved,Prev. Monthly Consumption,2026-08,379238.0
Malawi,MOH Supply Plan,"Medroxyprogesterone Acetate 104 mg/0.65 mL, Subcutaneous, Pre-Filled Device",In Review,Ready to Use Approved,Prev. Monthly Consumption,2026-09,379238.0
Malawi,MOH Supply Plan,"Medroxyprogesterone Acetate 104 mg/0.65 mL, Subcutaneous, Pre-Filled Device",In Review,Ready to Use Approved,Prev. Monthly Consumption,2026-10,379238.0
Malawi,MOH Supply Plan,"Medroxyprogesterone Acetate 104 mg/0.65 mL, Subcutaneous, Pre-Filled Device",In Review,Ready to Use Approved,Prev. Monthly Consumption,2026-11,379238.0
Malawi,MOH Supply Plan,"Medroxyprogesterone Acetate 104 mg/0.65 mL, Subcutaneous, Pre-Filled Device",In Review,Ready to Use Approved,Prev. Monthly Consumption,2026-12,379238.0
Malawi,MOH Supply Plan,"Medroxyprogesterone Acetate 104 mg/0.65 mL, Subcutaneous, Pre-Filled Device",In Review,Ready to Use Approved,Prev. Monthly Consumption,2027-01,379238.0
Malawi,MOH Supply Plan,"Medroxyprogesterone Acetate 104 mg/0.65 mL, Subcutaneous, Pre-Filled Device",In Review,Ready to Use Approved,Prev. Monthly Consumption,2027-02,379238.0
Malawi,MOH Supply Plan,"Medroxyprogesterone Acetate 104 mg/0.65 mL, Subcutaneous, Pre-Filled Device",In Review,Ready to Use Approved,Prev. Monthly Consumption,2027-03,379238.0
Malawi,MOH Supply Plan,"Medroxyprogesterone Acetate 104 mg/0.65 mL, Subcutaneous, Pre-Filled Device",In Review,Ready to Use Approved,Prev. Monthly Consumption,2027-04,379238.0
Malawi,MOH Supply Plan,"Medroxyprogesterone Acetate 104 mg/0.65 mL, Subcutaneous, Pre-Filled Device",In Review,Ready to Use Approved,Prev. Monthly Consumption,2027-05,379238.0
Malawi,MOH Supply Plan,"Medroxyprogesterone Acetate 104 mg/0.65 mL, Subcutaneous, Pre-Filled Device",In Review,Ready to Use Approved,Prev. Monthly Consumption,2027-06,379238.0
Malawi,MOH Supply Plan,"Medroxyprogesterone Acetate 104 mg/0.65 mL, Subcutaneous, Pre-Filled Device",In Review,Ready to Use Approved,Prev. Monthly Consumption,2027-07,379238.0
Malawi,MOH Supply Plan,"Medroxyprogesterone Acetate 104 mg/0.65 mL, Subcutaneous, Pre-Filled Device",In Review,Ready to Use Approved,Prev. Monthly Consumption,2027-08,379238.0
Malawi,MOH Supply Plan,"Medroxyprogesterone Acetate 104 mg/0.65 mL, Subcutaneous, Pre-Filled Device",In Review,Ready to Use Approved,Prev. Monthly Consumption,2027-09,379238.0
Malawi,MOH Supply Plan,"Medroxyprogesterone Acetate 104 mg/0.65 mL, Subcutaneous, Pre-Filled Device",In Review,Ready to Use Approved,Prev. Monthly Consumption,2027-10,379238.0
Malawi,MOH Supply Plan,"Medroxyprogesterone Acetate 104 mg/0.65 mL, Subcutaneous, Pre-Filled Device",In Review,Ready to Use Approved,Prev. Monthly Consumption,2027-11,379238.0
Malawi,MOH Supply Plan,"Medroxyprogesterone Acetate 104 mg/0.65 mL, Subcutaneous, Pre-Filled Device",In Review,Ready to Use Approved,Prev. Monthly Consumption,2027-12,379238.0
Malawi,MOH Supply Plan,"Medroxyprogesterone Acetate 104 mg/0.65 mL, Subcutaneous, Pre-Filled Device",In Review,Ready to Use Approved,Prev. Monthly Consumption,2028-01,379238.0
Malawi,MOH Supply Plan,"Medroxyprogesterone Acetate 104 mg/0.65 mL, Subcutaneous, Pre-Filled Device",In Review,Ready to Use Approved,Prev. Monthly Consumption,2028-02,379238.0
Malawi,MOH Supply Plan,"Medroxyprogesterone Acetate 104 mg/0.65 mL, Subcutaneous, Pre-Filled Device",In Review,Ready to Use Approved,Prev. Monthly Consumption,2028-03,379238.0
Malawi,MOH Supply Plan,"Medroxyprogesterone Acetate 104 mg/0.65 mL, Subcutaneous, Pre-Filled Device",In Review,Ready to Use Approved,Prev. Monthly Consumption,2028-04,379238.0
Malawi,MOH Supply Plan,"Medroxyprogesterone Acetate 104 mg/0.65 mL, Subcutaneous, Pre-Filled Device",In Review,Ready to Use Approved,Prev. Monthly Consumption,2028-05,379238.0
Malawi,MOH Supply Plan,"Medroxyprogesterone Acetate 104 mg/0.65 mL, Subcutaneous, Pre-Filled Device",In Review,Ready to Use Approved,Prev. Monthly Consumption,2028-06,379238.0
Malawi,MOH Supply Plan,"Medroxyprogesterone Acetate 104 mg/0.65 mL, Subcutaneous, Pre-Filled Device",In Review,Ready to Use Approved,Prev. Monthly Consumption,2028-07,379238.0
Malawi,MOH Supply Plan,"Medroxyprogesterone Acetate 104 mg/0.65 mL, Subcutaneous, Pre-Filled Device",In Review,Ready to Use Approved,Prev. Monthly Consumption,2028-08,379238.0
Malawi,MOH Supply Plan,"Medroxyprogesterone Acetate 104 mg/0.65 mL, Subcutaneous, Pre-Filled Device",In Review,Ready to Use Approved,Supply Plan Inventory,2026-02,1011425.0
Malawi,MOH Supply Plan,"Medroxyprogesterone Acetate 104 mg/0.65 mL, Subcutaneous, Pre-Filled Device",In Review,Ready to Use Approved,Supply Plan Inventory,2026-03,2183034.0
Malawi,MOH Supply Plan,"Medroxyprogesterone Acetate 104 mg/0.65 mL, Subcutaneous, Pre-Filled Device",In Review,Ready to Use Approved,Supply Plan Inventory,2026-04,1803796.0
Malawi,MOH Supply Plan,"Medroxyprogesterone Acetate 104 mg/0.65 mL, Subcutaneous, Pre-Filled Device",In Review,Ready to Use Approved,Supply Plan Inventory,2026-05,2264558.0
Malawi,MOH Supply Plan,"Medroxyprogesterone Acetate 104 mg/0.65 mL, Subcutaneous, Pre-Filled Device",In Review,Ready to Use Approved,Supply Plan Inventory,2026-06,2185320.0
Malawi,MOH Supply Plan,"Medroxyprogesterone Acetate 104 mg/0.65 mL, Subcutaneous, Pre-Filled Device",In Review,Ready to Use Approved,Supply Plan Inventory,2026-07,1806082.0
Malawi,MOH Supply Plan,"Medroxyprogesterone Acetate 104 mg/0.65 mL, Subcutaneous, Pre-Filled Device",In Review,Ready to Use Approved,Supply Plan Inventory,2026-08,1919844.0
Malawi,MOH Supply Plan,"Medroxyprogesterone Acetate 104 mg/0.65 mL, Subcutaneous, Pre-Filled Device",In Review,Ready to Use Approved,Supply Plan Inventory,2026-09,1540606.0
Malawi,MOH Supply Plan,"Medroxyprogesterone Acetate 104 mg/0.65 mL, Subcutaneous, Pre-Filled Device",In Review,Ready to Use Approved,Supply Plan Inventory,2026-10,4550856.0
Malawi,MOH Supply Plan,"Medroxyprogesterone Acetate 104 mg/0.65 mL, Subcutaneous, Pre-Filled Device",In Review,Ready to Use Approved,Supply Plan Inventory,2026-11,4171618.0
Malawi,MOH Supply Plan,"Medroxyprogesterone Acetate 104 mg/0.65 mL, Subcutaneous, Pre-Filled Device",In Review,Ready to Use Approved,Supply Plan Inventory,2026-12,3792380.0
Malawi,MOH Supply Plan,"Medroxyprogesterone Acetate 104 mg/0.65 mL, Subcutaneous, Pre-Filled Device",In Review,Ready to Use Approved,Supply Plan Inventory,2027-01,3413142.0
Malawi,MOH Supply Plan,"Medroxyprogesterone Acetate 104 mg/0.65 mL, Subcutaneous, Pre-Filled Device",In Review,Ready to Use Approved,Supply Plan Inventory,2027-02,3033904.0
Malawi,MOH Supply Plan,"Medroxyprogesterone Acetate 104 mg/0.65 mL, Subcutaneous, Pre-Filled Device",In Review,Ready to Use Approved,Supply Plan Inventory,2027-03,2654666.0
Malawi,MOH Supply Plan,"Medroxyprogesterone Acetate 104 mg/0.65 mL, Subcutaneous, Pre-Filled Device",In Review,Ready to Use Approved,Supply Plan Inventory,2027-04,2275428.0
Malawi,MOH Supply Plan,"Medroxyprogesterone Acetate 104 mg/0.65 mL, Subcutaneous, Pre-Filled Device",In Review,Ready to Use Approved,Supply Plan Inventory,2027-05,4550856.0
Malawi,MOH Supply Plan,"Medroxyprogesterone Acetate 104 mg/0.65 mL, Subcutaneous, Pre-Filled Device",In Review,Ready to Use Approved,Supply Plan Inventory,2027-06,4171618.0
Malawi,MOH Supply Plan,"Medroxyprogesterone Acetate 104 mg/0.65 mL, Subcutaneous, Pre-Filled Device",In Review,Ready to Use Approved,Supply Plan Inventory,2027-07,3792380.0
Malawi,MOH Supply Plan,"Medroxyprogesterone Acetate 104 mg/0.65 mL, Subcutaneous, Pre-Filled Device",In Review,Ready to Use Approved,Supply Plan Inventory,2027-08,3413142.0
Malawi,MOH Supply Plan,"Medroxyprogesterone Acetate 104 mg/0.65 mL, Subcutaneous, Pre-Filled Device",In Review,Ready to Use Approved,Supply Plan Inventory,2027-09,3033904.0
Malawi,MOH Supply Plan,"Medroxyprogesterone Acetate 104 mg/0.65 mL, Subcutaneous, Pre-Filled Device",In Review,Ready to Use Approved,Supply Plan Inventory,2027-10,2654666.0
Malawi,MOH Supply Plan,"Medroxyprogesterone Acetate 104 mg/0.65 mL, Subcutaneous, Pre-Filled Device",In Review,Ready to Use Approved,Supply Plan Inventory,2027-11,2275428.0
Malawi,MOH Supply Plan,"Medroxyprogesterone Acetate 104 mg/0.65 mL, Subcutaneous, Pre-Filled Device",In Review,Ready to Use Approved,Supply Plan Inventory,2027-12,4550856.0
Malawi,MOH Supply Plan,"Medroxyprogesterone Acetate 104 mg/0.65 mL, Subcutaneous, Pre-Filled Device",In Review,Ready to Use Approved,Supply Plan Inventory,2028-01,4171618.0
Malawi,MOH Supply Plan,"Medroxyprogesterone Acetate 104 mg/0.65 mL, Subcutaneous, Pre-Filled Device",In Review,Ready to Use Approved,Supply Plan Inventory,2028-02,3792380.0
Malawi,MOH Supply Plan,"Medroxyprogesterone Acetate 104 mg/0.65 mL, Subcutaneous, Pre-Filled Device",In Review,Ready to Use Approved,Supply Plan Inventory,2028-03,3413142.0
Malawi,MOH Supply Plan,"Medroxyprogesterone Acetate 104 mg/0.65 mL, Subcutaneous, Pre-Filled Device",In Review,Ready to Use Approved,Supply Plan Inventory,2028-04,3033904.0
Malawi,MOH Supply Plan,"Medroxyprogesterone Acetate 104 mg/0.65 mL, Subcutaneous, Pre-Filled Device",In Review,Ready to Use Approved,Supply Plan Inventory,2028-05,2654666.0
Malawi,MOH Supply Plan,"Medroxyprogesterone Acetate 104 mg/0.65 mL, Subcutaneous, Pre-Filled Device",In Review,Ready to Use Approved,Supply Plan Inventory,2028-06,2275428.0
Malawi,MOH Supply Plan,"Medroxyprogesterone Acetate 104 mg/0.65 mL, Subcutaneous, Pre-Filled Device",In Review,Ready to Use Approved,Supply Plan Inventory,2028-07,4550856.0
Malawi,MOH Supply Plan,"Medroxyprogesterone Acetate 104 mg/0.65 mL, Subcutaneous, Pre-Filled Device",In Review,Ready to Use Approved,Supply Plan Inventory,2028-08,4171618.0
Malawi,MOH Supply Plan,"Medroxyprogesterone Acetate 104 mg/0.65 mL, Subcutaneous, Pre-Filled Device",In Review,Ready to Use Approved,Monthly Inventory,2026-02,1011425.0
Malawi,MOH Supply Plan,"Medroxyprogesterone Acetate 104 mg/0.65 mL, Subcutaneous, Pre-Filled Device",In Review,Ready to Use Approved,Monthly Inventory,2026-03,2183034.0
Malawi,MOH Supply Plan,"Medroxyprogesterone Acetate 104 mg/0.65 mL, Subcutaneous, Pre-Filled Device",In Review,Ready to Use Approved,Monthly Inventory,2026-04,2489458.0
Malawi,MOH Supply Plan,"Medroxyprogesterone Acetate 104 mg/0.65 mL, Subcutaneous, Pre-Filled Device",In Review,Ready to Use Approved,Monthly Inventory,2026-05,2132835.0
Malawi,MOH Supply Plan,"Medroxyprogesterone Acetate 104 mg/0.65 mL, Subcutaneous, Pre-Filled Device",In Review,Ready to Use Approved,Monthly Inventory,2026-06,994004.0
Malawi,MOH Supply Plan,"Medroxyprogesterone Acetate 104 mg/0.65 mL, Subcutaneous, Pre-Filled Device",In Review,Ready to Use Approved,Projected Inventory Adjustment,2026-02,-768240.0
Malawi,MOH Supply Plan,"Medroxyprogesterone Acetate 104 mg/0.65 mL, Subcutaneous, Pre-Filled Device",In Review,Ready to Use Approved,Projected Inventory Adjustment,2026-03,719777.0
Malawi,MOH Supply Plan,"Medroxyprogesterone Acetate 104 mg/0.65 mL, Subcutaneous, Pre-Filled Device",In Review,Ready to Use Approved,Projected Inventory Adjustment,2026-04,0.0
Malawi,MOH Supply Plan,"Medroxyprogesterone Acetate 104 mg/0.65 mL, Subcutaneous, Pre-Filled Device",In Review,Ready to Use Approved,Projected Inventory Adjustment,2026-05,0.0
Malawi,MOH Supply Plan,"Medroxyprogesterone Acetate 104 mg/0.65 mL, Subcutaneous, Pre-Filled Device",In Review,Ready to Use Approved,Projected Inventory Adjustment,2026-06,0.0
Malawi,MOH Supply Plan,"Medroxyprogesterone Acetate 104 mg/0.65 mL, Subcutaneous, Pre-Filled Device",In Review,Ready to Use Approved,Projected Inventory Adjustment,2026-07,0.0
Malawi,MOH Supply Plan,"Medroxyprogesterone Acetate 104 mg/0.65 mL, Subcutaneous, Pre-Filled Device",In Review,Ready to Use Approved,Projected Inventory Adjustment,2026-08,0.0
Malawi,MOH Supply Plan,"Medroxyprogesterone Acetate 104 mg/0.65 mL, Subcutaneous, Pre-Filled Device",In Review,Ready to Use Approved,Projected Inventory Adjustment,2026-09,0.0
Malawi,MOH Supply Plan,"Medroxyprogesterone Acetate 104 mg/0.65 mL, Subcutaneous, Pre-Filled Device",In Review,Ready to Use Approved,Projected Inventory Adjustment,2026-10,0.0
Malawi,MOH Supply Plan,"Medroxyprogesterone Acetate 104 mg/0.65 mL, Subcutaneous, Pre-Filled Device",In Review,Ready to Use Approved,Projected Inventory Adjustment,2026-11,0.0
Malawi,MOH Supply Plan,"Medroxyprogesterone Acetate 104 mg/0.65 mL, Subcutaneous, Pre-Filled Device",In Review,Ready to Use Approved,Projected Inventory Adjustment,2026-12,0.0
Malawi,MOH Supply Plan,"Medroxyprogesterone Acetate 104 mg/0.65 mL, Subcutaneous, Pre-Filled Device",In Review,Ready to Use Approved,Projected Inventory Adjustment,2027-01,0.0
Malawi,MOH Supply Plan,"Medroxyprogesterone Acetate 104 mg/0.65 mL, Subcutaneous, Pre-Filled Device",In Review,Ready to Use Approved,Projected Inventory Adjustment,2027-02,0.0
Malawi,MOH Supply Plan,"Medroxyprogesterone Acetate 104 mg/0.65 mL, Subcutaneous, Pre-Filled Device",In Review,Ready to Use Approved,Projected Inventory Adjustment,2027-03,0.0
Malawi,MOH Supply Plan,"Medroxyprogesterone Acetate 104 mg/0.65 mL, Subcutaneous, Pre-Filled Device",In Review,Ready to Use Approved,Projected Inventory Adjustment,2027-04,0.0
Malawi,MOH Supply Plan,"Medroxyprogesterone Acetate 104 mg/0.65 mL, Subcutaneous, Pre-Filled Device",In Review,Ready to Use Approved,Projected Inventory Adjustment,2027-05,0.0
Malawi,MOH Supply Plan,"Medroxyprogesterone Acetate 104 mg/0.65 mL, Subcutaneous, Pre-Filled Device",In Review,Ready to Use Approved,Projected Inventory Adjustment,2027-06,0.0
Malawi,MOH Supply Plan,"Medroxyprogesterone Acetate 104 mg/0.65 mL, Subcutaneous, Pre-Filled Device",In Review,Ready to Use Approved,Projected Inventory Adjustment,2027-07,0.0
Malawi,MOH Supply Plan,"Medroxyprogesterone Acetate 104 mg/0.65 mL, Subcutaneous, Pre-Filled Device",In Review,Ready to Use Approved,Projected Inventory Adjustment,2027-08,0.0
Malawi,MOH Supply Plan,"Medroxyprogesterone Acetate 104 mg/0.65 mL, Subcutaneous, Pre-Filled Device",In Review,Ready to Use Approved,Projected Inventory Adjustment,2027-09,0.0
Malawi,MOH Supply Plan,"Medroxyprogesterone Acetate 104 mg/0.65 mL, Subcutaneous, Pre-Filled Device",In Review,Ready to Use Approved,Projected Inventory Adjustment,2027-10,0.0
Malawi,MOH Supply Plan,"Medroxyprogesterone Acetate 104 mg/0.65 mL, Subcutaneous, Pre-Filled Device",In Review,Ready to Use Approved,Projected Inventory Adjustment,2027-11,0.0
Malawi,MOH Supply Plan,"Medroxyprogesterone Acetate 104 mg/0.65 mL, Subcutaneous, Pre-Filled Device",In Review,Ready to Use Approved,Projected Inventory Adjustment,2027-12,0.0
Malawi,MOH Supply Plan,"Medroxyprogesterone Acetate 104 mg/0.65 mL, Subcutaneous, Pre-Filled Device",In Review,Ready to Use Approved,Projected Inventory Adjustment,2028-01,0.0
Malawi,MOH Supply Plan,"Medroxyprogesterone Acetate 104 mg/0.65 mL, Subcutaneous, Pre-Filled Device",In Review,Ready to Use Approved,Projected Inventory Adjustment,2028-02,0.0
Malawi,MOH Supply Plan,"Medroxyprogesterone Acetate 104 mg/0.65 mL, Subcutaneous, Pre-Filled Device",In Review,Ready to Use Approved,Projected Inventory Adjustment,2028-03,0.0
Malawi,MOH Supply Plan,"Medroxyprogesterone Acetate 104 mg/0.65 mL, Subcutaneous, Pre-Filled Device",In Review,Ready to Use Approved,Projected Inventory Adjustment,2028-04,0.0
Malawi,MOH Supply Plan,"Medroxyprogesterone Acetate 104 mg/0.65 mL, Subcutaneous, Pre-Filled Device",In Review,Ready to Use Approved,Projected Inventory Adjustment,2028-05,0.0
Malawi,MOH Supply Plan,"Medroxyprogesterone Acetate 104 mg/0.65 mL, Subcutaneous, Pre-Filled Device",In Review,Ready to Use Approved,Projected Inventory Adjustment,2028-06,0.0
Malawi,MOH Supply Plan,"Medroxyprogesterone Acetate 104 mg/0.65 mL, Subcutaneous, Pre-Filled Device",In Review,Ready to Use Approved,Projected Inventory Adjustment,2028-07,0.0
Malawi,MOH Supply Plan,"Medroxyprogesterone Acetate 104 mg/0.65 mL, Subcutaneous, Pre-Filled Device",In Review,Ready to Use Approved,Projected Inventory Adjustment,2028-08,0.0
Malawi,MOH Supply Plan,"Medroxyprogesterone Acetate 104 mg/0.65 mL, Subcutaneous, Pre-Filled Device",In Review,Ready to Use Approved,Expected Requirements,2026-03,860000.0
Malawi,MOH Supply Plan,"Medroxyprogesterone Acetate 104 mg/0.65 mL, Subcutaneous, Pre-Filled Device",In Review,Ready to Use Approved,Expected Requirements,2026-05,840000.0
Malawi,MOH Supply Plan,"Medroxyprogesterone Acetate 104 mg/0.65 mL, Subcutaneous, Pre-Filled Device",In Review,Ready to Use Approved,Expected Requirements,2026-06,300000.0
Malawi,MOH Supply Plan,"Medroxyprogesterone Acetate 104 mg/0.65 mL, Subcutaneous, Pre-Filled Device",In Review,Ready to Use Approved,Expected Requirements,2026-08,493000.0
Malawi,MOH Supply Plan,"Medroxyprogesterone Acetate 104 mg/0.65 mL, Subcutaneous, Pre-Filled Device",In Review,Ready to Use Approved,Expected Requirements,2026-10,3389488.0
Malawi,MOH Supply Plan,"Medroxyprogesterone Acetate 104 mg/0.65 mL, Subcutaneous, Pre-Filled Device",In Review,Ready to Use Approved,Expected Requirements,2027-05,2654666.0
Malawi,MOH Supply Plan,"Medroxyprogesterone Acetate 104 mg/0.65 mL, Subcutaneous, Pre-Filled Device",In Review,Ready to Use Approved,Expected Requirements,2027-12,2654666.0
Malawi,MOH Supply Plan,"Medroxyprogesterone Acetate 104 mg/0.65 mL, Subcutaneous, Pre-Filled Device",In Review,Ready to Use Approved,Expected Requirements,2028-07,2654666.0
Malawi,MOH Supply Plan,"Medroxyprogesterone Acetate 104 mg/0.65 mL, Subcutaneous, Pre-Filled Device",In Review,Ready to Use Approved,Un-Shipped Orders,2026-08,493000.0
Malawi,MOH Supply Plan,"Medroxyprogesterone Acetate 104 mg/0.65 mL, Subcutaneous, Pre-Filled Device",In Review,Ready to Use Approved,Un-Shipped Orders,2026-10,1200000.0
Malawi,MOH Supply Plan,"Medroxyprogesterone Acetate 104 mg/0.65 mL, Subcutaneous, Pre-Filled Device",In Review,Ready to Use Approved,In-Transit Shipments,2026-04,450000.0
Malawi,MOH Supply Plan,"Medroxyprogesterone Acetate 104 mg/0.65 mL, Subcutaneous, Pre-Filled Device",In Review,Ready to Use Approved,Delivered Shipments,2026-08,300000.0
Malawi,MOH Supply Plan,"Medroxyprogesterone Acetate 104 mg/0.65 mL, Subcutaneous, Pre-Filled Device",In Review,Ready to Use Approved,Received Shipments,2026-03,860000.0
Malawi,MOH Supply Plan,"Medroxyprogesterone Acetate 104 mg/0.65 mL, Subcutaneous, Pre-Filled Device",In Review,Ready to Use Approved,Received Shipments,2026-04,390000.0
Malawi,MOH Supply Plan,"Medroxyprogesterone Acetate 104 mg/0.65 mL, Subcutaneous, Pre-Filled Device",In Review,Ready to Use Approved,Manual Adjustment,2026-04,-450000.0
Malawi,MOH Supply Plan,"Medroxyprogesterone Acetate 104 mg/0.65 mL, Subcutaneous, Pre-Filled Device",In Review,Ready to Use Approved,Manual Adjustment,2026-07,450000.0
Malawi,MOH Supply Plan,"Medroxyprogesterone Acetate 104 mg/0.65 mL, Subcutaneous, Pre-Filled Device",In Review,Ready to Use Approved,Projected Inventory,2026-02,0.0
Malawi,MOH Supply Plan,"Medroxyprogesterone Acetate 104 mg/0.65 mL, Subcutaneous, Pre-Filled Device",In Review,Ready to Use Approved,Projected Inventory,2026-03,0.0
Malawi,MOH Supply Plan,"Medroxyprogesterone Acetate 104 mg/0.65 mL, Subcutaneous, Pre-Filled Device",In Review,Ready to Use Approved,Projected Inventory,2026-04,0.0
Malawi,MOH Supply Plan,"Medroxyprogesterone Acetate 104 mg/0.65 mL, Subcutaneous, Pre-Filled Device",In Review,Ready to Use Approved,Projected Inventory,2026-05,0.0
Malawi,MOH Supply Plan,"Medroxyprogesterone Acetate 104 mg/0.65 mL, Subcutaneous, Pre-Filled Device",In Review,Ready to Use Approved,Projected Inventory,2026-06,994004.0
Malawi,MOH Supply Plan,"Medroxyprogesterone Acetate 104 mg/0.65 mL, Subcutaneous, Pre-Filled Device",In Review,Ready to Use Approved,Projected Inventory,2026-07,1064766.0
Malawi,MOH Supply Plan,"Medroxyprogesterone Acetate 104 mg/0.65 mL, Subcutaneous, Pre-Filled Device",In Review,Ready to Use Approved,Projected Inventory,2026-08,1478528.0
Malawi,MOH Supply Plan,"Medroxyprogesterone Acetate 104 mg/0.65 mL, Subcutaneous, Pre-Filled Device",In Review,Ready to Use Approved,Projected Inventory,2026-09,1099290.0
Malawi,MOH Supply Plan,"Medroxyprogesterone Acetate 104 mg/0.65 mL, Subcutaneous, Pre-Filled Device",In Review,Ready to Use Approved,Projected Inventory,2026-10,1920052.0
Malawi,MOH Supply Plan,"Medroxyprogesterone Acetate 104 mg/0.65 mL, Subcutaneous, Pre-Filled Device",In Review,Ready to Use Approved,Projected Inventory,2026-11,1540814.0
Malawi,MOH Supply Plan,"Medroxyprogesterone Acetate 104 mg/0.65 mL, Subcutaneous, Pre-Filled Device",In Review,Ready to Use Approved,Projected Inventory,2026-12,1161576.0
Malawi,MOH Supply Plan,"Medroxyprogesterone Acetate 104 mg/0.65 mL, Subcutaneous, Pre-Filled Device",In Review,Ready to Use Approved,Projected Inventory,2027-01,782338.0
Malawi,MOH Supply Plan,"Medroxyprogesterone Acetate 104 mg/0.65 mL, Subcutaneous, Pre-Filled Device",In Review,Ready to Use Approved,Projected Inventory,2027-02,403100.0
Malawi,MOH Supply Plan,"Medroxyprogesterone Acetate 104 mg/0.65 mL, Subcutaneous, Pre-Filled Device",In Review,Ready to Use Approved,Projected Inventory,2027-03,23862.0
Malawi,MOH Supply Plan,"Medroxyprogesterone Acetate 104 mg/0.65 mL, Subcutaneous, Pre-Filled Device",In Review,Ready to Use Approved,Projected Inventory,2027-04,0.0
Malawi,MOH Supply Plan,"Medroxyprogesterone Acetate 104 mg/0.65 mL, Subcutaneous, Pre-Filled Device",In Review,Ready to Use Approved,Projected Inventory,2027-05,0.0
Malawi,MOH Supply Plan,"Medroxyprogesterone Acetate 104 mg/0.65 mL, Subcutaneous, Pre-Filled Device",In Review,Ready to Use Approved,Projected Inventory,2027-06,0.0
Malawi,MOH Supply Plan,"Medroxyprogesterone Acetate 104 mg/0.65 mL, Subcutaneous, Pre-Filled Device",In Review,Ready to Use Approved,Projected Inventory,2027-07,0.0
Malawi,MOH Supply Plan,"Medroxyprogesterone Acetate 104 mg/0.65 mL, Subcutaneous, Pre-Filled Device",In Review,Ready to Use Approved,Projected Inventory,2027-08,0.0
Malawi,MOH Supply Plan,"Medroxyprogesterone Acetate 104 mg/0.65 mL, Subcutaneous, Pre-Filled Device",In Review,Ready to Use Approved,Projected Inventory,2027-09,0.0
Malawi,MOH Supply Plan,"Medroxyprogesterone Acetate 104 mg/0.65 mL, Subcutaneous, Pre-Filled Device",In Review,Ready to Use Approved,Projected Inventory,2027-10,0.0
Malawi,MOH Supply Plan,"Medroxyprogesterone Acetate 104 mg/0.65 mL, Subcutaneous, Pre-Filled Device",In Review,Ready to Use Approved,Projected Inventory,2027-11,0.0
Malawi,MOH Supply Plan,"Medroxyprogesterone Acetate 104 mg/0.65 mL, Subcutaneous, Pre-Filled Device",In Review,Ready to Use Approved,Projected Inventory,2027-12,0.0
Malawi,MOH Supply Plan,"Medroxyprogesterone Acetate 104 mg/0.65 mL, Subcutaneous, Pre-Filled Device",In Review,Ready to Use Approved,Projected Inventory,2028-01,0.0
Malawi,MOH Supply Plan,"Medroxyprogesterone Acetate 104 mg/0.65 mL, Subcutaneous, Pre-Filled Device",In Review,Ready to Use Approved,Projected Inventory,2028-02,0.0
Malawi,MOH Supply Plan,"Medroxyprogesterone Acetate 104 mg/0.65 mL, Subcutaneous, Pre-Filled Device",In Review,Ready to Use Approved,Projected Inventory,2028-03,0.0
Malawi,MOH Supply Plan,"Medroxyprogesterone Acetate 104 mg/0.65 mL, Subcutaneous, Pre-Filled Device",In Review,Ready to Use Approved,Projected Inventory,2028-04,0.0
Malawi,MOH Supply Plan,"Medroxyprogesterone Acetate 104 mg/0.65 mL, Subcutaneous, Pre-Filled Device",In Review,Ready to Use Approved,Projected Inventory,2028-05,0.0
Malawi,MOH Supply Plan,"Medroxyprogesterone Acetate 104 mg/0.65 mL, Subcutaneous, Pre-Filled Device",In Review,Ready to Use Approved,Projected Inventory,2028-06,0.0
Malawi,MOH Supply Plan,"Medroxyprogesterone Acetate 104 mg/0.65 mL, Subcutaneous, Pre-Filled Device",In Review,Ready to Use Approved,Projected Inventory,2028-07,0.0
Malawi,MOH Supply Plan,"Medroxyprogesterone Acetate 104 mg/0.65 mL, Subcutaneous, Pre-Filled Device",In Review,Ready to Use Approved,Projected Inventory,2028-08,0.0
Malawi,MOH Supply Plan,"Medroxyprogesterone Acetate 104 mg/0.65 mL, Subcutaneous, Pre-Filled Device",In Review,Ready to Use Approved,Projected MOS,2026-02,0.0
Malawi,MOH Supply Plan,"Medroxyprogesterone Acetate 104 mg/0.65 mL, Subcutaneous, Pre-Filled Device",In Review,Ready to Use Approved,Projected MOS,2026-03,0.0
Malawi,MOH Supply Plan,"Medroxyprogesterone Acetate 104 mg/0.65 mL, Subcutaneous, Pre-Filled Device",In Review,Ready to Use Approved,Projected MOS,2026-04,0.0
Malawi,MOH Supply Plan,"Medroxyprogesterone Acetate 104 mg/0.65 mL, Subcutaneous, Pre-Filled Device",In Review,Ready to Use Approved,Projected MOS,2026-05,0.0
Malawi,MOH Supply Plan,"Medroxyprogesterone Acetate 104 mg/0.65 mL, Subcutaneous, Pre-Filled Device",In Review,Ready to Use Approved,Projected MOS,2026-06,2.6
Malawi,MOH Supply Plan,"Medroxyprogesterone Acetate 104 mg/0.65 mL, Subcutaneous, Pre-Filled Device",In Review,Ready to Use Approved,Projected MOS,2026-07,2.8
Malawi,MOH Supply Plan,"Medroxyprogesterone Acetate 104 mg/0.65 mL, Subcutaneous, Pre-Filled Device",In Review,Ready to Use Approved,Projected MOS,2026-08,3.9
Malawi,MOH Supply Plan,"Medroxyprogesterone Acetate 104 mg/0.65 mL, Subcutaneous, Pre-Filled Device",In Review,Ready to Use Approved,Projected MOS,2026-09,2.9
Malawi,MOH Supply Plan,"Medroxyprogesterone Acetate 104 mg/0.65 mL, Subcutaneous, Pre-Filled Device",In Review,Ready to Use Approved,Projected MOS,2026-10,5.1
Malawi,MOH Supply Plan,"Medroxyprogesterone Acetate 104 mg/0.65 mL, Subcutaneous, Pre-Filled Device",In Review,Ready to Use Approved,Projected MOS,2026-11,4.1
Malawi,MOH Supply Plan,"Medroxyprogesterone Acetate 104 mg/0.65 mL, Subcutaneous, Pre-Filled Device",In Review,Ready to Use Approved,Projected MOS,2026-12,3.1
Malawi,MOH Supply Plan,"Medroxyprogesterone Acetate 104 mg/0.65 mL, Subcutaneous, Pre-Filled Device",In Review,Ready to Use Approved,Projected MOS,2027-01,2.1
Malawi,MOH Supply Plan,"Medroxyprogesterone Acetate 104 mg/0.65 mL, Subcutaneous, Pre-Filled Device",In Review,Ready to Use Approved,Projected MOS,2027-02,1.1
Malawi,MOH Supply Plan,"Medroxyprogesterone Acetate 104 mg/0.65 mL, Subcutaneous, Pre-Filled Device",In Review,Ready to Use Approved,Projected MOS,2027-03,0.1
Malawi,MOH Supply Plan,"Medroxyprogesterone Acetate 104 mg/0.65 mL, Subcutaneous, Pre-Filled Device",In Review,Ready to Use Approved,Projected MOS,2027-04,0.0
Malawi,MOH Supply Plan,"Medroxyprogesterone Acetate 104 mg/0.65 mL, Subcutaneous, Pre-Filled Device",In Review,Ready to Use Approved,Projected MOS,2027-05,0.0
Malawi,MOH Supply Plan,"Medroxyprogesterone Acetate 104 mg/0.65 mL, Subcutaneous, Pre-Filled Device",In Review,Ready to Use Approved,Projected MOS,2027-06,0.0
Malawi,MOH Supply Plan,"Medroxyprogesterone Acetate 104 mg/0.65 mL, Subcutaneous, Pre-Filled Device",In Review,Ready to Use Approved,Projected MOS,2027-07,0.0
Malawi,MOH Supply Plan,"Medroxyprogesterone Acetate 104 mg/0.65 mL, Subcutaneous, Pre-Filled Device",In Review,Ready to Use Approved,Projected MOS,2027-08,0.0
Malawi,MOH Supply Plan,"Medroxyprogesterone Acetate 104 mg/0.65 mL, Subcutaneous, Pre-Filled Device",In Review,Ready to Use Approved,Projected MOS,2027-09,0.0
Malawi,MOH Supply Plan,"Medroxyprogesterone Acetate 104 mg/0.65 mL, Subcutaneous, Pre-Filled Device",In Review,Ready to Use Approved,Projected MOS,2027-10,0.0
Malawi,MOH Supply Plan,"Medroxyprogesterone Acetate 104 mg/0.65 mL, Subcutaneous, Pre-Filled Device",In Review,Ready to Use Approved,Projected MOS,2027-11,0.0
Malawi,MOH Supply Plan,"Medroxyprogesterone Acetate 104 mg/0.65 mL, Subcutaneous, Pre-Filled Device",In Review,Ready to Use Approved,Projected MOS,2027-12,0.0
Malawi,MOH Supply Plan,"Medroxyprogesterone Acetate 104 mg/0.65 mL, Subcutaneous, Pre-Filled Device",In Review,Ready to Use Approved,Projected MOS,2028-01,0.0
Malawi,MOH Supply Plan,"Medroxyprogesterone Acetate 104 mg/0.65 mL, Subcutaneous, Pre-Filled Device",In Review,Ready to Use Approved,Projected MOS,2028-02,0.0
Malawi,MOH Supply Plan,"Medroxyprogesterone Acetate 104 mg/0.65 mL, Subcutaneous, Pre-Filled Device",In Review,Ready to Use Approved,Projected MOS,2028-03,0.0
Malawi,MOH Supply Plan,"Medroxyprogesterone Acetate 104 mg/0.65 mL, Subcutaneous, Pre-Filled Device",In Review,Ready to Use Approved,Projected MOS,2028-04,0.0
Malawi,MOH Supply Plan,"Medroxyprogesterone Acetate 104 mg/0.65 mL, Subcutaneous, Pre-Filled Device",In Review,Ready to Use Approved,Projected MOS,2028-05,0.0
Malawi,MOH Supply Plan,"Medroxyprogesterone Acetate 104 mg/0.65 mL, Subcutaneous, Pre-Filled Device",In Review,Ready to Use Approved,Projected MOS,2028-06,0.0
Malawi,MOH Supply Plan,"Medroxyprogesterone Acetate 104 mg/0.65 mL, Subcutaneous, Pre-Filled Device",In Review,Ready to Use Approved,Projected MOS,2028-07,0.0
Malawi,MOH Supply Plan,"Medroxyprogesterone Acetate 104 mg/0.65 mL, Subcutaneous, Pre-Filled Device",In Review,Ready to Use Approved,Projected MOS,2028-08,0.0
Malawi,MOH Supply Plan,"Medroxyprogesterone Acetate 104 mg/0.65 mL, Subcutaneous, Pre-Filled Device",In Review,Ready to Use Approved,Projected MOS below min MOS Alert,2026-02,0.0
Malawi,MOH Supply Plan,"Medroxyprogesterone Acetate 104 mg/0.65 mL, Subcutaneous, Pre-Filled Device",In Review,Ready to Use Approved,Projected MOS below min MOS Alert,2026-03,0.0
Malawi,MOH Supply Plan,"Medroxyprogesterone Acetate 104 mg/0.65 mL, Subcutaneous, Pre-Filled Device",In Review,Ready to Use Approved,Projected MOS below min MOS Alert,2026-04,0.0
Malawi,MOH Supply Plan,"Medroxyprogesterone Acetate 104 mg/0.65 mL, Subcutaneous, Pre-Filled Device",In Review,Ready to Use Approved,Projected MOS below min MOS Alert,2026-05,0.0
Malawi,MOH Supply Plan,"Medroxyprogesterone Acetate 104 mg/0.65 mL, Subcutaneous, Pre-Filled Device",In Review,Ready to Use Approved,Projected MOS below min MOS Alert,2026-06,0.0
Malawi,MOH Supply Plan,"Medroxyprogesterone Acetate 104 mg/0.65 mL, Subcutaneous, Pre-Filled Device",In Review,Ready to Use Approved,Projected MOS below min MOS Alert,2026-07,0.0
Malawi,MOH Supply Plan,"Medroxyprogesterone Acetate 104 mg/0.65 mL, Subcutaneous, Pre-Filled Device",In Review,Ready to Use Approved,Projected MOS below min MOS Alert,2026-08,0.0
Malawi,MOH Supply Plan,"Medroxyprogesterone Acetate 104 mg/0.65 mL, Subcutaneous, Pre-Filled Device",In Review,Ready to Use Approved,Projected MOS below min MOS Alert,2026-09,0.0
Malawi,MOH Supply Plan,"Medroxyprogesterone Acetate 104 mg/0.65 mL, Subcutaneous, Pre-Filled Device",In Review,Ready to Use Approved,Projected MOS below min MOS Alert,2026-10,0.0
Malawi,MOH Supply Plan,"Medroxyprogesterone Acetate 104 mg/0.65 mL, Subcutaneous, Pre-Filled Device",In Review,Ready to Use Approved,Projected MOS below min MOS Alert,2026-11,0.0
Malawi,MOH Supply Plan,"Medroxyprogesterone Acetate 104 mg/0.65 mL, Subcutaneous, Pre-Filled Device",In Review,Ready to Use Approved,Projected MOS below min MOS Alert,2026-12,0.0
Malawi,MOH Supply Plan,"Medroxyprogesterone Acetate 104 mg/0.65 mL, Subcutaneous, Pre-Filled Device",In Review,Ready to Use Approved,Projected MOS below min MOS Alert,2027-01,0.0
Malawi,MOH Supply Plan,"Medroxyprogesterone Acetate 104 mg/0.65 mL, Subcutaneous, Pre-Filled Device",In Review,Ready to Use Approved,Projected MOS below min MOS Alert,2027-02,0.0
Malawi,MOH Supply Plan,"Medroxyprogesterone Acetate 104 mg/0.65 mL, Subcutaneous, Pre-Filled Device",In Review,Ready to Use Approved,Projected MOS below min MOS Alert,2027-03,0.0
Malawi,MOH Supply Plan,"Medroxyprogesterone Acetate 104 mg/0.65 mL, Subcutaneous, Pre-Filled Device",In Review,Ready to Use Approved,Projected MOS below min MOS Alert,2027-04,0.0
Malawi,MOH Supply Plan,"Medroxyprogesterone Acetate 104 mg/0.65 mL, Subcutaneous, Pre-Filled Device",In Review,Ready to Use Approved,Projected MOS below min MOS Alert,2027-05,0.0
Malawi,MOH Supply Plan,"Medroxyprogesterone Acetate 104 mg/0.65 mL, Subcutaneous, Pre-Filled Device",In Review,Ready to Use Approved,Projected MOS below min MOS Alert,2027-06,0.0
Malawi,MOH Supply Plan,"Medroxyprogesterone Acetate 104 mg/0.65 mL, Subcutaneous, Pre-Filled Device",In Review,Ready to Use Approved,Projected MOS below min MOS Alert,2027-07,0.0
Malawi,MOH Supply Plan,"Medroxyprogesterone Acetate 104 mg/0.65 mL, Subcutaneous, Pre-Filled Device",In Review,Ready to Use Approved,Projected MOS below min MOS Alert,2027-08,0.0
Malawi,MOH Supply Plan,"Medroxyprogesterone Acetate 104 mg/0.65 mL, Subcutaneous, Pre-Filled Device",In Review,Ready to Use Approved,Projected MOS below min MOS Alert,2027-09,0.0
Malawi,MOH Supply Plan,"Medroxyprogesterone Acetate 104 mg/0.65 mL, Subcutaneous, Pre-Filled Device",In Review,Ready to Use Approved,Projected MOS below min MOS Alert,2027-10,0.0
Malawi,MOH Supply Plan,"Medroxyprogesterone Acetate 104 mg/0.65 mL, Subcutaneous, Pre-Filled Device",In Review,Ready to Use Approved,Projected MOS below min MOS Alert,2027-11,0.0
Malawi,MOH Supply Plan,"Medroxyprogesterone Acetate 104 mg/0.65 mL, Subcutaneous, Pre-Filled Device",In Review,Ready to Use Approved,Projected MOS below min MOS Alert,2027-12,0.0
Malawi,MOH Supply Plan,"Medroxyprogesterone Acetate 104 mg/0.65 mL, Subcutaneous, Pre-Filled Device",In Review,Ready to Use Approved,Projected MOS below min MOS Alert,2028-01,0.0
Malawi,MOH Supply Plan,"Medroxyprogesterone Acetate 104 mg/0.65 mL, Subcutaneous, Pre-Filled Device",In Review,Ready to Use Approved,Projected MOS below min MOS Alert,2028-02,0.0
Malawi,MOH Supply Plan,"Medroxyprogesterone Acetate 104 mg/0.65 mL, Subcutaneous, Pre-Filled Device",In Review,Ready to Use Approved,Projected MOS below min MOS Alert,2028-03,0.0
Malawi,MOH Supply Plan,"Medroxyprogesterone Acetate 104 mg/0.65 mL, Subcutaneous, Pre-Filled Device",In Review,Ready to Use Approved,Projected MOS below min MOS Alert,2028-04,0.0
Malawi,MOH Supply Plan,"Medroxyprogesterone Acetate 104 mg/0.65 mL, Subcutaneous, Pre-Filled Device",In Review,Ready to Use Approved,Projected MOS below min MOS Alert,2028-05,0.0
Malawi,MOH Supply Plan,"Medroxyprogesterone Acetate 104 mg/0.65 mL, Subcutaneous, Pre-Filled Device",In Review,Ready to Use Approved,Projected MOS below min MOS Alert,2028-06,0.0
Malawi,MOH Supply Plan,"Medroxyprogesterone Acetate 104 mg/0.65 mL, Subcutaneous, Pre-Filled Device",In Review,Ready to Use Approved,Projected MOS below min MOS Alert,2028-07,0.0
Malawi,MOH Supply Plan,"Medroxyprogesterone Acetate 104 mg/0.65 mL, Subcutaneous, Pre-Filled Device",In Review,Ready to Use Approved,Projected MOS below min MOS Alert,2028-08,0.0
Malawi,MOH Supply Plan,"Medroxyprogesterone Acetate 104 mg/0.65 mL, Subcutaneous, Pre-Filled Device",In Review,Ready to Use Approved,Projected MOS above max MOS Alert,2026-02,0.0
Malawi,MOH Supply Plan,"Medroxyprogesterone Acetate 104 mg/0.65 mL, Subcutaneous, Pre-Filled Device",In Review,Ready to Use Approved,Projected MOS above max MOS Alert,2026-03,0.0
Malawi,MOH Supply Plan,"Medroxyprogesterone Acetate 104 mg/0.65 mL, Subcutaneous, Pre-Filled Device",In Review,Ready to Use Approved,Projected MOS above max MOS Alert,2026-04,0.0
Malawi,MOH Supply Plan,"Medroxyprogesterone Acetate 104 mg/0.65 mL, Subcutaneous, Pre-Filled Device",In Review,Ready to Use Approved,Projected MOS above max MOS Alert,2026-05,0.0
Malawi,MOH Supply Plan,"Medroxyprogesterone Acetate 104 mg/0.65 mL, Subcutaneous, Pre-Filled Device",In Review,Ready to Use Approved,Projected MOS above max MOS Alert,2026-06,0.0
Malawi,MOH Supply Plan,"Medroxyprogesterone Acetate 104 mg/0.65 mL, Subcutaneous, Pre-Filled Device",In Review,Ready to Use Approved,Projected MOS above max MOS Alert,2026-07,0.0
Malawi,MOH Supply Plan,"Medroxyprogesterone Acetate 104 mg/0.65 mL, Subcutaneous, Pre-Filled Device",In Review,Ready to Use Approved,Projected MOS above max MOS Alert,2026-08,0.0
Malawi,MOH Supply Plan,"Medroxyprogesterone Acetate 104 mg/0.65 mL, Subcutaneous, Pre-Filled Device",In Review,Ready to Use Approved,Projected MOS above max MOS Alert,2026-09,0.0
Malawi,MOH Supply Plan,"Medroxyprogesterone Acetate 104 mg/0.65 mL, Subcutaneous, Pre-Filled Device",In Review,Ready to Use Approved,Projected MOS above max MOS Alert,2026-10,0.0
Malawi,MOH Supply Plan,"Medroxyprogesterone Acetate 104 mg/0.65 mL, Subcutaneous, Pre-Filled Device",In Review,Ready to Use Approved,Projected MOS above max MOS Alert,2026-11,0.0
Malawi,MOH Supply Plan,"Medroxyprogesterone Acetate 104 mg/0.65 mL, Subcutaneous, Pre-Filled Device",In Review,Ready to Use Approved,Projected MOS above max MOS Alert,2026-12,0.0
Malawi,MOH Supply Plan,"Medroxyprogesterone Acetate 104 mg/0.65 mL, Subcutaneous, Pre-Filled Device",In Review,Ready to Use Approved,Projected MOS above max MOS Alert,2027-01,0.0
Malawi,MOH Supply Plan,"Medroxyprogesterone Acetate 104 mg/0.65 mL, Subcutaneous, Pre-Filled Device",In Review,Ready to Use Approved,Projected MOS above max MOS Alert,2027-02,0.0
Malawi,MOH Supply Plan,"Medroxyprogesterone Acetate 104 mg/0.65 mL, Subcutaneous, Pre-Filled Device",In Review,Ready to Use Approved,Projected MOS above max MOS Alert,2027-03,0.0
Malawi,MOH Supply Plan,"Medroxyprogesterone Acetate 104 mg/0.65 mL, Subcutaneous, Pre-Filled Device",In Review,Ready to Use Approved,Projected MOS above max MOS Alert,2027-04,0.0
Malawi,MOH Supply Plan,"Medroxyprogesterone Acetate 104 mg/0.65 mL, Subcutaneous, Pre-Filled Device",In Review,Ready to Use Approved,Projected MOS above max MOS Alert,2027-05,0.0
Malawi,MOH Supply Plan,"Medroxyprogesterone Acetate 104 mg/0.65 mL, Subcutaneous, Pre-Filled Device",In Review,Ready to Use Approved,Projected MOS above max MOS Alert,2027-06,0.0
Malawi,MOH Supply Plan,"Medroxyprogesterone Acetate 104 mg/0.65 mL, Subcutaneous, Pre-Filled Device",In Review,Ready to Use Approved,Projected MOS above max MOS Alert,2027-07,0.0
Malawi,MOH Supply Plan,"Medroxyprogesterone Acetate 104 mg/0.65 mL, Subcutaneous, Pre-Filled Device",In Review,Ready to Use Approved,Projected MOS above max MOS Alert,2027-08,0.0
Malawi,MOH Supply Plan,"Medroxyprogesterone Acetate 104 mg/0.65 mL, Subcutaneous, Pre-Filled Device",In Review,Ready to Use Approved,Projected MOS above max MOS Alert,2027-09,0.0
Malawi,MOH Supply Plan,"Medroxyprogesterone Acetate 104 mg/0.65 mL, Subcutaneous, Pre-Filled Device",In Review,Ready to Use Approved,Projected MOS above max MOS Alert,2027-10,0.0
Malawi,MOH Supply Plan,"Medroxyprogesterone Acetate 104 mg/0.65 mL, Subcutaneous, Pre-Filled Device",In Review,Ready to Use Approved,Projected MOS above max MOS Alert,2027-11,0.0
Malawi,MOH Supply Plan,"Medroxyprogesterone Acetate 104 mg/0.65 mL, Subcutaneous, Pre-Filled Device",In Review,Ready to Use Approved,Projected MOS above max MOS Alert,2027-12,0.0
Malawi,MOH Supply Plan,"Medroxyprogesterone Acetate 104 mg/0.65 mL, Subcutaneous, Pre-Filled Device",In Review,Ready to Use Approved,Projected MOS above max MOS Alert,2028-01,0.0
Malawi,MOH Supply Plan,"Medroxyprogesterone Acetate 104 mg/0.65 mL, Subcutaneous, Pre-Filled Device",In Review,Ready to Use Approved,Projected MOS above max MOS Alert,2028-02,0.0
Malawi,MOH Supply Plan,"Medroxyprogesterone Acetate 104 mg/0.65 mL, Subcutaneous, Pre-Filled Device",In Review,Ready to Use Approved,Projected MOS above max MOS Alert,2028-03,0.0
Malawi,MOH Supply Plan,"Medroxyprogesterone Acetate 104 mg/0.65 mL, Subcutaneous, Pre-Filled Device",In Review,Ready to Use Approved,Projected MOS above max MOS Alert,2028-04,0.0
Malawi,MOH Supply Plan,"Medroxyprogesterone Acetate 104 mg/0.65 mL, Subcutaneous, Pre-Filled Device",In Review,Ready to Use Approved,Projected MOS above max MOS Alert,2028-05,0.0
Malawi,MOH Supply Plan,"Medroxyprogesterone Acetate 104 mg/0.65 mL, Subcutaneous, Pre-Filled Device",In Review,Ready to Use Approved,Projected MOS above max MOS Alert,2028-06,0.0
Malawi,MOH Supply Plan,"Medroxyprogesterone Acetate 104 mg/0.65 mL, Subcutaneous, Pre-Filled Device",In Review,Ready to Use Approved,Projected MOS above max MOS Alert,2028-07,0.0
Malawi,MOH Supply Plan,"Medroxyprogesterone Acetate 104 mg/0.65 mL, Subcutaneous, Pre-Filled Device",In Review,Ready to Use Approved,Projected MOS above max MOS Alert,2028-08,0.0
Malawi,MOH Supply Plan,"Medroxyprogesterone Acetate 104 mg/0.65 mL, Subcutaneous, Pre-Filled Device",In Review,Ready to Use Approved,Suggested Replenishment,2026-08,3072328.0
Malawi,MOH Supply Plan,"Medroxyprogesterone Acetate 104 mg/0.65 mL, Subcutaneous, Pre-Filled Device",In Review,Ready to Use Approved,Suggested Replenishment,2026-09,0.0
Malawi,MOH Supply Plan,"Medroxyprogesterone Acetate 104 mg/0.65 mL, Subcutaneous, Pre-Filled Device",In Review,Ready to Use Approved,Suggested Replenishment,2026-10,0.0
Malawi,MOH Supply Plan,"Medroxyprogesterone Acetate 104 mg/0.65 mL, Subcutaneous, Pre-Filled Device",In Review,Ready to Use Approved,Suggested Replenishment,2026-11,0.0
Malawi,MOH Supply Plan,"Medroxyprogesterone Acetate 104 mg/0.65 mL, Subcutaneous, Pre-Filled Device",In Review,Ready to Use Approved,Suggested Replenishment,2026-12,0.0
Malawi,MOH Supply Plan,"Medroxyprogesterone Acetate 104 mg/0.65 mL, Subcutaneous, Pre-Filled Device",In Review,Ready to Use Approved,Suggested Replenishment,2027-01,0.0
Malawi,MOH Supply Plan,"Medroxyprogesterone Acetate 104 mg/0.65 mL, Subcutaneous, Pre-Filled Device",In Review,Ready to Use Approved,Suggested Replenishment,2027-02,0.0
Malawi,MOH Supply Plan,"Medroxyprogesterone Acetate 104 mg/0.65 mL, Subcutaneous, Pre-Filled Device",In Review,Ready to Use Approved,Suggested Replenishment,2027-03,0.0
Malawi,MOH Supply Plan,"Medroxyprogesterone Acetate 104 mg/0.65 mL, Subcutaneous, Pre-Filled Device",In Review,Ready to Use Approved,Suggested Replenishment,2027-04,0.0
Malawi,MOH Supply Plan,"Medroxyprogesterone Acetate 104 mg/0.65 mL, Subcutaneous, Pre-Filled Device",In Review,Ready to Use Approved,Suggested Replenishment,2027-05,0.0
Malawi,MOH Supply Plan,"Medroxyprogesterone Acetate 104 mg/0.65 mL, Subcutaneous, Pre-Filled Device",In Review,Ready to Use Approved,Suggested Replenishment,2027-06,2592380.0
Malawi,MOH Supply Plan,"Medroxyprogesterone Acetate 104 mg/0.65 mL, Subcutaneous, Pre-Filled Device",In Review,Ready to Use Approved,Suggested Replenishment,2027-07,0.0
Malawi,MOH Supply Plan,"Medroxyprogesterone Acetate 104 mg/0.65 mL, Subcutaneous, Pre-Filled Device",In Review,Ready to Use Approved,Suggested Replenishment,2027-08,0.0
Malawi,MOH Supply Plan,"Medroxyprogesterone Acetate 104 mg/0.65 mL, Subcutaneous, Pre-Filled Device",In Review,Ready to Use Approved,Suggested Replenishment,2027-09,0.0
Malawi,MOH Supply Plan,"Medroxyprogesterone Acetate 104 mg/0.65 mL, Subcutaneous, Pre-Filled Device",In Review,Ready to Use Approved,Suggested Replenishment,2027-10,0.0
Malawi,MOH Supply Plan,"Medroxyprogesterone Acetate 104 mg/0.65 mL, Subcutaneous, Pre-Filled Device",In Review,Ready to Use Approved,Suggested Replenishment,2027-11,0.0
Malawi,MOH Supply Plan,"Medroxyprogesterone Acetate 104 mg/0.65 mL, Subcutaneous, Pre-Filled Device",In Review,Ready to Use Approved,Suggested Replenishment,2027-12,0.0
Malawi,MOH Supply Plan,"Medroxyprogesterone Acetate 104 mg/0.65 mL, Subcutaneous, Pre-Filled Device",In Review,Ready to Use Approved,Suggested Replenishment,2028-01,2654666.0
Malawi,MOH Supply Plan,"Medroxyprogesterone Acetate 104 mg/0.65 mL, Subcutaneous, Pre-Filled Device",In Review,Ready to Use Approved,Suggested Replenishment,2028-02,0.0
Malawi,MOH Supply Plan,"Medroxyprogesterone Acetate 104 mg/0.65 mL, Subcutaneous, Pre-Filled Device",In Review,Ready to Use Approved,Suggested Replenishment,2028-03,0.0
Malawi,MOH Supply Plan,"Medroxyprogesterone Acetate 104 mg/0.65 mL, Subcutaneous, Pre-Filled Device",In Review,Ready to Use Approved,Suggested Replenishment,2028-04,0.0
Malawi,MOH Supply Plan,"Medroxyprogesterone Acetate 104 mg/0.65 mL, Subcutaneous, Pre-Filled Device",In Review,Ready to Use Approved,Suggested Replenishment,2028-05,0.0
Malawi,MOH Supply Plan,"Medroxyprogesterone Acetate 104 mg/0.65 mL, Subcutaneous, Pre-Filled Device",In Review,Ready to Use Approved,Suggested Replenishment,2028-06,0.0
Malawi,MOH Supply Plan,"Medroxyprogesterone Acetate 104 mg/0.65 mL, Subcutaneous, Pre-Filled Device",In Review,Ready to Use Approved,Suggested Replenishment,2028-07,0.0
Malawi,MOH Supply Plan,"Medroxyprogesterone Acetate 104 mg/0.65 mL, Subcutaneous, Pre-Filled Device",In Review,Ready to Use Approved,Suggested Replenishment,2028-08,2654666.0
Malawi,MOH Supply Plan,"Medroxyprogesterone Acetate 104 mg/0.65 mL, Subcutaneous, Pre-Filled Device",In Review,Ready to Use Approved,Projected MOS with Sugg Repl,2026-08,12.0
Malawi,MOH Supply Plan,"Medroxyprogesterone Acetate 104 mg/0.65 mL, Subcutaneous, Pre-Filled Device",In Review,Ready to Use Approved,Projected MOS with Sugg Repl,2026-09,11.0
Malawi,MOH Supply Plan,"Medroxyprogesterone Acetate 104 mg/0.65 mL, Subcutaneous, Pre-Filled Device",In Review,Ready to Use Approved,Projected MOS with Sugg Repl,2026-10,13.2
Malawi,MOH Supply Plan,"Medroxyprogesterone Acetate 104 mg/0.65 mL, Subcutaneous, Pre-Filled Device",In Review,Ready to Use Approved,Projected MOS with Sugg Repl,2026-11,12.2
Malawi,MOH Supply Plan,"Medroxyprogesterone Acetate 104 mg/0.65 mL, Subcutaneous, Pre-Filled Device",In Review,Ready to Use Approved,Projected MOS with Sugg Repl,2026-12,11.2
Malawi,MOH Supply Plan,"Medroxyprogesterone Acetate 104 mg/0.65 mL, Subcutaneous, Pre-Filled Device",In Review,Ready to Use Approved,Projected MOS with Sugg Repl,2027-01,10.2
Malawi,MOH Supply Plan,"Medroxyprogesterone Acetate 104 mg/0.65 mL, Subcutaneous, Pre-Filled Device",In Review,Ready to Use Approved,Projected MOS with Sugg Repl,2027-02,9.2
Malawi,MOH Supply Plan,"Medroxyprogesterone Acetate 104 mg/0.65 mL, Subcutaneous, Pre-Filled Device",In Review,Ready to Use Approved,Projected MOS with Sugg Repl,2027-03,8.2
Malawi,MOH Supply Plan,"Medroxyprogesterone Acetate 104 mg/0.65 mL, Subcutaneous, Pre-Filled Device",In Review,Ready to Use Approved,Projected MOS with Sugg Repl,2027-04,7.2
Malawi,MOH Supply Plan,"Medroxyprogesterone Acetate 104 mg/0.65 mL, Subcutaneous, Pre-Filled Device",In Review,Ready to Use Approved,Projected MOS with Sugg Repl,2027-05,6.2
Malawi,MOH Supply Plan,"Medroxyprogesterone Acetate 104 mg/0.65 mL, Subcutaneous, Pre-Filled Device",In Review,Ready to Use Approved,Projected MOS with Sugg Repl,2027-06,12.0
Malawi,MOH Supply Plan,"Medroxyprogesterone Acetate 104 mg/0.65 mL, Subcutaneous, Pre-Filled Device",In Review,Ready to Use Approved,Projected MOS with Sugg Repl,2027-07,11.0
Malawi,MOH Supply Plan,"Medroxyprogesterone Acetate 104 mg/0.65 mL, Subcutaneous, Pre-Filled Device",In Review,Ready to Use Approved,Projected MOS with Sugg Repl,2027-08,10.0
Malawi,MOH Supply Plan,"Medroxyprogesterone Acetate 104 mg/0.65 mL, Subcutaneous, Pre-Filled Device",In Review,Ready to Use Approved,Projected MOS with Sugg Repl,2027-09,9.0
Malawi,MOH Supply Plan,"Medroxyprogesterone Acetate 104 mg/0.65 mL, Subcutaneous, Pre-Filled Device",In Review,Ready to Use Approved,Projected MOS with Sugg Repl,2027-10,8.0
Malawi,MOH Supply Plan,"Medroxyprogesterone Acetate 104 mg/0.65 mL, Subcutaneous, Pre-Filled Device",In Review,Ready to Use Approved,Projected MOS with Sugg Repl,2027-11,7.0
Malawi,MOH Supply Plan,"Medroxyprogesterone Acetate 104 mg/0.65 mL, Subcutaneous, Pre-Filled Device",In Review,Ready to Use Approved,Projected MOS with Sugg Repl,2027-12,6.0
Malawi,MOH Supply Plan,"Medroxyprogesterone Acetate 104 mg/0.65 mL, Subcutaneous, Pre-Filled Device",In Review,Ready to Use Approved,Projected MOS with Sugg Repl,2028-01,12.0
Malawi,MOH Supply Plan,"Medroxyprogesterone Acetate 104 mg/0.65 mL, Subcutaneous, Pre-Filled Device",In Review,Ready to Use Approved,Projected MOS with Sugg Repl,2028-02,11.0
Malawi,MOH Supply Plan,"Medroxyprogesterone Acetate 104 mg/0.65 mL, Subcutaneous, Pre-Filled Device",In Review,Ready to Use Approved,Projected MOS with Sugg Repl,2028-03,10.0
Malawi,MOH Supply Plan,"Medroxyprogesterone Acetate 104 mg/0.65 mL, Subcutaneous, Pre-Filled Device",In Review,Ready to Use Approved,Projected MOS with Sugg Repl,2028-04,9.0
Malawi,MOH Supply Plan,"Medroxyprogesterone Acetate 104 mg/0.65 mL, Subcutaneous, Pre-Filled Device",In Review,Ready to Use Approved,Projected MOS with Sugg Repl,2028-05,8.0
Malawi,MOH Supply Plan,"Medroxyprogesterone Acetate 104 mg/0.65 mL, Subcutaneous, Pre-Filled Device",In Review,Ready to Use Approved,Projected MOS with Sugg Repl,2028-06,7.0
Malawi,MOH Supply Plan,"Medroxyprogesterone Acetate 104 mg/0.65 mL, Subcutaneous, Pre-Filled Device",In Review,Ready to Use Approved,Projected MOS with Sugg Repl,2028-07,6.0
Malawi,MOH Supply Plan,"Medroxyprogesterone Acetate 104 mg/0.65 mL, Subcutaneous, Pre-Filled Device",In Review,Ready to Use Approved,Projected MOS with Sugg Repl,2028-08,12.0
Malawi,MOH Supply Plan,"Medroxyprogesterone Acetate 104 mg/0.65 mL, Subcutaneous, Pre-Filled Device",In Review,Ready to Use Approved,S1 - Monthly Consumption,2026-02,411069.0
Malawi,MOH Supply Plan,"Medroxyprogesterone Acetate 104 mg/0.65 mL, Subcutaneous, Pre-Filled Device",In Review,Ready to Use Approved,S1 - Monthly Consumption,2026-03,408168.0
Malawi,MOH Supply Plan,"Medroxyprogesterone Acetate 104 mg/0.65 mL, Subcutaneous, Pre-Filled Device",In Review,Ready to Use Approved,S1 - Monthly Consumption,2026-04,379238.0
Malawi,MOH Supply Plan,"Medroxyprogesterone Acetate 104 mg/0.65 mL, Subcutaneous, Pre-Filled Device",In Review,Ready to Use Approved,S1 - Monthly Consumption,2026-05,379238.0
Malawi,MOH Supply Plan,"Medroxyprogesterone Acetate 104 mg/0.65 mL, Subcutaneous, Pre-Filled Device",In Review,Ready to Use Approved,S1 - Monthly Consumption,2026-06,379238.0
Malawi,MOH Supply Plan,"Medroxyprogesterone Acetate 104 mg/0.65 mL, Subcutaneous, Pre-Filled Device",In Review,Ready to Use Approved,S1 - Monthly Consumption,2026-07,379238.0
Malawi,MOH Supply Plan,"Medroxyprogesterone Acetate 104 mg/0.65 mL, Subcutaneous, Pre-Filled Device",In Review,Ready to Use Approved,S1 - Monthly Consumption,2026-08,379238.0
Malawi,MOH Supply Plan,"Medroxyprogesterone Acetate 104 mg/0.65 mL, Subcutaneous, Pre-Filled Device",In Review,Ready to Use Approved,S1 - Monthly Consumption,2026-09,379238.0
Malawi,MOH Supply Plan,"Medroxyprogesterone Acetate 104 mg/0.65 mL, Subcutaneous, Pre-Filled Device",In Review,Ready to Use Approved,S1 - Monthly Consumption,2026-10,379238.0
Malawi,MOH Supply Plan,"Medroxyprogesterone Acetate 104 mg/0.65 mL, Subcutaneous, Pre-Filled Device",In Review,Ready to Use Approved,S1 - Monthly Consumption,2026-11,379238.0
Malawi,MOH Supply Plan,"Medroxyprogesterone Acetate 104 mg/0.65 mL, Subcutaneous, Pre-Filled Device",In Review,Ready to Use Approved,S1 - Monthly Consumption,2026-12,379238.0
Malawi,MOH Supply Plan,"Medroxyprogesterone Acetate 104 mg/0.65 mL, Subcutaneous, Pre-Filled Device",In Review,Ready to Use Approved,S1 - Monthly Consumption,2027-01,379238.0
Malawi,MOH Supply Plan,"Medroxyprogesterone Acetate 104 mg/0.65 mL, Subcutaneous, Pre-Filled Device",In Review,Ready to Use Approved,S1 - Monthly Consumption,2027-02,379238.0
Malawi,MOH Supply Plan,"Medroxyprogesterone Acetate 104 mg/0.65 mL, Subcutaneous, Pre-Filled Device",In Review,Ready to Use Approved,S1 - Monthly Consumption,2027-03,379238.0
Malawi,MOH Supply Plan,"Medroxyprogesterone Acetate 104 mg/0.65 mL, Subcutaneous, Pre-Filled Device",In Review,Ready to Use Approved,S1 - Monthly Consumption,2027-04,379238.0
Malawi,MOH Supply Plan,"Medroxyprogesterone Acetate 104 mg/0.65 mL, Subcutaneous, Pre-Filled Device",In Review,Ready to Use Approved,S1 - Monthly Consumption,2027-05,379238.0
Malawi,MOH Supply Plan,"Medroxyprogesterone Acetate 104 mg/0.65 mL, Subcutaneous, Pre-Filled Device",In Review,Ready to Use Approved,S1 - Monthly Consumption,2027-06,379238.0
Malawi,MOH Supply Plan,"Medroxyprogesterone Acetate 104 mg/0.65 mL, Subcutaneous, Pre-Filled Device",In Review,Ready to Use Approved,S1 - Monthly Consumption,2027-07,379238.0
Malawi,MOH Supply Plan,"Medroxyprogesterone Acetate 104 mg/0.65 mL, Subcutaneous, Pre-Filled Device",In Review,Ready to Use Approved,S1 - Monthly Consumption,2027-08,379238.0
Malawi,MOH Supply Plan,"Medroxyprogesterone Acetate 104 mg/0.65 mL, Subcutaneous, Pre-Filled Device",In Review,Ready to Use Approved,S1 - Monthly Consumption,2027-09,379238.0
Malawi,MOH Supply Plan,"Medroxyprogesterone Acetate 104 mg/0.65 mL, Subcutaneous, Pre-Filled Device",In Review,Ready to Use Approved,S1 - Monthly Consumption,2027-10,379238.0
Malawi,MOH Supply Plan,"Medroxyprogesterone Acetate 104 mg/0.65 mL, Subcutaneous, Pre-Filled Device",In Review,Ready to Use Approved,S1 - Monthly Consumption,2027-11,379238.0
Malawi,MOH Supply Plan,"Medroxyprogesterone Acetate 104 mg/0.65 mL, Subcutaneous, Pre-Filled Device",In Review,Ready to Use Approved,S1 - Monthly Consumption,2027-12,379238.0
Malawi,MOH Supply Plan,"Medroxyprogesterone Acetate 104 mg/0.65 mL, Subcutaneous, Pre-Filled Device",In Review,Ready to Use Approved,S1 - Monthly Consumption,2028-01,379238.0
Malawi,MOH Supply Plan,"Medroxyprogesterone Acetate 104 mg/0.65 mL, Subcutaneous, Pre-Filled Device",In Review,Ready to Use Approved,S1 - Monthly Consumption,2028-02,379238.0
Malawi,MOH Supply Plan,"Medroxyprogesterone Acetate 104 mg/0.65 mL, Subcutaneous, Pre-Filled Device",In Review,Ready to Use Approved,S1 - Monthly Consumption,2028-03,379238.0
Malawi,MOH Supply Plan,"Medroxyprogesterone Acetate 104 mg/0.65 mL, Subcutaneous, Pre-Filled Device",In Review,Ready to Use Approved,S1 - Monthly Consumption,2028-04,379238.0
Malawi,MOH Supply Plan,"Medroxyprogesterone Acetate 104 mg/0.65 mL, Subcutaneous, Pre-Filled Device",In Review,Ready to Use Approved,S1 - Monthly Consumption,2028-05,379238.0
Malawi,MOH Supply Plan,"Medroxyprogesterone Acetate 104 mg/0.65 mL, Subcutaneous, Pre-Filled Device",In Review,Ready to Use Approved,S1 - Monthly Consumption,2028-06,379238.0
Malawi,MOH Supply Plan,"Medroxyprogesterone Acetate 104 mg/0.65 mL, Subcutaneous, Pre-Filled Device",In Review,Ready to Use Approved,S1 - Monthly Consumption,2028-07,379238.0
Malawi,MOH Supply Plan,"Medroxyprogesterone Acetate 104 mg/0.65 mL, Subcutaneous, Pre-Filled Device",In Review,Ready to Use Approved,S1 - Monthly Consumption,2028-08,379238.0
Malawi,MOH Supply Plan,"Medroxyprogesterone Acetate 104 mg/0.65 mL, Subcutaneous, Pre-Filled Device",In Review,Ready to Use Approved,S1 - Projected Supplies,2026-02,390000.0
Malawi,MOH Supply Plan,"Medroxyprogesterone Acetate 104 mg/0.65 mL, Subcutaneous, Pre-Filled Device",In Review,Ready to Use Approved,S1 - Projected Supplies,2026-03,860000.0
Malawi,MOH Supply Plan,"Medroxyprogesterone Acetate 104 mg/0.65 mL, Subcutaneous, Pre-Filled Device",In Review,Ready to Use Approved,S1 - Projected Supplies,2026-04,450000.0
Malawi,MOH Supply Plan,"Medroxyprogesterone Acetate 104 mg/0.65 mL, Subcutaneous, Pre-Filled Device",In Review,Ready to Use Approved,S1 - Projected Supplies,2026-06,300000.0
Malawi,MOH Supply Plan,"Medroxyprogesterone Acetate 104 mg/0.65 mL, Subcutaneous, Pre-Filled Device",In Review,Ready to Use Approved,S1 - Projected Supplies,2026-08,493000.0
Malawi,MOH Supply Plan,"Medroxyprogesterone Acetate 104 mg/0.65 mL, Subcutaneous, Pre-Filled Device",In Review,Ready to Use Approved,S1 - Projected Supplies,2026-12,1804836.0
Malawi,MOH Supply Plan,"Medroxyprogesterone Acetate 104 mg/0.65 mL, Subcutaneous, Pre-Filled Device",In Review,Ready to Use Approved,S1 - Projected Inventory,2026-02,0.0
Malawi,MOH Supply Plan,"Medroxyprogesterone Acetate 104 mg/0.65 mL, Subcutaneous, Pre-Filled Device",In Review,Ready to Use Approved,S1 - Projected Inventory,2026-03,0.0
Malawi,MOH Supply Plan,"Medroxyprogesterone Acetate 104 mg/0.65 mL, Subcutaneous, Pre-Filled Device",In Review,Ready to Use Approved,S1 - Projected Inventory,2026-04,0.0
Malawi,MOH Supply Plan,"Medroxyprogesterone Acetate 104 mg/0.65 mL, Subcutaneous, Pre-Filled Device",In Review,Ready to Use Approved,S1 - Projected Inventory,2026-05,0.0
Malawi,MOH Supply Plan,"Medroxyprogesterone Acetate 104 mg/0.65 mL, Subcutaneous, Pre-Filled Device",In Review,Ready to Use Approved,S1 - Projected Inventory,2026-06,994004.0
Malawi,MOH Supply Plan,"Medroxyprogesterone Acetate 104 mg/0.65 mL, Subcutaneous, Pre-Filled Device",In Review,Ready to Use Approved,S1 - Projected Inventory,2026-07,614766.0
Malawi,MOH Supply Plan,"Medroxyprogesterone Acetate 104 mg/0.65 mL, Subcutaneous, Pre-Filled Device",In Review,Ready to Use Approved,S1 - Projected Inventory,2026-08,728528.0
Malawi,MOH Supply Plan,"Medroxyprogesterone Acetate 104 mg/0.65 mL, Subcutaneous, Pre-Filled Device",In Review,Ready to Use Approved,S1 - Projected Inventory,2026-09,349290.0
Malawi,MOH Supply Plan,"Medroxyprogesterone Acetate 104 mg/0.65 mL, Subcutaneous, Pre-Filled Device",In Review,Ready to Use Approved,S1 - Projected Inventory,2026-10,0.0
Malawi,MOH Supply Plan,"Medroxyprogesterone Acetate 104 mg/0.65 mL, Subcutaneous, Pre-Filled Device",In Review,Ready to Use Approved,S1 - Projected Inventory,2026-11,0.0
Malawi,MOH Supply Plan,"Medroxyprogesterone Acetate 104 mg/0.65 mL, Subcutaneous, Pre-Filled Device",In Review,Ready to Use Approved,S1 - Projected Inventory,2026-12,1425598.0
Malawi,MOH Supply Plan,"Medroxyprogesterone Acetate 104 mg/0.65 mL, Subcutaneous, Pre-Filled Device",In Review,Ready to Use Approved,S1 - Projected Inventory,2027-01,1046360.0
Malawi,MOH Supply Plan,"Medroxyprogesterone Acetate 104 mg/0.65 mL, Subcutaneous, Pre-Filled Device",In Review,Ready to Use Approved,S1 - Projected Inventory,2027-02,667122.0
Malawi,MOH Supply Plan,"Medroxyprogesterone Acetate 104 mg/0.65 mL, Subcutaneous, Pre-Filled Device",In Review,Ready to Use Approved,S1 - Projected Inventory,2027-03,287884.0
Malawi,MOH Supply Plan,"Medroxyprogesterone Acetate 104 mg/0.65 mL, Subcutaneous, Pre-Filled Device",In Review,Ready to Use Approved,S1 - Projected Inventory,2027-04,0.0
Malawi,MOH Supply Plan,"Medroxyprogesterone Acetate 104 mg/0.65 mL, Subcutaneous, Pre-Filled Device",In Review,Ready to Use Approved,S1 - Projected Inventory,2027-05,0.0
Malawi,MOH Supply Plan,"Medroxyprogesterone Acetate 104 mg/0.65 mL, Subcutaneous, Pre-Filled Device",In Review,Ready to Use Approved,S1 - Projected Inventory,2027-06,0.0
Malawi,MOH Supply Plan,"Medroxyprogesterone Acetate 104 mg/0.65 mL, Subcutaneous, Pre-Filled Device",In Review,Ready to Use Approved,S1 - Projected Inventory,2027-07,0.0
Malawi,MOH Supply Plan,"Medroxyprogesterone Acetate 104 mg/0.65 mL, Subcutaneous, Pre-Filled Device",In Review,Ready to Use Approved,S1 - Projected Inventory,2027-08,0.0
Malawi,MOH Supply Plan,"Medroxyprogesterone Acetate 104 mg/0.65 mL, Subcutaneous, Pre-Filled Device",In Review,Ready to Use Approved,S1 - Projected Inventory,2027-09,0.0
Malawi,MOH Supply Plan,"Medroxyprogesterone Acetate 104 mg/0.65 mL, Subcutaneous, Pre-Filled Device",In Review,Ready to Use Approved,S1 - Projected Inventory,2027-10,0.0
Malawi,MOH Supply Plan,"Medroxyprogesterone Acetate 104 mg/0.65 mL, Subcutaneous, Pre-Filled Device",In Review,Ready to Use Approved,S1 - Projected Inventory,2027-11,0.0
Malawi,MOH Supply Plan,"Medroxyprogesterone Acetate 104 mg/0.65 mL, Subcutaneous, Pre-Filled Device",In Review,Ready to Use Approved,S1 - Projected Inventory,2027-12,0.0
Malawi,MOH Supply Plan,"Medroxyprogesterone Acetate 104 mg/0.65 mL, Subcutaneous, Pre-Filled Device",In Review,Ready to Use Approved,S1 - Projected Inventory,2028-01,0.0
Malawi,MOH Supply Plan,"Medroxyprogesterone Acetate 104 mg/0.65 mL, Subcutaneous, Pre-Filled Device",In Review,Ready to Use Approved,S1 - Projected Inventory,2028-02,0.0
Malawi,MOH Supply Plan,"Medroxyprogesterone Acetate 104 mg/0.65 mL, Subcutaneous, Pre-Filled Device",In Review,Ready to Use Approved,S1 - Projected Inventory,2028-03,0.0
Malawi,MOH Supply Plan,"Medroxyprogesterone Acetate 104 mg/0.65 mL, Subcutaneous, Pre-Filled Device",In Review,Ready to Use Approved,S1 - Projected Inventory,2028-04,0.0
Malawi,MOH Supply Plan,"Medroxyprogesterone Acetate 104 mg/0.65 mL, Subcutaneous, Pre-Filled Device",In Review,Ready to Use Approved,S1 - Projected Inventory,2028-05,0.0
Malawi,MOH Supply Plan,"Medroxyprogesterone Acetate 104 mg/0.65 mL, Subcutaneous, Pre-Filled Device",In Review,Ready to Use Approved,S1 - Projected Inventory,2028-06,0.0
Malawi,MOH Supply Plan,"Medroxyprogesterone Acetate 104 mg/0.65 mL, Subcutaneous, Pre-Filled Device",In Review,Ready to Use Approved,S1 - Projected Inventory,2028-07,0.0
Malawi,MOH Supply Plan,"Medroxyprogesterone Acetate 104 mg/0.65 mL, Subcutaneous, Pre-Filled Device",In Review,Ready to Use Approved,S1 - Projected Inventory,2028-08,0.0
Malawi,MOH Supply Plan,"Medroxyprogesterone Acetate 104 mg/0.65 mL, Subcutaneous, Pre-Filled Device",In Review,Ready to Use Approved,S1 - Projected MOS,2026-02,0.0
Malawi,MOH Supply Plan,"Medroxyprogesterone Acetate 104 mg/0.65 mL, Subcutaneous, Pre-Filled Device",In Review,Ready to Use Approved,S1 - Projected MOS,2026-03,0.0
Malawi,MOH Supply Plan,"Medroxyprogesterone Acetate 104 mg/0.65 mL, Subcutaneous, Pre-Filled Device",In Review,Ready to Use Approved,S1 - Projected MOS,2026-04,0.0
Malawi,MOH Supply Plan,"Medroxyprogesterone Acetate 104 mg/0.65 mL, Subcutaneous, Pre-Filled Device",In Review,Ready to Use Approved,S1 - Projected MOS,2026-05,0.0
Malawi,MOH Supply Plan,"Medroxyprogesterone Acetate 104 mg/0.65 mL, Subcutaneous, Pre-Filled Device",In Review,Ready to Use Approved,S1 - Projected MOS,2026-06,2.6
Malawi,MOH Supply Plan,"Medroxyprogesterone Acetate 104 mg/0.65 mL, Subcutaneous, Pre-Filled Device",In Review,Ready to Use Approved,S1 - Projected MOS,2026-07,1.6
Malawi,MOH Supply Plan,"Medroxyprogesterone Acetate 104 mg/0.65 mL, Subcutaneous, Pre-Filled Device",In Review,Ready to Use Approved,S1 - Projected MOS,2026-08,1.9
Malawi,MOH Supply Plan,"Medroxyprogesterone Acetate 104 mg/0.65 mL, Subcutaneous, Pre-Filled Device",In Review,Ready to Use Approved,S1 - Projected MOS,2026-09,0.9
Malawi,MOH Supply Plan,"Medroxyprogesterone Acetate 104 mg/0.65 mL, Subcutaneous, Pre-Filled Device",In Review,Ready to Use Approved,S1 - Projected MOS,2026-10,0.0
Malawi,MOH Supply Plan,"Medroxyprogesterone Acetate 104 mg/0.65 mL, Subcutaneous, Pre-Filled Device",In Review,Ready to Use Approved,S1 - Projected MOS,2026-11,0.0
Malawi,MOH Supply Plan,"Medroxyprogesterone Acetate 104 mg/0.65 mL, Subcutaneous, Pre-Filled Device",In Review,Ready to Use Approved,S1 - Projected MOS,2026-12,3.8
Malawi,MOH Supply Plan,"Medroxyprogesterone Acetate 104 mg/0.65 mL, Subcutaneous, Pre-Filled Device",In Review,Ready to Use Approved,S1 - Projected MOS,2027-01,2.8
Malawi,MOH Supply Plan,"Medroxyprogesterone Acetate 104 mg/0.65 mL, Subcutaneous, Pre-Filled Device",In Review,Ready to Use Approved,S1 - Projected MOS,2027-02,1.8
Malawi,MOH Supply Plan,"Medroxyprogesterone Acetate 104 mg/0.65 mL, Subcutaneous, Pre-Filled Device",In Review,Ready to Use Approved,S1 - Projected MOS,2027-03,0.8
Malawi,MOH Supply Plan,"Medroxyprogesterone Acetate 104 mg/0.65 mL, Subcutaneous, Pre-Filled Device",In Review,Ready to Use Approved,S1 - Projected MOS,2027-04,0.0
Malawi,MOH Supply Plan,"Medroxyprogesterone Acetate 104 mg/0.65 mL, Subcutaneous, Pre-Filled Device",In Review,Ready to Use Approved,S1 - Projected MOS,2027-05,0.0
Malawi,MOH Supply Plan,"Medroxyprogesterone Acetate 104 mg/0.65 mL, Subcutaneous, Pre-Filled Device",In Review,Ready to Use Approved,S1 - Projected MOS,2027-06,0.0
Malawi,MOH Supply Plan,"Medroxyprogesterone Acetate 104 mg/0.65 mL, Subcutaneous, Pre-Filled Device",In Review,Ready to Use Approved,S1 - Projected MOS,2027-07,0.0
Malawi,MOH Supply Plan,"Medroxyprogesterone Acetate 104 mg/0.65 mL, Subcutaneous, Pre-Filled Device",In Review,Ready to Use Approved,S1 - Projected MOS,2027-08,0.0
Malawi,MOH Supply Plan,"Medroxyprogesterone Acetate 104 mg/0.65 mL, Subcutaneous, Pre-Filled Device",In Review,Ready to Use Approved,S1 - Projected MOS,2027-09,0.0
Malawi,MOH Supply Plan,"Medroxyprogesterone Acetate 104 mg/0.65 mL, Subcutaneous, Pre-Filled Device",In Review,Ready to Use Approved,S1 - Projected MOS,2027-10,0.0
Malawi,MOH Supply Plan,"Medroxyprogesterone Acetate 104 mg/0.65 mL, Subcutaneous, Pre-Filled Device",In Review,Ready to Use Approved,S1 - Projected MOS,2027-11,0.0
Malawi,MOH Supply Plan,"Medroxyprogesterone Acetate 104 mg/0.65 mL, Subcutaneous, Pre-Filled Device",In Review,Ready to Use Approved,S1 - Projected MOS,2027-12,0.0
Malawi,MOH Supply Plan,"Medroxyprogesterone Acetate 104 mg/0.65 mL, Subcutaneous, Pre-Filled Device",In Review,Ready to Use Approved,S1 - Projected MOS,2028-01,0.0
Malawi,MOH Supply Plan,"Medroxyprogesterone Acetate 104 mg/0.65 mL, Subcutaneous, Pre-Filled Device",In Review,Ready to Use Approved,S1 - Projected MOS,2028-02,0.0
Malawi,MOH Supply Plan,"Medroxyprogesterone Acetate 104 mg/0.65 mL, Subcutaneous, Pre-Filled Device",In Review,Ready to Use Approved,S1 - Projected MOS,2028-03,0.0
Malawi,MOH Supply Plan,"Medroxyprogesterone Acetate 104 mg/0.65 mL, Subcutaneous, Pre-Filled Device",In Review,Ready to Use Approved,S1 - Projected MOS,2028-04,0.0
Malawi,MOH Supply Plan,"Medroxyprogesterone Acetate 104 mg/0.65 mL, Subcutaneous, Pre-Filled Device",In Review,Ready to Use Approved,S1 - Projected MOS,2028-05,0.0
Malawi,MOH Supply Plan,"Medroxyprogesterone Acetate 104 mg/0.65 mL, Subcutaneous, Pre-Filled Device",In Review,Ready to Use Approved,S1 - Projected MOS,2028-06,0.0
Malawi,MOH Supply Plan,"Medroxyprogesterone Acetate 104 mg/0.65 mL, Subcutaneous, Pre-Filled Device",In Review,Ready to Use Approved,S1 - Projected MOS,2028-07,0.0
Malawi,MOH Supply Plan,"Medroxyprogesterone Acetate 104 mg/0.65 mL, Subcutaneous, Pre-Filled Device",In Review,Ready to Use Approved,S1 - Projected MOS,2028-08,0.0
Malawi,MOH Supply Plan,"Medroxyprogesterone Acetate 104 mg/0.65 mL, Subcutaneous, Pre-Filled Device",In Review,Ready to Use Approved,S1 - Suggested Replenishment,2026-08,1546900.0
Malawi,MOH Supply Plan,"Medroxyprogesterone Acetate 104 mg/0.65 mL, Subcutaneous, Pre-Filled Device",In Review,Ready to Use Approved,S1 - Suggested Replenishment,2026-09,0.0
Malawi,MOH Supply Plan,"Medroxyprogesterone Acetate 104 mg/0.65 mL, Subcutaneous, Pre-Filled Device",In Review,Ready to Use Approved,S1 - Suggested Replenishment,2026-10,0.0
Malawi,MOH Supply Plan,"Medroxyprogesterone Acetate 104 mg/0.65 mL, Subcutaneous, Pre-Filled Device",In Review,Ready to Use Approved,S1 - Suggested Replenishment,2026-11,1137714.0
Malawi,MOH Supply Plan,"Medroxyprogesterone Acetate 104 mg/0.65 mL, Subcutaneous, Pre-Filled Device",In Review,Ready to Use Approved,S1 - Suggested Replenishment,2026-12,0.0
Malawi,MOH Supply Plan,"Medroxyprogesterone Acetate 104 mg/0.65 mL, Subcutaneous, Pre-Filled Device",In Review,Ready to Use Approved,S1 - Suggested Replenishment,2027-01,0.0
Malawi,MOH Supply Plan,"Medroxyprogesterone Acetate 104 mg/0.65 mL, Subcutaneous, Pre-Filled Device",In Review,Ready to Use Approved,S1 - Suggested Replenishment,2027-02,0.0
Malawi,MOH Supply Plan,"Medroxyprogesterone Acetate 104 mg/0.65 mL, Subcutaneous, Pre-Filled Device",In Review,Ready to Use Approved,S1 - Suggested Replenishment,2027-03,0.0
Malawi,MOH Supply Plan,"Medroxyprogesterone Acetate 104 mg/0.65 mL, Subcutaneous, Pre-Filled Device",In Review,Ready to Use Approved,S1 - Suggested Replenishment,2027-04,0.0
Malawi,MOH Supply Plan,"Medroxyprogesterone Acetate 104 mg/0.65 mL, Subcutaneous, Pre-Filled Device",In Review,Ready to Use Approved,S1 - Suggested Replenishment,2027-05,0.0
Malawi,MOH Supply Plan,"Medroxyprogesterone Acetate 104 mg/0.65 mL, Subcutaneous, Pre-Filled Device",In Review,Ready to Use Approved,S1 - Suggested Replenishment,2027-06,849830.0
Malawi,MOH Supply Plan,"Medroxyprogesterone Acetate 104 mg/0.65 mL, Subcutaneous, Pre-Filled Device",In Review,Ready to Use Approved,S1 - Suggested Replenishment,2027-07,0.0
Malawi,MOH Supply Plan,"Medroxyprogesterone Acetate 104 mg/0.65 mL, Subcutaneous, Pre-Filled Device",In Review,Ready to Use Approved,S1 - Suggested Replenishment,2027-08,0.0
Malawi,MOH Supply Plan,"Medroxyprogesterone Acetate 104 mg/0.65 mL, Subcutaneous, Pre-Filled Device",In Review,Ready to Use Approved,S1 - Suggested Replenishment,2027-09,1137714.0
Malawi,MOH Supply Plan,"Medroxyprogesterone Acetate 104 mg/0.65 mL, Subcutaneous, Pre-Filled Device",In Review,Ready to Use Approved,S1 - Suggested Replenishment,2027-10,0.0
Malawi,MOH Supply Plan,"Medroxyprogesterone Acetate 104 mg/0.65 mL, Subcutaneous, Pre-Filled Device",In Review,Ready to Use Approved,S1 - Suggested Replenishment,2027-11,0.0
Malawi,MOH Supply Plan,"Medroxyprogesterone Acetate 104 mg/0.65 mL, Subcutaneous, Pre-Filled Device",In Review,Ready to Use Approved,S1 - Suggested Replenishment,2027-12,1137714.0
Malawi,MOH Supply Plan,"Medroxyprogesterone Acetate 104 mg/0.65 mL, Subcutaneous, Pre-Filled Device",In Review,Ready to Use Approved,S1 - Suggested Replenishment,2028-01,0.0
Malawi,MOH Supply Plan,"Medroxyprogesterone Acetate 104 mg/0.65 mL, Subcutaneous, Pre-Filled Device",In Review,Ready to Use Approved,S1 - Suggested Replenishment,2028-02,0.0
Malawi,MOH Supply Plan,"Medroxyprogesterone Acetate 104 mg/0.65 mL, Subcutaneous, Pre-Filled Device",In Review,Ready to Use Approved,S1 - Suggested Replenishment,2028-03,1137714.0
Malawi,MOH Supply Plan,"Medroxyprogesterone Acetate 104 mg/0.65 mL, Subcutaneous, Pre-Filled Device",In Review,Ready to Use Approved,S1 - Suggested Replenishment,2028-04,0.0
Malawi,MOH Supply Plan,"Medroxyprogesterone Acetate 104 mg/0.65 mL, Subcutaneous, Pre-Filled Device",In Review,Ready to Use Approved,S1 - Suggested Replenishment,2028-05,0.0
Malawi,MOH Supply Plan,"Medroxyprogesterone Acetate 104 mg/0.65 mL, Subcutaneous, Pre-Filled Device",In Review,Ready to Use Approved,S1 - Suggested Replenishment,2028-06,1137714.0
Malawi,MOH Supply Plan,"Medroxyprogesterone Acetate 104 mg/0.65 mL, Subcutaneous, Pre-Filled Device",In Review,Ready to Use Approved,S1 - Suggested Replenishment,2028-07,0.0
Malawi,MOH Supply Plan,"Medroxyprogesterone Acetate 104 mg/0.65 mL, Subcutaneous, Pre-Filled Device",In Review,Ready to Use Approved,S1 - Suggested Replenishment,2028-08,0.0
Malawi,MOH Supply Plan,"Medroxyprogesterone Acetate 104 mg/0.65 mL, Subcutaneous, Pre-Filled Device",In Review,Ready to Use Approved,S1 - Projected MOS with Sugg Repl,2026-08,6.0
Malawi,MOH Supply Plan,"Medroxyprogesterone Acetate 104 mg/0.65 mL, Subcutaneous, Pre-Filled Device",In Review,Ready to Use Approved,S1 - Projected MOS with Sugg Repl,2026-09,5.0
Malawi,MOH Supply Plan,"Medroxyprogesterone Acetate 104 mg/0.65 mL, Subcutaneous, Pre-Filled Device",In Review,Ready to Use Approved,S1 - Projected MOS with Sugg Repl,2026-10,4.0
Malawi,MOH Supply Plan,"Medroxyprogesterone Acetate 104 mg/0.65 mL, Subcutaneous, Pre-Filled Device",In Review,Ready to Use Approved,S1 - Projected MOS with Sugg Repl,2026-11,6.0
Malawi,MOH Supply Plan,"Medroxyprogesterone Acetate 104 mg/0.65 mL, Subcutaneous, Pre-Filled Device",In Review,Ready to Use Approved,S1 - Projected MOS with Sugg Repl,2026-12,9.8
Malawi,MOH Supply Plan,"Medroxyprogesterone Acetate 104 mg/0.65 mL, Subcutaneous, Pre-Filled Device",In Review,Ready to Use Approved,S1 - Projected MOS with Sugg Repl,2027-01,8.8
Malawi,MOH Supply Plan,"Medroxyprogesterone Acetate 104 mg/0.65 mL, Subcutaneous, Pre-Filled Device",In Review,Ready to Use Approved,S1 - Projected MOS with Sugg Repl,2027-02,7.8
Malawi,MOH Supply Plan,"Medroxyprogesterone Acetate 104 mg/0.65 mL, Subcutaneous, Pre-Filled Device",In Review,Ready to Use Approved,S1 - Projected MOS with Sugg Repl,2027-03,6.8
Malawi,MOH Supply Plan,"Medroxyprogesterone Acetate 104 mg/0.65 mL, Subcutaneous, Pre-Filled Device",In Review,Ready to Use Approved,S1 - Projected MOS with Sugg Repl,2027-04,5.8
Malawi,MOH Supply Plan,"Medroxyprogesterone Acetate 104 mg/0.65 mL, Subcutaneous, Pre-Filled Device",In Review,Ready to Use Approved,S1 - Projected MOS with Sugg Repl,2027-05,4.8
Malawi,MOH Supply Plan,"Medroxyprogesterone Acetate 104 mg/0.65 mL, Subcutaneous, Pre-Filled Device",In Review,Ready to Use Approved,S1 - Projected MOS with Sugg Repl,2027-06,6.0
Malawi,MOH Supply Plan,"Medroxyprogesterone Acetate 104 mg/0.65 mL, Subcutaneous, Pre-Filled Device",In Review,Ready to Use Approved,S1 - Projected MOS with Sugg Repl,2027-07,5.0
Malawi,MOH Supply Plan,"Medroxyprogesterone Acetate 104 mg/0.65 mL, Subcutaneous, Pre-Filled Device",In Review,Ready to Use Approved,S1 - Projected MOS with Sugg Repl,2027-08,4.0
Malawi,MOH Supply Plan,"Medroxyprogesterone Acetate 104 mg/0.65 mL, Subcutaneous, Pre-Filled Device",In Review,Ready to Use Approved,S1 - Projected MOS with Sugg Repl,2027-09,6.0
Malawi,MOH Supply Plan,"Medroxyprogesterone Acetate 104 mg/0.65 mL, Subcutaneous, Pre-Filled Device",In Review,Ready to Use Approved,S1 - Projected MOS with Sugg Repl,2027-10,5.0
Malawi,MOH Supply Plan,"Medroxyprogesterone Acetate 104 mg/0.65 mL, Subcutaneous, Pre-Filled Device",In Review,Ready to Use Approved,S1 - Projected MOS with Sugg Repl,2027-11,4.0
Malawi,MOH Supply Plan,"Medroxyprogesterone Acetate 104 mg/0.65 mL, Subcutaneous, Pre-Filled Device",In Review,Ready to Use Approved,S1 - Projected MOS with Sugg Repl,2027-12,6.0
Malawi,MOH Supply Plan,"Medroxyprogesterone Acetate 104 mg/0.65 mL, Subcutaneous, Pre-Filled Device",In Review,Ready to Use Approved,S1 - Projected MOS with Sugg Repl,2028-01,5.0
Malawi,MOH Supply Plan,"Medroxyprogesterone Acetate 104 mg/0.65 mL, Subcutaneous, Pre-Filled Device",In Review,Ready to Use Approved,S1 - Projected MOS with Sugg Repl,2028-02,4.0
Malawi,MOH Supply Plan,"Medroxyprogesterone Acetate 104 mg/0.65 mL, Subcutaneous, Pre-Filled Device",In Review,Ready to Use Approved,S1 - Projected MOS with Sugg Repl,2028-03,6.0
Malawi,MOH Supply Plan,"Medroxyprogesterone Acetate 104 mg/0.65 mL, Subcutaneous, Pre-Filled Device",In Review,Ready to Use Approved,S1 - Projected MOS with Sugg Repl,2028-04,5.0
Malawi,MOH Supply Plan,"Medroxyprogesterone Acetate 104 mg/0.65 mL, Subcutaneous, Pre-Filled Device",In Review,Ready to Use Approved,S1 - Projected MOS with Sugg Repl,2028-05,4.0
Malawi,MOH Supply Plan,"Medroxyprogesterone Acetate 104 mg/0.65 mL, Subcutaneous, Pre-Filled Device",In Review,Ready to Use Approved,S1 - Projected MOS with Sugg Repl,2028-06,6.0
Malawi,MOH Supply Plan,"Medroxyprogesterone Acetate 104 mg/0.65 mL, Subcutaneous, Pre-Filled Device",In Review,Ready to Use Approved,S1 - Projected MOS with Sugg Repl,2028-07,5.0
Malawi,MOH Supply Plan,"Medroxyprogesterone Acetate 104 mg/0.65 mL, Subcutaneous, Pre-Filled Device",In Review,Ready to Use Approved,S1 - Projected MOS with Sugg Repl,2028-08,4.0
Malawi,MOH Supply Plan,"Medroxyprogesterone Acetate 104 mg/0.65 mL, Subcutaneous, Pre-Filled Device",In Review,Ready to Use Approved,S2 - Monthly Consumption,2026-02,411069.0
Malawi,MOH Supply Plan,"Medroxyprogesterone Acetate 104 mg/0.65 mL, Subcutaneous, Pre-Filled Device",In Review,Ready to Use Approved,S2 - Monthly Consumption,2026-03,408168.0
Malawi,MOH Supply Plan,"Medroxyprogesterone Acetate 104 mg/0.65 mL, Subcutaneous, Pre-Filled Device",In Review,Ready to Use Approved,S2 - Monthly Consumption,2026-04,379238.0
Malawi,MOH Supply Plan,"Medroxyprogesterone Acetate 104 mg/0.65 mL, Subcutaneous, Pre-Filled Device",In Review,Ready to Use Approved,S2 - Monthly Consumption,2026-05,379238.0
Malawi,MOH Supply Plan,"Medroxyprogesterone Acetate 104 mg/0.65 mL, Subcutaneous, Pre-Filled Device",In Review,Ready to Use Approved,S2 - Monthly Consumption,2026-06,379238.0
Malawi,MOH Supply Plan,"Medroxyprogesterone Acetate 104 mg/0.65 mL, Subcutaneous, Pre-Filled Device",In Review,Ready to Use Approved,S2 - Monthly Consumption,2026-07,379238.0
Malawi,MOH Supply Plan,"Medroxyprogesterone Acetate 104 mg/0.65 mL, Subcutaneous, Pre-Filled Device",In Review,Ready to Use Approved,S2 - Monthly Consumption,2026-08,379238.0
Malawi,MOH Supply Plan,"Medroxyprogesterone Acetate 104 mg/0.65 mL, Subcutaneous, Pre-Filled Device",In Review,Ready to Use Approved,S2 - Monthly Consumption,2026-09,379238.0
Malawi,MOH Supply Plan,"Medroxyprogesterone Acetate 104 mg/0.65 mL, Subcutaneous, Pre-Filled Device",In Review,Ready to Use Approved,S2 - Monthly Consumption,2026-10,379238.0
Malawi,MOH Supply Plan,"Medroxyprogesterone Acetate 104 mg/0.65 mL, Subcutaneous, Pre-Filled Device",In Review,Ready to Use Approved,S2 - Monthly Consumption,2026-11,379238.0
Malawi,MOH Supply Plan,"Medroxyprogesterone Acetate 104 mg/0.65 mL, Subcutaneous, Pre-Filled Device",In Review,Ready to Use Approved,S2 - Monthly Consumption,2026-12,379238.0
Malawi,MOH Supply Plan,"Medroxyprogesterone Acetate 104 mg/0.65 mL, Subcutaneous, Pre-Filled Device",In Review,Ready to Use Approved,S2 - Monthly Consumption,2027-01,379238.0
Malawi,MOH Supply Plan,"Medroxyprogesterone Acetate 104 mg/0.65 mL, Subcutaneous, Pre-Filled Device",In Review,Ready to Use Approved,S2 - Monthly Consumption,2027-02,379238.0
Malawi,MOH Supply Plan,"Medroxyprogesterone Acetate 104 mg/0.65 mL, Subcutaneous, Pre-Filled Device",In Review,Ready to Use Approved,S2 - Monthly Consumption,2027-03,379238.0
Malawi,MOH Supply Plan,"Medroxyprogesterone Acetate 104 mg/0.65 mL, Subcutaneous, Pre-Filled Device",In Review,Ready to Use Approved,S2 - Monthly Consumption,2027-04,379238.0
Malawi,MOH Supply Plan,"Medroxyprogesterone Acetate 104 mg/0.65 mL, Subcutaneous, Pre-Filled Device",In Review,Ready to Use Approved,S2 - Monthly Consumption,2027-05,379238.0
Malawi,MOH Supply Plan,"Medroxyprogesterone Acetate 104 mg/0.65 mL, Subcutaneous, Pre-Filled Device",In Review,Ready to Use Approved,S2 - Monthly Consumption,2027-06,379238.0
Malawi,MOH Supply Plan,"Medroxyprogesterone Acetate 104 mg/0.65 mL, Subcutaneous, Pre-Filled Device",In Review,Ready to Use Approved,S2 - Monthly Consumption,2027-07,379238.0
Malawi,MOH Supply Plan,"Medroxyprogesterone Acetate 104 mg/0.65 mL, Subcutaneous, Pre-Filled Device",In Review,Ready to Use Approved,S2 - Monthly Consumption,2027-08,379238.0
Malawi,MOH Supply Plan,"Medroxyprogesterone Acetate 104 mg/0.65 mL, Subcutaneous, Pre-Filled Device",In Review,Ready to Use Approved,S2 - Monthly Consumption,2027-09,379238.0
Malawi,MOH Supply Plan,"Medroxyprogesterone Acetate 104 mg/0.65 mL, Subcutaneous, Pre-Filled Device",In Review,Ready to Use Approved,S2 - Monthly Consumption,2027-10,379238.0
Malawi,MOH Supply Plan,"Medroxyprogesterone Acetate 104 mg/0.65 mL, Subcutaneous, Pre-Filled Device",In Review,Ready to Use Approved,S2 - Monthly Consumption,2027-11,379238.0
Malawi,MOH Supply Plan,"Medroxyprogesterone Acetate 104 mg/0.65 mL, Subcutaneous, Pre-Filled Device",In Review,Ready to Use Approved,S2 - Monthly Consumption,2027-12,379238.0
Malawi,MOH Supply Plan,"Medroxyprogesterone Acetate 104 mg/0.65 mL, Subcutaneous, Pre-Filled Device",In Review,Ready to Use Approved,S2 - Monthly Consumption,2028-01,379238.0
Malawi,MOH Supply Plan,"Medroxyprogesterone Acetate 104 mg/0.65 mL, Subcutaneous, Pre-Filled Device",In Review,Ready to Use Approved,S2 - Monthly Consumption,2028-02,379238.0
Malawi,MOH Supply Plan,"Medroxyprogesterone Acetate 104 mg/0.65 mL, Subcutaneous, Pre-Filled Device",In Review,Ready to Use Approved,S2 - Monthly Consumption,2028-03,379238.0
Malawi,MOH Supply Plan,"Medroxyprogesterone Acetate 104 mg/0.65 mL, Subcutaneous, Pre-Filled Device",In Review,Ready to Use Approved,S2 - Monthly Consumption,2028-04,379238.0
Malawi,MOH Supply Plan,"Medroxyprogesterone Acetate 104 mg/0.65 mL, Subcutaneous, Pre-Filled Device",In Review,Ready to Use Approved,S2 - Monthly Consumption,2028-05,379238.0
Malawi,MOH Supply Plan,"Medroxyprogesterone Acetate 104 mg/0.65 mL, Subcutaneous, Pre-Filled Device",In Review,Ready to Use Approved,S2 - Monthly Consumption,2028-06,379238.0
Malawi,MOH Supply Plan,"Medroxyprogesterone Acetate 104 mg/0.65 mL, Subcutaneous, Pre-Filled Device",In Review,Ready to Use Approved,S2 - Monthly Consumption,2028-07,379238.0
Malawi,MOH Supply Plan,"Medroxyprogesterone Acetate 104 mg/0.65 mL, Subcutaneous, Pre-Filled Device",In Review,Ready to Use Approved,S2 - Monthly Consumption,2028-08,379238.0
Malawi,MOH Supply Plan,"Medroxyprogesterone Acetate 104 mg/0.65 mL, Subcutaneous, Pre-Filled Device",In Review,Ready to Use Approved,S2 - Projected Supplies,2026-08,1082175.0
Malawi,MOH Supply Plan,"Medroxyprogesterone Acetate 104 mg/0.65 mL, Subcutaneous, Pre-Filled Device",In Review,Ready to Use Approved,S2 - Projected Inventory,2026-02,0.0
Malawi,MOH Supply Plan,"Medroxyprogesterone Acetate 104 mg/0.65 mL, Subcutaneous, Pre-Filled Device",In Review,Ready to Use Approved,S2 - Projected Inventory,2026-03,0.0
Malawi,MOH Supply Plan,"Medroxyprogesterone Acetate 104 mg/0.65 mL, Subcutaneous, Pre-Filled Device",In Review,Ready to Use Approved,S2 - Projected Inventory,2026-04,0.0
Malawi,MOH Supply Plan,"Medroxyprogesterone Acetate 104 mg/0.65 mL, Subcutaneous, Pre-Filled Device",In Review,Ready to Use Approved,S2 - Projected Inventory,2026-05,0.0
Malawi,MOH Supply Plan,"Medroxyprogesterone Acetate 104 mg/0.65 mL, Subcutaneous, Pre-Filled Device",In Review,Ready to Use Approved,S2 - Projected Inventory,2026-06,994004.0
Malawi,MOH Supply Plan,"Medroxyprogesterone Acetate 104 mg/0.65 mL, Subcutaneous, Pre-Filled Device",In Review,Ready to Use Approved,S2 - Projected Inventory,2026-07,614766.0
Malawi,MOH Supply Plan,"Medroxyprogesterone Acetate 104 mg/0.65 mL, Subcutaneous, Pre-Filled Device",In Review,Ready to Use Approved,S2 - Projected Inventory,2026-08,1317703.0
Malawi,MOH Supply Plan,"Medroxyprogesterone Acetate 104 mg/0.65 mL, Subcutaneous, Pre-Filled Device",In Review,Ready to Use Approved,S2 - Projected Inventory,2026-09,938465.0
Malawi,MOH Supply Plan,"Medroxyprogesterone Acetate 104 mg/0.65 mL, Subcutaneous, Pre-Filled Device",In Review,Ready to Use Approved,S2 - Projected Inventory,2026-10,559227.0
Malawi,MOH Supply Plan,"Medroxyprogesterone Acetate 104 mg/0.65 mL, Subcutaneous, Pre-Filled Device",In Review,Ready to Use Approved,S2 - Projected Inventory,2026-11,179989.0
Malawi,MOH Supply Plan,"Medroxyprogesterone Acetate 104 mg/0.65 mL, Subcutaneous, Pre-Filled Device",In Review,Ready to Use Approved,S2 - Projected Inventory,2026-12,0.0
Malawi,MOH Supply Plan,"Medroxyprogesterone Acetate 104 mg/0.65 mL, Subcutaneous, Pre-Filled Device",In Review,Ready to Use Approved,S2 - Projected Inventory,2027-01,0.0
Malawi,MOH Supply Plan,"Medroxyprogesterone Acetate 104 mg/0.65 mL, Subcutaneous, Pre-Filled Device",In Review,Ready to Use Approved,S2 - Projected Inventory,2027-02,0.0
Malawi,MOH Supply Plan,"Medroxyprogesterone Acetate 104 mg/0.65 mL, Subcutaneous, Pre-Filled Device",In Review,Ready to Use Approved,S2 - Projected Inventory,2027-03,0.0
Malawi,MOH Supply Plan,"Medroxyprogesterone Acetate 104 mg/0.65 mL, Subcutaneous, Pre-Filled Device",In Review,Ready to Use Approved,S2 - Projected Inventory,2027-04,0.0
Malawi,MOH Supply Plan,"Medroxyprogesterone Acetate 104 mg/0.65 mL, Subcutaneous, Pre-Filled Device",In Review,Ready to Use Approved,S2 - Projected Inventory,2027-05,0.0
Malawi,MOH Supply Plan,"Medroxyprogesterone Acetate 104 mg/0.65 mL, Subcutaneous, Pre-Filled Device",In Review,Ready to Use Approved,S2 - Projected Inventory,2027-06,0.0
Malawi,MOH Supply Plan,"Medroxyprogesterone Acetate 104 mg/0.65 mL, Subcutaneous, Pre-Filled Device",In Review,Ready to Use Approved,S2 - Projected Inventory,2027-07,0.0
Malawi,MOH Supply Plan,"Medroxyprogesterone Acetate 104 mg/0.65 mL, Subcutaneous, Pre-Filled Device",In Review,Ready to Use Approved,S2 - Projected Inventory,2027-08,0.0
Malawi,MOH Supply Plan,"Medroxyprogesterone Acetate 104 mg/0.65 mL, Subcutaneous, Pre-Filled Device",In Review,Ready to Use Approved,S2 - Projected Inventory,2027-09,0.0
Malawi,MOH Supply Plan,"Medroxyprogesterone Acetate 104 mg/0.65 mL, Subcutaneous, Pre-Filled Device",In Review,Ready to Use Approved,S2 - Projected Inventory,2027-10,0.0
Malawi,MOH Supply Plan,"Medroxyprogesterone Acetate 104 mg/0.65 mL, Subcutaneous, Pre-Filled Device",In Review,Ready to Use Approved,S2 - Projected Inventory,2027-11,0.0
Malawi,MOH Supply Plan,"Medroxyprogesterone Acetate 104 mg/0.65 mL, Subcutaneous, Pre-Filled Device",In Review,Ready to Use Approved,S2 - Projected Inventory,2027-12,0.0
Malawi,MOH Supply Plan,"Medroxyprogesterone Acetate 104 mg/0.65 mL, Subcutaneous, Pre-Filled Device",In Review,Ready to Use Approved,S2 - Projected Inventory,2028-01,0.0
Malawi,MOH Supply Plan,"Medroxyprogesterone Acetate 104 mg/0.65 mL, Subcutaneous, Pre-Filled Device",In Review,Ready to Use Approved,S2 - Projected Inventory,2028-02,0.0
Malawi,MOH Supply Plan,"Medroxyprogesterone Acetate 104 mg/0.65 mL, Subcutaneous, Pre-Filled Device",In Review,Ready to Use Approved,S2 - Projected Inventory,2028-03,0.0
Malawi,MOH Supply Plan,"Medroxyprogesterone Acetate 104 mg/0.65 mL, Subcutaneous, Pre-Filled Device",In Review,Ready to Use Approved,S2 - Projected Inventory,2028-04,0.0
Malawi,MOH Supply Plan,"Medroxyprogesterone Acetate 104 mg/0.65 mL, Subcutaneous, Pre-Filled Device",In Review,Ready to Use Approved,S2 - Projected Inventory,2028-05,0.0
Malawi,MOH Supply Plan,"Medroxyprogesterone Acetate 104 mg/0.65 mL, Subcutaneous, Pre-Filled Device",In Review,Ready to Use Approved,S2 - Projected Inventory,2028-06,0.0
Malawi,MOH Supply Plan,"Medroxyprogesterone Acetate 104 mg/0.65 mL, Subcutaneous, Pre-Filled Device",In Review,Ready to Use Approved,S2 - Projected Inventory,2028-07,0.0
Malawi,MOH Supply Plan,"Medroxyprogesterone Acetate 104 mg/0.65 mL, Subcutaneous, Pre-Filled Device",In Review,Ready to Use Approved,S2 - Projected Inventory,2028-08,0.0
Malawi,MOH Supply Plan,"Medroxyprogesterone Acetate 104 mg/0.65 mL, Subcutaneous, Pre-Filled Device",In Review,Ready to Use Approved,S2 - Projected MOS,2026-02,0.0
Malawi,MOH Supply Plan,"Medroxyprogesterone Acetate 104 mg/0.65 mL, Subcutaneous, Pre-Filled Device",In Review,Ready to Use Approved,S2 - Projected MOS,2026-03,0.0
Malawi,MOH Supply Plan,"Medroxyprogesterone Acetate 104 mg/0.65 mL, Subcutaneous, Pre-Filled Device",In Review,Ready to Use Approved,S2 - Projected MOS,2026-04,0.0
Malawi,MOH Supply Plan,"Medroxyprogesterone Acetate 104 mg/0.65 mL, Subcutaneous, Pre-Filled Device",In Review,Ready to Use Approved,S2 - Projected MOS,2026-05,0.0
Malawi,MOH Supply Plan,"Medroxyprogesterone Acetate 104 mg/0.65 mL, Subcutaneous, Pre-Filled Device",In Review,Ready to Use Approved,S2 - Projected MOS,2026-06,2.6
Malawi,MOH Supply Plan,"Medroxyprogesterone Acetate 104 mg/0.65 mL, Subcutaneous, Pre-Filled Device",In Review,Ready to Use Approved,S2 - Projected MOS,2026-07,1.6
Malawi,MOH Supply Plan,"Medroxyprogesterone Acetate 104 mg/0.65 mL, Subcutaneous, Pre-Filled Device",In Review,Ready to Use Approved,S2 - Projected MOS,2026-08,3.5
Malawi,MOH Supply Plan,"Medroxyprogesterone Acetate 104 mg/0.65 mL, Subcutaneous, Pre-Filled Device",In Review,Ready to Use Approved,S2 - Projected MOS,2026-09,2.5
Malawi,MOH Supply Plan,"Medroxyprogesterone Acetate 104 mg/0.65 mL, Subcutaneous, Pre-Filled Device",In Review,Ready to Use Approved,S2 - Projected MOS,2026-10,1.5
Malawi,MOH Supply Plan,"Medroxyprogesterone Acetate 104 mg/0.65 mL, Subcutaneous, Pre-Filled Device",In Review,Ready to Use Approved,S2 - Projected MOS,2026-11,0.5
Malawi,MOH Supply Plan,"Medroxyprogesterone Acetate 104 mg/0.65 mL, Subcutaneous, Pre-Filled Device",In Review,Ready to Use Approved,S2 - Projected MOS,2026-12,0.0
Malawi,MOH Supply Plan,"Medroxyprogesterone Acetate 104 mg/0.65 mL, Subcutaneous, Pre-Filled Device",In Review,Ready to Use Approved,S2 - Projected MOS,2027-01,0.0
Malawi,MOH Supply Plan,"Medroxyprogesterone Acetate 104 mg/0.65 mL, Subcutaneous, Pre-Filled Device",In Review,Ready to Use Approved,S2 - Projected MOS,2027-02,0.0
Malawi,MOH Supply Plan,"Medroxyprogesterone Acetate 104 mg/0.65 mL, Subcutaneous, Pre-Filled Device",In Review,Ready to Use Approved,S2 - Projected MOS,2027-03,0.0
Malawi,MOH Supply Plan,"Medroxyprogesterone Acetate 104 mg/0.65 mL, Subcutaneous, Pre-Filled Device",In Review,Ready to Use Approved,S2 - Projected MOS,2027-04,0.0
Malawi,MOH Supply Plan,"Medroxyprogesterone Acetate 104 mg/0.65 mL, Subcutaneous, Pre-Filled Device",In Review,Ready to Use Approved,S2 - Projected MOS,2027-05,0.0
Malawi,MOH Supply Plan,"Medroxyprogesterone Acetate 104 mg/0.65 mL, Subcutaneous, Pre-Filled Device",In Review,Ready to Use Approved,S2 - Projected MOS,2027-06,0.0
Malawi,MOH Supply Plan,"Medroxyprogesterone Acetate 104 mg/0.65 mL, Subcutaneous, Pre-Filled Device",In Review,Ready to Use Approved,S2 - Projected MOS,2027-07,0.0
Malawi,MOH Supply Plan,"Medroxyprogesterone Acetate 104 mg/0.65 mL, Subcutaneous, Pre-Filled Device",In Review,Ready to Use Approved,S2 - Projected MOS,2027-08,0.0
Malawi,MOH Supply Plan,"Medroxyprogesterone Acetate 104 mg/0.65 mL, Subcutaneous, Pre-Filled Device",In Review,Ready to Use Approved,S2 - Projected MOS,2027-09,0.0
Malawi,MOH Supply Plan,"Medroxyprogesterone Acetate 104 mg/0.65 mL, Subcutaneous, Pre-Filled Device",In Review,Ready to Use Approved,S2 - Projected MOS,2027-10,0.0
Malawi,MOH Supply Plan,"Medroxyprogesterone Acetate 104 mg/0.65 mL, Subcutaneous, Pre-Filled Device",In Review,Ready to Use Approved,S2 - Projected MOS,2027-11,0.0
Malawi,MOH Supply Plan,"Medroxyprogesterone Acetate 104 mg/0.65 mL, Subcutaneous, Pre-Filled Device",In Review,Ready to Use Approved,S2 - Projected MOS,2027-12,0.0
Malawi,MOH Supply Plan,"Medroxyprogesterone Acetate 104 mg/0.65 mL, Subcutaneous, Pre-Filled Device",In Review,Ready to Use Approved,S2 - Projected MOS,2028-01,0.0
Malawi,MOH Supply Plan,"Medroxyprogesterone Acetate 104 mg/0.65 mL, Subcutaneous, Pre-Filled Device",In Review,Ready to Use Approved,S2 - Projected MOS,2028-02,0.0
Malawi,MOH Supply Plan,"Medroxyprogesterone Acetate 104 mg/0.65 mL, Subcutaneous, Pre-Filled Device",In Review,Ready to Use Approved,S2 - Projected MOS,2028-03,0.0
Malawi,MOH Supply Plan,"Medroxyprogesterone Acetate 104 mg/0.65 mL, Subcutaneous, Pre-Filled Device",In Review,Ready to Use Approved,S2 - Projected MOS,2028-04,0.0
Malawi,MOH Supply Plan,"Medroxyprogesterone Acetate 104 mg/0.65 mL, Subcutaneous, Pre-Filled Device",In Review,Ready to Use Approved,S2 - Projected MOS,2028-05,0.0
Malawi,MOH Supply Plan,"Medroxyprogesterone Acetate 104 mg/0.65 mL, Subcutaneous, Pre-Filled Device",In Review,Ready to Use Approved,S2 - Projected MOS,2028-06,0.0
Malawi,MOH Supply Plan,"Medroxyprogesterone Acetate 104 mg/0.65 mL, Subcutaneous, Pre-Filled Device",In Review,Ready to Use Approved,S2 - Projected MOS,2028-07,0.0
Malawi,MOH Supply Plan,"Medroxyprogesterone Acetate 104 mg/0.65 mL, Subcutaneous, Pre-Filled Device",In Review,Ready to Use Approved,S2 - Projected MOS,2028-08,0.0
Malawi,MOH Supply Plan,"Medroxyprogesterone Acetate 104 mg/0.65 mL, Subcutaneous, Pre-Filled Device",In Review,Ready to Use Approved,Inventory Upload Notification,2026-06,994004.0
Malawi,MOH Supply Plan,"Medroxyprogesterone Acetate 150 mg/mL (1 mL) Vial, Intramuscular",In Review,Ready to Use Approved,Monthly Consumption,2026-02,336013.0
Malawi,MOH Supply Plan,"Medroxyprogesterone Acetate 150 mg/mL (1 mL) Vial, Intramuscular",In Review,Ready to Use Approved,Monthly Consumption,2026-03,351522.0
Malawi,MOH Supply Plan,"Medroxyprogesterone Acetate 150 mg/mL (1 mL) Vial, Intramuscular",In Review,Ready to Use Approved,Monthly Consumption,2026-04,342399.0
Malawi,MOH Supply Plan,"Medroxyprogesterone Acetate 150 mg/mL (1 mL) Vial, Intramuscular",In Review,Ready to Use Approved,Monthly Consumption,2026-05,342399.0
Malawi,MOH Supply Plan,"Medroxyprogesterone Acetate 150 mg/mL (1 mL) Vial, Intramuscular",In Review,Ready to Use Approved,Monthly Consumption,2026-06,342399.0
Malawi,MOH Supply Plan,"Medroxyprogesterone Acetate 150 mg/mL (1 mL) Vial, Intramuscular",In Review,Ready to Use Approved,Monthly Consumption,2026-07,342399.0
Malawi,MOH Supply Plan,"Medroxyprogesterone Acetate 150 mg/mL (1 mL) Vial, Intramuscular",In Review,Ready to Use Approved,Monthly Consumption,2026-08,342399.0
Malawi,MOH Supply Plan,"Medroxyprogesterone Acetate 150 mg/mL (1 mL) Vial, Intramuscular",In Review,Ready to Use Approved,Monthly Consumption,2026-09,342399.0
Malawi,MOH Supply Plan,"Medroxyprogesterone Acetate 150 mg/mL (1 mL) Vial, Intramuscular",In Review,Ready to Use Approved,Monthly Consumption,2026-10,342399.0
Malawi,MOH Supply Plan,"Medroxyprogesterone Acetate 150 mg/mL (1 mL) Vial, Intramuscular",In Review,Ready to Use Approved,Monthly Consumption,2026-11,342399.0
Malawi,MOH Supply Plan,"Medroxyprogesterone Acetate 150 mg/mL (1 mL) Vial, Intramuscular",In Review,Ready to Use Approved,Monthly Consumption,2026-12,342399.0
Malawi,MOH Supply Plan,"Medroxyprogesterone Acetate 150 mg/mL (1 mL) Vial, Intramuscular",In Review,Ready to Use Approved,Monthly Consumption,2027-01,360717.0
Malawi,MOH Supply Plan,"Medroxyprogesterone Acetate 150 mg/mL (1 mL) Vial, Intramuscular",In Review,Ready to Use Approved,Monthly Consumption,2027-02,360717.0
Malawi,MOH Supply Plan,"Medroxyprogesterone Acetate 150 mg/mL (1 mL) Vial, Intramuscular",In Review,Ready to Use Approved,Monthly Consumption,2027-03,360717.0
Malawi,MOH Supply Plan,"Medroxyprogesterone Acetate 150 mg/mL (1 mL) Vial, Intramuscular",In Review,Ready to Use Approved,Monthly Consumption,2027-04,360717.0
Malawi,MOH Supply Plan,"Medroxyprogesterone Acetate 150 mg/mL (1 mL) Vial, Intramuscular",In Review,Ready to Use Approved,Monthly Consumption,2027-05,360717.0
Malawi,MOH Supply Plan,"Medroxyprogesterone Acetate 150 mg/mL (1 mL) Vial, Intramuscular",In Review,Ready to Use Approved,Monthly Consumption,2027-06,360717.0
Malawi,MOH Supply Plan,"Medroxyprogesterone Acetate 150 mg/mL (1 mL) Vial, Intramuscular",In Review,Ready to Use Approved,Monthly Consumption,2027-07,360717.0
Malawi,MOH Supply Plan,"Medroxyprogesterone Acetate 150 mg/mL (1 mL) Vial, Intramuscular",In Review,Ready to Use Approved,Monthly Consumption,2027-08,360717.0
Malawi,MOH Supply Plan,"Medroxyprogesterone Acetate 150 mg/mL (1 mL) Vial, Intramuscular",In Review,Ready to Use Approved,Monthly Consumption,2027-09,360717.0
Malawi,MOH Supply Plan,"Medroxyprogesterone Acetate 150 mg/mL (1 mL) Vial, Intramuscular",In Review,Ready to Use Approved,Monthly Consumption,2027-10,360717.0
Malawi,MOH Supply Plan,"Medroxyprogesterone Acetate 150 mg/mL (1 mL) Vial, Intramuscular",In Review,Ready to Use Approved,Monthly Consumption,2027-11,360717.0
Malawi,MOH Supply Plan,"Medroxyprogesterone Acetate 150 mg/mL (1 mL) Vial, Intramuscular",In Review,Ready to Use Approved,Monthly Consumption,2027-12,360717.0
Malawi,MOH Supply Plan,"Medroxyprogesterone Acetate 150 mg/mL (1 mL) Vial, Intramuscular",In Review,Ready to Use Approved,Monthly Consumption,2028-01,374428.0
Malawi,MOH Supply Plan,"Medroxyprogesterone Acetate 150 mg/mL (1 mL) Vial, Intramuscular",In Review,Ready to Use Approved,Monthly Consumption,2028-02,374428.0
Malawi,MOH Supply Plan,"Medroxyprogesterone Acetate 150 mg/mL (1 mL) Vial, Intramuscular",In Review,Ready to Use Approved,Monthly Consumption,2028-03,374428.0
Malawi,MOH Supply Plan,"Medroxyprogesterone Acetate 150 mg/mL (1 mL) Vial, Intramuscular",In Review,Ready to Use Approved,Monthly Consumption,2028-04,374428.0
Malawi,MOH Supply Plan,"Medroxyprogesterone Acetate 150 mg/mL (1 mL) Vial, Intramuscular",In Review,Ready to Use Approved,Monthly Consumption,2028-05,374428.0
Malawi,MOH Supply Plan,"Medroxyprogesterone Acetate 150 mg/mL (1 mL) Vial, Intramuscular",In Review,Ready to Use Approved,Monthly Consumption,2028-06,374428.0
Malawi,MOH Supply Plan,"Medroxyprogesterone Acetate 150 mg/mL (1 mL) Vial, Intramuscular",In Review,Ready to Use Approved,Monthly Consumption,2028-07,374428.0
Malawi,MOH Supply Plan,"Medroxyprogesterone Acetate 150 mg/mL (1 mL) Vial, Intramuscular",In Review,Ready to Use Approved,Monthly Consumption,2028-08,374428.0
Malawi,MOH Supply Plan,"Medroxyprogesterone Acetate 150 mg/mL (1 mL) Vial, Intramuscular",In Review,Ready to Use Approved,Prev. Monthly Consumption,2026-02,336013.0
Malawi,MOH Supply Plan,"Medroxyprogesterone Acetate 150 mg/mL (1 mL) Vial, Intramuscular",In Review,Ready to Use Approved,Prev. Monthly Consumption,2026-03,351522.0
Malawi,MOH Supply Plan,"Medroxyprogesterone Acetate 150 mg/mL (1 mL) Vial, Intramuscular",In Review,Ready to Use Approved,Prev. Monthly Consumption,2026-04,357108.0
Malawi,MOH Supply Plan,"Medroxyprogesterone Acetate 150 mg/mL (1 mL) Vial, Intramuscular",In Review,Ready to Use Approved,Prev. Monthly Consumption,2026-05,342399.0
Malawi,MOH Supply Plan,"Medroxyprogesterone Acetate 150 mg/mL (1 mL) Vial, Intramuscular",In Review,Ready to Use Approved,Prev. Monthly Consumption,2026-06,342399.0
Malawi,MOH Supply Plan,"Medroxyprogesterone Acetate 150 mg/mL (1 mL) Vial, Intramuscular",In Review,Ready to Use Approved,Prev. Monthly Consumption,2026-07,342399.0
Malawi,MOH Supply Plan,"Medroxyprogesterone Acetate 150 mg/mL (1 mL) Vial, Intramuscular",In Review,Ready to Use Approved,Prev. Monthly Consumption,2026-08,342399.0
Malawi,MOH Supply Plan,"Medroxyprogesterone Acetate 150 mg/mL (1 mL) Vial, Intramuscular",In Review,Ready to Use Approved,Prev. Monthly Consumption,2026-09,342399.0
Malawi,MOH Supply Plan,"Medroxyprogesterone Acetate 150 mg/mL (1 mL) Vial, Intramuscular",In Review,Ready to Use Approved,Prev. Monthly Consumption,2026-10,342399.0
Malawi,MOH Supply Plan,"Medroxyprogesterone Acetate 150 mg/mL (1 mL) Vial, Intramuscular",In Review,Ready to Use Approved,Prev. Monthly Consumption,2026-11,342399.0
Malawi,MOH Supply Plan,"Medroxyprogesterone Acetate 150 mg/mL (1 mL) Vial, Intramuscular",In Review,Ready to Use Approved,Prev. Monthly Consumption,2026-12,342399.0
Malawi,MOH Supply Plan,"Medroxyprogesterone Acetate 150 mg/mL (1 mL) Vial, Intramuscular",In Review,Ready to Use Approved,Prev. Monthly Consumption,2027-01,360717.0
Malawi,MOH Supply Plan,"Medroxyprogesterone Acetate 150 mg/mL (1 mL) Vial, Intramuscular",In Review,Ready to Use Approved,Prev. Monthly Consumption,2027-02,360717.0
Malawi,MOH Supply Plan,"Medroxyprogesterone Acetate 150 mg/mL (1 mL) Vial, Intramuscular",In Review,Ready to Use Approved,Prev. Monthly Consumption,2027-03,360717.0
Malawi,MOH Supply Plan,"Medroxyprogesterone Acetate 150 mg/mL (1 mL) Vial, Intramuscular",In Review,Ready to Use Approved,Prev. Monthly Consumption,2027-04,360717.0
Malawi,MOH Supply Plan,"Medroxyprogesterone Acetate 150 mg/mL (1 mL) Vial, Intramuscular",In Review,Ready to Use Approved,Prev. Monthly Consumption,2027-05,360717.0
Malawi,MOH Supply Plan,"Medroxyprogesterone Acetate 150 mg/mL (1 mL) Vial, Intramuscular",In Review,Ready to Use Approved,Prev. Monthly Consumption,2027-06,360717.0
Malawi,MOH Supply Plan,"Medroxyprogesterone Acetate 150 mg/mL (1 mL) Vial, Intramuscular",In Review,Ready to Use Approved,Prev. Monthly Consumption,2027-07,360717.0
Malawi,MOH Supply Plan,"Medroxyprogesterone Acetate 150 mg/mL (1 mL) Vial, Intramuscular",In Review,Ready to Use Approved,Prev. Monthly Consumption,2027-08,360717.0
Malawi,MOH Supply Plan,"Medroxyprogesterone Acetate 150 mg/mL (1 mL) Vial, Intramuscular",In Review,Ready to Use Approved,Prev. Monthly Consumption,2027-09,360717.0
Malawi,MOH Supply Plan,"Medroxyprogesterone Acetate 150 mg/mL (1 mL) Vial, Intramuscular",In Review,Ready to Use Approved,Prev. Monthly Consumption,2027-10,360717.0
Malawi,MOH Supply Plan,"Medroxyprogesterone Acetate 150 mg/mL (1 mL) Vial, Intramuscular",In Review,Ready to Use Approved,Prev. Monthly Consumption,2027-11,360717.0
Malawi,MOH Supply Plan,"Medroxyprogesterone Acetate 150 mg/mL (1 mL) Vial, Intramuscular",In Review,Ready to Use Approved,Prev. Monthly Consumption,2027-12,360717.0
Malawi,MOH Supply Plan,"Medroxyprogesterone Acetate 150 mg/mL (1 mL) Vial, Intramuscular",In Review,Ready to Use Approved,Prev. Monthly Consumption,2028-01,374428.0
Malawi,MOH Supply Plan,"Medroxyprogesterone Acetate 150 mg/mL (1 mL) Vial, Intramuscular",In Review,Ready to Use Approved,Prev. Monthly Consumption,2028-02,374428.0
Malawi,MOH Supply Plan,"Medroxyprogesterone Acetate 150 mg/mL (1 mL) Vial, Intramuscular",In Review,Ready to Use Approved,Prev. Monthly Consumption,2028-03,374428.0
Malawi,MOH Supply Plan,"Medroxyprogesterone Acetate 150 mg/mL (1 mL) Vial, Intramuscular",In Review,Ready to Use Approved,Prev. Monthly Consumption,2028-04,374428.0
Malawi,MOH Supply Plan,"Medroxyprogesterone Acetate 150 mg/mL (1 mL) Vial, Intramuscular",In Review,Ready to Use Approved,Prev. Monthly Consumption,2028-05,374428.0
Malawi,MOH Supply Plan,"Medroxyprogesterone Acetate 150 mg/mL (1 mL) Vial, Intramuscular",In Review,Ready to Use Approved,Prev. Monthly Consumption,2028-06,374428.0
Malawi,MOH Supply Plan,"Medroxyprogesterone Acetate 150 mg/mL (1 mL) Vial, Intramuscular",In Review,Ready to Use Approved,Prev. Monthly Consumption,2028-07,374428.0
Malawi,MOH Supply Plan,"Medroxyprogesterone Acetate 150 mg/mL (1 mL) Vial, Intramuscular",In Review,Ready to Use Approved,Prev. Monthly Consumption,2028-08,374428.0
Malawi,MOH Supply Plan,"Medroxyprogesterone Acetate 150 mg/mL (1 mL) Vial, Intramuscular",In Review,Ready to Use Approved,Supply Plan Inventory,2026-02,1469412.0
Malawi,MOH Supply Plan,"Medroxyprogesterone Acetate 150 mg/mL (1 mL) Vial, Intramuscular",In Review,Ready to Use Approved,Supply Plan Inventory,2026-03,2363804.0
Malawi,MOH Supply Plan,"Medroxyprogesterone Acetate 150 mg/mL (1 mL) Vial, Intramuscular",In Review,Ready to Use Approved,Supply Plan Inventory,2026-04,2021405.0
Malawi,MOH Supply Plan,"Medroxyprogesterone Acetate 150 mg/mL (1 mL) Vial, Intramuscular",In Review,Ready to Use Approved,Supply Plan Inventory,2026-05,2129006.0
Malawi,MOH Supply Plan,"Medroxyprogesterone Acetate 150 mg/mL (1 mL) Vial, Intramuscular",In Review,Ready to Use Approved,Supply Plan Inventory,2026-06,1786607.0
Malawi,MOH Supply Plan,"Medroxyprogesterone Acetate 150 mg/mL (1 mL) Vial, Intramuscular",In Review,Ready to Use Approved,Supply Plan Inventory,2026-07,1444208.0
Malawi,MOH Supply Plan,"Medroxyprogesterone Acetate 150 mg/mL (1 mL) Vial, Intramuscular",In Review,Ready to Use Approved,Supply Plan Inventory,2026-08,1901809.0
Malawi,MOH Supply Plan,"Medroxyprogesterone Acetate 150 mg/mL (1 mL) Vial, Intramuscular",In Review,Ready to Use Approved,Supply Plan Inventory,2026-09,1559410.0
Malawi,MOH Supply Plan,"Medroxyprogesterone Acetate 150 mg/mL (1 mL) Vial, Intramuscular",In Review,Ready to Use Approved,Supply Plan Inventory,2026-10,5135985.0
Malawi,MOH Supply Plan,"Medroxyprogesterone Acetate 150 mg/mL (1 mL) Vial, Intramuscular",In Review,Ready to Use Approved,Supply Plan Inventory,2026-11,4793586.0
Malawi,MOH Supply Plan,"Medroxyprogesterone Acetate 150 mg/mL (1 mL) Vial, Intramuscular",In Review,Ready to Use Approved,Supply Plan Inventory,2026-12,4451187.0
Malawi,MOH Supply Plan,"Medroxyprogesterone Acetate 150 mg/mL (1 mL) Vial, Intramuscular",In Review,Ready to Use Approved,Supply Plan Inventory,2027-01,4090470.0
Malawi,MOH Supply Plan,"Medroxyprogesterone Acetate 150 mg/mL (1 mL) Vial, Intramuscular",In Review,Ready to Use Approved,Supply Plan Inventory,2027-02,3729753.0
Malawi,MOH Supply Plan,"Medroxyprogesterone Acetate 150 mg/mL (1 mL) Vial, Intramuscular",In Review,Ready to Use Approved,Supply Plan Inventory,2027-03,3369036.0
Malawi,MOH Supply Plan,"Medroxyprogesterone Acetate 150 mg/mL (1 mL) Vial, Intramuscular",In Review,Ready to Use Approved,Supply Plan Inventory,2027-04,3008319.0
Malawi,MOH Supply Plan,"Medroxyprogesterone Acetate 150 mg/mL (1 mL) Vial, Intramuscular",In Review,Ready to Use Approved,Supply Plan Inventory,2027-05,2647602.0
Malawi,MOH Supply Plan,"Medroxyprogesterone Acetate 150 mg/mL (1 mL) Vial, Intramuscular",In Review,Ready to Use Approved,Supply Plan Inventory,2027-06,5410755.0
Malawi,MOH Supply Plan,"Medroxyprogesterone Acetate 150 mg/mL (1 mL) Vial, Intramuscular",In Review,Ready to Use Approved,Supply Plan Inventory,2027-07,5050038.0
Malawi,MOH Supply Plan,"Medroxyprogesterone Acetate 150 mg/mL (1 mL) Vial, Intramuscular",In Review,Ready to Use Approved,Supply Plan Inventory,2027-08,4689321.0
Malawi,MOH Supply Plan,"Medroxyprogesterone Acetate 150 mg/mL (1 mL) Vial, Intramuscular",In Review,Ready to Use Approved,Supply Plan Inventory,2027-09,4328604.0
Malawi,MOH Supply Plan,"Medroxyprogesterone Acetate 150 mg/mL (1 mL) Vial, Intramuscular",In Review,Ready to Use Approved,Supply Plan Inventory,2027-10,3967887.0
Malawi,MOH Supply Plan,"Medroxyprogesterone Acetate 150 mg/mL (1 mL) Vial, Intramuscular",In Review,Ready to Use Approved,Supply Plan Inventory,2027-11,3607170.0
Malawi,MOH Supply Plan,"Medroxyprogesterone Acetate 150 mg/mL (1 mL) Vial, Intramuscular",In Review,Ready to Use Approved,Supply Plan Inventory,2027-12,3246453.0
Malawi,MOH Supply Plan,"Medroxyprogesterone Acetate 150 mg/mL (1 mL) Vial, Intramuscular",In Review,Ready to Use Approved,Supply Plan Inventory,2028-01,2872025.0
Malawi,MOH Supply Plan,"Medroxyprogesterone Acetate 150 mg/mL (1 mL) Vial, Intramuscular",In Review,Ready to Use Approved,Supply Plan Inventory,2028-02,5513588.0
Malawi,MOH Supply Plan,"Medroxyprogesterone Acetate 150 mg/mL (1 mL) Vial, Intramuscular",In Review,Ready to Use Approved,Supply Plan Inventory,2028-03,5139160.0
Malawi,MOH Supply Plan,"Medroxyprogesterone Acetate 150 mg/mL (1 mL) Vial, Intramuscular",In Review,Ready to Use Approved,Supply Plan Inventory,2028-04,4764732.0
Malawi,MOH Supply Plan,"Medroxyprogesterone Acetate 150 mg/mL (1 mL) Vial, Intramuscular",In Review,Ready to Use Approved,Supply Plan Inventory,2028-05,4390304.0
Malawi,MOH Supply Plan,"Medroxyprogesterone Acetate 150 mg/mL (1 mL) Vial, Intramuscular",In Review,Ready to Use Approved,Supply Plan Inventory,2028-06,4015876.0
Malawi,MOH Supply Plan,"Medroxyprogesterone Acetate 150 mg/mL (1 mL) Vial, Intramuscular",In Review,Ready to Use Approved,Supply Plan Inventory,2028-07,3641448.0
Malawi,MOH Supply Plan,"Medroxyprogesterone Acetate 150 mg/mL (1 mL) Vial, Intramuscular",In Review,Ready to Use Approved,Supply Plan Inventory,2028-08,3267020.0
Malawi,MOH Supply Plan,"Medroxyprogesterone Acetate 150 mg/mL (1 mL) Vial, Intramuscular",In Review,Ready to Use Approved,Monthly Inventory,2026-02,1469372.0
Malawi,MOH Supply Plan,"Medroxyprogesterone Acetate 150 mg/mL (1 mL) Vial, Intramuscular",In Review,Ready to Use Approved,Monthly Inventory,2026-03,2363804.0
Malawi,MOH Supply Plan,"Medroxyprogesterone Acetate 150 mg/mL (1 mL) Vial, Intramuscular",In Review,Ready to Use Approved,Monthly Inventory,2026-04,2238207.0
Malawi,MOH Supply Plan,"Medroxyprogesterone Acetate 150 mg/mL (1 mL) Vial, Intramuscular",In Review,Ready to Use Approved,Monthly Inventory,2026-05,1971633.0
Malawi,MOH Supply Plan,"Medroxyprogesterone Acetate 150 mg/mL (1 mL) Vial, Intramuscular",In Review,Ready to Use Approved,Monthly Inventory,2026-06,630396.0
Malawi,MOH Supply Plan,"Medroxyprogesterone Acetate 150 mg/mL (1 mL) Vial, Intramuscular",In Review,Ready to Use Approved,Projected Inventory Adjustment,2026-02,60159.0
Malawi,MOH Supply Plan,"Medroxyprogesterone Acetate 150 mg/mL (1 mL) Vial, Intramuscular",In Review,Ready to Use Approved,Projected Inventory Adjustment,2026-03,745914.0
Malawi,MOH Supply Plan,"Medroxyprogesterone Acetate 150 mg/mL (1 mL) Vial, Intramuscular",In Review,Ready to Use Approved,Projected Inventory Adjustment,2026-04,0.0
Malawi,MOH Supply Plan,"Medroxyprogesterone Acetate 150 mg/mL (1 mL) Vial, Intramuscular",In Review,Ready to Use Approved,Projected Inventory Adjustment,2026-05,0.0
Malawi,MOH Supply Plan,"Medroxyprogesterone Acetate 150 mg/mL (1 mL) Vial, Intramuscular",In Review,Ready to Use Approved,Projected Inventory Adjustment,2026-06,0.0
Malawi,MOH Supply Plan,"Medroxyprogesterone Acetate 150 mg/mL (1 mL) Vial, Intramuscular",In Review,Ready to Use Approved,Projected Inventory Adjustment,2026-07,0.0
Malawi,MOH Supply Plan,"Medroxyprogesterone Acetate 150 mg/mL (1 mL) Vial, Intramuscular",In Review,Ready to Use Approved,Projected Inventory Adjustment,2026-08,0.0
Malawi,MOH Supply Plan,"Medroxyprogesterone Acetate 150 mg/mL (1 mL) Vial, Intramuscular",In Review,Ready to Use Approved,Projected Inventory Adjustment,2026-09,0.0
Malawi,MOH Supply Plan,"Medroxyprogesterone Acetate 150 mg/mL (1 mL) Vial, Intramuscular",In Review,Ready to Use Approved,Projected Inventory Adjustment,2026-10,0.0
Malawi,MOH Supply Plan,"Medroxyprogesterone Acetate 150 mg/mL (1 mL) Vial, Intramuscular",In Review,Ready to Use Approved,Projected Inventory Adjustment,2026-11,0.0
Malawi,MOH Supply Plan,"Medroxyprogesterone Acetate 150 mg/mL (1 mL) Vial, Intramuscular",In Review,Ready to Use Approved,Projected Inventory Adjustment,2026-12,0.0
Malawi,MOH Supply Plan,"Medroxyprogesterone Acetate 150 mg/mL (1 mL) Vial, Intramuscular",In Review,Ready to Use Approved,Projected Inventory Adjustment,2027-01,0.0
Malawi,MOH Supply Plan,"Medroxyprogesterone Acetate 150 mg/mL (1 mL) Vial, Intramuscular",In Review,Ready to Use Approved,Projected Inventory Adjustment,2027-02,0.0
Malawi,MOH Supply Plan,"Medroxyprogesterone Acetate 150 mg/mL (1 mL) Vial, Intramuscular",In Review,Ready to Use Approved,Projected Inventory Adjustment,2027-03,0.0
Malawi,MOH Supply Plan,"Medroxyprogesterone Acetate 150 mg/mL (1 mL) Vial, Intramuscular",In Review,Ready to Use Approved,Projected Inventory Adjustment,2027-04,0.0
Malawi,MOH Supply Plan,"Medroxyprogesterone Acetate 150 mg/mL (1 mL) Vial, Intramuscular",In Review,Ready to Use Approved,Projected Inventory Adjustment,2027-05,0.0
Malawi,MOH Supply Plan,"Medroxyprogesterone Acetate 150 mg/mL (1 mL) Vial, Intramuscular",In Review,Ready to Use Approved,Projected Inventory Adjustment,2027-06,0.0
Malawi,MOH Supply Plan,"Medroxyprogesterone Acetate 150 mg/mL (1 mL) Vial, Intramuscular",In Review,Ready to Use Approved,Projected Inventory Adjustment,2027-07,0.0
Malawi,MOH Supply Plan,"Medroxyprogesterone Acetate 150 mg/mL (1 mL) Vial, Intramuscular",In Review,Ready to Use Approved,Projected Inventory Adjustment,2027-08,0.0
Malawi,MOH Supply Plan,"Medroxyprogesterone Acetate 150 mg/mL (1 mL) Vial, Intramuscular",In Review,Ready to Use Approved,Projected Inventory Adjustment,2027-09,0.0
Malawi,MOH Supply Plan,"Medroxyprogesterone Acetate 150 mg/mL (1 mL) Vial, Intramuscular",In Review,Ready to Use Approved,Projected Inventory Adjustment,2027-10,0.0
Malawi,MOH Supply Plan,"Medroxyprogesterone Acetate 150 mg/mL (1 mL) Vial, Intramuscular",In Review,Ready to Use Approved,Projected Inventory Adjustment,2027-11,0.0
Malawi,MOH Supply Plan,"Medroxyprogesterone Acetate 150 mg/mL (1 mL) Vial, Intramuscular",In Review,Ready to Use Approved,Projected Inventory Adjustment,2027-12,0.0
Malawi,MOH Supply Plan,"Medroxyprogesterone Acetate 150 mg/mL (1 mL) Vial, Intramuscular",In Review,Ready to Use Approved,Projected Inventory Adjustment,2028-01,0.0
Malawi,MOH Supply Plan,"Medroxyprogesterone Acetate 150 mg/mL (1 mL) Vial, Intramuscular",In Review,Ready to Use Approved,Projected Inventory Adjustment,2028-02,0.0
Malawi,MOH Supply Plan,"Medroxyprogesterone Acetate 150 mg/mL (1 mL) Vial, Intramuscular",In Review,Ready to Use Approved,Projected Inventory Adjustment,2028-03,0.0
Malawi,MOH Supply Plan,"Medroxyprogesterone Acetate 150 mg/mL (1 mL) Vial, Intramuscular",In Review,Ready to Use Approved,Projected Inventory Adjustment,2028-04,0.0
Malawi,MOH Supply Plan,"Medroxyprogesterone Acetate 150 mg/mL (1 mL) Vial, Intramuscular",In Review,Ready to Use Approved,Projected Inventory Adjustment,2028-05,0.0
Malawi,MOH Supply Plan,"Medroxyprogesterone Acetate 150 mg/mL (1 mL) Vial, Intramuscular",In Review,Ready to Use Approved,Projected Inventory Adjustment,2028-06,0.0
Malawi,MOH Supply Plan,"Medroxyprogesterone Acetate 150 mg/mL (1 mL) Vial, Intramuscular",In Review,Ready to Use Approved,Projected Inventory Adjustment,2028-07,0.0
Malawi,MOH Supply Plan,"Medroxyprogesterone Acetate 150 mg/mL (1 mL) Vial, Intramuscular",In Review,Ready to Use Approved,Projected Inventory Adjustment,2028-08,0.0
Malawi,MOH Supply Plan,"Medroxyprogesterone Acetate 150 mg/mL (1 mL) Vial, Intramuscular",In Review,Ready to Use Approved,Expected Requirements,2026-03,500000.0
Malawi,MOH Supply Plan,"Medroxyprogesterone Acetate 150 mg/mL (1 mL) Vial, Intramuscular",In Review,Ready to Use Approved,Expected Requirements,2026-05,450000.0
Malawi,MOH Supply Plan,"Medroxyprogesterone Acetate 150 mg/mL (1 mL) Vial, Intramuscular",In Review,Ready to Use Approved,Expected Requirements,2026-08,800000.0
Malawi,MOH Supply Plan,"Medroxyprogesterone Acetate 150 mg/mL (1 mL) Vial, Intramuscular",In Review,Ready to Use Approved,Expected Requirements,2026-10,3918974.0
Malawi,MOH Supply Plan,"Medroxyprogesterone Acetate 150 mg/mL (1 mL) Vial, Intramuscular",In Review,Ready to Use Approved,Expected Requirements,2027-06,3123870.0
Malawi,MOH Supply Plan,"Medroxyprogesterone Acetate 150 mg/mL (1 mL) Vial, Intramuscular",In Review,Ready to Use Approved,Expected Requirements,2028-02,3015991.0
Malawi,MOH Supply Plan,"Medroxyprogesterone Acetate 150 mg/mL (1 mL) Vial, Intramuscular",In Review,Ready to Use Approved,Un-Shipped Orders,2026-08,800000.0
Malawi,MOH Supply Plan,"Medroxyprogesterone Acetate 150 mg/mL (1 mL) Vial, Intramuscular",In Review,Ready to Use Approved,In-Transit Shipments,2026-04,450000.0
Malawi,MOH Supply Plan,"Medroxyprogesterone Acetate 150 mg/mL (1 mL) Vial, Intramuscular",In Review,Ready to Use Approved,In-Transit Shipments,2026-09,700000.0
Malawi,MOH Supply Plan,"Medroxyprogesterone Acetate 150 mg/mL (1 mL) Vial, Intramuscular",In Review,Ready to Use Approved,Received Shipments,2026-03,500000.0
Malawi,MOH Supply Plan,"Medroxyprogesterone Acetate 150 mg/mL (1 mL) Vial, Intramuscular",In Review,Ready to Use Approved,Manual Adjustment,2026-04,-450000.0
Malawi,MOH Supply Plan,"Medroxyprogesterone Acetate 150 mg/mL (1 mL) Vial, Intramuscular",In Review,Ready to Use Approved,Manual Adjustment,2026-05,450000.0
Malawi,MOH Supply Plan,"Medroxyprogesterone Acetate 150 mg/mL (1 mL) Vial, Intramuscular",In Review,Ready to Use Approved,Projected Inventory,2026-02,0.0
Malawi,MOH Supply Plan,"Medroxyprogesterone Acetate 150 mg/mL (1 mL) Vial, Intramuscular",In Review,Ready to Use Approved,Projected Inventory,2026-03,0.0
Malawi,MOH Supply Plan,"Medroxyprogesterone Acetate 150 mg/mL (1 mL) Vial, Intramuscular",In Review,Ready to Use Approved,Projected Inventory,2026-04,0.0
Malawi,MOH Supply Plan,"Medroxyprogesterone Acetate 150 mg/mL (1 mL) Vial, Intramuscular",In Review,Ready to Use Approved,Projected Inventory,2026-05,0.0
Malawi,MOH Supply Plan,"Medroxyprogesterone Acetate 150 mg/mL (1 mL) Vial, Intramuscular",In Review,Ready to Use Approved,Projected Inventory,2026-06,630396.0
Malawi,MOH Supply Plan,"Medroxyprogesterone Acetate 150 mg/mL (1 mL) Vial, Intramuscular",In Review,Ready to Use Approved,Projected Inventory,2026-07,287997.0
Malawi,MOH Supply Plan,"Medroxyprogesterone Acetate 150 mg/mL (1 mL) Vial, Intramuscular",In Review,Ready to Use Approved,Projected Inventory,2026-08,745598.0
Malawi,MOH Supply Plan,"Medroxyprogesterone Acetate 150 mg/mL (1 mL) Vial, Intramuscular",In Review,Ready to Use Approved,Projected Inventory,2026-09,1103199.0
Malawi,MOH Supply Plan,"Medroxyprogesterone Acetate 150 mg/mL (1 mL) Vial, Intramuscular",In Review,Ready to Use Approved,Projected Inventory,2026-10,760800.0
Malawi,MOH Supply Plan,"Medroxyprogesterone Acetate 150 mg/mL (1 mL) Vial, Intramuscular",In Review,Ready to Use Approved,Projected Inventory,2026-11,418401.0
Malawi,MOH Supply Plan,"Medroxyprogesterone Acetate 150 mg/mL (1 mL) Vial, Intramuscular",In Review,Ready to Use Approved,Projected Inventory,2026-12,76002.0
Malawi,MOH Supply Plan,"Medroxyprogesterone Acetate 150 mg/mL (1 mL) Vial, Intramuscular",In Review,Ready to Use Approved,Projected Inventory,2027-01,0.0
Malawi,MOH Supply Plan,"Medroxyprogesterone Acetate 150 mg/mL (1 mL) Vial, Intramuscular",In Review,Ready to Use Approved,Projected Inventory,2027-02,0.0
Malawi,MOH Supply Plan,"Medroxyprogesterone Acetate 150 mg/mL (1 mL) Vial, Intramuscular",In Review,Ready to Use Approved,Projected Inventory,2027-03,0.0
Malawi,MOH Supply Plan,"Medroxyprogesterone Acetate 150 mg/mL (1 mL) Vial, Intramuscular",In Review,Ready to Use Approved,Projected Inventory,2027-04,0.0
Malawi,MOH Supply Plan,"Medroxyprogesterone Acetate 150 mg/mL (1 mL) Vial, Intramuscular",In Review,Ready to Use Approved,Projected Inventory,2027-05,0.0
Malawi,MOH Supply Plan,"Medroxyprogesterone Acetate 150 mg/mL (1 mL) Vial, Intramuscular",In Review,Ready to Use Approved,Projected Inventory,2027-06,0.0
Malawi,MOH Supply Plan,"Medroxyprogesterone Acetate 150 mg/mL (1 mL) Vial, Intramuscular",In Review,Ready to Use Approved,Projected Inventory,2027-07,0.0
Malawi,MOH Supply Plan,"Medroxyprogesterone Acetate 150 mg/mL (1 mL) Vial, Intramuscular",In Review,Ready to Use Approved,Projected Inventory,2027-08,0.0
Malawi,MOH Supply Plan,"Medroxyprogesterone Acetate 150 mg/mL (1 mL) Vial, Intramuscular",In Review,Ready to Use Approved,Projected Inventory,2027-09,0.0
Malawi,MOH Supply Plan,"Medroxyprogesterone Acetate 150 mg/mL (1 mL) Vial, Intramuscular",In Review,Ready to Use Approved,Projected Inventory,2027-10,0.0
Malawi,MOH Supply Plan,"Medroxyprogesterone Acetate 150 mg/mL (1 mL) Vial, Intramuscular",In Review,Ready to Use Approved,Projected Inventory,2027-11,0.0
Malawi,MOH Supply Plan,"Medroxyprogesterone Acetate 150 mg/mL (1 mL) Vial, Intramuscular",In Review,Ready to Use Approved,Projected Inventory,2027-12,0.0
Malawi,MOH Supply Plan,"Medroxyprogesterone Acetate 150 mg/mL (1 mL) Vial, Intramuscular",In Review,Ready to Use Approved,Projected Inventory,2028-01,0.0
Malawi,MOH Supply Plan,"Medroxyprogesterone Acetate 150 mg/mL (1 mL) Vial, Intramuscular",In Review,Ready to Use Approved,Projected Inventory,2028-02,0.0
Malawi,MOH Supply Plan,"Medroxyprogesterone Acetate 150 mg/mL (1 mL) Vial, Intramuscular",In Review,Ready to Use Approved,Projected Inventory,2028-03,0.0
Malawi,MOH Supply Plan,"Medroxyprogesterone Acetate 150 mg/mL (1 mL) Vial, Intramuscular",In Review,Ready to Use Approved,Projected Inventory,2028-04,0.0
Malawi,MOH Supply Plan,"Medroxyprogesterone Acetate 150 mg/mL (1 mL) Vial, Intramuscular",In Review,Ready to Use Approved,Projected Inventory,2028-05,0.0
Malawi,MOH Supply Plan,"Medroxyprogesterone Acetate 150 mg/mL (1 mL) Vial, Intramuscular",In Review,Ready to Use Approved,Projected Inventory,2028-06,0.0
Malawi,MOH Supply Plan,"Medroxyprogesterone Acetate 150 mg/mL (1 mL) Vial, Intramuscular",In Review,Ready to Use Approved,Projected Inventory,2028-07,0.0
Malawi,MOH Supply Plan,"Medroxyprogesterone Acetate 150 mg/mL (1 mL) Vial, Intramuscular",In Review,Ready to Use Approved,Projected Inventory,2028-08,0.0
Malawi,MOH Supply Plan,"Medroxyprogesterone Acetate 150 mg/mL (1 mL) Vial, Intramuscular",In Review,Ready to Use Approved,Projected MOS,2026-02,0.0
Malawi,MOH Supply Plan,"Medroxyprogesterone Acetate 150 mg/mL (1 mL) Vial, Intramuscular",In Review,Ready to Use Approved,Projected MOS,2026-03,0.0
Malawi,MOH Supply Plan,"Medroxyprogesterone Acetate 150 mg/mL (1 mL) Vial, Intramuscular",In Review,Ready to Use Approved,Projected MOS,2026-04,0.0
Malawi,MOH Supply Plan,"Medroxyprogesterone Acetate 150 mg/mL (1 mL) Vial, Intramuscular",In Review,Ready to Use Approved,Projected MOS,2026-05,0.0
Malawi,MOH Supply Plan,"Medroxyprogesterone Acetate 150 mg/mL (1 mL) Vial, Intramuscular",In Review,Ready to Use Approved,Projected MOS,2026-06,1.8
Malawi,MOH Supply Plan,"Medroxyprogesterone Acetate 150 mg/mL (1 mL) Vial, Intramuscular",In Review,Ready to Use Approved,Projected MOS,2026-07,0.8
Malawi,MOH Supply Plan,"Medroxyprogesterone Acetate 150 mg/mL (1 mL) Vial, Intramuscular",In Review,Ready to Use Approved,Projected MOS,2026-08,2.2
Malawi,MOH Supply Plan,"Medroxyprogesterone Acetate 150 mg/mL (1 mL) Vial, Intramuscular",In Review,Ready to Use Approved,Projected MOS,2026-09,3.2
Malawi,MOH Supply Plan,"Medroxyprogesterone Acetate 150 mg/mL (1 mL) Vial, Intramuscular",In Review,Ready to Use Approved,Projected MOS,2026-10,2.2
Malawi,MOH Supply Plan,"Medroxyprogesterone Acetate 150 mg/mL (1 mL) Vial, Intramuscular",In Review,Ready to Use Approved,Projected MOS,2026-11,1.2
Malawi,MOH Supply Plan,"Medroxyprogesterone Acetate 150 mg/mL (1 mL) Vial, Intramuscular",In Review,Ready to Use Approved,Projected MOS,2026-12,0.2
Malawi,MOH Supply Plan,"Medroxyprogesterone Acetate 150 mg/mL (1 mL) Vial, Intramuscular",In Review,Ready to Use Approved,Projected MOS,2027-01,0.0
Malawi,MOH Supply Plan,"Medroxyprogesterone Acetate 150 mg/mL (1 mL) Vial, Intramuscular",In Review,Ready to Use Approved,Projected MOS,2027-02,0.0
Malawi,MOH Supply Plan,"Medroxyprogesterone Acetate 150 mg/mL (1 mL) Vial, Intramuscular",In Review,Ready to Use Approved,Projected MOS,2027-03,0.0
Malawi,MOH Supply Plan,"Medroxyprogesterone Acetate 150 mg/mL (1 mL) Vial, Intramuscular",In Review,Ready to Use Approved,Projected MOS,2027-04,0.0
Malawi,MOH Supply Plan,"Medroxyprogesterone Acetate 150 mg/mL (1 mL) Vial, Intramuscular",In Review,Ready to Use Approved,Projected MOS,2027-05,0.0
Malawi,MOH Supply Plan,"Medroxyprogesterone Acetate 150 mg/mL (1 mL) Vial, Intramuscular",In Review,Ready to Use Approved,Projected MOS,2027-06,0.0
Malawi,MOH Supply Plan,"Medroxyprogesterone Acetate 150 mg/mL (1 mL) Vial, Intramuscular",In Review,Ready to Use Approved,Projected MOS,2027-07,0.0
Malawi,MOH Supply Plan,"Medroxyprogesterone Acetate 150 mg/mL (1 mL) Vial, Intramuscular",In Review,Ready to Use Approved,Projected MOS,2027-08,0.0
Malawi,MOH Supply Plan,"Medroxyprogesterone Acetate 150 mg/mL (1 mL) Vial, Intramuscular",In Review,Ready to Use Approved,Projected MOS,2027-09,0.0
Malawi,MOH Supply Plan,"Medroxyprogesterone Acetate 150 mg/mL (1 mL) Vial, Intramuscular",In Review,Ready to Use Approved,Projected MOS,2027-10,0.0
Malawi,MOH Supply Plan,"Medroxyprogesterone Acetate 150 mg/mL (1 mL) Vial, Intramuscular",In Review,Ready to Use Approved,Projected MOS,2027-11,0.0
Malawi,MOH Supply Plan,"Medroxyprogesterone Acetate 150 mg/mL (1 mL) Vial, Intramuscular",In Review,Ready to Use Approved,Projected MOS,2027-12,0.0
Malawi,MOH Supply Plan,"Medroxyprogesterone Acetate 150 mg/mL (1 mL) Vial, Intramuscular",In Review,Ready to Use Approved,Projected MOS,2028-01,0.0
Malawi,MOH Supply Plan,"Medroxyprogesterone Acetate 150 mg/mL (1 mL) Vial, Intramuscular",In Review,Ready to Use Approved,Projected MOS,2028-02,0.0
Malawi,MOH Supply Plan,"Medroxyprogesterone Acetate 150 mg/mL (1 mL) Vial, Intramuscular",In Review,Ready to Use Approved,Projected MOS,2028-03,0.0
Malawi,MOH Supply Plan,"Medroxyprogesterone Acetate 150 mg/mL (1 mL) Vial, Intramuscular",In Review,Ready to Use Approved,Projected MOS,2028-04,0.0
Malawi,MOH Supply Plan,"Medroxyprogesterone Acetate 150 mg/mL (1 mL) Vial, Intramuscular",In Review,Ready to Use Approved,Projected MOS,2028-05,0.0
Malawi,MOH Supply Plan,"Medroxyprogesterone Acetate 150 mg/mL (1 mL) Vial, Intramuscular",In Review,Ready to Use Approved,Projected MOS,2028-06,0.0
Malawi,MOH Supply Plan,"Medroxyprogesterone Acetate 150 mg/mL (1 mL) Vial, Intramuscular",In Review,Ready to Use Approved,Projected MOS,2028-07,0.0
Malawi,MOH Supply Plan,"Medroxyprogesterone Acetate 150 mg/mL (1 mL) Vial, Intramuscular",In Review,Ready to Use Approved,Projected MOS,2028-08,0.0
Malawi,MOH Supply Plan,"Medroxyprogesterone Acetate 150 mg/mL (1 mL) Vial, Intramuscular",In Review,Ready to Use Approved,Projected MOS below min MOS Alert,2026-02,0.0
Malawi,MOH Supply Plan,"Medroxyprogesterone Acetate 150 mg/mL (1 mL) Vial, Intramuscular",In Review,Ready to Use Approved,Projected MOS below min MOS Alert,2026-03,0.0
Malawi,MOH Supply Plan,"Medroxyprogesterone Acetate 150 mg/mL (1 mL) Vial, Intramuscular",In Review,Ready to Use Approved,Projected MOS below min MOS Alert,2026-04,0.0
Malawi,MOH Supply Plan,"Medroxyprogesterone Acetate 150 mg/mL (1 mL) Vial, Intramuscular",In Review,Ready to Use Approved,Projected MOS below min MOS Alert,2026-05,0.0
Malawi,MOH Supply Plan,"Medroxyprogesterone Acetate 150 mg/mL (1 mL) Vial, Intramuscular",In Review,Ready to Use Approved,Projected MOS below min MOS Alert,2026-06,0.0
Malawi,MOH Supply Plan,"Medroxyprogesterone Acetate 150 mg/mL (1 mL) Vial, Intramuscular",In Review,Ready to Use Approved,Projected MOS below min MOS Alert,2026-07,0.0
Malawi,MOH Supply Plan,"Medroxyprogesterone Acetate 150 mg/mL (1 mL) Vial, Intramuscular",In Review,Ready to Use Approved,Projected MOS below min MOS Alert,2026-08,0.0
Malawi,MOH Supply Plan,"Medroxyprogesterone Acetate 150 mg/mL (1 mL) Vial, Intramuscular",In Review,Ready to Use Approved,Projected MOS below min MOS Alert,2026-09,0.0
Malawi,MOH Supply Plan,"Medroxyprogesterone Acetate 150 mg/mL (1 mL) Vial, Intramuscular",In Review,Ready to Use Approved,Projected MOS below min MOS Alert,2026-10,0.0
Malawi,MOH Supply Plan,"Medroxyprogesterone Acetate 150 mg/mL (1 mL) Vial, Intramuscular",In Review,Ready to Use Approved,Projected MOS below min MOS Alert,2026-11,0.0
Malawi,MOH Supply Plan,"Medroxyprogesterone Acetate 150 mg/mL (1 mL) Vial, Intramuscular",In Review,Ready to Use Approved,Projected MOS below min MOS Alert,2026-12,0.0
Malawi,MOH Supply Plan,"Medroxyprogesterone Acetate 150 mg/mL (1 mL) Vial, Intramuscular",In Review,Ready to Use Approved,Projected MOS below min MOS Alert,2027-01,0.0
Malawi,MOH Supply Plan,"Medroxyprogesterone Acetate 150 mg/mL (1 mL) Vial, Intramuscular",In Review,Ready to Use Approved,Projected MOS below min MOS Alert,2027-02,0.0
Malawi,MOH Supply Plan,"Medroxyprogesterone Acetate 150 mg/mL (1 mL) Vial, Intramuscular",In Review,Ready to Use Approved,Projected MOS below min MOS Alert,2027-03,0.0
Malawi,MOH Supply Plan,"Medroxyprogesterone Acetate 150 mg/mL (1 mL) Vial, Intramuscular",In Review,Ready to Use Approved,Projected MOS below min MOS Alert,2027-04,0.0
Malawi,MOH Supply Plan,"Medroxyprogesterone Acetate 150 mg/mL (1 mL) Vial, Intramuscular",In Review,Ready to Use Approved,Projected MOS below min MOS Alert,2027-05,0.0
Malawi,MOH Supply Plan,"Medroxyprogesterone Acetate 150 mg/mL (1 mL) Vial, Intramuscular",In Review,Ready to Use Approved,Projected MOS below min MOS Alert,2027-06,0.0
Malawi,MOH Supply Plan,"Medroxyprogesterone Acetate 150 mg/mL (1 mL) Vial, Intramuscular",In Review,Ready to Use Approved,Projected MOS below min MOS Alert,2027-07,0.0
Malawi,MOH Supply Plan,"Medroxyprogesterone Acetate 150 mg/mL (1 mL) Vial, Intramuscular",In Review,Ready to Use Approved,Projected MOS below min MOS Alert,2027-08,0.0
Malawi,MOH Supply Plan,"Medroxyprogesterone Acetate 150 mg/mL (1 mL) Vial, Intramuscular",In Review,Ready to Use Approved,Projected MOS below min MOS Alert,2027-09,0.0
Malawi,MOH Supply Plan,"Medroxyprogesterone Acetate 150 mg/mL (1 mL) Vial, Intramuscular",In Review,Ready to Use Approved,Projected MOS below min MOS Alert,2027-10,0.0
Malawi,MOH Supply Plan,"Medroxyprogesterone Acetate 150 mg/mL (1 mL) Vial, Intramuscular",In Review,Ready to Use Approved,Projected MOS below min MOS Alert,2027-11,0.0
Malawi,MOH Supply Plan,"Medroxyprogesterone Acetate 150 mg/mL (1 mL) Vial, Intramuscular",In Review,Ready to Use Approved,Projected MOS below min MOS Alert,2027-12,0.0
Malawi,MOH Supply Plan,"Medroxyprogesterone Acetate 150 mg/mL (1 mL) Vial, Intramuscular",In Review,Ready to Use Approved,Projected MOS below min MOS Alert,2028-01,0.0
Malawi,MOH Supply Plan,"Medroxyprogesterone Acetate 150 mg/mL (1 mL) Vial, Intramuscular",In Review,Ready to Use Approved,Projected MOS below min MOS Alert,2028-02,0.0
Malawi,MOH Supply Plan,"Medroxyprogesterone Acetate 150 mg/mL (1 mL) Vial, Intramuscular",In Review,Ready to Use Approved,Projected MOS below min MOS Alert,2028-03,0.0
Malawi,MOH Supply Plan,"Medroxyprogesterone Acetate 150 mg/mL (1 mL) Vial, Intramuscular",In Review,Ready to Use Approved,Projected MOS below min MOS Alert,2028-04,0.0
Malawi,MOH Supply Plan,"Medroxyprogesterone Acetate 150 mg/mL (1 mL) Vial, Intramuscular",In Review,Ready to Use Approved,Projected MOS below min MOS Alert,2028-05,0.0
Malawi,MOH Supply Plan,"Medroxyprogesterone Acetate 150 mg/mL (1 mL) Vial, Intramuscular",In Review,Ready to Use Approved,Projected MOS below min MOS Alert,2028-06,0.0
Malawi,MOH Supply Plan,"Medroxyprogesterone Acetate 150 mg/mL (1 mL) Vial, Intramuscular",In Review,Ready to Use Approved,Projected MOS below min MOS Alert,2028-07,0.0
Malawi,MOH Supply Plan,"Medroxyprogesterone Acetate 150 mg/mL (1 mL) Vial, Intramuscular",In Review,Ready to Use Approved,Projected MOS below min MOS Alert,2028-08,0.0
Malawi,MOH Supply Plan,"Medroxyprogesterone Acetate 150 mg/mL (1 mL) Vial, Intramuscular",In Review,Ready to Use Approved,Projected MOS above max MOS Alert,2026-02,0.0
Malawi,MOH Supply Plan,"Medroxyprogesterone Acetate 150 mg/mL (1 mL) Vial, Intramuscular",In Review,Ready to Use Approved,Projected MOS above max MOS Alert,2026-03,0.0
Malawi,MOH Supply Plan,"Medroxyprogesterone Acetate 150 mg/mL (1 mL) Vial, Intramuscular",In Review,Ready to Use Approved,Projected MOS above max MOS Alert,2026-04,0.0
Malawi,MOH Supply Plan,"Medroxyprogesterone Acetate 150 mg/mL (1 mL) Vial, Intramuscular",In Review,Ready to Use Approved,Projected MOS above max MOS Alert,2026-05,0.0
Malawi,MOH Supply Plan,"Medroxyprogesterone Acetate 150 mg/mL (1 mL) Vial, Intramuscular",In Review,Ready to Use Approved,Projected MOS above max MOS Alert,2026-06,0.0
Malawi,MOH Supply Plan,"Medroxyprogesterone Acetate 150 mg/mL (1 mL) Vial, Intramuscular",In Review,Ready to Use Approved,Projected MOS above max MOS Alert,2026-07,0.0
Malawi,MOH Supply Plan,"Medroxyprogesterone Acetate 150 mg/mL (1 mL) Vial, Intramuscular",In Review,Ready to Use Approved,Projected MOS above max MOS Alert,2026-08,0.0
Malawi,MOH Supply Plan,"Medroxyprogesterone Acetate 150 mg/mL (1 mL) Vial, Intramuscular",In Review,Ready to Use Approved,Projected MOS above max MOS Alert,2026-09,0.0
Malawi,MOH Supply Plan,"Medroxyprogesterone Acetate 150 mg/mL (1 mL) Vial, Intramuscular",In Review,Ready to Use Approved,Projected MOS above max MOS Alert,2026-10,0.0
Malawi,MOH Supply Plan,"Medroxyprogesterone Acetate 150 mg/mL (1 mL) Vial, Intramuscular",In Review,Ready to Use Approved,Projected MOS above max MOS Alert,2026-11,0.0
Malawi,MOH Supply Plan,"Medroxyprogesterone Acetate 150 mg/mL (1 mL) Vial, Intramuscular",In Review,Ready to Use Approved,Projected MOS above max MOS Alert,2026-12,0.0
Malawi,MOH Supply Plan,"Medroxyprogesterone Acetate 150 mg/mL (1 mL) Vial, Intramuscular",In Review,Ready to Use Approved,Projected MOS above max MOS Alert,2027-01,0.0
Malawi,MOH Supply Plan,"Medroxyprogesterone Acetate 150 mg/mL (1 mL) Vial, Intramuscular",In Review,Ready to Use Approved,Projected MOS above max MOS Alert,2027-02,0.0
Malawi,MOH Supply Plan,"Medroxyprogesterone Acetate 150 mg/mL (1 mL) Vial, Intramuscular",In Review,Ready to Use Approved,Projected MOS above max MOS Alert,2027-03,0.0
Malawi,MOH Supply Plan,"Medroxyprogesterone Acetate 150 mg/mL (1 mL) Vial, Intramuscular",In Review,Ready to Use Approved,Projected MOS above max MOS Alert,2027-04,0.0
Malawi,MOH Supply Plan,"Medroxyprogesterone Acetate 150 mg/mL (1 mL) Vial, Intramuscular",In Review,Ready to Use Approved,Projected MOS above max MOS Alert,2027-05,0.0
Malawi,MOH Supply Plan,"Medroxyprogesterone Acetate 150 mg/mL (1 mL) Vial, Intramuscular",In Review,Ready to Use Approved,Projected MOS above max MOS Alert,2027-06,0.0
Malawi,MOH Supply Plan,"Medroxyprogesterone Acetate 150 mg/mL (1 mL) Vial, Intramuscular",In Review,Ready to Use Approved,Projected MOS above max MOS Alert,2027-07,0.0
Malawi,MOH Supply Plan,"Medroxyprogesterone Acetate 150 mg/mL (1 mL) Vial, Intramuscular",In Review,Ready to Use Approved,Projected MOS above max MOS Alert,2027-08,0.0
Malawi,MOH Supply Plan,"Medroxyprogesterone Acetate 150 mg/mL (1 mL) Vial, Intramuscular",In Review,Ready to Use Approved,Projected MOS above max MOS Alert,2027-09,0.0
Malawi,MOH Supply Plan,"Medroxyprogesterone Acetate 150 mg/mL (1 mL) Vial, Intramuscular",In Review,Ready to Use Approved,Projected MOS above max MOS Alert,2027-10,0.0
Malawi,MOH Supply Plan,"Medroxyprogesterone Acetate 150 mg/mL (1 mL) Vial, Intramuscular",In Review,Ready to Use Approved,Projected MOS above max MOS Alert,2027-11,0.0
Malawi,MOH Supply Plan,"Medroxyprogesterone Acetate 150 mg/mL (1 mL) Vial, Intramuscular",In Review,Ready to Use Approved,Projected MOS above max MOS Alert,2027-12,0.0
Malawi,MOH Supply Plan,"Medroxyprogesterone Acetate 150 mg/mL (1 mL) Vial, Intramuscular",In Review,Ready to Use Approved,Projected MOS above max MOS Alert,2028-01,0.0
Malawi,MOH Supply Plan,"Medroxyprogesterone Acetate 150 mg/mL (1 mL) Vial, Intramuscular",In Review,Ready to Use Approved,Projected MOS above max MOS Alert,2028-02,0.0
Malawi,MOH Supply Plan,"Medroxyprogesterone Acetate 150 mg/mL (1 mL) Vial, Intramuscular",In Review,Ready to Use Approved,Projected MOS above max MOS Alert,2028-03,0.0
Malawi,MOH Supply Plan,"Medroxyprogesterone Acetate 150 mg/mL (1 mL) Vial, Intramuscular",In Review,Ready to Use Approved,Projected MOS above max MOS Alert,2028-04,0.0
Malawi,MOH Supply Plan,"Medroxyprogesterone Acetate 150 mg/mL (1 mL) Vial, Intramuscular",In Review,Ready to Use Approved,Projected MOS above max MOS Alert,2028-05,0.0
Malawi,MOH Supply Plan,"Medroxyprogesterone Acetate 150 mg/mL (1 mL) Vial, Intramuscular",In Review,Ready to Use Approved,Projected MOS above max MOS Alert,2028-06,0.0
Malawi,MOH Supply Plan,"Medroxyprogesterone Acetate 150 mg/mL (1 mL) Vial, Intramuscular",In Review,Ready to Use Approved,Projected MOS above max MOS Alert,2028-07,0.0
Malawi,MOH Supply Plan,"Medroxyprogesterone Acetate 150 mg/mL (1 mL) Vial, Intramuscular",In Review,Ready to Use Approved,Projected MOS above max MOS Alert,2028-08,0.0
Malawi,MOH Supply Plan,"Medroxyprogesterone Acetate 150 mg/mL (1 mL) Vial, Intramuscular",In Review,Ready to Use Approved,Suggested Replenishment,2026-08,4390387.0
Malawi,MOH Supply Plan,"Medroxyprogesterone Acetate 150 mg/mL (1 mL) Vial, Intramuscular",In Review,Ready to Use Approved,Suggested Replenishment,2026-09,0.0
Malawi,MOH Supply Plan,"Medroxyprogesterone Acetate 150 mg/mL (1 mL) Vial, Intramuscular",In Review,Ready to Use Approved,Suggested Replenishment,2026-10,0.0
Malawi,MOH Supply Plan,"Medroxyprogesterone Acetate 150 mg/mL (1 mL) Vial, Intramuscular",In Review,Ready to Use Approved,Suggested Replenishment,2026-11,0.0
Malawi,MOH Supply Plan,"Medroxyprogesterone Acetate 150 mg/mL (1 mL) Vial, Intramuscular",In Review,Ready to Use Approved,Suggested Replenishment,2026-12,0.0
Malawi,MOH Supply Plan,"Medroxyprogesterone Acetate 150 mg/mL (1 mL) Vial, Intramuscular",In Review,Ready to Use Approved,Suggested Replenishment,2027-01,0.0
Malawi,MOH Supply Plan,"Medroxyprogesterone Acetate 150 mg/mL (1 mL) Vial, Intramuscular",In Review,Ready to Use Approved,Suggested Replenishment,2027-02,0.0
Malawi,MOH Supply Plan,"Medroxyprogesterone Acetate 150 mg/mL (1 mL) Vial, Intramuscular",In Review,Ready to Use Approved,Suggested Replenishment,2027-03,0.0
Malawi,MOH Supply Plan,"Medroxyprogesterone Acetate 150 mg/mL (1 mL) Vial, Intramuscular",In Review,Ready to Use Approved,Suggested Replenishment,2027-04,0.0
Malawi,MOH Supply Plan,"Medroxyprogesterone Acetate 150 mg/mL (1 mL) Vial, Intramuscular",In Review,Ready to Use Approved,Suggested Replenishment,2027-05,0.0
Malawi,MOH Supply Plan,"Medroxyprogesterone Acetate 150 mg/mL (1 mL) Vial, Intramuscular",In Review,Ready to Use Approved,Suggested Replenishment,2027-06,3108668.0
Malawi,MOH Supply Plan,"Medroxyprogesterone Acetate 150 mg/mL (1 mL) Vial, Intramuscular",In Review,Ready to Use Approved,Suggested Replenishment,2027-07,0.0
Malawi,MOH Supply Plan,"Medroxyprogesterone Acetate 150 mg/mL (1 mL) Vial, Intramuscular",In Review,Ready to Use Approved,Suggested Replenishment,2027-08,0.0
Malawi,MOH Supply Plan,"Medroxyprogesterone Acetate 150 mg/mL (1 mL) Vial, Intramuscular",In Review,Ready to Use Approved,Suggested Replenishment,2027-09,0.0
Malawi,MOH Supply Plan,"Medroxyprogesterone Acetate 150 mg/mL (1 mL) Vial, Intramuscular",In Review,Ready to Use Approved,Suggested Replenishment,2027-10,0.0
Malawi,MOH Supply Plan,"Medroxyprogesterone Acetate 150 mg/mL (1 mL) Vial, Intramuscular",In Review,Ready to Use Approved,Suggested Replenishment,2027-11,0.0
Malawi,MOH Supply Plan,"Medroxyprogesterone Acetate 150 mg/mL (1 mL) Vial, Intramuscular",In Review,Ready to Use Approved,Suggested Replenishment,2027-12,0.0
Malawi,MOH Supply Plan,"Medroxyprogesterone Acetate 150 mg/mL (1 mL) Vial, Intramuscular",In Review,Ready to Use Approved,Suggested Replenishment,2028-01,0.0
Malawi,MOH Supply Plan,"Medroxyprogesterone Acetate 150 mg/mL (1 mL) Vial, Intramuscular",In Review,Ready to Use Approved,Suggested Replenishment,2028-02,3118823.0
Malawi,MOH Supply Plan,"Medroxyprogesterone Acetate 150 mg/mL (1 mL) Vial, Intramuscular",In Review,Ready to Use Approved,Suggested Replenishment,2028-03,0.0
Malawi,MOH Supply Plan,"Medroxyprogesterone Acetate 150 mg/mL (1 mL) Vial, Intramuscular",In Review,Ready to Use Approved,Suggested Replenishment,2028-04,0.0
Malawi,MOH Supply Plan,"Medroxyprogesterone Acetate 150 mg/mL (1 mL) Vial, Intramuscular",In Review,Ready to Use Approved,Suggested Replenishment,2028-05,0.0
Malawi,MOH Supply Plan,"Medroxyprogesterone Acetate 150 mg/mL (1 mL) Vial, Intramuscular",In Review,Ready to Use Approved,Suggested Replenishment,2028-06,0.0
Malawi,MOH Supply Plan,"Medroxyprogesterone Acetate 150 mg/mL (1 mL) Vial, Intramuscular",In Review,Ready to Use Approved,Suggested Replenishment,2028-07,0.0
Malawi,MOH Supply Plan,"Medroxyprogesterone Acetate 150 mg/mL (1 mL) Vial, Intramuscular",In Review,Ready to Use Approved,Suggested Replenishment,2028-08,0.0
Malawi,MOH Supply Plan,"Medroxyprogesterone Acetate 150 mg/mL (1 mL) Vial, Intramuscular",In Review,Ready to Use Approved,Projected MOS with Sugg Repl,2026-08,15.0
Malawi,MOH Supply Plan,"Medroxyprogesterone Acetate 150 mg/mL (1 mL) Vial, Intramuscular",In Review,Ready to Use Approved,Projected MOS with Sugg Repl,2026-09,16.0
Malawi,MOH Supply Plan,"Medroxyprogesterone Acetate 150 mg/mL (1 mL) Vial, Intramuscular",In Review,Ready to Use Approved,Projected MOS with Sugg Repl,2026-10,15.0
Malawi,MOH Supply Plan,"Medroxyprogesterone Acetate 150 mg/mL (1 mL) Vial, Intramuscular",In Review,Ready to Use Approved,Projected MOS with Sugg Repl,2026-11,13.8
Malawi,MOH Supply Plan,"Medroxyprogesterone Acetate 150 mg/mL (1 mL) Vial, Intramuscular",In Review,Ready to Use Approved,Projected MOS with Sugg Repl,2026-12,12.6
Malawi,MOH Supply Plan,"Medroxyprogesterone Acetate 150 mg/mL (1 mL) Vial, Intramuscular",In Review,Ready to Use Approved,Projected MOS with Sugg Repl,2027-01,11.4
Malawi,MOH Supply Plan,"Medroxyprogesterone Acetate 150 mg/mL (1 mL) Vial, Intramuscular",In Review,Ready to Use Approved,Projected MOS with Sugg Repl,2027-02,10.4
Malawi,MOH Supply Plan,"Medroxyprogesterone Acetate 150 mg/mL (1 mL) Vial, Intramuscular",In Review,Ready to Use Approved,Projected MOS with Sugg Repl,2027-03,9.4
Malawi,MOH Supply Plan,"Medroxyprogesterone Acetate 150 mg/mL (1 mL) Vial, Intramuscular",In Review,Ready to Use Approved,Projected MOS with Sugg Repl,2027-04,8.4
Malawi,MOH Supply Plan,"Medroxyprogesterone Acetate 150 mg/mL (1 mL) Vial, Intramuscular",In Review,Ready to Use Approved,Projected MOS with Sugg Repl,2027-05,7.4
Malawi,MOH Supply Plan,"Medroxyprogesterone Acetate 150 mg/mL (1 mL) Vial, Intramuscular",In Review,Ready to Use Approved,Projected MOS with Sugg Repl,2027-06,15.0
Malawi,MOH Supply Plan,"Medroxyprogesterone Acetate 150 mg/mL (1 mL) Vial, Intramuscular",In Review,Ready to Use Approved,Projected MOS with Sugg Repl,2027-07,14.0
Malawi,MOH Supply Plan,"Medroxyprogesterone Acetate 150 mg/mL (1 mL) Vial, Intramuscular",In Review,Ready to Use Approved,Projected MOS with Sugg Repl,2027-08,13.0
Malawi,MOH Supply Plan,"Medroxyprogesterone Acetate 150 mg/mL (1 mL) Vial, Intramuscular",In Review,Ready to Use Approved,Projected MOS with Sugg Repl,2027-09,12.0
Malawi,MOH Supply Plan,"Medroxyprogesterone Acetate 150 mg/mL (1 mL) Vial, Intramuscular",In Review,Ready to Use Approved,Projected MOS with Sugg Repl,2027-10,11.0
Malawi,MOH Supply Plan,"Medroxyprogesterone Acetate 150 mg/mL (1 mL) Vial, Intramuscular",In Review,Ready to Use Approved,Projected MOS with Sugg Repl,2027-11,9.9
Malawi,MOH Supply Plan,"Medroxyprogesterone Acetate 150 mg/mL (1 mL) Vial, Intramuscular",In Review,Ready to Use Approved,Projected MOS with Sugg Repl,2027-12,8.8
Malawi,MOH Supply Plan,"Medroxyprogesterone Acetate 150 mg/mL (1 mL) Vial, Intramuscular",In Review,Ready to Use Approved,Projected MOS with Sugg Repl,2028-01,7.7
Malawi,MOH Supply Plan,"Medroxyprogesterone Acetate 150 mg/mL (1 mL) Vial, Intramuscular",In Review,Ready to Use Approved,Projected MOS with Sugg Repl,2028-02,15.0
Malawi,MOH Supply Plan,"Medroxyprogesterone Acetate 150 mg/mL (1 mL) Vial, Intramuscular",In Review,Ready to Use Approved,Projected MOS with Sugg Repl,2028-03,14.0
Malawi,MOH Supply Plan,"Medroxyprogesterone Acetate 150 mg/mL (1 mL) Vial, Intramuscular",In Review,Ready to Use Approved,Projected MOS with Sugg Repl,2028-04,13.0
Malawi,MOH Supply Plan,"Medroxyprogesterone Acetate 150 mg/mL (1 mL) Vial, Intramuscular",In Review,Ready to Use Approved,Projected MOS with Sugg Repl,2028-05,12.0
Malawi,MOH Supply Plan,"Medroxyprogesterone Acetate 150 mg/mL (1 mL) Vial, Intramuscular",In Review,Ready to Use Approved,Projected MOS with Sugg Repl,2028-06,11.0
Malawi,MOH Supply Plan,"Medroxyprogesterone Acetate 150 mg/mL (1 mL) Vial, Intramuscular",In Review,Ready to Use Approved,Projected MOS with Sugg Repl,2028-07,10.0
Malawi,MOH Supply Plan,"Medroxyprogesterone Acetate 150 mg/mL (1 mL) Vial, Intramuscular",In Review,Ready to Use Approved,Projected MOS with Sugg Repl,2028-08,9.0
Malawi,MOH Supply Plan,"Medroxyprogesterone Acetate 150 mg/mL (1 mL) Vial, Intramuscular",In Review,Ready to Use Approved,S1 - Monthly Consumption,2026-02,336013.0
Malawi,MOH Supply Plan,"Medroxyprogesterone Acetate 150 mg/mL (1 mL) Vial, Intramuscular",In Review,Ready to Use Approved,S1 - Monthly Consumption,2026-03,351522.0
Malawi,MOH Supply Plan,"Medroxyprogesterone Acetate 150 mg/mL (1 mL) Vial, Intramuscular",In Review,Ready to Use Approved,S1 - Monthly Consumption,2026-04,342399.0
Malawi,MOH Supply Plan,"Medroxyprogesterone Acetate 150 mg/mL (1 mL) Vial, Intramuscular",In Review,Ready to Use Approved,S1 - Monthly Consumption,2026-05,342399.0
Malawi,MOH Supply Plan,"Medroxyprogesterone Acetate 150 mg/mL (1 mL) Vial, Intramuscular",In Review,Ready to Use Approved,S1 - Monthly Consumption,2026-06,342399.0
Malawi,MOH Supply Plan,"Medroxyprogesterone Acetate 150 mg/mL (1 mL) Vial, Intramuscular",In Review,Ready to Use Approved,S1 - Monthly Consumption,2026-07,342399.0
Malawi,MOH Supply Plan,"Medroxyprogesterone Acetate 150 mg/mL (1 mL) Vial, Intramuscular",In Review,Ready to Use Approved,S1 - Monthly Consumption,2026-08,342399.0
Malawi,MOH Supply Plan,"Medroxyprogesterone Acetate 150 mg/mL (1 mL) Vial, Intramuscular",In Review,Ready to Use Approved,S1 - Monthly Consumption,2026-09,342399.0
Malawi,MOH Supply Plan,"Medroxyprogesterone Acetate 150 mg/mL (1 mL) Vial, Intramuscular",In Review,Ready to Use Approved,S1 - Monthly Consumption,2026-10,342399.0
Malawi,MOH Supply Plan,"Medroxyprogesterone Acetate 150 mg/mL (1 mL) Vial, Intramuscular",In Review,Ready to Use Approved,S1 - Monthly Consumption,2026-11,342399.0
Malawi,MOH Supply Plan,"Medroxyprogesterone Acetate 150 mg/mL (1 mL) Vial, Intramuscular",In Review,Ready to Use Approved,S1 - Monthly Consumption,2026-12,342399.0
Malawi,MOH Supply Plan,"Medroxyprogesterone Acetate 150 mg/mL (1 mL) Vial, Intramuscular",In Review,Ready to Use Approved,S1 - Monthly Consumption,2027-01,360717.0
Malawi,MOH Supply Plan,"Medroxyprogesterone Acetate 150 mg/mL (1 mL) Vial, Intramuscular",In Review,Ready to Use Approved,S1 - Monthly Consumption,2027-02,360717.0
Malawi,MOH Supply Plan,"Medroxyprogesterone Acetate 150 mg/mL (1 mL) Vial, Intramuscular",In Review,Ready to Use Approved,S1 - Monthly Consumption,2027-03,360717.0
Malawi,MOH Supply Plan,"Medroxyprogesterone Acetate 150 mg/mL (1 mL) Vial, Intramuscular",In Review,Ready to Use Approved,S1 - Monthly Consumption,2027-04,360717.0
Malawi,MOH Supply Plan,"Medroxyprogesterone Acetate 150 mg/mL (1 mL) Vial, Intramuscular",In Review,Ready to Use Approved,S1 - Monthly Consumption,2027-05,360717.0
Malawi,MOH Supply Plan,"Medroxyprogesterone Acetate 150 mg/mL (1 mL) Vial, Intramuscular",In Review,Ready to Use Approved,S1 - Monthly Consumption,2027-06,360717.0
Malawi,MOH Supply Plan,"Medroxyprogesterone Acetate 150 mg/mL (1 mL) Vial, Intramuscular",In Review,Ready to Use Approved,S1 - Monthly Consumption,2027-07,360717.0
Malawi,MOH Supply Plan,"Medroxyprogesterone Acetate 150 mg/mL (1 mL) Vial, Intramuscular",In Review,Ready to Use Approved,S1 - Monthly Consumption,2027-08,360717.0
Malawi,MOH Supply Plan,"Medroxyprogesterone Acetate 150 mg/mL (1 mL) Vial, Intramuscular",In Review,Ready to Use Approved,S1 - Monthly Consumption,2027-09,360717.0
Malawi,MOH Supply Plan,"Medroxyprogesterone Acetate 150 mg/mL (1 mL) Vial, Intramuscular",In Review,Ready to Use Approved,S1 - Monthly Consumption,2027-10,360717.0
Malawi,MOH Supply Plan,"Medroxyprogesterone Acetate 150 mg/mL (1 mL) Vial, Intramuscular",In Review,Ready to Use Approved,S1 - Monthly Consumption,2027-11,360717.0
Malawi,MOH Supply Plan,"Medroxyprogesterone Acetate 150 mg/mL (1 mL) Vial, Intramuscular",In Review,Ready to Use Approved,S1 - Monthly Consumption,2027-12,360717.0
Malawi,MOH Supply Plan,"Medroxyprogesterone Acetate 150 mg/mL (1 mL) Vial, Intramuscular",In Review,Ready to Use Approved,S1 - Monthly Consumption,2028-01,374428.0
Malawi,MOH Supply Plan,"Medroxyprogesterone Acetate 150 mg/mL (1 mL) Vial, Intramuscular",In Review,Ready to Use Approved,S1 - Monthly Consumption,2028-02,374428.0
Malawi,MOH Supply Plan,"Medroxyprogesterone Acetate 150 mg/mL (1 mL) Vial, Intramuscular",In Review,Ready to Use Approved,S1 - Monthly Consumption,2028-03,374428.0
Malawi,MOH Supply Plan,"Medroxyprogesterone Acetate 150 mg/mL (1 mL) Vial, Intramuscular",In Review,Ready to Use Approved,S1 - Monthly Consumption,2028-04,374428.0
Malawi,MOH Supply Plan,"Medroxyprogesterone Acetate 150 mg/mL (1 mL) Vial, Intramuscular",In Review,Ready to Use Approved,S1 - Monthly Consumption,2028-05,374428.0
Malawi,MOH Supply Plan,"Medroxyprogesterone Acetate 150 mg/mL (1 mL) Vial, Intramuscular",In Review,Ready to Use Approved,S1 - Monthly Consumption,2028-06,374428.0
Malawi,MOH Supply Plan,"Medroxyprogesterone Acetate 150 mg/mL (1 mL) Vial, Intramuscular",In Review,Ready to Use Approved,S1 - Monthly Consumption,2028-07,374428.0
Malawi,MOH Supply Plan,"Medroxyprogesterone Acetate 150 mg/mL (1 mL) Vial, Intramuscular",In Review,Ready to Use Approved,S1 - Monthly Consumption,2028-08,374428.0
Malawi,MOH Supply Plan,"Medroxyprogesterone Acetate 150 mg/mL (1 mL) Vial, Intramuscular",In Review,Ready to Use Approved,S1 - Projected Supplies,2026-03,1375000.0
Malawi,MOH Supply Plan,"Medroxyprogesterone Acetate 150 mg/mL (1 mL) Vial, Intramuscular",In Review,Ready to Use Approved,S1 - Projected Supplies,2026-04,450000.0
Malawi,MOH Supply Plan,"Medroxyprogesterone Acetate 150 mg/mL (1 mL) Vial, Intramuscular",In Review,Ready to Use Approved,S1 - Projected Supplies,2026-08,800000.0
Malawi,MOH Supply Plan,"Medroxyprogesterone Acetate 150 mg/mL (1 mL) Vial, Intramuscular",In Review,Ready to Use Approved,S1 - Projected Supplies,2026-12,1553585.0
Malawi,MOH Supply Plan,"Medroxyprogesterone Acetate 150 mg/mL (1 mL) Vial, Intramuscular",In Review,Ready to Use Approved,S1 - Projected Inventory,2026-02,0.0
Malawi,MOH Supply Plan,"Medroxyprogesterone Acetate 150 mg/mL (1 mL) Vial, Intramuscular",In Review,Ready to Use Approved,S1 - Projected Inventory,2026-03,0.0
Malawi,MOH Supply Plan,"Medroxyprogesterone Acetate 150 mg/mL (1 mL) Vial, Intramuscular",In Review,Ready to Use Approved,S1 - Projected Inventory,2026-04,0.0
Malawi,MOH Supply Plan,"Medroxyprogesterone Acetate 150 mg/mL (1 mL) Vial, Intramuscular",In Review,Ready to Use Approved,S1 - Projected Inventory,2026-05,0.0
Malawi,MOH Supply Plan,"Medroxyprogesterone Acetate 150 mg/mL (1 mL) Vial, Intramuscular",In Review,Ready to Use Approved,S1 - Projected Inventory,2026-06,630396.0
Malawi,MOH Supply Plan,"Medroxyprogesterone Acetate 150 mg/mL (1 mL) Vial, Intramuscular",In Review,Ready to Use Approved,S1 - Projected Inventory,2026-07,287997.0
Malawi,MOH Supply Plan,"Medroxyprogesterone Acetate 150 mg/mL (1 mL) Vial, Intramuscular",In Review,Ready to Use Approved,S1 - Projected Inventory,2026-08,745598.0
Malawi,MOH Supply Plan,"Medroxyprogesterone Acetate 150 mg/mL (1 mL) Vial, Intramuscular",In Review,Ready to Use Approved,S1 - Projected Inventory,2026-09,403199.0
Malawi,MOH Supply Plan,"Medroxyprogesterone Acetate 150 mg/mL (1 mL) Vial, Intramuscular",In Review,Ready to Use Approved,S1 - Projected Inventory,2026-10,60800.0
Malawi,MOH Supply Plan,"Medroxyprogesterone Acetate 150 mg/mL (1 mL) Vial, Intramuscular",In Review,Ready to Use Approved,S1 - Projected Inventory,2026-11,0.0
Malawi,MOH Supply Plan,"Medroxyprogesterone Acetate 150 mg/mL (1 mL) Vial, Intramuscular",In Review,Ready to Use Approved,S1 - Projected Inventory,2026-12,1211186.0
Malawi,MOH Supply Plan,"Medroxyprogesterone Acetate 150 mg/mL (1 mL) Vial, Intramuscular",In Review,Ready to Use Approved,S1 - Projected Inventory,2027-01,850469.0
Malawi,MOH Supply Plan,"Medroxyprogesterone Acetate 150 mg/mL (1 mL) Vial, Intramuscular",In Review,Ready to Use Approved,S1 - Projected Inventory,2027-02,489752.0
Malawi,MOH Supply Plan,"Medroxyprogesterone Acetate 150 mg/mL (1 mL) Vial, Intramuscular",In Review,Ready to Use Approved,S1 - Projected Inventory,2027-03,129035.0
Malawi,MOH Supply Plan,"Medroxyprogesterone Acetate 150 mg/mL (1 mL) Vial, Intramuscular",In Review,Ready to Use Approved,S1 - Projected Inventory,2027-04,0.0
Malawi,MOH Supply Plan,"Medroxyprogesterone Acetate 150 mg/mL (1 mL) Vial, Intramuscular",In Review,Ready to Use Approved,S1 - Projected Inventory,2027-05,0.0
Malawi,MOH Supply Plan,"Medroxyprogesterone Acetate 150 mg/mL (1 mL) Vial, Intramuscular",In Review,Ready to Use Approved,S1 - Projected Inventory,2027-06,0.0
Malawi,MOH Supply Plan,"Medroxyprogesterone Acetate 150 mg/mL (1 mL) Vial, Intramuscular",In Review,Ready to Use Approved,S1 - Projected Inventory,2027-07,0.0
Malawi,MOH Supply Plan,"Medroxyprogesterone Acetate 150 mg/mL (1 mL) Vial, Intramuscular",In Review,Ready to Use Approved,S1 - Projected Inventory,2027-08,0.0
Malawi,MOH Supply Plan,"Medroxyprogesterone Acetate 150 mg/mL (1 mL) Vial, Intramuscular",In Review,Ready to Use Approved,S1 - Projected Inventory,2027-09,0.0
Malawi,MOH Supply Plan,"Medroxyprogesterone Acetate 150 mg/mL (1 mL) Vial, Intramuscular",In Review,Ready to Use Approved,S1 - Projected Inventory,2027-10,0.0
Malawi,MOH Supply Plan,"Medroxyprogesterone Acetate 150 mg/mL (1 mL) Vial, Intramuscular",In Review,Ready to Use Approved,S1 - Projected Inventory,2027-11,0.0
Malawi,MOH Supply Plan,"Medroxyprogesterone Acetate 150 mg/mL (1 mL) Vial, Intramuscular",In Review,Ready to Use Approved,S1 - Projected Inventory,2027-12,0.0
Malawi,MOH Supply Plan,"Medroxyprogesterone Acetate 150 mg/mL (1 mL) Vial, Intramuscular",In Review,Ready to Use Approved,S1 - Projected Inventory,2028-01,0.0
Malawi,MOH Supply Plan,"Medroxyprogesterone Acetate 150 mg/mL (1 mL) Vial, Intramuscular",In Review,Ready to Use Approved,S1 - Projected Inventory,2028-02,0.0
Malawi,MOH Supply Plan,"Medroxyprogesterone Acetate 150 mg/mL (1 mL) Vial, Intramuscular",In Review,Ready to Use Approved,S1 - Projected Inventory,2028-03,0.0
Malawi,MOH Supply Plan,"Medroxyprogesterone Acetate 150 mg/mL (1 mL) Vial, Intramuscular",In Review,Ready to Use Approved,S1 - Projected Inventory,2028-04,0.0
Malawi,MOH Supply Plan,"Medroxyprogesterone Acetate 150 mg/mL (1 mL) Vial, Intramuscular",In Review,Ready to Use Approved,S1 - Projected Inventory,2028-05,0.0
Malawi,MOH Supply Plan,"Medroxyprogesterone Acetate 150 mg/mL (1 mL) Vial, Intramuscular",In Review,Ready to Use Approved,S1 - Projected Inventory,2028-06,0.0
Malawi,MOH Supply Plan,"Medroxyprogesterone Acetate 150 mg/mL (1 mL) Vial, Intramuscular",In Review,Ready to Use Approved,S1 - Projected Inventory,2028-07,0.0
Malawi,MOH Supply Plan,"Medroxyprogesterone Acetate 150 mg/mL (1 mL) Vial, Intramuscular",In Review,Ready to Use Approved,S1 - Projected Inventory,2028-08,0.0
Malawi,MOH Supply Plan,"Medroxyprogesterone Acetate 150 mg/mL (1 mL) Vial, Intramuscular",In Review,Ready to Use Approved,S1 - Projected MOS,2026-02,0.0
Malawi,MOH Supply Plan,"Medroxyprogesterone Acetate 150 mg/mL (1 mL) Vial, Intramuscular",In Review,Ready to Use Approved,S1 - Projected MOS,2026-03,0.0
Malawi,MOH Supply Plan,"Medroxyprogesterone Acetate 150 mg/mL (1 mL) Vial, Intramuscular",In Review,Ready to Use Approved,S1 - Projected MOS,2026-04,0.0
Malawi,MOH Supply Plan,"Medroxyprogesterone Acetate 150 mg/mL (1 mL) Vial, Intramuscular",In Review,Ready to Use Approved,S1 - Projected MOS,2026-05,0.0
Malawi,MOH Supply Plan,"Medroxyprogesterone Acetate 150 mg/mL (1 mL) Vial, Intramuscular",In Review,Ready to Use Approved,S1 - Projected MOS,2026-06,1.8
Malawi,MOH Supply Plan,"Medroxyprogesterone Acetate 150 mg/mL (1 mL) Vial, Intramuscular",In Review,Ready to Use Approved,S1 - Projected MOS,2026-07,0.8
Malawi,MOH Supply Plan,"Medroxyprogesterone Acetate 150 mg/mL (1 mL) Vial, Intramuscular",In Review,Ready to Use Approved,S1 - Projected MOS,2026-08,2.2
Malawi,MOH Supply Plan,"Medroxyprogesterone Acetate 150 mg/mL (1 mL) Vial, Intramuscular",In Review,Ready to Use Approved,S1 - Projected MOS,2026-09,1.2
Malawi,MOH Supply Plan,"Medroxyprogesterone Acetate 150 mg/mL (1 mL) Vial, Intramuscular",In Review,Ready to Use Approved,S1 - Projected MOS,2026-10,0.2
Malawi,MOH Supply Plan,"Medroxyprogesterone Acetate 150 mg/mL (1 mL) Vial, Intramuscular",In Review,Ready to Use Approved,S1 - Projected MOS,2026-11,0.0
Malawi,MOH Supply Plan,"Medroxyprogesterone Acetate 150 mg/mL (1 mL) Vial, Intramuscular",In Review,Ready to Use Approved,S1 - Projected MOS,2026-12,3.4
Malawi,MOH Supply Plan,"Medroxyprogesterone Acetate 150 mg/mL (1 mL) Vial, Intramuscular",In Review,Ready to Use Approved,S1 - Projected MOS,2027-01,2.4
Malawi,MOH Supply Plan,"Medroxyprogesterone Acetate 150 mg/mL (1 mL) Vial, Intramuscular",In Review,Ready to Use Approved,S1 - Projected MOS,2027-02,1.4
Malawi,MOH Supply Plan,"Medroxyprogesterone Acetate 150 mg/mL (1 mL) Vial, Intramuscular",In Review,Ready to Use Approved,S1 - Projected MOS,2027-03,0.4
Malawi,MOH Supply Plan,"Medroxyprogesterone Acetate 150 mg/mL (1 mL) Vial, Intramuscular",In Review,Ready to Use Approved,S1 - Projected MOS,2027-04,0.0
Malawi,MOH Supply Plan,"Medroxyprogesterone Acetate 150 mg/mL (1 mL) Vial, Intramuscular",In Review,Ready to Use Approved,S1 - Projected MOS,2027-05,0.0
Malawi,MOH Supply Plan,"Medroxyprogesterone Acetate 150 mg/mL (1 mL) Vial, Intramuscular",In Review,Ready to Use Approved,S1 - Projected MOS,2027-06,0.0
Malawi,MOH Supply Plan,"Medroxyprogesterone Acetate 150 mg/mL (1 mL) Vial, Intramuscular",In Review,Ready to Use Approved,S1 - Projected MOS,2027-07,0.0
Malawi,MOH Supply Plan,"Medroxyprogesterone Acetate 150 mg/mL (1 mL) Vial, Intramuscular",In Review,Ready to Use Approved,S1 - Projected MOS,2027-08,0.0
Malawi,MOH Supply Plan,"Medroxyprogesterone Acetate 150 mg/mL (1 mL) Vial, Intramuscular",In Review,Ready to Use Approved,S1 - Projected MOS,2027-09,0.0
Malawi,MOH Supply Plan,"Medroxyprogesterone Acetate 150 mg/mL (1 mL) Vial, Intramuscular",In Review,Ready to Use Approved,S1 - Projected MOS,2027-10,0.0
Malawi,MOH Supply Plan,"Medroxyprogesterone Acetate 150 mg/mL (1 mL) Vial, Intramuscular",In Review,Ready to Use Approved,S1 - Projected MOS,2027-11,0.0
Malawi,MOH Supply Plan,"Medroxyprogesterone Acetate 150 mg/mL (1 mL) Vial, Intramuscular",In Review,Ready to Use Approved,S1 - Projected MOS,2027-12,0.0
Malawi,MOH Supply Plan,"Medroxyprogesterone Acetate 150 mg/mL (1 mL) Vial, Intramuscular",In Review,Ready to Use Approved,S1 - Projected MOS,2028-01,0.0
Malawi,MOH Supply Plan,"Medroxyprogesterone Acetate 150 mg/mL (1 mL) Vial, Intramuscular",In Review,Ready to Use Approved,S1 - Projected MOS,2028-02,0.0
Malawi,MOH Supply Plan,"Medroxyprogesterone Acetate 150 mg/mL (1 mL) Vial, Intramuscular",In Review,Ready to Use Approved,S1 - Projected MOS,2028-03,0.0
Malawi,MOH Supply Plan,"Medroxyprogesterone Acetate 150 mg/mL (1 mL) Vial, Intramuscular",In Review,Ready to Use Approved,S1 - Projected MOS,2028-04,0.0
Malawi,MOH Supply Plan,"Medroxyprogesterone Acetate 150 mg/mL (1 mL) Vial, Intramuscular",In Review,Ready to Use Approved,S1 - Projected MOS,2028-05,0.0
Malawi,MOH Supply Plan,"Medroxyprogesterone Acetate 150 mg/mL (1 mL) Vial, Intramuscular",In Review,Ready to Use Approved,S1 - Projected MOS,2028-06,0.0
Malawi,MOH Supply Plan,"Medroxyprogesterone Acetate 150 mg/mL (1 mL) Vial, Intramuscular",In Review,Ready to Use Approved,S1 - Projected MOS,2028-07,0.0
Malawi,MOH Supply Plan,"Medroxyprogesterone Acetate 150 mg/mL (1 mL) Vial, Intramuscular",In Review,Ready to Use Approved,S1 - Projected MOS,2028-08,0.0
Malawi,MOH Supply Plan,"Medroxyprogesterone Acetate 150 mg/mL (1 mL) Vial, Intramuscular",In Review,Ready to Use Approved,S2 - Monthly Consumption,2026-02,336013.0
Malawi,MOH Supply Plan,"Medroxyprogesterone Acetate 150 mg/mL (1 mL) Vial, Intramuscular",In Review,Ready to Use Approved,S2 - Monthly Consumption,2026-03,351522.0
Malawi,MOH Supply Plan,"Medroxyprogesterone Acetate 150 mg/mL (1 mL) Vial, Intramuscular",In Review,Ready to Use Approved,S2 - Monthly Consumption,2026-04,342399.0
Malawi,MOH Supply Plan,"Medroxyprogesterone Acetate 150 mg/mL (1 mL) Vial, Intramuscular",In Review,Ready to Use Approved,S2 - Monthly Consumption,2026-05,342399.0
Malawi,MOH Supply Plan,"Medroxyprogesterone Acetate 150 mg/mL (1 mL) Vial, Intramuscular",In Review,Ready to Use Approved,S2 - Monthly Consumption,2026-06,342399.0
Malawi,MOH Supply Plan,"Medroxyprogesterone Acetate 150 mg/mL (1 mL) Vial, Intramuscular",In Review,Ready to Use Approved,S2 - Monthly Consumption,2026-07,342399.0
Malawi,MOH Supply Plan,"Medroxyprogesterone Acetate 150 mg/mL (1 mL) Vial, Intramuscular",In Review,Ready to Use Approved,S2 - Monthly Consumption,2026-08,342399.0
Malawi,MOH Supply Plan,"Medroxyprogesterone Acetate 150 mg/mL (1 mL) Vial, Intramuscular",In Review,Ready to Use Approved,S2 - Monthly Consumption,2026-09,342399.0
Malawi,MOH Supply Plan,"Medroxyprogesterone Acetate 150 mg/mL (1 mL) Vial, Intramuscular",In Review,Ready to Use Approved,S2 - Monthly Consumption,2026-10,342399.0
Malawi,MOH Supply Plan,"Medroxyprogesterone Acetate 150 mg/mL (1 mL) Vial, Intramuscular",In Review,Ready to Use Approved,S2 - Monthly Consumption,2026-11,342399.0
Malawi,MOH Supply Plan,"Medroxyprogesterone Acetate 150 mg/mL (1 mL) Vial, Intramuscular",In Review,Ready to Use Approved,S2 - Monthly Consumption,2026-12,342399.0
Malawi,MOH Supply Plan,"Medroxyprogesterone Acetate 150 mg/mL (1 mL) Vial, Intramuscular",In Review,Ready to Use Approved,S2 - Monthly Consumption,2027-01,360717.0
Malawi,MOH Supply Plan,"Medroxyprogesterone Acetate 150 mg/mL (1 mL) Vial, Intramuscular",In Review,Ready to Use Approved,S2 - Monthly Consumption,2027-02,360717.0
Malawi,MOH Supply Plan,"Medroxyprogesterone Acetate 150 mg/mL (1 mL) Vial, Intramuscular",In Review,Ready to Use Approved,S2 - Monthly Consumption,2027-03,360717.0
Malawi,MOH Supply Plan,"Medroxyprogesterone Acetate 150 mg/mL (1 mL) Vial, Intramuscular",In Review,Ready to Use Approved,S2 - Monthly Consumption,2027-04,360717.0
Malawi,MOH Supply Plan,"Medroxyprogesterone Acetate 150 mg/mL (1 mL) Vial, Intramuscular",In Review,Ready to Use Approved,S2 - Monthly Consumption,2027-05,360717.0
Malawi,MOH Supply Plan,"Medroxyprogesterone Acetate 150 mg/mL (1 mL) Vial, Intramuscular",In Review,Ready to Use Approved,S2 - Monthly Consumption,2027-06,360717.0
Malawi,MOH Supply Plan,"Medroxyprogesterone Acetate 150 mg/mL (1 mL) Vial, Intramuscular",In Review,Ready to Use Approved,S2 - Monthly Consumption,2027-07,360717.0
Malawi,MOH Supply Plan,"Medroxyprogesterone Acetate 150 mg/mL (1 mL) Vial, Intramuscular",In Review,Ready to Use Approved,S2 - Monthly Consumption,2027-08,360717.0
Malawi,MOH Supply Plan,"Medroxyprogesterone Acetate 150 mg/mL (1 mL) Vial, Intramuscular",In Review,Ready to Use Approved,S2 - Monthly Consumption,2027-09,360717.0
Malawi,MOH Supply Plan,"Medroxyprogesterone Acetate 150 mg/mL (1 mL) Vial, Intramuscular",In Review,Ready to Use Approved,S2 - Monthly Consumption,2027-10,360717.0
Malawi,MOH Supply Plan,"Medroxyprogesterone Acetate 150 mg/mL (1 mL) Vial, Intramuscular",In Review,Ready to Use Approved,S2 - Monthly Consumption,2027-11,360717.0
Malawi,MOH Supply Plan,"Medroxyprogesterone Acetate 150 mg/mL (1 mL) Vial, Intramuscular",In Review,Ready to Use Approved,S2 - Monthly Consumption,2027-12,360717.0
Malawi,MOH Supply Plan,"Medroxyprogesterone Acetate 150 mg/mL (1 mL) Vial, Intramuscular",In Review,Ready to Use Approved,S2 - Monthly Consumption,2028-01,374428.0
Malawi,MOH Supply Plan,"Medroxyprogesterone Acetate 150 mg/mL (1 mL) Vial, Intramuscular",In Review,Ready to Use Approved,S2 - Monthly Consumption,2028-02,374428.0
Malawi,MOH Supply Plan,"Medroxyprogesterone Acetate 150 mg/mL (1 mL) Vial, Intramuscular",In Review,Ready to Use Approved,S2 - Monthly Consumption,2028-03,374428.0
Malawi,MOH Supply Plan,"Medroxyprogesterone Acetate 150 mg/mL (1 mL) Vial, Intramuscular",In Review,Ready to Use Approved,S2 - Monthly Consumption,2028-04,374428.0
Malawi,MOH Supply Plan,"Medroxyprogesterone Acetate 150 mg/mL (1 mL) Vial, Intramuscular",In Review,Ready to Use Approved,S2 - Monthly Consumption,2028-05,374428.0
Malawi,MOH Supply Plan,"Medroxyprogesterone Acetate 150 mg/mL (1 mL) Vial, Intramuscular",In Review,Ready to Use Approved,S2 - Monthly Consumption,2028-06,374428.0
Malawi,MOH Supply Plan,"Medroxyprogesterone Acetate 150 mg/mL (1 mL) Vial, Intramuscular",In Review,Ready to Use Approved,S2 - Monthly Consumption,2028-07,374428.0
Malawi,MOH Supply Plan,"Medroxyprogesterone Acetate 150 mg/mL (1 mL) Vial, Intramuscular",In Review,Ready to Use Approved,S2 - Monthly Consumption,2028-08,374428.0
Malawi,MOH Supply Plan,"Medroxyprogesterone Acetate 150 mg/mL (1 mL) Vial, Intramuscular",In Review,Ready to Use Approved,S2 - Projected Inventory,2026-02,0.0
Malawi,MOH Supply Plan,"Medroxyprogesterone Acetate 150 mg/mL (1 mL) Vial, Intramuscular",In Review,Ready to Use Approved,S2 - Projected Inventory,2026-03,0.0
Malawi,MOH Supply Plan,"Medroxyprogesterone Acetate 150 mg/mL (1 mL) Vial, Intramuscular",In Review,Ready to Use Approved,S2 - Projected Inventory,2026-04,0.0
Malawi,MOH Supply Plan,"Medroxyprogesterone Acetate 150 mg/mL (1 mL) Vial, Intramuscular",In Review,Ready to Use Approved,S2 - Projected Inventory,2026-05,0.0
Malawi,MOH Supply Plan,"Medroxyprogesterone Acetate 150 mg/mL (1 mL) Vial, Intramuscular",In Review,Ready to Use Approved,S2 - Projected Inventory,2026-06,630396.0
Malawi,MOH Supply Plan,"Medroxyprogesterone Acetate 150 mg/mL (1 mL) Vial, Intramuscular",In Review,Ready to Use Approved,S2 - Projected Inventory,2026-07,287997.0
Malawi,MOH Supply Plan,"Medroxyprogesterone Acetate 150 mg/mL (1 mL) Vial, Intramuscular",In Review,Ready to Use Approved,S2 - Projected Inventory,2026-08,0.0
Malawi,MOH Supply Plan,"Medroxyprogesterone Acetate 150 mg/mL (1 mL) Vial, Intramuscular",In Review,Ready to Use Approved,S2 - Projected Inventory,2026-09,0.0
Malawi,MOH Supply Plan,"Medroxyprogesterone Acetate 150 mg/mL (1 mL) Vial, Intramuscular",In Review,Ready to Use Approved,S2 - Projected Inventory,2026-10,0.0
Malawi,MOH Supply Plan,"Medroxyprogesterone Acetate 150 mg/mL (1 mL) Vial, Intramuscular",In Review,Ready to Use Approved,S2 - Projected Inventory,2026-11,0.0
Malawi,MOH Supply Plan,"Medroxyprogesterone Acetate 150 mg/mL (1 mL) Vial, Intramuscular",In Review,Ready to Use Approved,S2 - Projected Inventory,2026-12,0.0
Malawi,MOH Supply Plan,"Medroxyprogesterone Acetate 150 mg/mL (1 mL) Vial, Intramuscular",In Review,Ready to Use Approved,S2 - Projected Inventory,2027-01,0.0
Malawi,MOH Supply Plan,"Medroxyprogesterone Acetate 150 mg/mL (1 mL) Vial, Intramuscular",In Review,Ready to Use Approved,S2 - Projected Inventory,2027-02,0.0
Malawi,MOH Supply Plan,"Medroxyprogesterone Acetate 150 mg/mL (1 mL) Vial, Intramuscular",In Review,Ready to Use Approved,S2 - Projected Inventory,2027-03,0.0
Malawi,MOH Supply Plan,"Medroxyprogesterone Acetate 150 mg/mL (1 mL) Vial, Intramuscular",In Review,Ready to Use Approved,S2 - Projected Inventory,2027-04,0.0
Malawi,MOH Supply Plan,"Medroxyprogesterone Acetate 150 mg/mL (1 mL) Vial, Intramuscular",In Review,Ready to Use Approved,S2 - Projected Inventory,2027-05,0.0
Malawi,MOH Supply Plan,"Medroxyprogesterone Acetate 150 mg/mL (1 mL) Vial, Intramuscular",In Review,Ready to Use Approved,S2 - Projected Inventory,2027-06,0.0
Malawi,MOH Supply Plan,"Medroxyprogesterone Acetate 150 mg/mL (1 mL) Vial, Intramuscular",In Review,Ready to Use Approved,S2 - Projected Inventory,2027-07,0.0
Malawi,MOH Supply Plan,"Medroxyprogesterone Acetate 150 mg/mL (1 mL) Vial, Intramuscular",In Review,Ready to Use Approved,S2 - Projected Inventory,2027-08,0.0
Malawi,MOH Supply Plan,"Medroxyprogesterone Acetate 150 mg/mL (1 mL) Vial, Intramuscular",In Review,Ready to Use Approved,S2 - Projected Inventory,2027-09,0.0
Malawi,MOH Supply Plan,"Medroxyprogesterone Acetate 150 mg/mL (1 mL) Vial, Intramuscular",In Review,Ready to Use Approved,S2 - Projected Inventory,2027-10,0.0
Malawi,MOH Supply Plan,"Medroxyprogesterone Acetate 150 mg/mL (1 mL) Vial, Intramuscular",In Review,Ready to Use Approved,S2 - Projected Inventory,2027-11,0.0
Malawi,MOH Supply Plan,"Medroxyprogesterone Acetate 150 mg/mL (1 mL) Vial, Intramuscular",In Review,Ready to Use Approved,S2 - Projected Inventory,2027-12,0.0
Malawi,MOH Supply Plan,"Medroxyprogesterone Acetate 150 mg/mL (1 mL) Vial, Intramuscular",In Review,Ready to Use Approved,S2 - Projected Inventory,2028-01,0.0
Malawi,MOH Supply Plan,"Medroxyprogesterone Acetate 150 mg/mL (1 mL) Vial, Intramuscular",In Review,Ready to Use Approved,S2 - Projected Inventory,2028-02,0.0
Malawi,MOH Supply Plan,"Medroxyprogesterone Acetate 150 mg/mL (1 mL) Vial, Intramuscular",In Review,Ready to Use Approved,S2 - Projected Inventory,2028-03,0.0
Malawi,MOH Supply Plan,"Medroxyprogesterone Acetate 150 mg/mL (1 mL) Vial, Intramuscular",In Review,Ready to Use Approved,S2 - Projected Inventory,2028-04,0.0
Malawi,MOH Supply Plan,"Medroxyprogesterone Acetate 150 mg/mL (1 mL) Vial, Intramuscular",In Review,Ready to Use Approved,S2 - Projected Inventory,2028-05,0.0
Malawi,MOH Supply Plan,"Medroxyprogesterone Acetate 150 mg/mL (1 mL) Vial, Intramuscular",In Review,Ready to Use Approved,S2 - Projected Inventory,2028-06,0.0
Malawi,MOH Supply Plan,"Medroxyprogesterone Acetate 150 mg/mL (1 mL) Vial, Intramuscular",In Review,Ready to Use Approved,S2 - Projected Inventory,2028-07,0.0
Malawi,MOH Supply Plan,"Medroxyprogesterone Acetate 150 mg/mL (1 mL) Vial, Intramuscular",In Review,Ready to Use Approved,S2 - Projected Inventory,2028-08,0.0
Malawi,MOH Supply Plan,"Medroxyprogesterone Acetate 150 mg/mL (1 mL) Vial, Intramuscular",In Review,Ready to Use Approved,S2 - Projected MOS,2026-02,0.0
Malawi,MOH Supply Plan,"Medroxyprogesterone Acetate 150 mg/mL (1 mL) Vial, Intramuscular",In Review,Ready to Use Approved,S2 - Projected MOS,2026-03,0.0
Malawi,MOH Supply Plan,"Medroxyprogesterone Acetate 150 mg/mL (1 mL) Vial, Intramuscular",In Review,Ready to Use Approved,S2 - Projected MOS,2026-04,0.0
Malawi,MOH Supply Plan,"Medroxyprogesterone Acetate 150 mg/mL (1 mL) Vial, Intramuscular",In Review,Ready to Use Approved,S2 - Projected MOS,2026-05,0.0
Malawi,MOH Supply Plan,"Medroxyprogesterone Acetate 150 mg/mL (1 mL) Vial, Intramuscular",In Review,Ready to Use Approved,S2 - Projected MOS,2026-06,1.8
Malawi,MOH Supply Plan,"Medroxyprogesterone Acetate 150 mg/mL (1 mL) Vial, Intramuscular",In Review,Ready to Use Approved,S2 - Projected MOS,2026-07,0.8
Malawi,MOH Supply Plan,"Medroxyprogesterone Acetate 150 mg/mL (1 mL) Vial, Intramuscular",In Review,Ready to Use Approved,S2 - Projected MOS,2026-08,0.0
Malawi,MOH Supply Plan,"Medroxyprogesterone Acetate 150 mg/mL (1 mL) Vial, Intramuscular",In Review,Ready to Use Approved,S2 - Projected MOS,2026-09,0.0
Malawi,MOH Supply Plan,"Medroxyprogesterone Acetate 150 mg/mL (1 mL) Vial, Intramuscular",In Review,Ready to Use Approved,S2 - Projected MOS,2026-10,0.0
Malawi,MOH Supply Plan,"Medroxyprogesterone Acetate 150 mg/mL (1 mL) Vial, Intramuscular",In Review,Ready to Use Approved,S2 - Projected MOS,2026-11,0.0
Malawi,MOH Supply Plan,"Medroxyprogesterone Acetate 150 mg/mL (1 mL) Vial, Intramuscular",In Review,Ready to Use Approved,S2 - Projected MOS,2026-12,0.0
Malawi,MOH Supply Plan,"Medroxyprogesterone Acetate 150 mg/mL (1 mL) Vial, Intramuscular",In Review,Ready to Use Approved,S2 - Projected MOS,2027-01,0.0
Malawi,MOH Supply Plan,"Medroxyprogesterone Acetate 150 mg/mL (1 mL) Vial, Intramuscular",In Review,Ready to Use Approved,S2 - Projected MOS,2027-02,0.0
Malawi,MOH Supply Plan,"Medroxyprogesterone Acetate 150 mg/mL (1 mL) Vial, Intramuscular",In Review,Ready to Use Approved,S2 - Projected MOS,2027-03,0.0
Malawi,MOH Supply Plan,"Medroxyprogesterone Acetate 150 mg/mL (1 mL) Vial, Intramuscular",In Review,Ready to Use Approved,S2 - Projected MOS,2027-04,0.0
Malawi,MOH Supply Plan,"Medroxyprogesterone Acetate 150 mg/mL (1 mL) Vial, Intramuscular",In Review,Ready to Use Approved,S2 - Projected MOS,2027-05,0.0
Malawi,MOH Supply Plan,"Medroxyprogesterone Acetate 150 mg/mL (1 mL) Vial, Intramuscular",In Review,Ready to Use Approved,S2 - Projected MOS,2027-06,0.0
Malawi,MOH Supply Plan,"Medroxyprogesterone Acetate 150 mg/mL (1 mL) Vial, Intramuscular",In Review,Ready to Use Approved,S2 - Projected MOS,2027-07,0.0
Malawi,MOH Supply Plan,"Medroxyprogesterone Acetate 150 mg/mL (1 mL) Vial, Intramuscular",In Review,Ready to Use Approved,S2 - Projected MOS,2027-08,0.0
Malawi,MOH Supply Plan,"Medroxyprogesterone Acetate 150 mg/mL (1 mL) Vial, Intramuscular",In Review,Ready to Use Approved,S2 - Projected MOS,2027-09,0.0
Malawi,MOH Supply Plan,"Medroxyprogesterone Acetate 150 mg/mL (1 mL) Vial, Intramuscular",In Review,Ready to Use Approved,S2 - Projected MOS,2027-10,0.0
Malawi,MOH Supply Plan,"Medroxyprogesterone Acetate 150 mg/mL (1 mL) Vial, Intramuscular",In Review,Ready to Use Approved,S2 - Projected MOS,2027-11,0.0
Malawi,MOH Supply Plan,"Medroxyprogesterone Acetate 150 mg/mL (1 mL) Vial, Intramuscular",In Review,Ready to Use Approved,S2 - Projected MOS,2027-12,0.0
Malawi,MOH Supply Plan,"Medroxyprogesterone Acetate 150 mg/mL (1 mL) Vial, Intramuscular",In Review,Ready to Use Approved,S2 - Projected MOS,2028-01,0.0
Malawi,MOH Supply Plan,"Medroxyprogesterone Acetate 150 mg/mL (1 mL) Vial, Intramuscular",In Review,Ready to Use Approved,S2 - Projected MOS,2028-02,0.0
Malawi,MOH Supply Plan,"Medroxyprogesterone Acetate 150 mg/mL (1 mL) Vial, Intramuscular",In Review,Ready to Use Approved,S2 - Projected MOS,2028-03,0.0
Malawi,MOH Supply Plan,"Medroxyprogesterone Acetate 150 mg/mL (1 mL) Vial, Intramuscular",In Review,Ready to Use Approved,S2 - Projected MOS,2028-04,0.0
Malawi,MOH Supply Plan,"Medroxyprogesterone Acetate 150 mg/mL (1 mL) Vial, Intramuscular",In Review,Ready to Use Approved,S2 - Projected MOS,2028-05,0.0
Malawi,MOH Supply Plan,"Medroxyprogesterone Acetate 150 mg/mL (1 mL) Vial, Intramuscular",In Review,Ready to Use Approved,S2 - Projected MOS,2028-06,0.0
Malawi,MOH Supply Plan,"Medroxyprogesterone Acetate 150 mg/mL (1 mL) Vial, Intramuscular",In Review,Ready to Use Approved,S2 - Projected MOS,2028-07,0.0
Malawi,MOH Supply Plan,"Medroxyprogesterone Acetate 150 mg/mL (1 mL) Vial, Intramuscular",In Review,Ready to Use Approved,S2 - Projected MOS,2028-08,0.0
Malawi,MOH Supply Plan,"Medroxyprogesterone Acetate 150 mg/mL (1 mL) Vial, Intramuscular",In Review,Ready to Use Approved,Inventory Upload Notification,2026-06,630396.0
Malawi,MOH Supply Plan,"Norethisterone Enantate/Estradiol Valerate 50/5 mg/mL (1 mL) Ampoule, Intramuscular",In Review,Ready to Use Approved,Projected Inventory,2026-02,0.0
Malawi,MOH Supply Plan,"Norethisterone Enantate/Estradiol Valerate 50/5 mg/mL (1 mL) Ampoule, Intramuscular",In Review,Ready to Use Approved,Projected Inventory,2026-03,0.0
Malawi,MOH Supply Plan,"Norethisterone Enantate/Estradiol Valerate 50/5 mg/mL (1 mL) Ampoule, Intramuscular",In Review,Ready to Use Approved,Projected Inventory,2026-04,0.0
Malawi,MOH Supply Plan,"Norethisterone Enantate/Estradiol Valerate 50/5 mg/mL (1 mL) Ampoule, Intramuscular",In Review,Ready to Use Approved,Projected Inventory,2026-05,0.0
Malawi,MOH Supply Plan,"Norethisterone Enantate/Estradiol Valerate 50/5 mg/mL (1 mL) Ampoule, Intramuscular",In Review,Ready to Use Approved,Projected Inventory,2026-06,0.0
Malawi,MOH Supply Plan,"Norethisterone Enantate/Estradiol Valerate 50/5 mg/mL (1 mL) Ampoule, Intramuscular",In Review,Ready to Use Approved,Projected Inventory,2026-07,0.0
Malawi,MOH Supply Plan,"Norethisterone Enantate/Estradiol Valerate 50/5 mg/mL (1 mL) Ampoule, Intramuscular",In Review,Ready to Use Approved,Projected Inventory,2026-08,0.0
Malawi,MOH Supply Plan,"Norethisterone Enantate/Estradiol Valerate 50/5 mg/mL (1 mL) Ampoule, Intramuscular",In Review,Ready to Use Approved,Projected Inventory,2026-09,0.0
Malawi,MOH Supply Plan,"Norethisterone Enantate/Estradiol Valerate 50/5 mg/mL (1 mL) Ampoule, Intramuscular",In Review,Ready to Use Approved,Projected Inventory,2026-10,0.0
Malawi,MOH Supply Plan,"Norethisterone Enantate/Estradiol Valerate 50/5 mg/mL (1 mL) Ampoule, Intramuscular",In Review,Ready to Use Approved,Projected Inventory,2026-11,0.0
Malawi,MOH Supply Plan,"Norethisterone Enantate/Estradiol Valerate 50/5 mg/mL (1 mL) Ampoule, Intramuscular",In Review,Ready to Use Approved,Projected Inventory,2026-12,0.0
Malawi,MOH Supply Plan,"Norethisterone Enantate/Estradiol Valerate 50/5 mg/mL (1 mL) Ampoule, Intramuscular",In Review,Ready to Use Approved,Projected Inventory,2027-01,0.0
Malawi,MOH Supply Plan,"Norethisterone Enantate/Estradiol Valerate 50/5 mg/mL (1 mL) Ampoule, Intramuscular",In Review,Ready to Use Approved,Projected Inventory,2027-02,0.0
Malawi,MOH Supply Plan,"Norethisterone Enantate/Estradiol Valerate 50/5 mg/mL (1 mL) Ampoule, Intramuscular",In Review,Ready to Use Approved,Projected Inventory,2027-03,0.0
Malawi,MOH Supply Plan,"Norethisterone Enantate/Estradiol Valerate 50/5 mg/mL (1 mL) Ampoule, Intramuscular",In Review,Ready to Use Approved,Projected Inventory,2027-04,0.0
Malawi,MOH Supply Plan,"Norethisterone Enantate/Estradiol Valerate 50/5 mg/mL (1 mL) Ampoule, Intramuscular",In Review,Ready to Use Approved,Projected Inventory,2027-05,0.0
Malawi,MOH Supply Plan,"Norethisterone Enantate/Estradiol Valerate 50/5 mg/mL (1 mL) Ampoule, Intramuscular",In Review,Ready to Use Approved,Projected Inventory,2027-06,0.0
Malawi,MOH Supply Plan,"Norethisterone Enantate/Estradiol Valerate 50/5 mg/mL (1 mL) Ampoule, Intramuscular",In Review,Ready to Use Approved,Projected Inventory,2027-07,0.0
Malawi,MOH Supply Plan,"Norethisterone Enantate/Estradiol Valerate 50/5 mg/mL (1 mL) Ampoule, Intramuscular",In Review,Ready to Use Approved,Projected Inventory,2027-08,0.0
Malawi,MOH Supply Plan,"Norethisterone Enantate/Estradiol Valerate 50/5 mg/mL (1 mL) Ampoule, Intramuscular",In Review,Ready to Use Approved,Projected Inventory,2027-09,0.0
Malawi,MOH Supply Plan,"Norethisterone Enantate/Estradiol Valerate 50/5 mg/mL (1 mL) Ampoule, Intramuscular",In Review,Ready to Use Approved,Projected Inventory,2027-10,0.0
Malawi,MOH Supply Plan,"Norethisterone Enantate/Estradiol Valerate 50/5 mg/mL (1 mL) Ampoule, Intramuscular",In Review,Ready to Use Approved,Projected Inventory,2027-11,0.0
Malawi,MOH Supply Plan,"Norethisterone Enantate/Estradiol Valerate 50/5 mg/mL (1 mL) Ampoule, Intramuscular",In Review,Ready to Use Approved,Projected Inventory,2027-12,0.0
Malawi,MOH Supply Plan,"Norethisterone Enantate/Estradiol Valerate 50/5 mg/mL (1 mL) Ampoule, Intramuscular",In Review,Ready to Use Approved,Projected Inventory,2028-01,0.0
Malawi,MOH Supply Plan,"Norethisterone Enantate/Estradiol Valerate 50/5 mg/mL (1 mL) Ampoule, Intramuscular",In Review,Ready to Use Approved,Projected Inventory,2028-02,0.0
Malawi,MOH Supply Plan,"Norethisterone Enantate/Estradiol Valerate 50/5 mg/mL (1 mL) Ampoule, Intramuscular",In Review,Ready to Use Approved,Projected Inventory,2028-03,0.0
Malawi,MOH Supply Plan,"Norethisterone Enantate/Estradiol Valerate 50/5 mg/mL (1 mL) Ampoule, Intramuscular",In Review,Ready to Use Approved,Projected Inventory,2028-04,0.0
Malawi,MOH Supply Plan,"Norethisterone Enantate/Estradiol Valerate 50/5 mg/mL (1 mL) Ampoule, Intramuscular",In Review,Ready to Use Approved,Projected Inventory,2028-05,0.0
Malawi,MOH Supply Plan,"Norethisterone Enantate/Estradiol Valerate 50/5 mg/mL (1 mL) Ampoule, Intramuscular",In Review,Ready to Use Approved,Projected Inventory,2028-06,0.0
Malawi,MOH Supply Plan,"Norethisterone Enantate/Estradiol Valerate 50/5 mg/mL (1 mL) Ampoule, Intramuscular",In Review,Ready to Use Approved,Projected Inventory,2028-07,0.0
Malawi,MOH Supply Plan,"Norethisterone Enantate/Estradiol Valerate 50/5 mg/mL (1 mL) Ampoule, Intramuscular",In Review,Ready to Use Approved,Projected Inventory,2028-08,0.0
Malawi,MOH Supply Plan,"Norethisterone Enantate/Estradiol Valerate 50/5 mg/mL (1 mL) Ampoule, Intramuscular",In Review,Ready to Use Approved,Projected MOS below min MOS Alert,2026-02,0.0
Malawi,MOH Supply Plan,"Norethisterone Enantate/Estradiol Valerate 50/5 mg/mL (1 mL) Ampoule, Intramuscular",In Review,Ready to Use Approved,Projected MOS below min MOS Alert,2026-03,0.0
Malawi,MOH Supply Plan,"Norethisterone Enantate/Estradiol Valerate 50/5 mg/mL (1 mL) Ampoule, Intramuscular",In Review,Ready to Use Approved,Projected MOS below min MOS Alert,2026-04,0.0
Malawi,MOH Supply Plan,"Norethisterone Enantate/Estradiol Valerate 50/5 mg/mL (1 mL) Ampoule, Intramuscular",In Review,Ready to Use Approved,Projected MOS below min MOS Alert,2026-05,0.0
Malawi,MOH Supply Plan,"Norethisterone Enantate/Estradiol Valerate 50/5 mg/mL (1 mL) Ampoule, Intramuscular",In Review,Ready to Use Approved,Projected MOS below min MOS Alert,2026-06,0.0
Malawi,MOH Supply Plan,"Norethisterone Enantate/Estradiol Valerate 50/5 mg/mL (1 mL) Ampoule, Intramuscular",In Review,Ready to Use Approved,Projected MOS below min MOS Alert,2026-07,0.0
Malawi,MOH Supply Plan,"Norethisterone Enantate/Estradiol Valerate 50/5 mg/mL (1 mL) Ampoule, Intramuscular",In Review,Ready to Use Approved,Projected MOS below min MOS Alert,2026-08,0.0
Malawi,MOH Supply Plan,"Norethisterone Enantate/Estradiol Valerate 50/5 mg/mL (1 mL) Ampoule, Intramuscular",In Review,Ready to Use Approved,Projected MOS below min MOS Alert,2026-09,0.0
Malawi,MOH Supply Plan,"Norethisterone Enantate/Estradiol Valerate 50/5 mg/mL (1 mL) Ampoule, Intramuscular",In Review,Ready to Use Approved,Projected MOS below min MOS Alert,2026-10,0.0
Malawi,MOH Supply Plan,"Norethisterone Enantate/Estradiol Valerate 50/5 mg/mL (1 mL) Ampoule, Intramuscular",In Review,Ready to Use Approved,Projected MOS below min MOS Alert,2026-11,0.0
Malawi,MOH Supply Plan,"Norethisterone Enantate/Estradiol Valerate 50/5 mg/mL (1 mL) Ampoule, Intramuscular",In Review,Ready to Use Approved,Projected MOS below min MOS Alert,2026-12,0.0
Malawi,MOH Supply Plan,"Norethisterone Enantate/Estradiol Valerate 50/5 mg/mL (1 mL) Ampoule, Intramuscular",In Review,Ready to Use Approved,Projected MOS below min MOS Alert,2027-01,0.0
Malawi,MOH Supply Plan,"Norethisterone Enantate/Estradiol Valerate 50/5 mg/mL (1 mL) Ampoule, Intramuscular",In Review,Ready to Use Approved,Projected MOS below min MOS Alert,2027-02,0.0
Malawi,MOH Supply Plan,"Norethisterone Enantate/Estradiol Valerate 50/5 mg/mL (1 mL) Ampoule, Intramuscular",In Review,Ready to Use Approved,Projected MOS below min MOS Alert,2027-03,0.0
Malawi,MOH Supply Plan,"Norethisterone Enantate/Estradiol Valerate 50/5 mg/mL (1 mL) Ampoule, Intramuscular",In Review,Ready to Use Approved,Projected MOS below min MOS Alert,2027-04,0.0
Malawi,MOH Supply Plan,"Norethisterone Enantate/Estradiol Valerate 50/5 mg/mL (1 mL) Ampoule, Intramuscular",In Review,Ready to Use Approved,Projected MOS below min MOS Alert,2027-05,0.0
Malawi,MOH Supply Plan,"Norethisterone Enantate/Estradiol Valerate 50/5 mg/mL (1 mL) Ampoule, Intramuscular",In Review,Ready to Use Approved,Projected MOS below min MOS Alert,2027-06,0.0
Malawi,MOH Supply Plan,"Norethisterone Enantate/Estradiol Valerate 50/5 mg/mL (1 mL) Ampoule, Intramuscular",In Review,Ready to Use Approved,Projected MOS below min MOS Alert,2027-07,0.0
Malawi,MOH Supply Plan,"Norethisterone Enantate/Estradiol Valerate 50/5 mg/mL (1 mL) Ampoule, Intramuscular",In Review,Ready to Use Approved,Projected MOS below min MOS Alert,2027-08,0.0
Malawi,MOH Supply Plan,"Norethisterone Enantate/Estradiol Valerate 50/5 mg/mL (1 mL) Ampoule, Intramuscular",In Review,Ready to Use Approved,Projected MOS below min MOS Alert,2027-09,0.0
Malawi,MOH Supply Plan,"Norethisterone Enantate/Estradiol Valerate 50/5 mg/mL (1 mL) Ampoule, Intramuscular",In Review,Ready to Use Approved,Projected MOS below min MOS Alert,2027-10,0.0
Malawi,MOH Supply Plan,"Norethisterone Enantate/Estradiol Valerate 50/5 mg/mL (1 mL) Ampoule, Intramuscular",In Review,Ready to Use Approved,Projected MOS below min MOS Alert,2027-11,0.0
Malawi,MOH Supply Plan,"Norethisterone Enantate/Estradiol Valerate 50/5 mg/mL (1 mL) Ampoule, Intramuscular",In Review,Ready to Use Approved,Projected MOS below min MOS Alert,2027-12,0.0
Malawi,MOH Supply Plan,"Norethisterone Enantate/Estradiol Valerate 50/5 mg/mL (1 mL) Ampoule, Intramuscular",In Review,Ready to Use Approved,Projected MOS below min MOS Alert,2028-01,0.0
Malawi,MOH Supply Plan,"Norethisterone Enantate/Estradiol Valerate 50/5 mg/mL (1 mL) Ampoule, Intramuscular",In Review,Ready to Use Approved,Projected MOS below min MOS Alert,2028-02,0.0
Malawi,MOH Supply Plan,"Norethisterone Enantate/Estradiol Valerate 50/5 mg/mL (1 mL) Ampoule, Intramuscular",In Review,Ready to Use Approved,Projected MOS below min MOS Alert,2028-03,0.0
Malawi,MOH Supply Plan,"Norethisterone Enantate/Estradiol Valerate 50/5 mg/mL (1 mL) Ampoule, Intramuscular",In Review,Ready to Use Approved,Projected MOS below min MOS Alert,2028-04,0.0
Malawi,MOH Supply Plan,"Norethisterone Enantate/Estradiol Valerate 50/5 mg/mL (1 mL) Ampoule, Intramuscular",In Review,Ready to Use Approved,Projected MOS below min MOS Alert,2028-05,0.0
Malawi,MOH Supply Plan,"Norethisterone Enantate/Estradiol Valerate 50/5 mg/mL (1 mL) Ampoule, Intramuscular",In Review,Ready to Use Approved,Projected MOS below min MOS Alert,2028-06,0.0
Malawi,MOH Supply Plan,"Norethisterone Enantate/Estradiol Valerate 50/5 mg/mL (1 mL) Ampoule, Intramuscular",In Review,Ready to Use Approved,Projected MOS below min MOS Alert,2028-07,0.0
Malawi,MOH Supply Plan,"Norethisterone Enantate/Estradiol Valerate 50/5 mg/mL (1 mL) Ampoule, Intramuscular",In Review,Ready to Use Approved,Projected MOS below min MOS Alert,2028-08,0.0
Malawi,MOH Supply Plan,"Norethisterone Enantate/Estradiol Valerate 50/5 mg/mL (1 mL) Ampoule, Intramuscular",In Review,Ready to Use Approved,Projected MOS above max MOS Alert,2026-02,0.0
Malawi,MOH Supply Plan,"Norethisterone Enantate/Estradiol Valerate 50/5 mg/mL (1 mL) Ampoule, Intramuscular",In Review,Ready to Use Approved,Projected MOS above max MOS Alert,2026-03,0.0
Malawi,MOH Supply Plan,"Norethisterone Enantate/Estradiol Valerate 50/5 mg/mL (1 mL) Ampoule, Intramuscular",In Review,Ready to Use Approved,Projected MOS above max MOS Alert,2026-04,0.0
Malawi,MOH Supply Plan,"Norethisterone Enantate/Estradiol Valerate 50/5 mg/mL (1 mL) Ampoule, Intramuscular",In Review,Ready to Use Approved,Projected MOS above max MOS Alert,2026-05,0.0
Malawi,MOH Supply Plan,"Norethisterone Enantate/Estradiol Valerate 50/5 mg/mL (1 mL) Ampoule, Intramuscular",In Review,Ready to Use Approved,Projected MOS above max MOS Alert,2026-06,0.0
Malawi,MOH Supply Plan,"Norethisterone Enantate/Estradiol Valerate 50/5 mg/mL (1 mL) Ampoule, Intramuscular",In Review,Ready to Use Approved,Projected MOS above max MOS Alert,2026-07,0.0
Malawi,MOH Supply Plan,"Norethisterone Enantate/Estradiol Valerate 50/5 mg/mL (1 mL) Ampoule, Intramuscular",In Review,Ready to Use Approved,Projected MOS above max MOS Alert,2026-08,0.0
Malawi,MOH Supply Plan,"Norethisterone Enantate/Estradiol Valerate 50/5 mg/mL (1 mL) Ampoule, Intramuscular",In Review,Ready to Use Approved,Projected MOS above max MOS Alert,2026-09,0.0
Malawi,MOH Supply Plan,"Norethisterone Enantate/Estradiol Valerate 50/5 mg/mL (1 mL) Ampoule, Intramuscular",In Review,Ready to Use Approved,Projected MOS above max MOS Alert,2026-10,0.0
Malawi,MOH Supply Plan,"Norethisterone Enantate/Estradiol Valerate 50/5 mg/mL (1 mL) Ampoule, Intramuscular",In Review,Ready to Use Approved,Projected MOS above max MOS Alert,2026-11,0.0
Malawi,MOH Supply Plan,"Norethisterone Enantate/Estradiol Valerate 50/5 mg/mL (1 mL) Ampoule, Intramuscular",In Review,Ready to Use Approved,Projected MOS above max MOS Alert,2026-12,0.0
Malawi,MOH Supply Plan,"Norethisterone Enantate/Estradiol Valerate 50/5 mg/mL (1 mL) Ampoule, Intramuscular",In Review,Ready to Use Approved,Projected MOS above max MOS Alert,2027-01,0.0
Malawi,MOH Supply Plan,"Norethisterone Enantate/Estradiol Valerate 50/5 mg/mL (1 mL) Ampoule, Intramuscular",In Review,Ready to Use Approved,Projected MOS above max MOS Alert,2027-02,0.0
Malawi,MOH Supply Plan,"Norethisterone Enantate/Estradiol Valerate 50/5 mg/mL (1 mL) Ampoule, Intramuscular",In Review,Ready to Use Approved,Projected MOS above max MOS Alert,2027-03,0.0
Malawi,MOH Supply Plan,"Norethisterone Enantate/Estradiol Valerate 50/5 mg/mL (1 mL) Ampoule, Intramuscular",In Review,Ready to Use Approved,Projected MOS above max MOS Alert,2027-04,0.0
Malawi,MOH Supply Plan,"Norethisterone Enantate/Estradiol Valerate 50/5 mg/mL (1 mL) Ampoule, Intramuscular",In Review,Ready to Use Approved,Projected MOS above max MOS Alert,2027-05,0.0
Malawi,MOH Supply Plan,"Norethisterone Enantate/Estradiol Valerate 50/5 mg/mL (1 mL) Ampoule, Intramuscular",In Review,Ready to Use Approved,Projected MOS above max MOS Alert,2027-06,0.0
Malawi,MOH Supply Plan,"Norethisterone Enantate/Estradiol Valerate 50/5 mg/mL (1 mL) Ampoule, Intramuscular",In Review,Ready to Use Approved,Projected MOS above max MOS Alert,2027-07,0.0
Malawi,MOH Supply Plan,"Norethisterone Enantate/Estradiol Valerate 50/5 mg/mL (1 mL) Ampoule, Intramuscular",In Review,Ready to Use Approved,Projected MOS above max MOS Alert,2027-08,0.0
Malawi,MOH Supply Plan,"Norethisterone Enantate/Estradiol Valerate 50/5 mg/mL (1 mL) Ampoule, Intramuscular",In Review,Ready to Use Approved,Projected MOS above max MOS Alert,2027-09,0.0
Malawi,MOH Supply Plan,"Norethisterone Enantate/Estradiol Valerate 50/5 mg/mL (1 mL) Ampoule, Intramuscular",In Review,Ready to Use Approved,Projected MOS above max MOS Alert,2027-10,0.0
Malawi,MOH Supply Plan,"Norethisterone Enantate/Estradiol Valerate 50/5 mg/mL (1 mL) Ampoule, Intramuscular",In Review,Ready to Use Approved,Projected MOS above max MOS Alert,2027-11,0.0
Malawi,MOH Supply Plan,"Norethisterone Enantate/Estradiol Valerate 50/5 mg/mL (1 mL) Ampoule, Intramuscular",In Review,Ready to Use Approved,Projected MOS above max MOS Alert,2027-12,0.0
Malawi,MOH Supply Plan,"Norethisterone Enantate/Estradiol Valerate 50/5 mg/mL (1 mL) Ampoule, Intramuscular",In Review,Ready to Use Approved,Projected MOS above max MOS Alert,2028-01,0.0
Malawi,MOH Supply Plan,"Norethisterone Enantate/Estradiol Valerate 50/5 mg/mL (1 mL) Ampoule, Intramuscular",In Review,Ready to Use Approved,Projected MOS above max MOS Alert,2028-02,0.0
Malawi,MOH Supply Plan,"Norethisterone Enantate/Estradiol Valerate 50/5 mg/mL (1 mL) Ampoule, Intramuscular",In Review,Ready to Use Approved,Projected MOS above max MOS Alert,2028-03,0.0
Malawi,MOH Supply Plan,"Norethisterone Enantate/Estradiol Valerate 50/5 mg/mL (1 mL) Ampoule, Intramuscular",In Review,Ready to Use Approved,Projected MOS above max MOS Alert,2028-04,0.0
Malawi,MOH Supply Plan,"Norethisterone Enantate/Estradiol Valerate 50/5 mg/mL (1 mL) Ampoule, Intramuscular",In Review,Ready to Use Approved,Projected MOS above max MOS Alert,2028-05,0.0
Malawi,MOH Supply Plan,"Norethisterone Enantate/Estradiol Valerate 50/5 mg/mL (1 mL) Ampoule, Intramuscular",In Review,Ready to Use Approved,Projected MOS above max MOS Alert,2028-06,0.0
Malawi,MOH Supply Plan,"Norethisterone Enantate/Estradiol Valerate 50/5 mg/mL (1 mL) Ampoule, Intramuscular",In Review,Ready to Use Approved,Projected MOS above max MOS Alert,2028-07,0.0
Malawi,MOH Supply Plan,"Norethisterone Enantate/Estradiol Valerate 50/5 mg/mL (1 mL) Ampoule, Intramuscular",In Review,Ready to Use Approved,Projected MOS above max MOS Alert,2028-08,0.0
Malawi,MOH Supply Plan,"Norethisterone Enantate/Estradiol Valerate 50/5 mg/mL (1 mL) Ampoule, Intramuscular",In Review,Ready to Use Approved,S1 - Projected Inventory,2026-02,0.0
Malawi,MOH Supply Plan,"Norethisterone Enantate/Estradiol Valerate 50/5 mg/mL (1 mL) Ampoule, Intramuscular",In Review,Ready to Use Approved,S1 - Projected Inventory,2026-03,0.0
Malawi,MOH Supply Plan,"Norethisterone Enantate/Estradiol Valerate 50/5 mg/mL (1 mL) Ampoule, Intramuscular",In Review,Ready to Use Approved,S1 - Projected Inventory,2026-04,0.0
Malawi,MOH Supply Plan,"Norethisterone Enantate/Estradiol Valerate 50/5 mg/mL (1 mL) Ampoule, Intramuscular",In Review,Ready to Use Approved,S1 - Projected Inventory,2026-05,0.0
Malawi,MOH Supply Plan,"Norethisterone Enantate/Estradiol Valerate 50/5 mg/mL (1 mL) Ampoule, Intramuscular",In Review,Ready to Use Approved,S1 - Projected Inventory,2026-06,0.0
Malawi,MOH Supply Plan,"Norethisterone Enantate/Estradiol Valerate 50/5 mg/mL (1 mL) Ampoule, Intramuscular",In Review,Ready to Use Approved,S1 - Projected Inventory,2026-07,0.0
Malawi,MOH Supply Plan,"Norethisterone Enantate/Estradiol Valerate 50/5 mg/mL (1 mL) Ampoule, Intramuscular",In Review,Ready to Use Approved,S1 - Projected Inventory,2026-08,0.0
Malawi,MOH Supply Plan,"Norethisterone Enantate/Estradiol Valerate 50/5 mg/mL (1 mL) Ampoule, Intramuscular",In Review,Ready to Use Approved,S1 - Projected Inventory,2026-09,0.0
Malawi,MOH Supply Plan,"Norethisterone Enantate/Estradiol Valerate 50/5 mg/mL (1 mL) Ampoule, Intramuscular",In Review,Ready to Use Approved,S1 - Projected Inventory,2026-10,0.0
Malawi,MOH Supply Plan,"Norethisterone Enantate/Estradiol Valerate 50/5 mg/mL (1 mL) Ampoule, Intramuscular",In Review,Ready to Use Approved,S1 - Projected Inventory,2026-11,0.0
Malawi,MOH Supply Plan,"Norethisterone Enantate/Estradiol Valerate 50/5 mg/mL (1 mL) Ampoule, Intramuscular",In Review,Ready to Use Approved,S1 - Projected Inventory,2026-12,0.0
Malawi,MOH Supply Plan,"Norethisterone Enantate/Estradiol Valerate 50/5 mg/mL (1 mL) Ampoule, Intramuscular",In Review,Ready to Use Approved,S1 - Projected Inventory,2027-01,0.0
Malawi,MOH Supply Plan,"Norethisterone Enantate/Estradiol Valerate 50/5 mg/mL (1 mL) Ampoule, Intramuscular",In Review,Ready to Use Approved,S1 - Projected Inventory,2027-02,0.0
Malawi,MOH Supply Plan,"Norethisterone Enantate/Estradiol Valerate 50/5 mg/mL (1 mL) Ampoule, Intramuscular",In Review,Ready to Use Approved,S1 - Projected Inventory,2027-03,0.0
Malawi,MOH Supply Plan,"Norethisterone Enantate/Estradiol Valerate 50/5 mg/mL (1 mL) Ampoule, Intramuscular",In Review,Ready to Use Approved,S1 - Projected Inventory,2027-04,0.0
Malawi,MOH Supply Plan,"Norethisterone Enantate/Estradiol Valerate 50/5 mg/mL (1 mL) Ampoule, Intramuscular",In Review,Ready to Use Approved,S1 - Projected Inventory,2027-05,0.0
Malawi,MOH Supply Plan,"Norethisterone Enantate/Estradiol Valerate 50/5 mg/mL (1 mL) Ampoule, Intramuscular",In Review,Ready to Use Approved,S1 - Projected Inventory,2027-06,0.0
Malawi,MOH Supply Plan,"Norethisterone Enantate/Estradiol Valerate 50/5 mg/mL (1 mL) Ampoule, Intramuscular",In Review,Ready to Use Approved,S1 - Projected Inventory,2027-07,0.0
Malawi,MOH Supply Plan,"Norethisterone Enantate/Estradiol Valerate 50/5 mg/mL (1 mL) Ampoule, Intramuscular",In Review,Ready to Use Approved,S1 - Projected Inventory,2027-08,0.0
Malawi,MOH Supply Plan,"Norethisterone Enantate/Estradiol Valerate 50/5 mg/mL (1 mL) Ampoule, Intramuscular",In Review,Ready to Use Approved,S1 - Projected Inventory,2027-09,0.0
Malawi,MOH Supply Plan,"Norethisterone Enantate/Estradiol Valerate 50/5 mg/mL (1 mL) Ampoule, Intramuscular",In Review,Ready to Use Approved,S1 - Projected Inventory,2027-10,0.0
Malawi,MOH Supply Plan,"Norethisterone Enantate/Estradiol Valerate 50/5 mg/mL (1 mL) Ampoule, Intramuscular",In Review,Ready to Use Approved,S1 - Projected Inventory,2027-11,0.0
Malawi,MOH Supply Plan,"Norethisterone Enantate/Estradiol Valerate 50/5 mg/mL (1 mL) Ampoule, Intramuscular",In Review,Ready to Use Approved,S1 - Projected Inventory,2027-12,0.0
Malawi,MOH Supply Plan,"Norethisterone Enantate/Estradiol Valerate 50/5 mg/mL (1 mL) Ampoule, Intramuscular",In Review,Ready to Use Approved,S1 - Projected Inventory,2028-01,0.0
Malawi,MOH Supply Plan,"Norethisterone Enantate/Estradiol Valerate 50/5 mg/mL (1 mL) Ampoule, Intramuscular",In Review,Ready to Use Approved,S1 - Projected Inventory,2028-02,0.0
Malawi,MOH Supply Plan,"Norethisterone Enantate/Estradiol Valerate 50/5 mg/mL (1 mL) Ampoule, Intramuscular",In Review,Ready to Use Approved,S1 - Projected Inventory,2028-03,0.0
Malawi,MOH Supply Plan,"Norethisterone Enantate/Estradiol Valerate 50/5 mg/mL (1 mL) Ampoule, Intramuscular",In Review,Ready to Use Approved,S1 - Projected Inventory,2028-04,0.0
Malawi,MOH Supply Plan,"Norethisterone Enantate/Estradiol Valerate 50/5 mg/mL (1 mL) Ampoule, Intramuscular",In Review,Ready to Use Approved,S1 - Projected Inventory,2028-05,0.0
Malawi,MOH Supply Plan,"Norethisterone Enantate/Estradiol Valerate 50/5 mg/mL (1 mL) Ampoule, Intramuscular",In Review,Ready to Use Approved,S1 - Projected Inventory,2028-06,0.0
Malawi,MOH Supply Plan,"Norethisterone Enantate/Estradiol Valerate 50/5 mg/mL (1 mL) Ampoule, Intramuscular",In Review,Ready to Use Approved,S1 - Projected Inventory,2028-07,0.0
Malawi,MOH Supply Plan,"Norethisterone Enantate/Estradiol Valerate 50/5 mg/mL (1 mL) Ampoule, Intramuscular",In Review,Ready to Use Approved,S1 - Projected Inventory,2028-08,0.0
Malawi,MOH Supply Plan,"Norethisterone Enantate/Estradiol Valerate 50/5 mg/mL (1 mL) Ampoule, Intramuscular",In Review,Ready to Use Approved,S2 - Projected Inventory,2026-02,0.0
Malawi,MOH Supply Plan,"Norethisterone Enantate/Estradiol Valerate 50/5 mg/mL (1 mL) Ampoule, Intramuscular",In Review,Ready to Use Approved,S2 - Projected Inventory,2026-03,0.0
Malawi,MOH Supply Plan,"Norethisterone Enantate/Estradiol Valerate 50/5 mg/mL (1 mL) Ampoule, Intramuscular",In Review,Ready to Use Approved,S2 - Projected Inventory,2026-04,0.0
Malawi,MOH Supply Plan,"Norethisterone Enantate/Estradiol Valerate 50/5 mg/mL (1 mL) Ampoule, Intramuscular",In Review,Ready to Use Approved,S2 - Projected Inventory,2026-05,0.0
Malawi,MOH Supply Plan,"Norethisterone Enantate/Estradiol Valerate 50/5 mg/mL (1 mL) Ampoule, Intramuscular",In Review,Ready to Use Approved,S2 - Projected Inventory,2026-06,0.0
Malawi,MOH Supply Plan,"Norethisterone Enantate/Estradiol Valerate 50/5 mg/mL (1 mL) Ampoule, Intramuscular",In Review,Ready to Use Approved,S2 - Projected Inventory,2026-07,0.0
Malawi,MOH Supply Plan,"Norethisterone Enantate/Estradiol Valerate 50/5 mg/mL (1 mL) Ampoule, Intramuscular",In Review,Ready to Use Approved,S2 - Projected Inventory,2026-08,0.0
Malawi,MOH Supply Plan,"Norethisterone Enantate/Estradiol Valerate 50/5 mg/mL (1 mL) Ampoule, Intramuscular",In Review,Ready to Use Approved,S2 - Projected Inventory,2026-09,0.0
Malawi,MOH Supply Plan,"Norethisterone Enantate/Estradiol Valerate 50/5 mg/mL (1 mL) Ampoule, Intramuscular",In Review,Ready to Use Approved,S2 - Projected Inventory,2026-10,0.0
Malawi,MOH Supply Plan,"Norethisterone Enantate/Estradiol Valerate 50/5 mg/mL (1 mL) Ampoule, Intramuscular",In Review,Ready to Use Approved,S2 - Projected Inventory,2026-11,0.0
Malawi,MOH Supply Plan,"Norethisterone Enantate/Estradiol Valerate 50/5 mg/mL (1 mL) Ampoule, Intramuscular",In Review,Ready to Use Approved,S2 - Projected Inventory,2026-12,0.0
Malawi,MOH Supply Plan,"Norethisterone Enantate/Estradiol Valerate 50/5 mg/mL (1 mL) Ampoule, Intramuscular",In Review,Ready to Use Approved,S2 - Projected Inventory,2027-01,0.0
Malawi,MOH Supply Plan,"Norethisterone Enantate/Estradiol Valerate 50/5 mg/mL (1 mL) Ampoule, Intramuscular",In Review,Ready to Use Approved,S2 - Projected Inventory,2027-02,0.0
Malawi,MOH Supply Plan,"Norethisterone Enantate/Estradiol Valerate 50/5 mg/mL (1 mL) Ampoule, Intramuscular",In Review,Ready to Use Approved,S2 - Projected Inventory,2027-03,0.0
Malawi,MOH Supply Plan,"Norethisterone Enantate/Estradiol Valerate 50/5 mg/mL (1 mL) Ampoule, Intramuscular",In Review,Ready to Use Approved,S2 - Projected Inventory,2027-04,0.0
Malawi,MOH Supply Plan,"Norethisterone Enantate/Estradiol Valerate 50/5 mg/mL (1 mL) Ampoule, Intramuscular",In Review,Ready to Use Approved,S2 - Projected Inventory,2027-05,0.0
Malawi,MOH Supply Plan,"Norethisterone Enantate/Estradiol Valerate 50/5 mg/mL (1 mL) Ampoule, Intramuscular",In Review,Ready to Use Approved,S2 - Projected Inventory,2027-06,0.0
Malawi,MOH Supply Plan,"Norethisterone Enantate/Estradiol Valerate 50/5 mg/mL (1 mL) Ampoule, Intramuscular",In Review,Ready to Use Approved,S2 - Projected Inventory,2027-07,0.0
Malawi,MOH Supply Plan,"Norethisterone Enantate/Estradiol Valerate 50/5 mg/mL (1 mL) Ampoule, Intramuscular",In Review,Ready to Use Approved,S2 - Projected Inventory,2027-08,0.0
Malawi,MOH Supply Plan,"Norethisterone Enantate/Estradiol Valerate 50/5 mg/mL (1 mL) Ampoule, Intramuscular",In Review,Ready to Use Approved,S2 - Projected Inventory,2027-09,0.0
Malawi,MOH Supply Plan,"Norethisterone Enantate/Estradiol Valerate 50/5 mg/mL (1 mL) Ampoule, Intramuscular",In Review,Ready to Use Approved,S2 - Projected Inventory,2027-10,0.0
Malawi,MOH Supply Plan,"Norethisterone Enantate/Estradiol Valerate 50/5 mg/mL (1 mL) Ampoule, Intramuscular",In Review,Ready to Use Approved,S2 - Projected Inventory,2027-11,0.0
Malawi,MOH Supply Plan,"Norethisterone Enantate/Estradiol Valerate 50/5 mg/mL (1 mL) Ampoule, Intramuscular",In Review,Ready to Use Approved,S2 - Projected Inventory,2027-12,0.0
Malawi,MOH Supply Plan,"Norethisterone Enantate/Estradiol Valerate 50/5 mg/mL (1 mL) Ampoule, Intramuscular",In Review,Ready to Use Approved,S2 - Projected Inventory,2028-01,0.0
Malawi,MOH Supply Plan,"Norethisterone Enantate/Estradiol Valerate 50/5 mg/mL (1 mL) Ampoule, Intramuscular",In Review,Ready to Use Approved,S2 - Projected Inventory,2028-02,0.0
Malawi,MOH Supply Plan,"Norethisterone Enantate/Estradiol Valerate 50/5 mg/mL (1 mL) Ampoule, Intramuscular",In Review,Ready to Use Approved,S2 - Projected Inventory,2028-03,0.0
Malawi,MOH Supply Plan,"Norethisterone Enantate/Estradiol Valerate 50/5 mg/mL (1 mL) Ampoule, Intramuscular",In Review,Ready to Use Approved,S2 - Projected Inventory,2028-04,0.0
Malawi,MOH Supply Plan,"Norethisterone Enantate/Estradiol Valerate 50/5 mg/mL (1 mL) Ampoule, Intramuscular",In Review,Ready to Use Approved,S2 - Projected Inventory,2028-05,0.0
Malawi,MOH Supply Plan,"Norethisterone Enantate/Estradiol Valerate 50/5 mg/mL (1 mL) Ampoule, Intramuscular",In Review,Ready to Use Approved,S2 - Projected Inventory,2028-06,0.0
Malawi,MOH Supply Plan,"Norethisterone Enantate/Estradiol Valerate 50/5 mg/mL (1 mL) Ampoule, Intramuscular",In Review,Ready to Use Approved,S2 - Projected Inventory,2028-07,0.0
Malawi,MOH Supply Plan,"Norethisterone Enantate/Estradiol Valerate 50/5 mg/mL (1 mL) Ampoule, Intramuscular",In Review,Ready to Use Approved,S2 - Projected Inventory,2028-08,0.0
Malawi,No Supply Plan Available,"Medroxyprogesterone Acetate 104 mg/0.65 mL, Subcutaneous, Pre-Filled Device",In Review,Ready to Use Approved,Projected Inventory,2026-02,0.0
Malawi,No Supply Plan Available,"Medroxyprogesterone Acetate 104 mg/0.65 mL, Subcutaneous, Pre-Filled Device",In Review,Ready to Use Approved,Projected Inventory,2026-03,0.0
Malawi,No Supply Plan Available,"Medroxyprogesterone Acetate 104 mg/0.65 mL, Subcutaneous, Pre-Filled Device",In Review,Ready to Use Approved,Projected Inventory,2026-04,0.0
Malawi,No Supply Plan Available,"Medroxyprogesterone Acetate 104 mg/0.65 mL, Subcutaneous, Pre-Filled Device",In Review,Ready to Use Approved,Projected Inventory,2026-05,0.0
Malawi,No Supply Plan Available,"Medroxyprogesterone Acetate 104 mg/0.65 mL, Subcutaneous, Pre-Filled Device",In Review,Ready to Use Approved,Projected Inventory,2026-06,0.0
Malawi,No Supply Plan Available,"Medroxyprogesterone Acetate 104 mg/0.65 mL, Subcutaneous, Pre-Filled Device",In Review,Ready to Use Approved,Projected Inventory,2026-07,0.0
Malawi,No Supply Plan Available,"Medroxyprogesterone Acetate 104 mg/0.65 mL, Subcutaneous, Pre-Filled Device",In Review,Ready to Use Approved,Projected Inventory,2026-08,0.0
Malawi,No Supply Plan Available,"Medroxyprogesterone Acetate 104 mg/0.65 mL, Subcutaneous, Pre-Filled Device",In Review,Ready to Use Approved,Projected Inventory,2026-09,0.0
Malawi,No Supply Plan Available,"Medroxyprogesterone Acetate 104 mg/0.65 mL, Subcutaneous, Pre-Filled Device",In Review,Ready to Use Approved,Projected Inventory,2026-10,0.0
Malawi,No Supply Plan Available,"Medroxyprogesterone Acetate 104 mg/0.65 mL, Subcutaneous, Pre-Filled Device",In Review,Ready to Use Approved,Projected Inventory,2026-11,0.0
Malawi,No Supply Plan Available,"Medroxyprogesterone Acetate 104 mg/0.65 mL, Subcutaneous, Pre-Filled Device",In Review,Ready to Use Approved,Projected Inventory,2026-12,0.0
Malawi,No Supply Plan Available,"Medroxyprogesterone Acetate 104 mg/0.65 mL, Subcutaneous, Pre-Filled Device",In Review,Ready to Use Approved,Projected Inventory,2027-01,0.0
Malawi,No Supply Plan Available,"Medroxyprogesterone Acetate 104 mg/0.65 mL, Subcutaneous, Pre-Filled Device",In Review,Ready to Use Approved,Projected Inventory,2027-02,0.0
Malawi,No Supply Plan Available,"Medroxyprogesterone Acetate 104 mg/0.65 mL, Subcutaneous, Pre-Filled Device",In Review,Ready to Use Approved,Projected Inventory,2027-03,0.0
Malawi,No Supply Plan Available,"Medroxyprogesterone Acetate 104 mg/0.65 mL, Subcutaneous, Pre-Filled Device",In Review,Ready to Use Approved,Projected Inventory,2027-04,0.0
Malawi,No Supply Plan Available,"Medroxyprogesterone Acetate 104 mg/0.65 mL, Subcutaneous, Pre-Filled Device",In Review,Ready to Use Approved,Projected Inventory,2027-05,0.0
Malawi,No Supply Plan Available,"Medroxyprogesterone Acetate 104 mg/0.65 mL, Subcutaneous, Pre-Filled Device",In Review,Ready to Use Approved,Projected Inventory,2027-06,0.0
Malawi,No Supply Plan Available,"Medroxyprogesterone Acetate 104 mg/0.65 mL, Subcutaneous, Pre-Filled Device",In Review,Ready to Use Approved,Projected Inventory,2027-07,0.0
Malawi,No Supply Plan Available,"Medroxyprogesterone Acetate 104 mg/0.65 mL, Subcutaneous, Pre-Filled Device",In Review,Ready to Use Approved,Projected Inventory,2027-08,0.0
Malawi,No Supply Plan Available,"Medroxyprogesterone Acetate 104 mg/0.65 mL, Subcutaneous, Pre-Filled Device",In Review,Ready to Use Approved,Projected Inventory,2027-09,0.0
Malawi,No Supply Plan Available,"Medroxyprogesterone Acetate 104 mg/0.65 mL, Subcutaneous, Pre-Filled Device",In Review,Ready to Use Approved,Projected Inventory,2027-10,0.0
Malawi,No Supply Plan Available,"Medroxyprogesterone Acetate 104 mg/0.65 mL, Subcutaneous, Pre-Filled Device",In Review,Ready to Use Approved,Projected Inventory,2027-11,0.0
Malawi,No Supply Plan Available,"Medroxyprogesterone Acetate 104 mg/0.65 mL, Subcutaneous, Pre-Filled Device",In Review,Ready to Use Approved,Projected Inventory,2027-12,0.0
Malawi,No Supply Plan Available,"Medroxyprogesterone Acetate 104 mg/0.65 mL, Subcutaneous, Pre-Filled Device",In Review,Ready to Use Approved,Projected Inventory,2028-01,0.0
Malawi,No Supply Plan Available,"Medroxyprogesterone Acetate 104 mg/0.65 mL, Subcutaneous, Pre-Filled Device",In Review,Ready to Use Approved,Projected Inventory,2028-02,0.0
Malawi,No Supply Plan Available,"Medroxyprogesterone Acetate 104 mg/0.65 mL, Subcutaneous, Pre-Filled Device",In Review,Ready to Use Approved,Projected Inventory,2028-03,0.0
Malawi,No Supply Plan Available,"Medroxyprogesterone Acetate 104 mg/0.65 mL, Subcutaneous, Pre-Filled Device",In Review,Ready to Use Approved,Projected Inventory,2028-04,0.0
Malawi,No Supply Plan Available,"Medroxyprogesterone Acetate 104 mg/0.65 mL, Subcutaneous, Pre-Filled Device",In Review,Ready to Use Approved,Projected Inventory,2028-05,0.0
Malawi,No Supply Plan Available,"Medroxyprogesterone Acetate 104 mg/0.65 mL, Subcutaneous, Pre-Filled Device",In Review,Ready to Use Approved,Projected Inventory,2028-06,0.0
Malawi,No Supply Plan Available,"Medroxyprogesterone Acetate 104 mg/0.65 mL, Subcutaneous, Pre-Filled Device",In Review,Ready to Use Approved,Projected Inventory,2028-07,0.0
Malawi,No Supply Plan Available,"Medroxyprogesterone Acetate 104 mg/0.65 mL, Subcutaneous, Pre-Filled Device",In Review,Ready to Use Approved,Projected Inventory,2028-08,0.0
Malawi,No Supply Plan Available,"Medroxyprogesterone Acetate 104 mg/0.65 mL, Subcutaneous, Pre-Filled Device",In Review,Ready to Use Approved,Projected MOS below min MOS Alert,2026-02,0.0
Malawi,No Supply Plan Available,"Medroxyprogesterone Acetate 104 mg/0.65 mL, Subcutaneous, Pre-Filled Device",In Review,Ready to Use Approved,Projected MOS below min MOS Alert,2026-03,0.0
Malawi,No Supply Plan Available,"Medroxyprogesterone Acetate 104 mg/0.65 mL, Subcutaneous, Pre-Filled Device",In Review,Ready to Use Approved,Projected MOS below min MOS Alert,2026-04,0.0
Malawi,No Supply Plan Available,"Medroxyprogesterone Acetate 104 mg/0.65 mL, Subcutaneous, Pre-Filled Device",In Review,Ready to Use Approved,Projected MOS below min MOS Alert,2026-05,0.0
Malawi,No Supply Plan Available,"Medroxyprogesterone Acetate 104 mg/0.65 mL, Subcutaneous, Pre-Filled Device",In Review,Ready to Use Approved,Projected MOS below min MOS Alert,2026-06,0.0
Malawi,No Supply Plan Available,"Medroxyprogesterone Acetate 104 mg/0.65 mL, Subcutaneous, Pre-Filled Device",In Review,Ready to Use Approved,Projected MOS below min MOS Alert,2026-07,0.0
Malawi,No Supply Plan Available,"Medroxyprogesterone Acetate 104 mg/0.65 mL, Subcutaneous, Pre-Filled Device",In Review,Ready to Use Approved,Projected MOS below min MOS Alert,2026-08,0.0
Malawi,No Supply Plan Available,"Medroxyprogesterone Acetate 104 mg/0.65 mL, Subcutaneous, Pre-Filled Device",In Review,Ready to Use Approved,Projected MOS below min MOS Alert,2026-09,0.0
Malawi,No Supply Plan Available,"Medroxyprogesterone Acetate 104 mg/0.65 mL, Subcutaneous, Pre-Filled Device",In Review,Ready to Use Approved,Projected MOS below min MOS Alert,2026-10,0.0
Malawi,No Supply Plan Available,"Medroxyprogesterone Acetate 104 mg/0.65 mL, Subcutaneous, Pre-Filled Device",In Review,Ready to Use Approved,Projected MOS below min MOS Alert,2026-11,0.0
Malawi,No Supply Plan Available,"Medroxyprogesterone Acetate 104 mg/0.65 mL, Subcutaneous, Pre-Filled Device",In Review,Ready to Use Approved,Projected MOS below min MOS Alert,2026-12,0.0
Malawi,No Supply Plan Available,"Medroxyprogesterone Acetate 104 mg/0.65 mL, Subcutaneous, Pre-Filled Device",In Review,Ready to Use Approved,Projected MOS below min MOS Alert,2027-01,0.0
Malawi,No Supply Plan Available,"Medroxyprogesterone Acetate 104 mg/0.65 mL, Subcutaneous, Pre-Filled Device",In Review,Ready to Use Approved,Projected MOS below min MOS Alert,2027-02,0.0
Malawi,No Supply Plan Available,"Medroxyprogesterone Acetate 104 mg/0.65 mL, Subcutaneous, Pre-Filled Device",In Review,Ready to Use Approved,Projected MOS below min MOS Alert,2027-03,0.0
Malawi,No Supply Plan Available,"Medroxyprogesterone Acetate 104 mg/0.65 mL, Subcutaneous, Pre-Filled Device",In Review,Ready to Use Approved,Projected MOS below min MOS Alert,2027-04,0.0
Malawi,No Supply Plan Available,"Medroxyprogesterone Acetate 104 mg/0.65 mL, Subcutaneous, Pre-Filled Device",In Review,Ready to Use Approved,Projected MOS below min MOS Alert,2027-05,0.0
Malawi,No Supply Plan Available,"Medroxyprogesterone Acetate 104 mg/0.65 mL, Subcutaneous, Pre-Filled Device",In Review,Ready to Use Approved,Projected MOS below min MOS Alert,2027-06,0.0
Malawi,No Supply Plan Available,"Medroxyprogesterone Acetate 104 mg/0.65 mL, Subcutaneous, Pre-Filled Device",In Review,Ready to Use Approved,Projected MOS below min MOS Alert,2027-07,0.0
Malawi,No Supply Plan Available,"Medroxyprogesterone Acetate 104 mg/0.65 mL, Subcutaneous, Pre-Filled Device",In Review,Ready to Use Approved,Projected MOS below min MOS Alert,2027-08,0.0
Malawi,No Supply Plan Available,"Medroxyprogesterone Acetate 104 mg/0.65 mL, Subcutaneous, Pre-Filled Device",In Review,Ready to Use Approved,Projected MOS below min MOS Alert,2027-09,0.0
Malawi,No Supply Plan Available,"Medroxyprogesterone Acetate 104 mg/0.65 mL, Subcutaneous, Pre-Filled Device",In Review,Ready to Use Approved,Projected MOS below min MOS Alert,2027-10,0.0
Malawi,No Supply Plan Available,"Medroxyprogesterone Acetate 104 mg/0.65 mL, Subcutaneous, Pre-Filled Device",In Review,Ready to Use Approved,Projected MOS below min MOS Alert,2027-11,0.0
Malawi,No Supply Plan Available,"Medroxyprogesterone Acetate 104 mg/0.65 mL, Subcutaneous, Pre-Filled Device",In Review,Ready to Use Approved,Projected MOS below min MOS Alert,2027-12,0.0
Malawi,No Supply Plan Available,"Medroxyprogesterone Acetate 104 mg/0.65 mL, Subcutaneous, Pre-Filled Device",In Review,Ready to Use Approved,Projected MOS below min MOS Alert,2028-01,0.0
Malawi,No Supply Plan Available,"Medroxyprogesterone Acetate 104 mg/0.65 mL, Subcutaneous, Pre-Filled Device",In Review,Ready to Use Approved,Projected MOS below min MOS Alert,2028-02,0.0
Malawi,No Supply Plan Available,"Medroxyprogesterone Acetate 104 mg/0.65 mL, Subcutaneous, Pre-Filled Device",In Review,Ready to Use Approved,Projected MOS below min MOS Alert,2028-03,0.0
Malawi,No Supply Plan Available,"Medroxyprogesterone Acetate 104 mg/0.65 mL, Subcutaneous, Pre-Filled Device",In Review,Ready to Use Approved,Projected MOS below min MOS Alert,2028-04,0.0
Malawi,No Supply Plan Available,"Medroxyprogesterone Acetate 104 mg/0.65 mL, Subcutaneous, Pre-Filled Device",In Review,Ready to Use Approved,Projected MOS below min MOS Alert,2028-05,0.0
Malawi,No Supply Plan Available,"Medroxyprogesterone Acetate 104 mg/0.65 mL, Subcutaneous, Pre-Filled Device",In Review,Ready to Use Approved,Projected MOS below min MOS Alert,2028-06,0.0
Malawi,No Supply Plan Available,"Medroxyprogesterone Acetate 104 mg/0.65 mL, Subcutaneous, Pre-Filled Device",In Review,Ready to Use Approved,Projected MOS below min MOS Alert,2028-07,0.0
Malawi,No Supply Plan Available,"Medroxyprogesterone Acetate 104 mg/0.65 mL, Subcutaneous, Pre-Filled Device",In Review,Ready to Use Approved,Projected MOS below min MOS Alert,2028-08,0.0
Malawi,No Supply Plan Available,"Medroxyprogesterone Acetate 104 mg/0.65 mL, Subcutaneous, Pre-Filled Device",In Review,Ready to Use Approved,Projected MOS above max MOS Alert,2026-02,0.0
Malawi,No Supply Plan Available,"Medroxyprogesterone Acetate 104 mg/0.65 mL, Subcutaneous, Pre-Filled Device",In Review,Ready to Use Approved,Projected MOS above max MOS Alert,2026-03,0.0
Malawi,No Supply Plan Available,"Medroxyprogesterone Acetate 104 mg/0.65 mL, Subcutaneous, Pre-Filled Device",In Review,Ready to Use Approved,Projected MOS above max MOS Alert,2026-04,0.0
Malawi,No Supply Plan Available,"Medroxyprogesterone Acetate 104 mg/0.65 mL, Subcutaneous, Pre-Filled Device",In Review,Ready to Use Approved,Projected MOS above max MOS Alert,2026-05,0.0
Malawi,No Supply Plan Available,"Medroxyprogesterone Acetate 104 mg/0.65 mL, Subcutaneous, Pre-Filled Device",In Review,Ready to Use Approved,Projected MOS above max MOS Alert,2026-06,0.0
Malawi,No Supply Plan Available,"Medroxyprogesterone Acetate 104 mg/0.65 mL, Subcutaneous, Pre-Filled Device",In Review,Ready to Use Approved,Projected MOS above max MOS Alert,2026-07,0.0
Malawi,No Supply Plan Available,"Medroxyprogesterone Acetate 104 mg/0.65 mL, Subcutaneous, Pre-Filled Device",In Review,Ready to Use Approved,Projected MOS above max MOS Alert,2026-08,0.0
Malawi,No Supply Plan Available,"Medroxyprogesterone Acetate 104 mg/0.65 mL, Subcutaneous, Pre-Filled Device",In Review,Ready to Use Approved,Projected MOS above max MOS Alert,2026-09,0.0
Malawi,No Supply Plan Available,"Medroxyprogesterone Acetate 104 mg/0.65 mL, Subcutaneous, Pre-Filled Device",In Review,Ready to Use Approved,Projected MOS above max MOS Alert,2026-10,0.0
Malawi,No Supply Plan Available,"Medroxyprogesterone Acetate 104 mg/0.65 mL, Subcutaneous, Pre-Filled Device",In Review,Ready to Use Approved,Projected MOS above max MOS Alert,2026-11,0.0
Malawi,No Supply Plan Available,"Medroxyprogesterone Acetate 104 mg/0.65 mL, Subcutaneous, Pre-Filled Device",In Review,Ready to Use Approved,Projected MOS above max MOS Alert,2026-12,0.0
Malawi,No Supply Plan Available,"Medroxyprogesterone Acetate 104 mg/0.65 mL, Subcutaneous, Pre-Filled Device",In Review,Ready to Use Approved,Projected MOS above max MOS Alert,2027-01,0.0
Malawi,No Supply Plan Available,"Medroxyprogesterone Acetate 104 mg/0.65 mL, Subcutaneous, Pre-Filled Device",In Review,Ready to Use Approved,Projected MOS above max MOS Alert,2027-02,0.0
Malawi,No Supply Plan Available,"Medroxyprogesterone Acetate 104 mg/0.65 mL, Subcutaneous, Pre-Filled Device",In Review,Ready to Use Approved,Projected MOS above max MOS Alert,2027-03,0.0
Malawi,No Supply Plan Available,"Medroxyprogesterone Acetate 104 mg/0.65 mL, Subcutaneous, Pre-Filled Device",In Review,Ready to Use Approved,Projected MOS above max MOS Alert,2027-04,0.0
Malawi,No Supply Plan Available,"Medroxyprogesterone Acetate 104 mg/0.65 mL, Subcutaneous, Pre-Filled Device",In Review,Ready to Use Approved,Projected MOS above max MOS Alert,2027-05,0.0
Malawi,No Supply Plan Available,"Medroxyprogesterone Acetate 104 mg/0.65 mL, Subcutaneous, Pre-Filled Device",In Review,Ready to Use Approved,Projected MOS above max MOS Alert,2027-06,0.0
Malawi,No Supply Plan Available,"Medroxyprogesterone Acetate 104 mg/0.65 mL, Subcutaneous, Pre-Filled Device",In Review,Ready to Use Approved,Projected MOS above max MOS Alert,2027-07,0.0
Malawi,No Supply Plan Available,"Medroxyprogesterone Acetate 104 mg/0.65 mL, Subcutaneous, Pre-Filled Device",In Review,Ready to Use Approved,Projected MOS above max MOS Alert,2027-08,0.0
Malawi,No Supply Plan Available,"Medroxyprogesterone Acetate 104 mg/0.65 mL, Subcutaneous, Pre-Filled Device",In Review,Ready to Use Approved,Projected MOS above max MOS Alert,2027-09,0.0
Malawi,No Supply Plan Available,"Medroxyprogesterone Acetate 104 mg/0.65 mL, Subcutaneous, Pre-Filled Device",In Review,Ready to Use Approved,Projected MOS above max MOS Alert,2027-10,0.0
Malawi,No Supply Plan Available,"Medroxyprogesterone Acetate 104 mg/0.65 mL, Subcutaneous, Pre-Filled Device",In Review,Ready to Use Approved,Projected MOS above max MOS Alert,2027-11,0.0
Malawi,No Supply Plan Available,"Medroxyprogesterone Acetate 104 mg/0.65 mL, Subcutaneous, Pre-Filled Device",In Review,Ready to Use Approved,Projected MOS above max MOS Alert,2027-12,0.0
Malawi,No Supply Plan Available,"Medroxyprogesterone Acetate 104 mg/0.65 mL, Subcutaneous, Pre-Filled Device",In Review,Ready to Use Approved,Projected MOS above max MOS Alert,2028-01,0.0
Malawi,No Supply Plan Available,"Medroxyprogesterone Acetate 104 mg/0.65 mL, Subcutaneous, Pre-Filled Device",In Review,Ready to Use Approved,Projected MOS above max MOS Alert,2028-02,0.0
Malawi,No Supply Plan Available,"Medroxyprogesterone Acetate 104 mg/0.65 mL, Subcutaneous, Pre-Filled Device",In Review,Ready to Use Approved,Projected MOS above max MOS Alert,2028-03,0.0
Malawi,No Supply Plan Available,"Medroxyprogesterone Acetate 104 mg/0.65 mL, Subcutaneous, Pre-Filled Device",In Review,Ready to Use Approved,Projected MOS above max MOS Alert,2028-04,0.0
Malawi,No Supply Plan Available,"Medroxyprogesterone Acetate 104 mg/0.65 mL, Subcutaneous, Pre-Filled Device",In Review,Ready to Use Approved,Projected MOS above max MOS Alert,2028-05,0.0
Malawi,No Supply Plan Available,"Medroxyprogesterone Acetate 104 mg/0.65 mL, Subcutaneous, Pre-Filled Device",In Review,Ready to Use Approved,Projected MOS above max MOS Alert,2028-06,0.0
Malawi,No Supply Plan Available,"Medroxyprogesterone Acetate 104 mg/0.65 mL, Subcutaneous, Pre-Filled Device",In Review,Ready to Use Approved,Projected MOS above max MOS Alert,2028-07,0.0
Malawi,No Supply Plan Available,"Medroxyprogesterone Acetate 104 mg/0.65 mL, Subcutaneous, Pre-Filled Device",In Review,Ready to Use Approved,Projected MOS above max MOS Alert,2028-08,0.0
Malawi,No Supply Plan Available,"Medroxyprogesterone Acetate 104 mg/0.65 mL, Subcutaneous, Pre-Filled Device",In Review,Ready to Use Approved,S1 - Projected Inventory,2026-02,0.0
Malawi,No Supply Plan Available,"Medroxyprogesterone Acetate 104 mg/0.65 mL, Subcutaneous, Pre-Filled Device",In Review,Ready to Use Approved,S1 - Projected Inventory,2026-03,0.0
Malawi,No Supply Plan Available,"Medroxyprogesterone Acetate 104 mg/0.65 mL, Subcutaneous, Pre-Filled Device",In Review,Ready to Use Approved,S1 - Projected Inventory,2026-04,0.0
Malawi,No Supply Plan Available,"Medroxyprogesterone Acetate 104 mg/0.65 mL, Subcutaneous, Pre-Filled Device",In Review,Ready to Use Approved,S1 - Projected Inventory,2026-05,0.0
Malawi,No Supply Plan Available,"Medroxyprogesterone Acetate 104 mg/0.65 mL, Subcutaneous, Pre-Filled Device",In Review,Ready to Use Approved,S1 - Projected Inventory,2026-06,0.0
Malawi,No Supply Plan Available,"Medroxyprogesterone Acetate 104 mg/0.65 mL, Subcutaneous, Pre-Filled Device",In Review,Ready to Use Approved,S1 - Projected Inventory,2026-07,0.0
Malawi,No Supply Plan Available,"Medroxyprogesterone Acetate 104 mg/0.65 mL, Subcutaneous, Pre-Filled Device",In Review,Ready to Use Approved,S1 - Projected Inventory,2026-08,0.0
Malawi,No Supply Plan Available,"Medroxyprogesterone Acetate 104 mg/0.65 mL, Subcutaneous, Pre-Filled Device",In Review,Ready to Use Approved,S1 - Projected Inventory,2026-09,0.0
Malawi,No Supply Plan Available,"Medroxyprogesterone Acetate 104 mg/0.65 mL, Subcutaneous, Pre-Filled Device",In Review,Ready to Use Approved,S1 - Projected Inventory,2026-10,0.0
Malawi,No Supply Plan Available,"Medroxyprogesterone Acetate 104 mg/0.65 mL, Subcutaneous, Pre-Filled Device",In Review,Ready to Use Approved,S1 - Projected Inventory,2026-11,0.0
Malawi,No Supply Plan Available,"Medroxyprogesterone Acetate 104 mg/0.65 mL, Subcutaneous, Pre-Filled Device",In Review,Ready to Use Approved,S1 - Projected Inventory,2026-12,0.0
Malawi,No Supply Plan Available,"Medroxyprogesterone Acetate 104 mg/0.65 mL, Subcutaneous, Pre-Filled Device",In Review,Ready to Use Approved,S1 - Projected Inventory,2027-01,0.0
Malawi,No Supply Plan Available,"Medroxyprogesterone Acetate 104 mg/0.65 mL, Subcutaneous, Pre-Filled Device",In Review,Ready to Use Approved,S1 - Projected Inventory,2027-02,0.0
Malawi,No Supply Plan Available,"Medroxyprogesterone Acetate 104 mg/0.65 mL, Subcutaneous, Pre-Filled Device",In Review,Ready to Use Approved,S1 - Projected Inventory,2027-03,0.0
Malawi,No Supply Plan Available,"Medroxyprogesterone Acetate 104 mg/0.65 mL, Subcutaneous, Pre-Filled Device",In Review,Ready to Use Approved,S1 - Projected Inventory,2027-04,0.0
Malawi,No Supply Plan Available,"Medroxyprogesterone Acetate 104 mg/0.65 mL, Subcutaneous, Pre-Filled Device",In Review,Ready to Use Approved,S1 - Projected Inventory,2027-05,0.0
Malawi,No Supply Plan Available,"Medroxyprogesterone Acetate 104 mg/0.65 mL, Subcutaneous, Pre-Filled Device",In Review,Ready to Use Approved,S1 - Projected Inventory,2027-06,0.0
Malawi,No Supply Plan Available,"Medroxyprogesterone Acetate 104 mg/0.65 mL, Subcutaneous, Pre-Filled Device",In Review,Ready to Use Approved,S1 - Projected Inventory,2027-07,0.0
Malawi,No Supply Plan Available,"Medroxyprogesterone Acetate 104 mg/0.65 mL, Subcutaneous, Pre-Filled Device",In Review,Ready to Use Approved,S1 - Projected Inventory,2027-08,0.0
Malawi,No Supply Plan Available,"Medroxyprogesterone Acetate 104 mg/0.65 mL, Subcutaneous, Pre-Filled Device",In Review,Ready to Use Approved,S1 - Projected Inventory,2027-09,0.0
Malawi,No Supply Plan Available,"Medroxyprogesterone Acetate 104 mg/0.65 mL, Subcutaneous, Pre-Filled Device",In Review,Ready to Use Approved,S1 - Projected Inventory,2027-10,0.0
Malawi,No Supply Plan Available,"Medroxyprogesterone Acetate 104 mg/0.65 mL, Subcutaneous, Pre-Filled Device",In Review,Ready to Use Approved,S1 - Projected Inventory,2027-11,0.0
Malawi,No Supply Plan Available,"Medroxyprogesterone Acetate 104 mg/0.65 mL, Subcutaneous, Pre-Filled Device",In Review,Ready to Use Approved,S1 - Projected Inventory,2027-12,0.0
Malawi,No Supply Plan Available,"Medroxyprogesterone Acetate 104 mg/0.65 mL, Subcutaneous, Pre-Filled Device",In Review,Ready to Use Approved,S1 - Projected Inventory,2028-01,0.0
Malawi,No Supply Plan Available,"Medroxyprogesterone Acetate 104 mg/0.65 mL, Subcutaneous, Pre-Filled Device",In Review,Ready to Use Approved,S1 - Projected Inventory,2028-02,0.0
Malawi,No Supply Plan Available,"Medroxyprogesterone Acetate 104 mg/0.65 mL, Subcutaneous, Pre-Filled Device",In Review,Ready to Use Approved,S1 - Projected Inventory,2028-03,0.0
Malawi,No Supply Plan Available,"Medroxyprogesterone Acetate 104 mg/0.65 mL, Subcutaneous, Pre-Filled Device",In Review,Ready to Use Approved,S1 - Projected Inventory,2028-04,0.0
Malawi,No Supply Plan Available,"Medroxyprogesterone Acetate 104 mg/0.65 mL, Subcutaneous, Pre-Filled Device",In Review,Ready to Use Approved,S1 - Projected Inventory,2028-05,0.0
Malawi,No Supply Plan Available,"Medroxyprogesterone Acetate 104 mg/0.65 mL, Subcutaneous, Pre-Filled Device",In Review,Ready to Use Approved,S1 - Projected Inventory,2028-06,0.0
Malawi,No Supply Plan Available,"Medroxyprogesterone Acetate 104 mg/0.65 mL, Subcutaneous, Pre-Filled Device",In Review,Ready to Use Approved,S1 - Projected Inventory,2028-07,0.0
Malawi,No Supply Plan Available,"Medroxyprogesterone Acetate 104 mg/0.65 mL, Subcutaneous, Pre-Filled Device",In Review,Ready to Use Approved,S1 - Projected Inventory,2028-08,0.0
Malawi,No Supply Plan Available,"Medroxyprogesterone Acetate 104 mg/0.65 mL, Subcutaneous, Pre-Filled Device",In Review,Ready to Use Approved,S2 - Projected Inventory,2026-02,0.0
Malawi,No Supply Plan Available,"Medroxyprogesterone Acetate 104 mg/0.65 mL, Subcutaneous, Pre-Filled Device",In Review,Ready to Use Approved,S2 - Projected Inventory,2026-03,0.0
Malawi,No Supply Plan Available,"Medroxyprogesterone Acetate 104 mg/0.65 mL, Subcutaneous, Pre-Filled Device",In Review,Ready to Use Approved,S2 - Projected Inventory,2026-04,0.0
Malawi,No Supply Plan Available,"Medroxyprogesterone Acetate 104 mg/0.65 mL, Subcutaneous, Pre-Filled Device",In Review,Ready to Use Approved,S2 - Projected Inventory,2026-05,0.0
Malawi,No Supply Plan Available,"Medroxyprogesterone Acetate 104 mg/0.65 mL, Subcutaneous, Pre-Filled Device",In Review,Ready to Use Approved,S2 - Projected Inventory,2026-06,0.0
Malawi,No Supply Plan Available,"Medroxyprogesterone Acetate 104 mg/0.65 mL, Subcutaneous, Pre-Filled Device",In Review,Ready to Use Approved,S2 - Projected Inventory,2026-07,0.0
Malawi,No Supply Plan Available,"Medroxyprogesterone Acetate 104 mg/0.65 mL, Subcutaneous, Pre-Filled Device",In Review,Ready to Use Approved,S2 - Projected Inventory,2026-08,0.0
Malawi,No Supply Plan Available,"Medroxyprogesterone Acetate 104 mg/0.65 mL, Subcutaneous, Pre-Filled Device",In Review,Ready to Use Approved,S2 - Projected Inventory,2026-09,0.0
Malawi,No Supply Plan Available,"Medroxyprogesterone Acetate 104 mg/0.65 mL, Subcutaneous, Pre-Filled Device",In Review,Ready to Use Approved,S2 - Projected Inventory,2026-10,0.0
Malawi,No Supply Plan Available,"Medroxyprogesterone Acetate 104 mg/0.65 mL, Subcutaneous, Pre-Filled Device",In Review,Ready to Use Approved,S2 - Projected Inventory,2026-11,0.0
Malawi,No Supply Plan Available,"Medroxyprogesterone Acetate 104 mg/0.65 mL, Subcutaneous, Pre-Filled Device",In Review,Ready to Use Approved,S2 - Projected Inventory,2026-12,0.0
Malawi,No Supply Plan Available,"Medroxyprogesterone Acetate 104 mg/0.65 mL, Subcutaneous, Pre-Filled Device",In Review,Ready to Use Approved,S2 - Projected Inventory,2027-01,0.0
Malawi,No Supply Plan Available,"Medroxyprogesterone Acetate 104 mg/0.65 mL, Subcutaneous, Pre-Filled Device",In Review,Ready to Use Approved,S2 - Projected Inventory,2027-02,0.0
Malawi,No Supply Plan Available,"Medroxyprogesterone Acetate 104 mg/0.65 mL, Subcutaneous, Pre-Filled Device",In Review,Ready to Use Approved,S2 - Projected Inventory,2027-03,0.0
Malawi,No Supply Plan Available,"Medroxyprogesterone Acetate 104 mg/0.65 mL, Subcutaneous, Pre-Filled Device",In Review,Ready to Use Approved,S2 - Projected Inventory,2027-04,0.0
Malawi,No Supply Plan Available,"Medroxyprogesterone Acetate 104 mg/0.65 mL, Subcutaneous, Pre-Filled Device",In Review,Ready to Use Approved,S2 - Projected Inventory,2027-05,0.0
Malawi,No Supply Plan Available,"Medroxyprogesterone Acetate 104 mg/0.65 mL, Subcutaneous, Pre-Filled Device",In Review,Ready to Use Approved,S2 - Projected Inventory,2027-06,0.0
Malawi,No Supply Plan Available,"Medroxyprogesterone Acetate 104 mg/0.65 mL, Subcutaneous, Pre-Filled Device",In Review,Ready to Use Approved,S2 - Projected Inventory,2027-07,0.0
Malawi,No Supply Plan Available,"Medroxyprogesterone Acetate 104 mg/0.65 mL, Subcutaneous, Pre-Filled Device",In Review,Ready to Use Approved,S2 - Projected Inventory,2027-08,0.0
Malawi,No Supply Plan Available,"Medroxyprogesterone Acetate 104 mg/0.65 mL, Subcutaneous, Pre-Filled Device",In Review,Ready to Use Approved,S2 - Projected Inventory,2027-09,0.0
Malawi,No Supply Plan Available,"Medroxyprogesterone Acetate 104 mg/0.65 mL, Subcutaneous, Pre-Filled Device",In Review,Ready to Use Approved,S2 - Projected Inventory,2027-10,0.0
Malawi,No Supply Plan Available,"Medroxyprogesterone Acetate 104 mg/0.65 mL, Subcutaneous, Pre-Filled Device",In Review,Ready to Use Approved,S2 - Projected Inventory,2027-11,0.0
Malawi,No Supply Plan Available,"Medroxyprogesterone Acetate 104 mg/0.65 mL, Subcutaneous, Pre-Filled Device",In Review,Ready to Use Approved,S2 - Projected Inventory,2027-12,0.0
Malawi,No Supply Plan Available,"Medroxyprogesterone Acetate 104 mg/0.65 mL, Subcutaneous, Pre-Filled Device",In Review,Ready to Use Approved,S2 - Projected Inventory,2028-01,0.0
Malawi,No Supply Plan Available,"Medroxyprogesterone Acetate 104 mg/0.65 mL, Subcutaneous, Pre-Filled Device",In Review,Ready to Use Approved,S2 - Projected Inventory,2028-02,0.0
Malawi,No Supply Plan Available,"Medroxyprogesterone Acetate 104 mg/0.65 mL, Subcutaneous, Pre-Filled Device",In Review,Ready to Use Approved,S2 - Projected Inventory,2028-03,0.0
Malawi,No Supply Plan Available,"Medroxyprogesterone Acetate 104 mg/0.65 mL, Subcutaneous, Pre-Filled Device",In Review,Ready to Use Approved,S2 - Projected Inventory,2028-04,0.0
Malawi,No Supply Plan Available,"Medroxyprogesterone Acetate 104 mg/0.65 mL, Subcutaneous, Pre-Filled Device",In Review,Ready to Use Approved,S2 - Projected Inventory,2028-05,0.0
Malawi,No Supply Plan Available,"Medroxyprogesterone Acetate 104 mg/0.65 mL, Subcutaneous, Pre-Filled Device",In Review,Ready to Use Approved,S2 - Projected Inventory,2028-06,0.0
Malawi,No Supply Plan Available,"Medroxyprogesterone Acetate 104 mg/0.65 mL, Subcutaneous, Pre-Filled Device",In Review,Ready to Use Approved,S2 - Projected Inventory,2028-07,0.0
Malawi,No Supply Plan Available,"Medroxyprogesterone Acetate 104 mg/0.65 mL, Subcutaneous, Pre-Filled Device",In Review,Ready to Use Approved,S2 - Projected Inventory,2028-08,0.0
Malawi,No Supply Plan Available,"Medroxyprogesterone Acetate 150 mg/mL (1 mL) Vial, Intramuscular",In Review,Ready to Use Approved,Projected Inventory,2026-02,0.0
Malawi,No Supply Plan Available,"Medroxyprogesterone Acetate 150 mg/mL (1 mL) Vial, Intramuscular",In Review,Ready to Use Approved,Projected Inventory,2026-03,0.0
Malawi,No Supply Plan Available,"Medroxyprogesterone Acetate 150 mg/mL (1 mL) Vial, Intramuscular",In Review,Ready to Use Approved,Projected Inventory,2026-04,0.0
Malawi,No Supply Plan Available,"Medroxyprogesterone Acetate 150 mg/mL (1 mL) Vial, Intramuscular",In Review,Ready to Use Approved,Projected Inventory,2026-05,0.0
Malawi,No Supply Plan Available,"Medroxyprogesterone Acetate 150 mg/mL (1 mL) Vial, Intramuscular",In Review,Ready to Use Approved,Projected Inventory,2026-06,0.0
Malawi,No Supply Plan Available,"Medroxyprogesterone Acetate 150 mg/mL (1 mL) Vial, Intramuscular",In Review,Ready to Use Approved,Projected Inventory,2026-07,0.0
Malawi,No Supply Plan Available,"Medroxyprogesterone Acetate 150 mg/mL (1 mL) Vial, Intramuscular",In Review,Ready to Use Approved,Projected Inventory,2026-08,0.0
Malawi,No Supply Plan Available,"Medroxyprogesterone Acetate 150 mg/mL (1 mL) Vial, Intramuscular",In Review,Ready to Use Approved,Projected Inventory,2026-09,0.0
Malawi,No Supply Plan Available,"Medroxyprogesterone Acetate 150 mg/mL (1 mL) Vial, Intramuscular",In Review,Ready to Use Approved,Projected Inventory,2026-10,0.0
Malawi,No Supply Plan Available,"Medroxyprogesterone Acetate 150 mg/mL (1 mL) Vial, Intramuscular",In Review,Ready to Use Approved,Projected Inventory,2026-11,0.0
Malawi,No Supply Plan Available,"Medroxyprogesterone Acetate 150 mg/mL (1 mL) Vial, Intramuscular",In Review,Ready to Use Approved,Projected Inventory,2026-12,0.0
Malawi,No Supply Plan Available,"Medroxyprogesterone Acetate 150 mg/mL (1 mL) Vial, Intramuscular",In Review,Ready to Use Approved,Projected Inventory,2027-01,0.0
Malawi,No Supply Plan Available,"Medroxyprogesterone Acetate 150 mg/mL (1 mL) Vial, Intramuscular",In Review,Ready to Use Approved,Projected Inventory,2027-02,0.0
Malawi,No Supply Plan Available,"Medroxyprogesterone Acetate 150 mg/mL (1 mL) Vial, Intramuscular",In Review,Ready to Use Approved,Projected Inventory,2027-03,0.0
Malawi,No Supply Plan Available,"Medroxyprogesterone Acetate 150 mg/mL (1 mL) Vial, Intramuscular",In Review,Ready to Use Approved,Projected Inventory,2027-04,0.0
Malawi,No Supply Plan Available,"Medroxyprogesterone Acetate 150 mg/mL (1 mL) Vial, Intramuscular",In Review,Ready to Use Approved,Projected Inventory,2027-05,0.0
Malawi,No Supply Plan Available,"Medroxyprogesterone Acetate 150 mg/mL (1 mL) Vial, Intramuscular",In Review,Ready to Use Approved,Projected Inventory,2027-06,0.0
Malawi,No Supply Plan Available,"Medroxyprogesterone Acetate 150 mg/mL (1 mL) Vial, Intramuscular",In Review,Ready to Use Approved,Projected Inventory,2027-07,0.0
Malawi,No Supply Plan Available,"Medroxyprogesterone Acetate 150 mg/mL (1 mL) Vial, Intramuscular",In Review,Ready to Use Approved,Projected Inventory,2027-08,0.0
Malawi,No Supply Plan Available,"Medroxyprogesterone Acetate 150 mg/mL (1 mL) Vial, Intramuscular",In Review,Ready to Use Approved,Projected Inventory,2027-09,0.0
Malawi,No Supply Plan Available,"Medroxyprogesterone Acetate 150 mg/mL (1 mL) Vial, Intramuscular",In Review,Ready to Use Approved,Projected Inventory,2027-10,0.0
Malawi,No Supply Plan Available,"Medroxyprogesterone Acetate 150 mg/mL (1 mL) Vial, Intramuscular",In Review,Ready to Use Approved,Projected Inventory,2027-11,0.0
Malawi,No Supply Plan Available,"Medroxyprogesterone Acetate 150 mg/mL (1 mL) Vial, Intramuscular",In Review,Ready to Use Approved,Projected Inventory,2027-12,0.0
Malawi,No Supply Plan Available,"Medroxyprogesterone Acetate 150 mg/mL (1 mL) Vial, Intramuscular",In Review,Ready to Use Approved,Projected Inventory,2028-01,0.0
Malawi,No Supply Plan Available,"Medroxyprogesterone Acetate 150 mg/mL (1 mL) Vial, Intramuscular",In Review,Ready to Use Approved,Projected Inventory,2028-02,0.0
Malawi,No Supply Plan Available,"Medroxyprogesterone Acetate 150 mg/mL (1 mL) Vial, Intramuscular",In Review,Ready to Use Approved,Projected Inventory,2028-03,0.0
Malawi,No Supply Plan Available,"Medroxyprogesterone Acetate 150 mg/mL (1 mL) Vial, Intramuscular",In Review,Ready to Use Approved,Projected Inventory,2028-04,0.0
Malawi,No Supply Plan Available,"Medroxyprogesterone Acetate 150 mg/mL (1 mL) Vial, Intramuscular",In Review,Ready to Use Approved,Projected Inventory,2028-05,0.0
Malawi,No Supply Plan Available,"Medroxyprogesterone Acetate 150 mg/mL (1 mL) Vial, Intramuscular",In Review,Ready to Use Approved,Projected Inventory,2028-06,0.0
Malawi,No Supply Plan Available,"Medroxyprogesterone Acetate 150 mg/mL (1 mL) Vial, Intramuscular",In Review,Ready to Use Approved,Projected Inventory,2028-07,0.0
Malawi,No Supply Plan Available,"Medroxyprogesterone Acetate 150 mg/mL (1 mL) Vial, Intramuscular",In Review,Ready to Use Approved,Projected Inventory,2028-08,0.0
Malawi,No Supply Plan Available,"Medroxyprogesterone Acetate 150 mg/mL (1 mL) Vial, Intramuscular",In Review,Ready to Use Approved,Projected MOS below min MOS Alert,2026-02,0.0
Malawi,No Supply Plan Available,"Medroxyprogesterone Acetate 150 mg/mL (1 mL) Vial, Intramuscular",In Review,Ready to Use Approved,Projected MOS below min MOS Alert,2026-03,0.0
Malawi,No Supply Plan Available,"Medroxyprogesterone Acetate 150 mg/mL (1 mL) Vial, Intramuscular",In Review,Ready to Use Approved,Projected MOS below min MOS Alert,2026-04,0.0
Malawi,No Supply Plan Available,"Medroxyprogesterone Acetate 150 mg/mL (1 mL) Vial, Intramuscular",In Review,Ready to Use Approved,Projected MOS below min MOS Alert,2026-05,0.0
Malawi,No Supply Plan Available,"Medroxyprogesterone Acetate 150 mg/mL (1 mL) Vial, Intramuscular",In Review,Ready to Use Approved,Projected MOS below min MOS Alert,2026-06,0.0
Malawi,No Supply Plan Available,"Medroxyprogesterone Acetate 150 mg/mL (1 mL) Vial, Intramuscular",In Review,Ready to Use Approved,Projected MOS below min MOS Alert,2026-07,0.0
Malawi,No Supply Plan Available,"Medroxyprogesterone Acetate 150 mg/mL (1 mL) Vial, Intramuscular",In Review,Ready to Use Approved,Projected MOS below min MOS Alert,2026-08,0.0
Malawi,No Supply Plan Available,"Medroxyprogesterone Acetate 150 mg/mL (1 mL) Vial, Intramuscular",In Review,Ready to Use Approved,Projected MOS below min MOS Alert,2026-09,0.0
Malawi,No Supply Plan Available,"Medroxyprogesterone Acetate 150 mg/mL (1 mL) Vial, Intramuscular",In Review,Ready to Use Approved,Projected MOS below min MOS Alert,2026-10,0.0
Malawi,No Supply Plan Available,"Medroxyprogesterone Acetate 150 mg/mL (1 mL) Vial, Intramuscular",In Review,Ready to Use Approved,Projected MOS below min MOS Alert,2026-11,0.0
Malawi,No Supply Plan Available,"Medroxyprogesterone Acetate 150 mg/mL (1 mL) Vial, Intramuscular",In Review,Ready to Use Approved,Projected MOS below min MOS Alert,2026-12,0.0
Malawi,No Supply Plan Available,"Medroxyprogesterone Acetate 150 mg/mL (1 mL) Vial, Intramuscular",In Review,Ready to Use Approved,Projected MOS below min MOS Alert,2027-01,0.0
Malawi,No Supply Plan Available,"Medroxyprogesterone Acetate 150 mg/mL (1 mL) Vial, Intramuscular",In Review,Ready to Use Approved,Projected MOS below min MOS Alert,2027-02,0.0
Malawi,No Supply Plan Available,"Medroxyprogesterone Acetate 150 mg/mL (1 mL) Vial, Intramuscular",In Review,Ready to Use Approved,Projected MOS below min MOS Alert,2027-03,0.0
Malawi,No Supply Plan Available,"Medroxyprogesterone Acetate 150 mg/mL (1 mL) Vial, Intramuscular",In Review,Ready to Use Approved,Projected MOS below min MOS Alert,2027-04,0.0
Malawi,No Supply Plan Available,"Medroxyprogesterone Acetate 150 mg/mL (1 mL) Vial, Intramuscular",In Review,Ready to Use Approved,Projected MOS below min MOS Alert,2027-05,0.0
Malawi,No Supply Plan Available,"Medroxyprogesterone Acetate 150 mg/mL (1 mL) Vial, Intramuscular",In Review,Ready to Use Approved,Projected MOS below min MOS Alert,2027-06,0.0
Malawi,No Supply Plan Available,"Medroxyprogesterone Acetate 150 mg/mL (1 mL) Vial, Intramuscular",In Review,Ready to Use Approved,Projected MOS below min MOS Alert,2027-07,0.0
Malawi,No Supply Plan Available,"Medroxyprogesterone Acetate 150 mg/mL (1 mL) Vial, Intramuscular",In Review,Ready to Use Approved,Projected MOS below min MOS Alert,2027-08,0.0
Malawi,No Supply Plan Available,"Medroxyprogesterone Acetate 150 mg/mL (1 mL) Vial, Intramuscular",In Review,Ready to Use Approved,Projected MOS below min MOS Alert,2027-09,0.0
Malawi,No Supply Plan Available,"Medroxyprogesterone Acetate 150 mg/mL (1 mL) Vial, Intramuscular",In Review,Ready to Use Approved,Projected MOS below min MOS Alert,2027-10,0.0
Malawi,No Supply Plan Available,"Medroxyprogesterone Acetate 150 mg/mL (1 mL) Vial, Intramuscular",In Review,Ready to Use Approved,Projected MOS below min MOS Alert,2027-11,0.0
Malawi,No Supply Plan Available,"Medroxyprogesterone Acetate 150 mg/mL (1 mL) Vial, Intramuscular",In Review,Ready to Use Approved,Projected MOS below min MOS Alert,2027-12,0.0
Malawi,No Supply Plan Available,"Medroxyprogesterone Acetate 150 mg/mL (1 mL) Vial, Intramuscular",In Review,Ready to Use Approved,Projected MOS below min MOS Alert,2028-01,0.0
Malawi,No Supply Plan Available,"Medroxyprogesterone Acetate 150 mg/mL (1 mL) Vial, Intramuscular",In Review,Ready to Use Approved,Projected MOS below min MOS Alert,2028-02,0.0
Malawi,No Supply Plan Available,"Medroxyprogesterone Acetate 150 mg/mL (1 mL) Vial, Intramuscular",In Review,Ready to Use Approved,Projected MOS below min MOS Alert,2028-03,0.0
Malawi,No Supply Plan Available,"Medroxyprogesterone Acetate 150 mg/mL (1 mL) Vial, Intramuscular",In Review,Ready to Use Approved,Projected MOS below min MOS Alert,2028-04,0.0
Malawi,No Supply Plan Available,"Medroxyprogesterone Acetate 150 mg/mL (1 mL) Vial, Intramuscular",In Review,Ready to Use Approved,Projected MOS below min MOS Alert,2028-05,0.0
Malawi,No Supply Plan Available,"Medroxyprogesterone Acetate 150 mg/mL (1 mL) Vial, Intramuscular",In Review,Ready to Use Approved,Projected MOS below min MOS Alert,2028-06,0.0
Malawi,No Supply Plan Available,"Medroxyprogesterone Acetate 150 mg/mL (1 mL) Vial, Intramuscular",In Review,Ready to Use Approved,Projected MOS below min MOS Alert,2028-07,0.0
Malawi,No Supply Plan Available,"Medroxyprogesterone Acetate 150 mg/mL (1 mL) Vial, Intramuscular",In Review,Ready to Use Approved,Projected MOS below min MOS Alert,2028-08,0.0
Malawi,No Supply Plan Available,"Medroxyprogesterone Acetate 150 mg/mL (1 mL) Vial, Intramuscular",In Review,Ready to Use Approved,Projected MOS above max MOS Alert,2026-02,0.0
Malawi,No Supply Plan Available,"Medroxyprogesterone Acetate 150 mg/mL (1 mL) Vial, Intramuscular",In Review,Ready to Use Approved,Projected MOS above max MOS Alert,2026-03,0.0
Malawi,No Supply Plan Available,"Medroxyprogesterone Acetate 150 mg/mL (1 mL) Vial, Intramuscular",In Review,Ready to Use Approved,Projected MOS above max MOS Alert,2026-04,0.0
Malawi,No Supply Plan Available,"Medroxyprogesterone Acetate 150 mg/mL (1 mL) Vial, Intramuscular",In Review,Ready to Use Approved,Projected MOS above max MOS Alert,2026-05,0.0
Malawi,No Supply Plan Available,"Medroxyprogesterone Acetate 150 mg/mL (1 mL) Vial, Intramuscular",In Review,Ready to Use Approved,Projected MOS above max MOS Alert,2026-06,0.0
Malawi,No Supply Plan Available,"Medroxyprogesterone Acetate 150 mg/mL (1 mL) Vial, Intramuscular",In Review,Ready to Use Approved,Projected MOS above max MOS Alert,2026-07,0.0
Malawi,No Supply Plan Available,"Medroxyprogesterone Acetate 150 mg/mL (1 mL) Vial, Intramuscular",In Review,Ready to Use Approved,Projected MOS above max MOS Alert,2026-08,0.0
Malawi,No Supply Plan Available,"Medroxyprogesterone Acetate 150 mg/mL (1 mL) Vial, Intramuscular",In Review,Ready to Use Approved,Projected MOS above max MOS Alert,2026-09,0.0
Malawi,No Supply Plan Available,"Medroxyprogesterone Acetate 150 mg/mL (1 mL) Vial, Intramuscular",In Review,Ready to Use Approved,Projected MOS above max MOS Alert,2026-10,0.0
Malawi,No Supply Plan Available,"Medroxyprogesterone Acetate 150 mg/mL (1 mL) Vial, Intramuscular",In Review,Ready to Use Approved,Projected MOS above max MOS Alert,2026-11,0.0
Malawi,No Supply Plan Available,"Medroxyprogesterone Acetate 150 mg/mL (1 mL) Vial, Intramuscular",In Review,Ready to Use Approved,Projected MOS above max MOS Alert,2026-12,0.0
Malawi,No Supply Plan Available,"Medroxyprogesterone Acetate 150 mg/mL (1 mL) Vial, Intramuscular",In Review,Ready to Use Approved,Projected MOS above max MOS Alert,2027-01,0.0
Malawi,No Supply Plan Available,"Medroxyprogesterone Acetate 150 mg/mL (1 mL) Vial, Intramuscular",In Review,Ready to Use Approved,Projected MOS above max MOS Alert,2027-02,0.0
Malawi,No Supply Plan Available,"Medroxyprogesterone Acetate 150 mg/mL (1 mL) Vial, Intramuscular",In Review,Ready to Use Approved,Projected MOS above max MOS Alert,2027-03,0.0
Malawi,No Supply Plan Available,"Medroxyprogesterone Acetate 150 mg/mL (1 mL) Vial, Intramuscular",In Review,Ready to Use Approved,Projected MOS above max MOS Alert,2027-04,0.0
Malawi,No Supply Plan Available,"Medroxyprogesterone Acetate 150 mg/mL (1 mL) Vial, Intramuscular",In Review,Ready to Use Approved,Projected MOS above max MOS Alert,2027-05,0.0
Malawi,No Supply Plan Available,"Medroxyprogesterone Acetate 150 mg/mL (1 mL) Vial, Intramuscular",In Review,Ready to Use Approved,Projected MOS above max MOS Alert,2027-06,0.0
Malawi,No Supply Plan Available,"Medroxyprogesterone Acetate 150 mg/mL (1 mL) Vial, Intramuscular",In Review,Ready to Use Approved,Projected MOS above max MOS Alert,2027-07,0.0
Malawi,No Supply Plan Available,"Medroxyprogesterone Acetate 150 mg/mL (1 mL) Vial, Intramuscular",In Review,Ready to Use Approved,Projected MOS above max MOS Alert,2027-08,0.0
Malawi,No Supply Plan Available,"Medroxyprogesterone Acetate 150 mg/mL (1 mL) Vial, Intramuscular",In Review,Ready to Use Approved,Projected MOS above max MOS Alert,2027-09,0.0
Malawi,No Supply Plan Available,"Medroxyprogesterone Acetate 150 mg/mL (1 mL) Vial, Intramuscular",In Review,Ready to Use Approved,Projected MOS above max MOS Alert,2027-10,0.0
Malawi,No Supply Plan Available,"Medroxyprogesterone Acetate 150 mg/mL (1 mL) Vial, Intramuscular",In Review,Ready to Use Approved,Projected MOS above max MOS Alert,2027-11,0.0
Malawi,No Supply Plan Available,"Medroxyprogesterone Acetate 150 mg/mL (1 mL) Vial, Intramuscular",In Review,Ready to Use Approved,Projected MOS above max MOS Alert,2027-12,0.0
Malawi,No Supply Plan Available,"Medroxyprogesterone Acetate 150 mg/mL (1 mL) Vial, Intramuscular",In Review,Ready to Use Approved,Projected MOS above max MOS Alert,2028-01,0.0
Malawi,No Supply Plan Available,"Medroxyprogesterone Acetate 150 mg/mL (1 mL) Vial, Intramuscular",In Review,Ready to Use Approved,Projected MOS above max MOS Alert,2028-02,0.0
Malawi,No Supply Plan Available,"Medroxyprogesterone Acetate 150 mg/mL (1 mL) Vial, Intramuscular",In Review,Ready to Use Approved,Projected MOS above max MOS Alert,2028-03,0.0
Malawi,No Supply Plan Available,"Medroxyprogesterone Acetate 150 mg/mL (1 mL) Vial, Intramuscular",In Review,Ready to Use Approved,Projected MOS above max MOS Alert,2028-04,0.0
Malawi,No Supply Plan Available,"Medroxyprogesterone Acetate 150 mg/mL (1 mL) Vial, Intramuscular",In Review,Ready to Use Approved,Projected MOS above max MOS Alert,2028-05,0.0
Malawi,No Supply Plan Available,"Medroxyprogesterone Acetate 150 mg/mL (1 mL) Vial, Intramuscular",In Review,Ready to Use Approved,Projected MOS above max MOS Alert,2028-06,0.0
Malawi,No Supply Plan Available,"Medroxyprogesterone Acetate 150 mg/mL (1 mL) Vial, Intramuscular",In Review,Ready to Use Approved,Projected MOS above max MOS Alert,2028-07,0.0
Malawi,No Supply Plan Available,"Medroxyprogesterone Acetate 150 mg/mL (1 mL) Vial, Intramuscular",In Review,Ready to Use Approved,Projected MOS above max MOS Alert,2028-08,0.0
Malawi,No Supply Plan Available,"Medroxyprogesterone Acetate 150 mg/mL (1 mL) Vial, Intramuscular",In Review,Ready to Use Approved,S1 - Projected Inventory,2026-02,0.0
Malawi,No Supply Plan Available,"Medroxyprogesterone Acetate 150 mg/mL (1 mL) Vial, Intramuscular",In Review,Ready to Use Approved,S1 - Projected Inventory,2026-03,0.0
Malawi,No Supply Plan Available,"Medroxyprogesterone Acetate 150 mg/mL (1 mL) Vial, Intramuscular",In Review,Ready to Use Approved,S1 - Projected Inventory,2026-04,0.0
Malawi,No Supply Plan Available,"Medroxyprogesterone Acetate 150 mg/mL (1 mL) Vial, Intramuscular",In Review,Ready to Use Approved,S1 - Projected Inventory,2026-05,0.0
Malawi,No Supply Plan Available,"Medroxyprogesterone Acetate 150 mg/mL (1 mL) Vial, Intramuscular",In Review,Ready to Use Approved,S1 - Projected Inventory,2026-06,0.0
Malawi,No Supply Plan Available,"Medroxyprogesterone Acetate 150 mg/mL (1 mL) Vial, Intramuscular",In Review,Ready to Use Approved,S1 - Projected Inventory,2026-07,0.0
Malawi,No Supply Plan Available,"Medroxyprogesterone Acetate 150 mg/mL (1 mL) Vial, Intramuscular",In Review,Ready to Use Approved,S1 - Projected Inventory,2026-08,0.0
Malawi,No Supply Plan Available,"Medroxyprogesterone Acetate 150 mg/mL (1 mL) Vial, Intramuscular",In Review,Ready to Use Approved,S1 - Projected Inventory,2026-09,0.0
Malawi,No Supply Plan Available,"Medroxyprogesterone Acetate 150 mg/mL (1 mL) Vial, Intramuscular",In Review,Ready to Use Approved,S1 - Projected Inventory,2026-10,0.0
Malawi,No Supply Plan Available,"Medroxyprogesterone Acetate 150 mg/mL (1 mL) Vial, Intramuscular",In Review,Ready to Use Approved,S1 - Projected Inventory,2026-11,0.0
Malawi,No Supply Plan Available,"Medroxyprogesterone Acetate 150 mg/mL (1 mL) Vial, Intramuscular",In Review,Ready to Use Approved,S1 - Projected Inventory,2026-12,0.0
Malawi,No Supply Plan Available,"Medroxyprogesterone Acetate 150 mg/mL (1 mL) Vial, Intramuscular",In Review,Ready to Use Approved,S1 - Projected Inventory,2027-01,0.0
Malawi,No Supply Plan Available,"Medroxyprogesterone Acetate 150 mg/mL (1 mL) Vial, Intramuscular",In Review,Ready to Use Approved,S1 - Projected Inventory,2027-02,0.0
Malawi,No Supply Plan Available,"Medroxyprogesterone Acetate 150 mg/mL (1 mL) Vial, Intramuscular",In Review,Ready to Use Approved,S1 - Projected Inventory,2027-03,0.0
Malawi,No Supply Plan Available,"Medroxyprogesterone Acetate 150 mg/mL (1 mL) Vial, Intramuscular",In Review,Ready to Use Approved,S1 - Projected Inventory,2027-04,0.0
Malawi,No Supply Plan Available,"Medroxyprogesterone Acetate 150 mg/mL (1 mL) Vial, Intramuscular",In Review,Ready to Use Approved,S1 - Projected Inventory,2027-05,0.0
Malawi,No Supply Plan Available,"Medroxyprogesterone Acetate 150 mg/mL (1 mL) Vial, Intramuscular",In Review,Ready to Use Approved,S1 - Projected Inventory,2027-06,0.0
Malawi,No Supply Plan Available,"Medroxyprogesterone Acetate 150 mg/mL (1 mL) Vial, Intramuscular",In Review,Ready to Use Approved,S1 - Projected Inventory,2027-07,0.0
Malawi,No Supply Plan Available,"Medroxyprogesterone Acetate 150 mg/mL (1 mL) Vial, Intramuscular",In Review,Ready to Use Approved,S1 - Projected Inventory,2027-08,0.0
Malawi,No Supply Plan Available,"Medroxyprogesterone Acetate 150 mg/mL (1 mL) Vial, Intramuscular",In Review,Ready to Use Approved,S1 - Projected Inventory,2027-09,0.0
Malawi,No Supply Plan Available,"Medroxyprogesterone Acetate 150 mg/mL (1 mL) Vial, Intramuscular",In Review,Ready to Use Approved,S1 - Projected Inventory,2027-10,0.0
Malawi,No Supply Plan Available,"Medroxyprogesterone Acetate 150 mg/mL (1 mL) Vial, Intramuscular",In Review,Ready to Use Approved,S1 - Projected Inventory,2027-11,0.0
Malawi,No Supply Plan Available,"Medroxyprogesterone Acetate 150 mg/mL (1 mL) Vial, Intramuscular",In Review,Ready to Use Approved,S1 - Projected Inventory,2027-12,0.0
Malawi,No Supply Plan Available,"Medroxyprogesterone Acetate 150 mg/mL (1 mL) Vial, Intramuscular",In Review,Ready to Use Approved,S1 - Projected Inventory,2028-01,0.0
Malawi,No Supply Plan Available,"Medroxyprogesterone Acetate 150 mg/mL (1 mL) Vial, Intramuscular",In Review,Ready to Use Approved,S1 - Projected Inventory,2028-02,0.0
Malawi,No Supply Plan Available,"Medroxyprogesterone Acetate 150 mg/mL (1 mL) Vial, Intramuscular",In Review,Ready to Use Approved,S1 - Projected Inventory,2028-03,0.0
Malawi,No Supply Plan Available,"Medroxyprogesterone Acetate 150 mg/mL (1 mL) Vial, Intramuscular",In Review,Ready to Use Approved,S1 - Projected Inventory,2028-04,0.0
Malawi,No Supply Plan Available,"Medroxyprogesterone Acetate 150 mg/mL (1 mL) Vial, Intramuscular",In Review,Ready to Use Approved,S1 - Projected Inventory,2028-05,0.0
Malawi,No Supply Plan Available,"Medroxyprogesterone Acetate 150 mg/mL (1 mL) Vial, Intramuscular",In Review,Ready to Use Approved,S1 - Projected Inventory,2028-06,0.0
Malawi,No Supply Plan Available,"Medroxyprogesterone Acetate 150 mg/mL (1 mL) Vial, Intramuscular",In Review,Ready to Use Approved,S1 - Projected Inventory,2028-07,0.0
Malawi,No Supply Plan Available,"Medroxyprogesterone Acetate 150 mg/mL (1 mL) Vial, Intramuscular",In Review,Ready to Use Approved,S1 - Projected Inventory,2028-08,0.0
Malawi,No Supply Plan Available,"Medroxyprogesterone Acetate 150 mg/mL (1 mL) Vial, Intramuscular",In Review,Ready to Use Approved,S2 - Projected Inventory,2026-02,0.0
Malawi,No Supply Plan Available,"Medroxyprogesterone Acetate 150 mg/mL (1 mL) Vial, Intramuscular",In Review,Ready to Use Approved,S2 - Projected Inventory,2026-03,0.0
Malawi,No Supply Plan Available,"Medroxyprogesterone Acetate 150 mg/mL (1 mL) Vial, Intramuscular",In Review,Ready to Use Approved,S2 - Projected Inventory,2026-04,0.0
Malawi,No Supply Plan Available,"Medroxyprogesterone Acetate 150 mg/mL (1 mL) Vial, Intramuscular",In Review,Ready to Use Approved,S2 - Projected Inventory,2026-05,0.0
Malawi,No Supply Plan Available,"Medroxyprogesterone Acetate 150 mg/mL (1 mL) Vial, Intramuscular",In Review,Ready to Use Approved,S2 - Projected Inventory,2026-06,0.0
Malawi,No Supply Plan Available,"Medroxyprogesterone Acetate 150 mg/mL (1 mL) Vial, Intramuscular",In Review,Ready to Use Approved,S2 - Projected Inventory,2026-07,0.0
Malawi,No Supply Plan Available,"Medroxyprogesterone Acetate 150 mg/mL (1 mL) Vial, Intramuscular",In Review,Ready to Use Approved,S2 - Projected Inventory,2026-08,0.0
Malawi,No Supply Plan Available,"Medroxyprogesterone Acetate 150 mg/mL (1 mL) Vial, Intramuscular",In Review,Ready to Use Approved,S2 - Projected Inventory,2026-09,0.0
Malawi,No Supply Plan Available,"Medroxyprogesterone Acetate 150 mg/mL (1 mL) Vial, Intramuscular",In Review,Ready to Use Approved,S2 - Projected Inventory,2026-10,0.0
Malawi,No Supply Plan Available,"Medroxyprogesterone Acetate 150 mg/mL (1 mL) Vial, Intramuscular",In Review,Ready to Use Approved,S2 - Projected Inventory,2026-11,0.0
Malawi,No Supply Plan Available,"Medroxyprogesterone Acetate 150 mg/mL (1 mL) Vial, Intramuscular",In Review,Ready to Use Approved,S2 - Projected Inventory,2026-12,0.0
Malawi,No Supply Plan Available,"Medroxyprogesterone Acetate 150 mg/mL (1 mL) Vial, Intramuscular",In Review,Ready to Use Approved,S2 - Projected Inventory,2027-01,0.0
Malawi,No Supply Plan Available,"Medroxyprogesterone Acetate 150 mg/mL (1 mL) Vial, Intramuscular",In Review,Ready to Use Approved,S2 - Projected Inventory,2027-02,0.0
Malawi,No Supply Plan Available,"Medroxyprogesterone Acetate 150 mg/mL (1 mL) Vial, Intramuscular",In Review,Ready to Use Approved,S2 - Projected Inventory,2027-03,0.0
Malawi,No Supply Plan Available,"Medroxyprogesterone Acetate 150 mg/mL (1 mL) Vial, Intramuscular",In Review,Ready to Use Approved,S2 - Projected Inventory,2027-04,0.0
Malawi,No Supply Plan Available,"Medroxyprogesterone Acetate 150 mg/mL (1 mL) Vial, Intramuscular",In Review,Ready to Use Approved,S2 - Projected Inventory,2027-05,0.0
Malawi,No Supply Plan Available,"Medroxyprogesterone Acetate 150 mg/mL (1 mL) Vial, Intramuscular",In Review,Ready to Use Approved,S2 - Projected Inventory,2027-06,0.0
Malawi,No Supply Plan Available,"Medroxyprogesterone Acetate 150 mg/mL (1 mL) Vial, Intramuscular",In Review,Ready to Use Approved,S2 - Projected Inventory,2027-07,0.0
Malawi,No Supply Plan Available,"Medroxyprogesterone Acetate 150 mg/mL (1 mL) Vial, Intramuscular",In Review,Ready to Use Approved,S2 - Projected Inventory,2027-08,0.0
Malawi,No Supply Plan Available,"Medroxyprogesterone Acetate 150 mg/mL (1 mL) Vial, Intramuscular",In Review,Ready to Use Approved,S2 - Projected Inventory,2027-09,0.0
Malawi,No Supply Plan Available,"Medroxyprogesterone Acetate 150 mg/mL (1 mL) Vial, Intramuscular",In Review,Ready to Use Approved,S2 - Projected Inventory,2027-10,0.0
Malawi,No Supply Plan Available,"Medroxyprogesterone Acetate 150 mg/mL (1 mL) Vial, Intramuscular",In Review,Ready to Use Approved,S2 - Projected Inventory,2027-11,0.0
Malawi,No Supply Plan Available,"Medroxyprogesterone Acetate 150 mg/mL (1 mL) Vial, Intramuscular",In Review,Ready to Use Approved,S2 - Projected Inventory,2027-12,0.0
Malawi,No Supply Plan Available,"Medroxyprogesterone Acetate 150 mg/mL (1 mL) Vial, Intramuscular",In Review,Ready to Use Approved,S2 - Projected Inventory,2028-01,0.0
Malawi,No Supply Plan Available,"Medroxyprogesterone Acetate 150 mg/mL (1 mL) Vial, Intramuscular",In Review,Ready to Use Approved,S2 - Projected Inventory,2028-02,0.0
Malawi,No Supply Plan Available,"Medroxyprogesterone Acetate 150 mg/mL (1 mL) Vial, Intramuscular",In Review,Ready to Use Approved,S2 - Projected Inventory,2028-03,0.0
Malawi,No Supply Plan Available,"Medroxyprogesterone Acetate 150 mg/mL (1 mL) Vial, Intramuscular",In Review,Ready to Use Approved,S2 - Projected Inventory,2028-04,0.0
Malawi,No Supply Plan Available,"Medroxyprogesterone Acetate 150 mg/mL (1 mL) Vial, Intramuscular",In Review,Ready to Use Approved,S2 - Projected Inventory,2028-05,0.0
Malawi,No Supply Plan Available,"Medroxyprogesterone Acetate 150 mg/mL (1 mL) Vial, Intramuscular",In Review,Ready to Use Approved,S2 - Projected Inventory,2028-06,0.0
Malawi,No Supply Plan Available,"Medroxyprogesterone Acetate 150 mg/mL (1 mL) Vial, Intramuscular",In Review,Ready to Use Approved,S2 - Projected Inventory,2028-07,0.0
Malawi,No Supply Plan Available,"Medroxyprogesterone Acetate 150 mg/mL (1 mL) Vial, Intramuscular",In Review,Ready to Use Approved,S2 - Projected Inventory,2028-08,0.0
