Country Name,Supply Plan Bucket Description,L5 - Product,DataMeasure,Period,Value
Mozambique,MOH Supply Plan,"Medroxyprogesterone Acetate 104 mg/0.65 mL, Subcutaneous, Pre-Filled Device",Monthly Consumption,2026-02,358763.0
Mozambique,MOH Supply Plan,"Medroxyprogesterone Acetate 104 mg/0.65 mL, Subcutaneous, Pre-Filled Device",Monthly Consumption,2026-03,361323.0
Mozambique,MOH Supply Plan,"Medroxyprogesterone Acetate 104 mg/0.65 mL, Subcutaneous, Pre-Filled Device",Monthly Consumption,2026-04,363883.0
Mozambique,MOH Supply Plan,"Medroxyprogesterone Acetate 104 mg/0.65 mL, Subcutaneous, Pre-Filled Device",Monthly Consumption,2026-05,366449.0
Mozambique,MOH Supply Plan,"Medroxyprogesterone Acetate 104 mg/0.65 mL, Subcutaneous, Pre-Filled Device",Monthly Consumption,2026-06,369028.0
Mozambique,MOH Supply Plan,"Medroxyprogesterone Acetate 104 mg/0.65 mL, Subcutaneous, Pre-Filled Device",Monthly Consumption,2026-07,371624.0
Mozambique,MOH Supply Plan,"Medroxyprogesterone Acetate 104 mg/0.65 mL, Subcutaneous, Pre-Filled Device",Monthly Consumption,2026-08,374244.0
Mozambique,MOH Supply Plan,"Medroxyprogesterone Acetate 104 mg/0.65 mL, Subcutaneous, Pre-Filled Device",Monthly Consumption,2026-09,376893.0
Mozambique,MOH Supply Plan,"Medroxyprogesterone Acetate 104 mg/0.65 mL, Subcutaneous, Pre-Filled Device",Monthly Consumption,2026-10,379577.0
Mozambique,MOH Supply Plan,"Medroxyprogesterone Acetate 104 mg/0.65 mL, Subcutaneous, Pre-Filled Device",Monthly Consumption,2026-11,382300.0
Mozambique,MOH Supply Plan,"Medroxyprogesterone Acetate 104 mg/0.65 mL, Subcutaneous, Pre-Filled Device",Monthly Consumption,2026-12,385069.0
Mozambique,MOH Supply Plan,"Medroxyprogesterone Acetate 104 mg/0.65 mL, Subcutaneous, Pre-Filled Device",Monthly Consumption,2027-01,392637.0
Mozambique,MOH Supply Plan,"Medroxyprogesterone Acetate 104 mg/0.65 mL, Subcutaneous, Pre-Filled Device",Monthly Consumption,2027-02,395509.0
Mozambique,MOH Supply Plan,"Medroxyprogesterone Acetate 104 mg/0.65 mL, Subcutaneous, Pre-Filled Device",Monthly Consumption,2027-03,398440.0
Mozambique,MOH Supply Plan,"Medroxyprogesterone Acetate 104 mg/0.65 mL, Subcutaneous, Pre-Filled Device",Monthly Consumption,2027-04,401433.0
Mozambique,MOH Supply Plan,"Medroxyprogesterone Acetate 104 mg/0.65 mL, Subcutaneous, Pre-Filled Device",Monthly Consumption,2027-05,404491.0
Mozambique,MOH Supply Plan,"Medroxyprogesterone Acetate 104 mg/0.65 mL, Subcutaneous, Pre-Filled Device",Monthly Consumption,2027-06,407618.0
Mozambique,MOH Supply Plan,"Medroxyprogesterone Acetate 104 mg/0.65 mL, Subcutaneous, Pre-Filled Device",Monthly Consumption,2027-07,410816.0
Mozambique,MOH Supply Plan,"Medroxyprogesterone Acetate 104 mg/0.65 mL, Subcutaneous, Pre-Filled Device",Monthly Consumption,2027-08,414088.0
Mozambique,MOH Supply Plan,"Medroxyprogesterone Acetate 104 mg/0.65 mL, Subcutaneous, Pre-Filled Device",Monthly Consumption,2027-09,417435.0
Mozambique,MOH Supply Plan,"Medroxyprogesterone Acetate 104 mg/0.65 mL, Subcutaneous, Pre-Filled Device",Monthly Consumption,2027-10,420859.0
Mozambique,MOH Supply Plan,"Medroxyprogesterone Acetate 104 mg/0.65 mL, Subcutaneous, Pre-Filled Device",Monthly Consumption,2027-11,424360.0
Mozambique,MOH Supply Plan,"Medroxyprogesterone Acetate 104 mg/0.65 mL, Subcutaneous, Pre-Filled Device",Monthly Consumption,2027-12,427938.0
Mozambique,MOH Supply Plan,"Medroxyprogesterone Acetate 104 mg/0.65 mL, Subcutaneous, Pre-Filled Device",Monthly Consumption,2028-01,429378.0
Mozambique,MOH Supply Plan,"Medroxyprogesterone Acetate 104 mg/0.65 mL, Subcutaneous, Pre-Filled Device",Monthly Consumption,2028-02,433108.0
Mozambique,MOH Supply Plan,"Medroxyprogesterone Acetate 104 mg/0.65 mL, Subcutaneous, Pre-Filled Device",Monthly Consumption,2028-03,436912.0
Mozambique,MOH Supply Plan,"Medroxyprogesterone Acetate 104 mg/0.65 mL, Subcutaneous, Pre-Filled Device",Monthly Consumption,2028-04,440786.0
Mozambique,MOH Supply Plan,"Medroxyprogesterone Acetate 104 mg/0.65 mL, Subcutaneous, Pre-Filled Device",Monthly Consumption,2028-05,444729.0
Mozambique,MOH Supply Plan,"Medroxyprogesterone Acetate 104 mg/0.65 mL, Subcutaneous, Pre-Filled Device",Monthly Consumption,2028-06,448735.0
Mozambique,MOH Supply Plan,"Medroxyprogesterone Acetate 104 mg/0.65 mL, Subcutaneous, Pre-Filled Device",Monthly Consumption,2028-07,452799.0
Mozambique,MOH Supply Plan,"Medroxyprogesterone Acetate 104 mg/0.65 mL, Subcutaneous, Pre-Filled Device",Monthly Consumption,2028-08,456918.0
Mozambique,MOH Supply Plan,"Medroxyprogesterone Acetate 104 mg/0.65 mL, Subcutaneous, Pre-Filled Device",Prev. Monthly Consumption,2026-02,358763.0
Mozambique,MOH Supply Plan,"Medroxyprogesterone Acetate 104 mg/0.65 mL, Subcutaneous, Pre-Filled Device",Prev. Monthly Consumption,2026-03,361323.0
Mozambique,MOH Supply Plan,"Medroxyprogesterone Acetate 104 mg/0.65 mL, Subcutaneous, Pre-Filled Device",Prev. Monthly Consumption,2026-04,363883.0
Mozambique,MOH Supply Plan,"Medroxyprogesterone Acetate 104 mg/0.65 mL, Subcutaneous, Pre-Filled Device",Prev. Monthly Consumption,2026-05,366449.0
Mozambique,MOH Supply Plan,"Medroxyprogesterone Acetate 104 mg/0.65 mL, Subcutaneous, Pre-Filled Device",Prev. Monthly Consumption,2026-06,369028.0
Mozambique,MOH Supply Plan,"Medroxyprogesterone Acetate 104 mg/0.65 mL, Subcutaneous, Pre-Filled Device",Prev. Monthly Consumption,2026-07,371624.0
Mozambique,MOH Supply Plan,"Medroxyprogesterone Acetate 104 mg/0.65 mL, Subcutaneous, Pre-Filled Device",Prev. Monthly Consumption,2026-08,374244.0
Mozambique,MOH Supply Plan,"Medroxyprogesterone Acetate 104 mg/0.65 mL, Subcutaneous, Pre-Filled Device",Prev. Monthly Consumption,2026-09,376893.0
Mozambique,MOH Supply Plan,"Medroxyprogesterone Acetate 104 mg/0.65 mL, Subcutaneous, Pre-Filled Device",Prev. Monthly Consumption,2026-10,379577.0
Mozambique,MOH Supply Plan,"Medroxyprogesterone Acetate 104 mg/0.65 mL, Subcutaneous, Pre-Filled Device",Prev. Monthly Consumption,2026-11,382300.0
Mozambique,MOH Supply Plan,"Medroxyprogesterone Acetate 104 mg/0.65 mL, Subcutaneous, Pre-Filled Device",Prev. Monthly Consumption,2026-12,385069.0
Mozambique,MOH Supply Plan,"Medroxyprogesterone Acetate 104 mg/0.65 mL, Subcutaneous, Pre-Filled Device",Prev. Monthly Consumption,2027-01,392637.0
Mozambique,MOH Supply Plan,"Medroxyprogesterone Acetate 104 mg/0.65 mL, Subcutaneous, Pre-Filled Device",Prev. Monthly Consumption,2027-02,395509.0
Mozambique,MOH Supply Plan,"Medroxyprogesterone Acetate 104 mg/0.65 mL, Subcutaneous, Pre-Filled Device",Prev. Monthly Consumption,2027-03,398440.0
Mozambique,MOH Supply Plan,"Medroxyprogesterone Acetate 104 mg/0.65 mL, Subcutaneous, Pre-Filled Device",Prev. Monthly Consumption,2027-04,401433.0
Mozambique,MOH Supply Plan,"Medroxyprogesterone Acetate 104 mg/0.65 mL, Subcutaneous, Pre-Filled Device",Prev. Monthly Consumption,2027-05,404491.0
Mozambique,MOH Supply Plan,"Medroxyprogesterone Acetate 104 mg/0.65 mL, Subcutaneous, Pre-Filled Device",Prev. Monthly Consumption,2027-06,407618.0
Mozambique,MOH Supply Plan,"Medroxyprogesterone Acetate 104 mg/0.65 mL, Subcutaneous, Pre-Filled Device",Prev. Monthly Consumption,2027-07,410816.0
Mozambique,MOH Supply Plan,"Medroxyprogesterone Acetate 104 mg/0.65 mL, Subcutaneous, Pre-Filled Device",Prev. Monthly Consumption,2027-08,414088.0
Mozambique,MOH Supply Plan,"Medroxyprogesterone Acetate 104 mg/0.65 mL, Subcutaneous, Pre-Filled Device",Prev. Monthly Consumption,2027-09,417435.0
Mozambique,MOH Supply Plan,"Medroxyprogesterone Acetate 104 mg/0.65 mL, Subcutaneous, Pre-Filled Device",Prev. Monthly Consumption,2027-10,420859.0
Mozambique,MOH Supply Plan,"Medroxyprogesterone Acetate 104 mg/0.65 mL, Subcutaneous, Pre-Filled Device",Prev. Monthly Consumption,2027-11,424360.0
Mozambique,MOH Supply Plan,"Medroxyprogesterone Acetate 104 mg/0.65 mL, Subcutaneous, Pre-Filled Device",Prev. Monthly Consumption,2027-12,427938.0
Mozambique,MOH Supply Plan,"Medroxyprogesterone Acetate 104 mg/0.65 mL, Subcutaneous, Pre-Filled Device",Prev. Monthly Consumption,2028-01,429378.0
Mozambique,MOH Supply Plan,"Medroxyprogesterone Acetate 104 mg/0.65 mL, Subcutaneous, Pre-Filled Device",Prev. Monthly Consumption,2028-02,433108.0
Mozambique,MOH Supply Plan,"Medroxyprogesterone Acetate 104 mg/0.65 mL, Subcutaneous, Pre-Filled Device",Prev. Monthly Consumption,2028-03,436912.0
Mozambique,MOH Supply Plan,"Medroxyprogesterone Acetate 104 mg/0.65 mL, Subcutaneous, Pre-Filled Device",Prev. Monthly Consumption,2028-04,440786.0
Mozambique,MOH Supply Plan,"Medroxyprogesterone Acetate 104 mg/0.65 mL, Subcutaneous, Pre-Filled Device",Prev. Monthly Consumption,2028-05,444729.0
Mozambique,MOH Supply Plan,"Medroxyprogesterone Acetate 104 mg/0.65 mL, Subcutaneous, Pre-Filled Device",Prev. Monthly Consumption,2028-06,448735.0
Mozambique,MOH Supply Plan,"Medroxyprogesterone Acetate 104 mg/0.65 mL, Subcutaneous, Pre-Filled Device",Prev. Monthly Consumption,2028-07,452799.0
Mozambique,MOH Supply Plan,"Medroxyprogesterone Acetate 104 mg/0.65 mL, Subcutaneous, Pre-Filled Device",Prev. Monthly Consumption,2028-08,456918.0
Mozambique,MOH Supply Plan,"Medroxyprogesterone Acetate 104 mg/0.65 mL, Subcutaneous, Pre-Filled Device",Supply Plan Inventory,2026-02,2871824.0
Mozambique,MOH Supply Plan,"Medroxyprogesterone Acetate 104 mg/0.65 mL, Subcutaneous, Pre-Filled Device",Supply Plan Inventory,2026-03,3410501.0
Mozambique,MOH Supply Plan,"Medroxyprogesterone Acetate 104 mg/0.65 mL, Subcutaneous, Pre-Filled Device",Supply Plan Inventory,2026-04,3046618.0
Mozambique,MOH Supply Plan,"Medroxyprogesterone Acetate 104 mg/0.65 mL, Subcutaneous, Pre-Filled Device",Supply Plan Inventory,2026-05,2680169.0
Mozambique,MOH Supply Plan,"Medroxyprogesterone Acetate 104 mg/0.65 mL, Subcutaneous, Pre-Filled Device",Supply Plan Inventory,2026-06,3491141.0
Mozambique,MOH Supply Plan,"Medroxyprogesterone Acetate 104 mg/0.65 mL, Subcutaneous, Pre-Filled Device",Supply Plan Inventory,2026-07,3119517.0
Mozambique,MOH Supply Plan,"Medroxyprogesterone Acetate 104 mg/0.65 mL, Subcutaneous, Pre-Filled Device",Supply Plan Inventory,2026-08,2745273.0
Mozambique,MOH Supply Plan,"Medroxyprogesterone Acetate 104 mg/0.65 mL, Subcutaneous, Pre-Filled Device",Supply Plan Inventory,2026-09,2368380.0
Mozambique,MOH Supply Plan,"Medroxyprogesterone Acetate 104 mg/0.65 mL, Subcutaneous, Pre-Filled Device",Supply Plan Inventory,2026-10,1988803.0
Mozambique,MOH Supply Plan,"Medroxyprogesterone Acetate 104 mg/0.65 mL, Subcutaneous, Pre-Filled Device",Supply Plan Inventory,2026-11,1606503.0
Mozambique,MOH Supply Plan,"Medroxyprogesterone Acetate 104 mg/0.65 mL, Subcutaneous, Pre-Filled Device",Supply Plan Inventory,2026-12,3501434.0
Mozambique,MOH Supply Plan,"Medroxyprogesterone Acetate 104 mg/0.65 mL, Subcutaneous, Pre-Filled Device",Supply Plan Inventory,2027-01,3108797.0
Mozambique,MOH Supply Plan,"Medroxyprogesterone Acetate 104 mg/0.65 mL, Subcutaneous, Pre-Filled Device",Supply Plan Inventory,2027-02,2713288.0
Mozambique,MOH Supply Plan,"Medroxyprogesterone Acetate 104 mg/0.65 mL, Subcutaneous, Pre-Filled Device",Supply Plan Inventory,2027-03,3577960.0
Mozambique,MOH Supply Plan,"Medroxyprogesterone Acetate 104 mg/0.65 mL, Subcutaneous, Pre-Filled Device",Supply Plan Inventory,2027-04,3176527.0
Mozambique,MOH Supply Plan,"Medroxyprogesterone Acetate 104 mg/0.65 mL, Subcutaneous, Pre-Filled Device",Supply Plan Inventory,2027-05,2772036.0
Mozambique,MOH Supply Plan,"Medroxyprogesterone Acetate 104 mg/0.65 mL, Subcutaneous, Pre-Filled Device",Supply Plan Inventory,2027-06,3647152.0
Mozambique,MOH Supply Plan,"Medroxyprogesterone Acetate 104 mg/0.65 mL, Subcutaneous, Pre-Filled Device",Supply Plan Inventory,2027-07,3236336.0
Mozambique,MOH Supply Plan,"Medroxyprogesterone Acetate 104 mg/0.65 mL, Subcutaneous, Pre-Filled Device",Supply Plan Inventory,2027-08,2822248.0
Mozambique,MOH Supply Plan,"Medroxyprogesterone Acetate 104 mg/0.65 mL, Subcutaneous, Pre-Filled Device",Supply Plan Inventory,2027-09,3715157.0
Mozambique,MOH Supply Plan,"Medroxyprogesterone Acetate 104 mg/0.65 mL, Subcutaneous, Pre-Filled Device",Supply Plan Inventory,2027-10,3294298.0
Mozambique,MOH Supply Plan,"Medroxyprogesterone Acetate 104 mg/0.65 mL, Subcutaneous, Pre-Filled Device",Supply Plan Inventory,2027-11,2869938.0
Mozambique,MOH Supply Plan,"Medroxyprogesterone Acetate 104 mg/0.65 mL, Subcutaneous, Pre-Filled Device",Supply Plan Inventory,2027-12,3782709.0
Mozambique,MOH Supply Plan,"Medroxyprogesterone Acetate 104 mg/0.65 mL, Subcutaneous, Pre-Filled Device",Supply Plan Inventory,2028-01,3353331.0
Mozambique,MOH Supply Plan,"Medroxyprogesterone Acetate 104 mg/0.65 mL, Subcutaneous, Pre-Filled Device",Supply Plan Inventory,2028-02,2920223.0
Mozambique,MOH Supply Plan,"Medroxyprogesterone Acetate 104 mg/0.65 mL, Subcutaneous, Pre-Filled Device",Supply Plan Inventory,2028-03,3852444.0
Mozambique,MOH Supply Plan,"Medroxyprogesterone Acetate 104 mg/0.65 mL, Subcutaneous, Pre-Filled Device",Supply Plan Inventory,2028-04,3411658.0
Mozambique,MOH Supply Plan,"Medroxyprogesterone Acetate 104 mg/0.65 mL, Subcutaneous, Pre-Filled Device",Supply Plan Inventory,2028-05,2966929.0
Mozambique,MOH Supply Plan,"Medroxyprogesterone Acetate 104 mg/0.65 mL, Subcutaneous, Pre-Filled Device",Supply Plan Inventory,2028-06,3931810.0
Mozambique,MOH Supply Plan,"Medroxyprogesterone Acetate 104 mg/0.65 mL, Subcutaneous, Pre-Filled Device",Supply Plan Inventory,2028-07,3479011.0
Mozambique,MOH Supply Plan,"Medroxyprogesterone Acetate 104 mg/0.65 mL, Subcutaneous, Pre-Filled Device",Supply Plan Inventory,2028-08,3022093.0
Mozambique,MOH Supply Plan,"Medroxyprogesterone Acetate 104 mg/0.65 mL, Subcutaneous, Pre-Filled Device",Monthly Inventory,2026-03,1282741.0
Mozambique,MOH Supply Plan,"Medroxyprogesterone Acetate 104 mg/0.65 mL, Subcutaneous, Pre-Filled Device",Monthly Inventory,2026-06,3218101.0
Mozambique,MOH Supply Plan,"Medroxyprogesterone Acetate 104 mg/0.65 mL, Subcutaneous, Pre-Filled Device",Projected Inventory Adjustment,2026-02,0.0
Mozambique,MOH Supply Plan,"Medroxyprogesterone Acetate 104 mg/0.65 mL, Subcutaneous, Pre-Filled Device",Projected Inventory Adjustment,2026-03,0.0
Mozambique,MOH Supply Plan,"Medroxyprogesterone Acetate 104 mg/0.65 mL, Subcutaneous, Pre-Filled Device",Projected Inventory Adjustment,2026-04,0.0
Mozambique,MOH Supply Plan,"Medroxyprogesterone Acetate 104 mg/0.65 mL, Subcutaneous, Pre-Filled Device",Projected Inventory Adjustment,2026-05,0.0
Mozambique,MOH Supply Plan,"Medroxyprogesterone Acetate 104 mg/0.65 mL, Subcutaneous, Pre-Filled Device",Projected Inventory Adjustment,2026-06,0.0
Mozambique,MOH Supply Plan,"Medroxyprogesterone Acetate 104 mg/0.65 mL, Subcutaneous, Pre-Filled Device",Projected Inventory Adjustment,2026-07,0.0
Mozambique,MOH Supply Plan,"Medroxyprogesterone Acetate 104 mg/0.65 mL, Subcutaneous, Pre-Filled Device",Projected Inventory Adjustment,2026-08,0.0
Mozambique,MOH Supply Plan,"Medroxyprogesterone Acetate 104 mg/0.65 mL, Subcutaneous, Pre-Filled Device",Projected Inventory Adjustment,2026-09,0.0
Mozambique,MOH Supply Plan,"Medroxyprogesterone Acetate 104 mg/0.65 mL, Subcutaneous, Pre-Filled Device",Projected Inventory Adjustment,2026-10,0.0
Mozambique,MOH Supply Plan,"Medroxyprogesterone Acetate 104 mg/0.65 mL, Subcutaneous, Pre-Filled Device",Projected Inventory Adjustment,2026-11,0.0
Mozambique,MOH Supply Plan,"Medroxyprogesterone Acetate 104 mg/0.65 mL, Subcutaneous, Pre-Filled Device",Projected Inventory Adjustment,2026-12,0.0
Mozambique,MOH Supply Plan,"Medroxyprogesterone Acetate 104 mg/0.65 mL, Subcutaneous, Pre-Filled Device",Projected Inventory Adjustment,2027-01,0.0
Mozambique,MOH Supply Plan,"Medroxyprogesterone Acetate 104 mg/0.65 mL, Subcutaneous, Pre-Filled Device",Projected Inventory Adjustment,2027-02,0.0
Mozambique,MOH Supply Plan,"Medroxyprogesterone Acetate 104 mg/0.65 mL, Subcutaneous, Pre-Filled Device",Projected Inventory Adjustment,2027-03,0.0
Mozambique,MOH Supply Plan,"Medroxyprogesterone Acetate 104 mg/0.65 mL, Subcutaneous, Pre-Filled Device",Projected Inventory Adjustment,2027-04,0.0
Mozambique,MOH Supply Plan,"Medroxyprogesterone Acetate 104 mg/0.65 mL, Subcutaneous, Pre-Filled Device",Projected Inventory Adjustment,2027-05,0.0
Mozambique,MOH Supply Plan,"Medroxyprogesterone Acetate 104 mg/0.65 mL, Subcutaneous, Pre-Filled Device",Projected Inventory Adjustment,2027-06,0.0
Mozambique,MOH Supply Plan,"Medroxyprogesterone Acetate 104 mg/0.65 mL, Subcutaneous, Pre-Filled Device",Projected Inventory Adjustment,2027-07,0.0
Mozambique,MOH Supply Plan,"Medroxyprogesterone Acetate 104 mg/0.65 mL, Subcutaneous, Pre-Filled Device",Projected Inventory Adjustment,2027-08,0.0
Mozambique,MOH Supply Plan,"Medroxyprogesterone Acetate 104 mg/0.65 mL, Subcutaneous, Pre-Filled Device",Projected Inventory Adjustment,2027-09,0.0
Mozambique,MOH Supply Plan,"Medroxyprogesterone Acetate 104 mg/0.65 mL, Subcutaneous, Pre-Filled Device",Projected Inventory Adjustment,2027-10,0.0
Mozambique,MOH Supply Plan,"Medroxyprogesterone Acetate 104 mg/0.65 mL, Subcutaneous, Pre-Filled Device",Projected Inventory Adjustment,2027-11,0.0
Mozambique,MOH Supply Plan,"Medroxyprogesterone Acetate 104 mg/0.65 mL, Subcutaneous, Pre-Filled Device",Projected Inventory Adjustment,2027-12,0.0
Mozambique,MOH Supply Plan,"Medroxyprogesterone Acetate 104 mg/0.65 mL, Subcutaneous, Pre-Filled Device",Projected Inventory Adjustment,2028-01,0.0
Mozambique,MOH Supply Plan,"Medroxyprogesterone Acetate 104 mg/0.65 mL, Subcutaneous, Pre-Filled Device",Projected Inventory Adjustment,2028-02,0.0
Mozambique,MOH Supply Plan,"Medroxyprogesterone Acetate 104 mg/0.65 mL, Subcutaneous, Pre-Filled Device",Projected Inventory Adjustment,2028-03,0.0
Mozambique,MOH Supply Plan,"Medroxyprogesterone Acetate 104 mg/0.65 mL, Subcutaneous, Pre-Filled Device",Projected Inventory Adjustment,2028-04,0.0
Mozambique,MOH Supply Plan,"Medroxyprogesterone Acetate 104 mg/0.65 mL, Subcutaneous, Pre-Filled Device",Projected Inventory Adjustment,2028-05,0.0
Mozambique,MOH Supply Plan,"Medroxyprogesterone Acetate 104 mg/0.65 mL, Subcutaneous, Pre-Filled Device",Projected Inventory Adjustment,2028-06,0.0
Mozambique,MOH Supply Plan,"Medroxyprogesterone Acetate 104 mg/0.65 mL, Subcutaneous, Pre-Filled Device",Projected Inventory Adjustment,2028-07,0.0
Mozambique,MOH Supply Plan,"Medroxyprogesterone Acetate 104 mg/0.65 mL, Subcutaneous, Pre-Filled Device",Projected Inventory Adjustment,2028-08,0.0
Mozambique,MOH Supply Plan,"Medroxyprogesterone Acetate 104 mg/0.65 mL, Subcutaneous, Pre-Filled Device",Expected Requirements,2026-03,900000.0
Mozambique,MOH Supply Plan,"Medroxyprogesterone Acetate 104 mg/0.65 mL, Subcutaneous, Pre-Filled Device",Expected Requirements,2026-06,1180000.0
Mozambique,MOH Supply Plan,"Medroxyprogesterone Acetate 104 mg/0.65 mL, Subcutaneous, Pre-Filled Device",Expected Requirements,2026-12,2280000.0
Mozambique,MOH Supply Plan,"Medroxyprogesterone Acetate 104 mg/0.65 mL, Subcutaneous, Pre-Filled Device",Expected Requirements,2027-03,1263112.0
Mozambique,MOH Supply Plan,"Medroxyprogesterone Acetate 104 mg/0.65 mL, Subcutaneous, Pre-Filled Device",Expected Requirements,2027-06,1282734.0
Mozambique,MOH Supply Plan,"Medroxyprogesterone Acetate 104 mg/0.65 mL, Subcutaneous, Pre-Filled Device",Expected Requirements,2027-09,1310344.0
Mozambique,MOH Supply Plan,"Medroxyprogesterone Acetate 104 mg/0.65 mL, Subcutaneous, Pre-Filled Device",Expected Requirements,2027-12,1340709.0
Mozambique,MOH Supply Plan,"Medroxyprogesterone Acetate 104 mg/0.65 mL, Subcutaneous, Pre-Filled Device",Expected Requirements,2028-03,1369133.0
Mozambique,MOH Supply Plan,"Medroxyprogesterone Acetate 104 mg/0.65 mL, Subcutaneous, Pre-Filled Device",Expected Requirements,2028-06,1413616.0
Mozambique,MOH Supply Plan,"Medroxyprogesterone Acetate 104 mg/0.65 mL, Subcutaneous, Pre-Filled Device",In-Transit Shipments,2026-07,2577200.0
Mozambique,MOH Supply Plan,"Medroxyprogesterone Acetate 104 mg/0.65 mL, Subcutaneous, Pre-Filled Device",Received Shipments,2026-05,982000.0
Mozambique,MOH Supply Plan,"Medroxyprogesterone Acetate 104 mg/0.65 mL, Subcutaneous, Pre-Filled Device",Manual Adjustment,2026-05,582000.0
Mozambique,MOH Supply Plan,"Medroxyprogesterone Acetate 104 mg/0.65 mL, Subcutaneous, Pre-Filled Device",Manual Adjustment,2026-07,-582000.0
Mozambique,MOH Supply Plan,"Medroxyprogesterone Acetate 104 mg/0.65 mL, Subcutaneous, Pre-Filled Device",Projected Inventory,2026-02,0.0
Mozambique,MOH Supply Plan,"Medroxyprogesterone Acetate 104 mg/0.65 mL, Subcutaneous, Pre-Filled Device",Projected Inventory,2026-03,0.0
Mozambique,MOH Supply Plan,"Medroxyprogesterone Acetate 104 mg/0.65 mL, Subcutaneous, Pre-Filled Device",Projected Inventory,2026-04,0.0
Mozambique,MOH Supply Plan,"Medroxyprogesterone Acetate 104 mg/0.65 mL, Subcutaneous, Pre-Filled Device",Projected Inventory,2026-05,0.0
Mozambique,MOH Supply Plan,"Medroxyprogesterone Acetate 104 mg/0.65 mL, Subcutaneous, Pre-Filled Device",Projected Inventory,2026-06,3218101.0
Mozambique,MOH Supply Plan,"Medroxyprogesterone Acetate 104 mg/0.65 mL, Subcutaneous, Pre-Filled Device",Projected Inventory,2026-07,4841677.0
Mozambique,MOH Supply Plan,"Medroxyprogesterone Acetate 104 mg/0.65 mL, Subcutaneous, Pre-Filled Device",Projected Inventory,2026-08,4467433.0
Mozambique,MOH Supply Plan,"Medroxyprogesterone Acetate 104 mg/0.65 mL, Subcutaneous, Pre-Filled Device",Projected Inventory,2026-09,4090540.0
Mozambique,MOH Supply Plan,"Medroxyprogesterone Acetate 104 mg/0.65 mL, Subcutaneous, Pre-Filled Device",Projected Inventory,2026-10,3710963.0
Mozambique,MOH Supply Plan,"Medroxyprogesterone Acetate 104 mg/0.65 mL, Subcutaneous, Pre-Filled Device",Projected Inventory,2026-11,3328663.0
Mozambique,MOH Supply Plan,"Medroxyprogesterone Acetate 104 mg/0.65 mL, Subcutaneous, Pre-Filled Device",Projected Inventory,2026-12,2943594.0
Mozambique,MOH Supply Plan,"Medroxyprogesterone Acetate 104 mg/0.65 mL, Subcutaneous, Pre-Filled Device",Projected Inventory,2027-01,2550957.0
Mozambique,MOH Supply Plan,"Medroxyprogesterone Acetate 104 mg/0.65 mL, Subcutaneous, Pre-Filled Device",Projected Inventory,2027-02,2155448.0
Mozambique,MOH Supply Plan,"Medroxyprogesterone Acetate 104 mg/0.65 mL, Subcutaneous, Pre-Filled Device",Projected Inventory,2027-03,1757008.0
Mozambique,MOH Supply Plan,"Medroxyprogesterone Acetate 104 mg/0.65 mL, Subcutaneous, Pre-Filled Device",Projected Inventory,2027-04,1355575.0
Mozambique,MOH Supply Plan,"Medroxyprogesterone Acetate 104 mg/0.65 mL, Subcutaneous, Pre-Filled Device",Projected Inventory,2027-05,951084.0
Mozambique,MOH Supply Plan,"Medroxyprogesterone Acetate 104 mg/0.65 mL, Subcutaneous, Pre-Filled Device",Projected Inventory,2027-06,543466.0
Mozambique,MOH Supply Plan,"Medroxyprogesterone Acetate 104 mg/0.65 mL, Subcutaneous, Pre-Filled Device",Projected Inventory,2027-07,132650.0
Mozambique,MOH Supply Plan,"Medroxyprogesterone Acetate 104 mg/0.65 mL, Subcutaneous, Pre-Filled Device",Projected Inventory,2027-08,0.0
Mozambique,MOH Supply Plan,"Medroxyprogesterone Acetate 104 mg/0.65 mL, Subcutaneous, Pre-Filled Device",Projected Inventory,2027-09,0.0
Mozambique,MOH Supply Plan,"Medroxyprogesterone Acetate 104 mg/0.65 mL, Subcutaneous, Pre-Filled Device",Projected Inventory,2027-10,0.0
Mozambique,MOH Supply Plan,"Medroxyprogesterone Acetate 104 mg/0.65 mL, Subcutaneous, Pre-Filled Device",Projected Inventory,2027-11,0.0
Mozambique,MOH Supply Plan,"Medroxyprogesterone Acetate 104 mg/0.65 mL, Subcutaneous, Pre-Filled Device",Projected Inventory,2027-12,0.0
Mozambique,MOH Supply Plan,"Medroxyprogesterone Acetate 104 mg/0.65 mL, Subcutaneous, Pre-Filled Device",Projected Inventory,2028-01,0.0
Mozambique,MOH Supply Plan,"Medroxyprogesterone Acetate 104 mg/0.65 mL, Subcutaneous, Pre-Filled Device",Projected Inventory,2028-02,0.0
Mozambique,MOH Supply Plan,"Medroxyprogesterone Acetate 104 mg/0.65 mL, Subcutaneous, Pre-Filled Device",Projected Inventory,2028-03,0.0
Mozambique,MOH Supply Plan,"Medroxyprogesterone Acetate 104 mg/0.65 mL, Subcutaneous, Pre-Filled Device",Projected Inventory,2028-04,0.0
Mozambique,MOH Supply Plan,"Medroxyprogesterone Acetate 104 mg/0.65 mL, Subcutaneous, Pre-Filled Device",Projected Inventory,2028-05,0.0
Mozambique,MOH Supply Plan,"Medroxyprogesterone Acetate 104 mg/0.65 mL, Subcutaneous, Pre-Filled Device",Projected Inventory,2028-06,0.0
Mozambique,MOH Supply Plan,"Medroxyprogesterone Acetate 104 mg/0.65 mL, Subcutaneous, Pre-Filled Device",Projected Inventory,2028-07,0.0
Mozambique,MOH Supply Plan,"Medroxyprogesterone Acetate 104 mg/0.65 mL, Subcutaneous, Pre-Filled Device",Projected Inventory,2028-08,0.0
Mozambique,MOH Supply Plan,"Medroxyprogesterone Acetate 104 mg/0.65 mL, Subcutaneous, Pre-Filled Device",Projected MOS,2026-02,0.0
Mozambique,MOH Supply Plan,"Medroxyprogesterone Acetate 104 mg/0.65 mL, Subcutaneous, Pre-Filled Device",Projected MOS,2026-03,0.0
Mozambique,MOH Supply Plan,"Medroxyprogesterone Acetate 104 mg/0.65 mL, Subcutaneous, Pre-Filled Device",Projected MOS,2026-04,0.0
Mozambique,MOH Supply Plan,"Medroxyprogesterone Acetate 104 mg/0.65 mL, Subcutaneous, Pre-Filled Device",Projected MOS,2026-05,0.0
Mozambique,MOH Supply Plan,"Medroxyprogesterone Acetate 104 mg/0.65 mL, Subcutaneous, Pre-Filled Device",Projected MOS,2026-06,8.7
Mozambique,MOH Supply Plan,"Medroxyprogesterone Acetate 104 mg/0.65 mL, Subcutaneous, Pre-Filled Device",Projected MOS,2026-07,12.9
Mozambique,MOH Supply Plan,"Medroxyprogesterone Acetate 104 mg/0.65 mL, Subcutaneous, Pre-Filled Device",Projected MOS,2026-08,11.9
Mozambique,MOH Supply Plan,"Medroxyprogesterone Acetate 104 mg/0.65 mL, Subcutaneous, Pre-Filled Device",Projected MOS,2026-09,10.8
Mozambique,MOH Supply Plan,"Medroxyprogesterone Acetate 104 mg/0.65 mL, Subcutaneous, Pre-Filled Device",Projected MOS,2026-10,9.7
Mozambique,MOH Supply Plan,"Medroxyprogesterone Acetate 104 mg/0.65 mL, Subcutaneous, Pre-Filled Device",Projected MOS,2026-11,8.6
Mozambique,MOH Supply Plan,"Medroxyprogesterone Acetate 104 mg/0.65 mL, Subcutaneous, Pre-Filled Device",Projected MOS,2026-12,7.5
Mozambique,MOH Supply Plan,"Medroxyprogesterone Acetate 104 mg/0.65 mL, Subcutaneous, Pre-Filled Device",Projected MOS,2027-01,6.4
Mozambique,MOH Supply Plan,"Medroxyprogesterone Acetate 104 mg/0.65 mL, Subcutaneous, Pre-Filled Device",Projected MOS,2027-02,5.4
Mozambique,MOH Supply Plan,"Medroxyprogesterone Acetate 104 mg/0.65 mL, Subcutaneous, Pre-Filled Device",Projected MOS,2027-03,4.4
Mozambique,MOH Supply Plan,"Medroxyprogesterone Acetate 104 mg/0.65 mL, Subcutaneous, Pre-Filled Device",Projected MOS,2027-04,3.4
Mozambique,MOH Supply Plan,"Medroxyprogesterone Acetate 104 mg/0.65 mL, Subcutaneous, Pre-Filled Device",Projected MOS,2027-05,2.3
Mozambique,MOH Supply Plan,"Medroxyprogesterone Acetate 104 mg/0.65 mL, Subcutaneous, Pre-Filled Device",Projected MOS,2027-06,1.3
Mozambique,MOH Supply Plan,"Medroxyprogesterone Acetate 104 mg/0.65 mL, Subcutaneous, Pre-Filled Device",Projected MOS,2027-07,0.3
Mozambique,MOH Supply Plan,"Medroxyprogesterone Acetate 104 mg/0.65 mL, Subcutaneous, Pre-Filled Device",Projected MOS,2027-08,0.0
Mozambique,MOH Supply Plan,"Medroxyprogesterone Acetate 104 mg/0.65 mL, Subcutaneous, Pre-Filled Device",Projected MOS,2027-09,0.0
Mozambique,MOH Supply Plan,"Medroxyprogesterone Acetate 104 mg/0.65 mL, Subcutaneous, Pre-Filled Device",Projected MOS,2027-10,0.0
Mozambique,MOH Supply Plan,"Medroxyprogesterone Acetate 104 mg/0.65 mL, Subcutaneous, Pre-Filled Device",Projected MOS,2027-11,0.0
Mozambique,MOH Supply Plan,"Medroxyprogesterone Acetate 104 mg/0.65 mL, Subcutaneous, Pre-Filled Device",Projected MOS,2027-12,0.0
Mozambique,MOH Supply Plan,"Medroxyprogesterone Acetate 104 mg/0.65 mL, Subcutaneous, Pre-Filled Device",Projected MOS,2028-01,0.0
Mozambique,MOH Supply Plan,"Medroxyprogesterone Acetate 104 mg/0.65 mL, Subcutaneous, Pre-Filled Device",Projected MOS,2028-02,0.0
Mozambique,MOH Supply Plan,"Medroxyprogesterone Acetate 104 mg/0.65 mL, Subcutaneous, Pre-Filled Device",Projected MOS,2028-03,0.0
Mozambique,MOH Supply Plan,"Medroxyprogesterone Acetate 104 mg/0.65 mL, Subcutaneous, Pre-Filled Device",Projected MOS,2028-04,0.0
Mozambique,MOH Supply Plan,"Medroxyprogesterone Acetate 104 mg/0.65 mL, Subcutaneous, Pre-Filled Device",Projected MOS,2028-05,0.0
Mozambique,MOH Supply Plan,"Medroxyprogesterone Acetate 104 mg/0.65 mL, Subcutaneous, Pre-Filled Device",Projected MOS,2028-06,0.0
Mozambique,MOH Supply Plan,"Medroxyprogesterone Acetate 104 mg/0.65 mL, Subcutaneous, Pre-Filled Device",Projected MOS,2028-07,0.0
Mozambique,MOH Supply Plan,"Medroxyprogesterone Acetate 104 mg/0.65 mL, Subcutaneous, Pre-Filled Device",Projected MOS,2028-08,0.0
Mozambique,MOH Supply Plan,"Medroxyprogesterone Acetate 104 mg/0.65 mL, Subcutaneous, Pre-Filled Device",Projected MOS below min MOS Alert,2026-02,0.0
Mozambique,MOH Supply Plan,"Medroxyprogesterone Acetate 104 mg/0.65 mL, Subcutaneous, Pre-Filled Device",Projected MOS below min MOS Alert,2026-03,0.0
Mozambique,MOH Supply Plan,"Medroxyprogesterone Acetate 104 mg/0.65 mL, Subcutaneous, Pre-Filled Device",Projected MOS below min MOS Alert,2026-04,0.0
Mozambique,MOH Supply Plan,"Medroxyprogesterone Acetate 104 mg/0.65 mL, Subcutaneous, Pre-Filled Device",Projected MOS below min MOS Alert,2026-05,0.0
Mozambique,MOH Supply Plan,"Medroxyprogesterone Acetate 104 mg/0.65 mL, Subcutaneous, Pre-Filled Device",Projected MOS below min MOS Alert,2026-06,0.0
Mozambique,MOH Supply Plan,"Medroxyprogesterone Acetate 104 mg/0.65 mL, Subcutaneous, Pre-Filled Device",Projected MOS below min MOS Alert,2026-07,0.0
Mozambique,MOH Supply Plan,"Medroxyprogesterone Acetate 104 mg/0.65 mL, Subcutaneous, Pre-Filled Device",Projected MOS below min MOS Alert,2026-08,0.0
Mozambique,MOH Supply Plan,"Medroxyprogesterone Acetate 104 mg/0.65 mL, Subcutaneous, Pre-Filled Device",Projected MOS below min MOS Alert,2026-09,0.0
Mozambique,MOH Supply Plan,"Medroxyprogesterone Acetate 104 mg/0.65 mL, Subcutaneous, Pre-Filled Device",Projected MOS below min MOS Alert,2026-10,0.0
Mozambique,MOH Supply Plan,"Medroxyprogesterone Acetate 104 mg/0.65 mL, Subcutaneous, Pre-Filled Device",Projected MOS below min MOS Alert,2026-11,0.0
Mozambique,MOH Supply Plan,"Medroxyprogesterone Acetate 104 mg/0.65 mL, Subcutaneous, Pre-Filled Device",Projected MOS below min MOS Alert,2026-12,0.0
Mozambique,MOH Supply Plan,"Medroxyprogesterone Acetate 104 mg/0.65 mL, Subcutaneous, Pre-Filled Device",Projected MOS below min MOS Alert,2027-01,0.0
Mozambique,MOH Supply Plan,"Medroxyprogesterone Acetate 104 mg/0.65 mL, Subcutaneous, Pre-Filled Device",Projected MOS below min MOS Alert,2027-02,0.0
Mozambique,MOH Supply Plan,"Medroxyprogesterone Acetate 104 mg/0.65 mL, Subcutaneous, Pre-Filled Device",Projected MOS below min MOS Alert,2027-03,0.0
Mozambique,MOH Supply Plan,"Medroxyprogesterone Acetate 104 mg/0.65 mL, Subcutaneous, Pre-Filled Device",Projected MOS below min MOS Alert,2027-04,0.0
Mozambique,MOH Supply Plan,"Medroxyprogesterone Acetate 104 mg/0.65 mL, Subcutaneous, Pre-Filled Device",Projected MOS below min MOS Alert,2027-05,0.0
Mozambique,MOH Supply Plan,"Medroxyprogesterone Acetate 104 mg/0.65 mL, Subcutaneous, Pre-Filled Device",Projected MOS below min MOS Alert,2027-06,0.0
Mozambique,MOH Supply Plan,"Medroxyprogesterone Acetate 104 mg/0.65 mL, Subcutaneous, Pre-Filled Device",Projected MOS below min MOS Alert,2027-07,0.0
Mozambique,MOH Supply Plan,"Medroxyprogesterone Acetate 104 mg/0.65 mL, Subcutaneous, Pre-Filled Device",Projected MOS below min MOS Alert,2027-08,0.0
Mozambique,MOH Supply Plan,"Medroxyprogesterone Acetate 104 mg/0.65 mL, Subcutaneous, Pre-Filled Device",Projected MOS below min MOS Alert,2027-09,0.0
Mozambique,MOH Supply Plan,"Medroxyprogesterone Acetate 104 mg/0.65 mL, Subcutaneous, Pre-Filled Device",Projected MOS below min MOS Alert,2027-10,0.0
Mozambique,MOH Supply Plan,"Medroxyprogesterone Acetate 104 mg/0.65 mL, Subcutaneous, Pre-Filled Device",Projected MOS below min MOS Alert,2027-11,0.0
Mozambique,MOH Supply Plan,"Medroxyprogesterone Acetate 104 mg/0.65 mL, Subcutaneous, Pre-Filled Device",Projected MOS below min MOS Alert,2027-12,0.0
Mozambique,MOH Supply Plan,"Medroxyprogesterone Acetate 104 mg/0.65 mL, Subcutaneous, Pre-Filled Device",Projected MOS below min MOS Alert,2028-01,0.0
Mozambique,MOH Supply Plan,"Medroxyprogesterone Acetate 104 mg/0.65 mL, Subcutaneous, Pre-Filled Device",Projected MOS below min MOS Alert,2028-02,0.0
Mozambique,MOH Supply Plan,"Medroxyprogesterone Acetate 104 mg/0.65 mL, Subcutaneous, Pre-Filled Device",Projected MOS below min MOS Alert,2028-03,0.0
Mozambique,MOH Supply Plan,"Medroxyprogesterone Acetate 104 mg/0.65 mL, Subcutaneous, Pre-Filled Device",Projected MOS below min MOS Alert,2028-04,0.0
Mozambique,MOH Supply Plan,"Medroxyprogesterone Acetate 104 mg/0.65 mL, Subcutaneous, Pre-Filled Device",Projected MOS below min MOS Alert,2028-05,0.0
Mozambique,MOH Supply Plan,"Medroxyprogesterone Acetate 104 mg/0.65 mL, Subcutaneous, Pre-Filled Device",Projected MOS below min MOS Alert,2028-06,0.0
Mozambique,MOH Supply Plan,"Medroxyprogesterone Acetate 104 mg/0.65 mL, Subcutaneous, Pre-Filled Device",Projected MOS below min MOS Alert,2028-07,0.0
Mozambique,MOH Supply Plan,"Medroxyprogesterone Acetate 104 mg/0.65 mL, Subcutaneous, Pre-Filled Device",Projected MOS below min MOS Alert,2028-08,0.0
Mozambique,MOH Supply Plan,"Medroxyprogesterone Acetate 104 mg/0.65 mL, Subcutaneous, Pre-Filled Device",Projected MOS above max MOS Alert,2026-02,0.0
Mozambique,MOH Supply Plan,"Medroxyprogesterone Acetate 104 mg/0.65 mL, Subcutaneous, Pre-Filled Device",Projected MOS above max MOS Alert,2026-03,0.0
Mozambique,MOH Supply Plan,"Medroxyprogesterone Acetate 104 mg/0.65 mL, Subcutaneous, Pre-Filled Device",Projected MOS above max MOS Alert,2026-04,0.0
Mozambique,MOH Supply Plan,"Medroxyprogesterone Acetate 104 mg/0.65 mL, Subcutaneous, Pre-Filled Device",Projected MOS above max MOS Alert,2026-05,0.0
Mozambique,MOH Supply Plan,"Medroxyprogesterone Acetate 104 mg/0.65 mL, Subcutaneous, Pre-Filled Device",Projected MOS above max MOS Alert,2026-06,0.0
Mozambique,MOH Supply Plan,"Medroxyprogesterone Acetate 104 mg/0.65 mL, Subcutaneous, Pre-Filled Device",Projected MOS above max MOS Alert,2026-07,0.0
Mozambique,MOH Supply Plan,"Medroxyprogesterone Acetate 104 mg/0.65 mL, Subcutaneous, Pre-Filled Device",Projected MOS above max MOS Alert,2026-08,0.0
Mozambique,MOH Supply Plan,"Medroxyprogesterone Acetate 104 mg/0.65 mL, Subcutaneous, Pre-Filled Device",Projected MOS above max MOS Alert,2026-09,0.0
Mozambique,MOH Supply Plan,"Medroxyprogesterone Acetate 104 mg/0.65 mL, Subcutaneous, Pre-Filled Device",Projected MOS above max MOS Alert,2026-10,0.0
Mozambique,MOH Supply Plan,"Medroxyprogesterone Acetate 104 mg/0.65 mL, Subcutaneous, Pre-Filled Device",Projected MOS above max MOS Alert,2026-11,0.0
Mozambique,MOH Supply Plan,"Medroxyprogesterone Acetate 104 mg/0.65 mL, Subcutaneous, Pre-Filled Device",Projected MOS above max MOS Alert,2026-12,0.0
Mozambique,MOH Supply Plan,"Medroxyprogesterone Acetate 104 mg/0.65 mL, Subcutaneous, Pre-Filled Device",Projected MOS above max MOS Alert,2027-01,0.0
Mozambique,MOH Supply Plan,"Medroxyprogesterone Acetate 104 mg/0.65 mL, Subcutaneous, Pre-Filled Device",Projected MOS above max MOS Alert,2027-02,0.0
Mozambique,MOH Supply Plan,"Medroxyprogesterone Acetate 104 mg/0.65 mL, Subcutaneous, Pre-Filled Device",Projected MOS above max MOS Alert,2027-03,0.0
Mozambique,MOH Supply Plan,"Medroxyprogesterone Acetate 104 mg/0.65 mL, Subcutaneous, Pre-Filled Device",Projected MOS above max MOS Alert,2027-04,0.0
Mozambique,MOH Supply Plan,"Medroxyprogesterone Acetate 104 mg/0.65 mL, Subcutaneous, Pre-Filled Device",Projected MOS above max MOS Alert,2027-05,0.0
Mozambique,MOH Supply Plan,"Medroxyprogesterone Acetate 104 mg/0.65 mL, Subcutaneous, Pre-Filled Device",Projected MOS above max MOS Alert,2027-06,0.0
Mozambique,MOH Supply Plan,"Medroxyprogesterone Acetate 104 mg/0.65 mL, Subcutaneous, Pre-Filled Device",Projected MOS above max MOS Alert,2027-07,0.0
Mozambique,MOH Supply Plan,"Medroxyprogesterone Acetate 104 mg/0.65 mL, Subcutaneous, Pre-Filled Device",Projected MOS above max MOS Alert,2027-08,0.0
Mozambique,MOH Supply Plan,"Medroxyprogesterone Acetate 104 mg/0.65 mL, Subcutaneous, Pre-Filled Device",Projected MOS above max MOS Alert,2027-09,0.0
Mozambique,MOH Supply Plan,"Medroxyprogesterone Acetate 104 mg/0.65 mL, Subcutaneous, Pre-Filled Device",Projected MOS above max MOS Alert,2027-10,0.0
Mozambique,MOH Supply Plan,"Medroxyprogesterone Acetate 104 mg/0.65 mL, Subcutaneous, Pre-Filled Device",Projected MOS above max MOS Alert,2027-11,0.0
Mozambique,MOH Supply Plan,"Medroxyprogesterone Acetate 104 mg/0.65 mL, Subcutaneous, Pre-Filled Device",Projected MOS above max MOS Alert,2027-12,0.0
Mozambique,MOH Supply Plan,"Medroxyprogesterone Acetate 104 mg/0.65 mL, Subcutaneous, Pre-Filled Device",Projected MOS above max MOS Alert,2028-01,0.0
Mozambique,MOH Supply Plan,"Medroxyprogesterone Acetate 104 mg/0.65 mL, Subcutaneous, Pre-Filled Device",Projected MOS above max MOS Alert,2028-02,0.0
Mozambique,MOH Supply Plan,"Medroxyprogesterone Acetate 104 mg/0.65 mL, Subcutaneous, Pre-Filled Device",Projected MOS above max MOS Alert,2028-03,0.0
Mozambique,MOH Supply Plan,"Medroxyprogesterone Acetate 104 mg/0.65 mL, Subcutaneous, Pre-Filled Device",Projected MOS above max MOS Alert,2028-04,0.0
Mozambique,MOH Supply Plan,"Medroxyprogesterone Acetate 104 mg/0.65 mL, Subcutaneous, Pre-Filled Device",Projected MOS above max MOS Alert,2028-05,0.0
Mozambique,MOH Supply Plan,"Medroxyprogesterone Acetate 104 mg/0.65 mL, Subcutaneous, Pre-Filled Device",Projected MOS above max MOS Alert,2028-06,0.0
Mozambique,MOH Supply Plan,"Medroxyprogesterone Acetate 104 mg/0.65 mL, Subcutaneous, Pre-Filled Device",Projected MOS above max MOS Alert,2028-07,0.0
Mozambique,MOH Supply Plan,"Medroxyprogesterone Acetate 104 mg/0.65 mL, Subcutaneous, Pre-Filled Device",Projected MOS above max MOS Alert,2028-08,0.0
Mozambique,MOH Supply Plan,"Medroxyprogesterone Acetate 104 mg/0.65 mL, Subcutaneous, Pre-Filled Device",Suggested Replenishment,2026-08,0.0
Mozambique,MOH Supply Plan,"Medroxyprogesterone Acetate 104 mg/0.65 mL, Subcutaneous, Pre-Filled Device",Suggested Replenishment,2026-09,0.0
Mozambique,MOH Supply Plan,"Medroxyprogesterone Acetate 104 mg/0.65 mL, Subcutaneous, Pre-Filled Device",Suggested Replenishment,2026-10,0.0
Mozambique,MOH Supply Plan,"Medroxyprogesterone Acetate 104 mg/0.65 mL, Subcutaneous, Pre-Filled Device",Suggested Replenishment,2026-11,0.0
Mozambique,MOH Supply Plan,"Medroxyprogesterone Acetate 104 mg/0.65 mL, Subcutaneous, Pre-Filled Device",Suggested Replenishment,2026-12,0.0
Mozambique,MOH Supply Plan,"Medroxyprogesterone Acetate 104 mg/0.65 mL, Subcutaneous, Pre-Filled Device",Suggested Replenishment,2027-01,0.0
Mozambique,MOH Supply Plan,"Medroxyprogesterone Acetate 104 mg/0.65 mL, Subcutaneous, Pre-Filled Device",Suggested Replenishment,2027-02,0.0
Mozambique,MOH Supply Plan,"Medroxyprogesterone Acetate 104 mg/0.65 mL, Subcutaneous, Pre-Filled Device",Suggested Replenishment,2027-03,0.0
Mozambique,MOH Supply Plan,"Medroxyprogesterone Acetate 104 mg/0.65 mL, Subcutaneous, Pre-Filled Device",Suggested Replenishment,2027-04,1476023.0
Mozambique,MOH Supply Plan,"Medroxyprogesterone Acetate 104 mg/0.65 mL, Subcutaneous, Pre-Filled Device",Suggested Replenishment,2027-05,0.0
Mozambique,MOH Supply Plan,"Medroxyprogesterone Acetate 104 mg/0.65 mL, Subcutaneous, Pre-Filled Device",Suggested Replenishment,2027-06,0.0
Mozambique,MOH Supply Plan,"Medroxyprogesterone Acetate 104 mg/0.65 mL, Subcutaneous, Pre-Filled Device",Suggested Replenishment,2027-07,1290118.0
Mozambique,MOH Supply Plan,"Medroxyprogesterone Acetate 104 mg/0.65 mL, Subcutaneous, Pre-Filled Device",Suggested Replenishment,2027-08,0.0
Mozambique,MOH Supply Plan,"Medroxyprogesterone Acetate 104 mg/0.65 mL, Subcutaneous, Pre-Filled Device",Suggested Replenishment,2027-09,0.0
Mozambique,MOH Supply Plan,"Medroxyprogesterone Acetate 104 mg/0.65 mL, Subcutaneous, Pre-Filled Device",Suggested Replenishment,2027-10,1324291.0
Mozambique,MOH Supply Plan,"Medroxyprogesterone Acetate 104 mg/0.65 mL, Subcutaneous, Pre-Filled Device",Suggested Replenishment,2027-11,0.0
Mozambique,MOH Supply Plan,"Medroxyprogesterone Acetate 104 mg/0.65 mL, Subcutaneous, Pre-Filled Device",Suggested Replenishment,2027-12,0.0
Mozambique,MOH Supply Plan,"Medroxyprogesterone Acetate 104 mg/0.65 mL, Subcutaneous, Pre-Filled Device",Suggested Replenishment,2028-01,1342905.0
Mozambique,MOH Supply Plan,"Medroxyprogesterone Acetate 104 mg/0.65 mL, Subcutaneous, Pre-Filled Device",Suggested Replenishment,2028-02,0.0
Mozambique,MOH Supply Plan,"Medroxyprogesterone Acetate 104 mg/0.65 mL, Subcutaneous, Pre-Filled Device",Suggested Replenishment,2028-03,0.0
Mozambique,MOH Supply Plan,"Medroxyprogesterone Acetate 104 mg/0.65 mL, Subcutaneous, Pre-Filled Device",Suggested Replenishment,2028-04,1392127.0
Mozambique,MOH Supply Plan,"Medroxyprogesterone Acetate 104 mg/0.65 mL, Subcutaneous, Pre-Filled Device",Suggested Replenishment,2028-05,0.0
Mozambique,MOH Supply Plan,"Medroxyprogesterone Acetate 104 mg/0.65 mL, Subcutaneous, Pre-Filled Device",Suggested Replenishment,2028-06,0.0
Mozambique,MOH Supply Plan,"Medroxyprogesterone Acetate 104 mg/0.65 mL, Subcutaneous, Pre-Filled Device",Suggested Replenishment,2028-07,1431544.0
Mozambique,MOH Supply Plan,"Medroxyprogesterone Acetate 104 mg/0.65 mL, Subcutaneous, Pre-Filled Device",Suggested Replenishment,2028-08,0.0
Mozambique,MOH Supply Plan,"Medroxyprogesterone Acetate 104 mg/0.65 mL, Subcutaneous, Pre-Filled Device",Projected MOS with Sugg Repl,2026-08,11.9
Mozambique,MOH Supply Plan,"Medroxyprogesterone Acetate 104 mg/0.65 mL, Subcutaneous, Pre-Filled Device",Projected MOS with Sugg Repl,2026-09,10.8
Mozambique,MOH Supply Plan,"Medroxyprogesterone Acetate 104 mg/0.65 mL, Subcutaneous, Pre-Filled Device",Projected MOS with Sugg Repl,2026-10,9.7
Mozambique,MOH Supply Plan,"Medroxyprogesterone Acetate 104 mg/0.65 mL, Subcutaneous, Pre-Filled Device",Projected MOS with Sugg Repl,2026-11,8.6
Mozambique,MOH Supply Plan,"Medroxyprogesterone Acetate 104 mg/0.65 mL, Subcutaneous, Pre-Filled Device",Projected MOS with Sugg Repl,2026-12,7.5
Mozambique,MOH Supply Plan,"Medroxyprogesterone Acetate 104 mg/0.65 mL, Subcutaneous, Pre-Filled Device",Projected MOS with Sugg Repl,2027-01,6.4
Mozambique,MOH Supply Plan,"Medroxyprogesterone Acetate 104 mg/0.65 mL, Subcutaneous, Pre-Filled Device",Projected MOS with Sugg Repl,2027-02,5.4
Mozambique,MOH Supply Plan,"Medroxyprogesterone Acetate 104 mg/0.65 mL, Subcutaneous, Pre-Filled Device",Projected MOS with Sugg Repl,2027-03,4.4
Mozambique,MOH Supply Plan,"Medroxyprogesterone Acetate 104 mg/0.65 mL, Subcutaneous, Pre-Filled Device",Projected MOS with Sugg Repl,2027-04,7.0
Mozambique,MOH Supply Plan,"Medroxyprogesterone Acetate 104 mg/0.65 mL, Subcutaneous, Pre-Filled Device",Projected MOS with Sugg Repl,2027-05,6.0
Mozambique,MOH Supply Plan,"Medroxyprogesterone Acetate 104 mg/0.65 mL, Subcutaneous, Pre-Filled Device",Projected MOS with Sugg Repl,2027-06,4.9
Mozambique,MOH Supply Plan,"Medroxyprogesterone Acetate 104 mg/0.65 mL, Subcutaneous, Pre-Filled Device",Projected MOS with Sugg Repl,2027-07,7.0
Mozambique,MOH Supply Plan,"Medroxyprogesterone Acetate 104 mg/0.65 mL, Subcutaneous, Pre-Filled Device",Projected MOS with Sugg Repl,2027-08,6.0
Mozambique,MOH Supply Plan,"Medroxyprogesterone Acetate 104 mg/0.65 mL, Subcutaneous, Pre-Filled Device",Projected MOS with Sugg Repl,2027-09,4.9
Mozambique,MOH Supply Plan,"Medroxyprogesterone Acetate 104 mg/0.65 mL, Subcutaneous, Pre-Filled Device",Projected MOS with Sugg Repl,2027-10,7.0
Mozambique,MOH Supply Plan,"Medroxyprogesterone Acetate 104 mg/0.65 mL, Subcutaneous, Pre-Filled Device",Projected MOS with Sugg Repl,2027-11,6.0
Mozambique,MOH Supply Plan,"Medroxyprogesterone Acetate 104 mg/0.65 mL, Subcutaneous, Pre-Filled Device",Projected MOS with Sugg Repl,2027-12,4.9
Mozambique,MOH Supply Plan,"Medroxyprogesterone Acetate 104 mg/0.65 mL, Subcutaneous, Pre-Filled Device",Projected MOS with Sugg Repl,2028-01,7.0
Mozambique,MOH Supply Plan,"Medroxyprogesterone Acetate 104 mg/0.65 mL, Subcutaneous, Pre-Filled Device",Projected MOS with Sugg Repl,2028-02,5.9
Mozambique,MOH Supply Plan,"Medroxyprogesterone Acetate 104 mg/0.65 mL, Subcutaneous, Pre-Filled Device",Projected MOS with Sugg Repl,2028-03,4.9
Mozambique,MOH Supply Plan,"Medroxyprogesterone Acetate 104 mg/0.65 mL, Subcutaneous, Pre-Filled Device",Projected MOS with Sugg Repl,2028-04,7.0
Mozambique,MOH Supply Plan,"Medroxyprogesterone Acetate 104 mg/0.65 mL, Subcutaneous, Pre-Filled Device",Projected MOS with Sugg Repl,2028-05,5.9
Mozambique,MOH Supply Plan,"Medroxyprogesterone Acetate 104 mg/0.65 mL, Subcutaneous, Pre-Filled Device",Projected MOS with Sugg Repl,2028-06,4.9
Mozambique,MOH Supply Plan,"Medroxyprogesterone Acetate 104 mg/0.65 mL, Subcutaneous, Pre-Filled Device",Projected MOS with Sugg Repl,2028-07,7.0
Mozambique,MOH Supply Plan,"Medroxyprogesterone Acetate 104 mg/0.65 mL, Subcutaneous, Pre-Filled Device",Projected MOS with Sugg Repl,2028-08,5.9
Mozambique,MOH Supply Plan,"Medroxyprogesterone Acetate 104 mg/0.65 mL, Subcutaneous, Pre-Filled Device",S1 - Monthly Consumption,2026-02,358763.0
Mozambique,MOH Supply Plan,"Medroxyprogesterone Acetate 104 mg/0.65 mL, Subcutaneous, Pre-Filled Device",S1 - Monthly Consumption,2026-03,361323.0
Mozambique,MOH Supply Plan,"Medroxyprogesterone Acetate 104 mg/0.65 mL, Subcutaneous, Pre-Filled Device",S1 - Monthly Consumption,2026-04,363883.0
Mozambique,MOH Supply Plan,"Medroxyprogesterone Acetate 104 mg/0.65 mL, Subcutaneous, Pre-Filled Device",S1 - Monthly Consumption,2026-05,366449.0
Mozambique,MOH Supply Plan,"Medroxyprogesterone Acetate 104 mg/0.65 mL, Subcutaneous, Pre-Filled Device",S1 - Monthly Consumption,2026-06,369028.0
Mozambique,MOH Supply Plan,"Medroxyprogesterone Acetate 104 mg/0.65 mL, Subcutaneous, Pre-Filled Device",S1 - Monthly Consumption,2026-07,371624.0
Mozambique,MOH Supply Plan,"Medroxyprogesterone Acetate 104 mg/0.65 mL, Subcutaneous, Pre-Filled Device",S1 - Monthly Consumption,2026-08,374244.0
Mozambique,MOH Supply Plan,"Medroxyprogesterone Acetate 104 mg/0.65 mL, Subcutaneous, Pre-Filled Device",S1 - Monthly Consumption,2026-09,376893.0
Mozambique,MOH Supply Plan,"Medroxyprogesterone Acetate 104 mg/0.65 mL, Subcutaneous, Pre-Filled Device",S1 - Monthly Consumption,2026-10,379577.0
Mozambique,MOH Supply Plan,"Medroxyprogesterone Acetate 104 mg/0.65 mL, Subcutaneous, Pre-Filled Device",S1 - Monthly Consumption,2026-11,382300.0
Mozambique,MOH Supply Plan,"Medroxyprogesterone Acetate 104 mg/0.65 mL, Subcutaneous, Pre-Filled Device",S1 - Monthly Consumption,2026-12,385069.0
Mozambique,MOH Supply Plan,"Medroxyprogesterone Acetate 104 mg/0.65 mL, Subcutaneous, Pre-Filled Device",S1 - Monthly Consumption,2027-01,392637.0
Mozambique,MOH Supply Plan,"Medroxyprogesterone Acetate 104 mg/0.65 mL, Subcutaneous, Pre-Filled Device",S1 - Monthly Consumption,2027-02,395509.0
Mozambique,MOH Supply Plan,"Medroxyprogesterone Acetate 104 mg/0.65 mL, Subcutaneous, Pre-Filled Device",S1 - Monthly Consumption,2027-03,398440.0
Mozambique,MOH Supply Plan,"Medroxyprogesterone Acetate 104 mg/0.65 mL, Subcutaneous, Pre-Filled Device",S1 - Monthly Consumption,2027-04,401433.0
Mozambique,MOH Supply Plan,"Medroxyprogesterone Acetate 104 mg/0.65 mL, Subcutaneous, Pre-Filled Device",S1 - Monthly Consumption,2027-05,404491.0
Mozambique,MOH Supply Plan,"Medroxyprogesterone Acetate 104 mg/0.65 mL, Subcutaneous, Pre-Filled Device",S1 - Monthly Consumption,2027-06,407618.0
Mozambique,MOH Supply Plan,"Medroxyprogesterone Acetate 104 mg/0.65 mL, Subcutaneous, Pre-Filled Device",S1 - Monthly Consumption,2027-07,410816.0
Mozambique,MOH Supply Plan,"Medroxyprogesterone Acetate 104 mg/0.65 mL, Subcutaneous, Pre-Filled Device",S1 - Monthly Consumption,2027-08,414088.0
Mozambique,MOH Supply Plan,"Medroxyprogesterone Acetate 104 mg/0.65 mL, Subcutaneous, Pre-Filled Device",S1 - Monthly Consumption,2027-09,417435.0
Mozambique,MOH Supply Plan,"Medroxyprogesterone Acetate 104 mg/0.65 mL, Subcutaneous, Pre-Filled Device",S1 - Monthly Consumption,2027-10,420859.0
Mozambique,MOH Supply Plan,"Medroxyprogesterone Acetate 104 mg/0.65 mL, Subcutaneous, Pre-Filled Device",S1 - Monthly Consumption,2027-11,424360.0
Mozambique,MOH Supply Plan,"Medroxyprogesterone Acetate 104 mg/0.65 mL, Subcutaneous, Pre-Filled Device",S1 - Monthly Consumption,2027-12,427938.0
Mozambique,MOH Supply Plan,"Medroxyprogesterone Acetate 104 mg/0.65 mL, Subcutaneous, Pre-Filled Device",S1 - Monthly Consumption,2028-01,429378.0
Mozambique,MOH Supply Plan,"Medroxyprogesterone Acetate 104 mg/0.65 mL, Subcutaneous, Pre-Filled Device",S1 - Monthly Consumption,2028-02,433108.0
Mozambique,MOH Supply Plan,"Medroxyprogesterone Acetate 104 mg/0.65 mL, Subcutaneous, Pre-Filled Device",S1 - Monthly Consumption,2028-03,436912.0
Mozambique,MOH Supply Plan,"Medroxyprogesterone Acetate 104 mg/0.65 mL, Subcutaneous, Pre-Filled Device",S1 - Monthly Consumption,2028-04,440786.0
Mozambique,MOH Supply Plan,"Medroxyprogesterone Acetate 104 mg/0.65 mL, Subcutaneous, Pre-Filled Device",S1 - Monthly Consumption,2028-05,444729.0
Mozambique,MOH Supply Plan,"Medroxyprogesterone Acetate 104 mg/0.65 mL, Subcutaneous, Pre-Filled Device",S1 - Monthly Consumption,2028-06,448735.0
Mozambique,MOH Supply Plan,"Medroxyprogesterone Acetate 104 mg/0.65 mL, Subcutaneous, Pre-Filled Device",S1 - Monthly Consumption,2028-07,452799.0
Mozambique,MOH Supply Plan,"Medroxyprogesterone Acetate 104 mg/0.65 mL, Subcutaneous, Pre-Filled Device",S1 - Monthly Consumption,2028-08,456918.0
Mozambique,MOH Supply Plan,"Medroxyprogesterone Acetate 104 mg/0.65 mL, Subcutaneous, Pre-Filled Device",S1 - Projected Supplies,2026-07,1995200.0
Mozambique,MOH Supply Plan,"Medroxyprogesterone Acetate 104 mg/0.65 mL, Subcutaneous, Pre-Filled Device",S1 - Projected Supplies,2027-04,1476023.0
Mozambique,MOH Supply Plan,"Medroxyprogesterone Acetate 104 mg/0.65 mL, Subcutaneous, Pre-Filled Device",S1 - Projected Supplies,2027-07,1290118.0
Mozambique,MOH Supply Plan,"Medroxyprogesterone Acetate 104 mg/0.65 mL, Subcutaneous, Pre-Filled Device",S1 - Projected Supplies,2027-10,1324290.0
Mozambique,MOH Supply Plan,"Medroxyprogesterone Acetate 104 mg/0.65 mL, Subcutaneous, Pre-Filled Device",S1 - Projected Inventory,2026-02,0.0
Mozambique,MOH Supply Plan,"Medroxyprogesterone Acetate 104 mg/0.65 mL, Subcutaneous, Pre-Filled Device",S1 - Projected Inventory,2026-03,0.0
Mozambique,MOH Supply Plan,"Medroxyprogesterone Acetate 104 mg/0.65 mL, Subcutaneous, Pre-Filled Device",S1 - Projected Inventory,2026-04,0.0
Mozambique,MOH Supply Plan,"Medroxyprogesterone Acetate 104 mg/0.65 mL, Subcutaneous, Pre-Filled Device",S1 - Projected Inventory,2026-05,0.0
Mozambique,MOH Supply Plan,"Medroxyprogesterone Acetate 104 mg/0.65 mL, Subcutaneous, Pre-Filled Device",S1 - Projected Inventory,2026-06,3218101.0
Mozambique,MOH Supply Plan,"Medroxyprogesterone Acetate 104 mg/0.65 mL, Subcutaneous, Pre-Filled Device",S1 - Projected Inventory,2026-07,4841677.0
Mozambique,MOH Supply Plan,"Medroxyprogesterone Acetate 104 mg/0.65 mL, Subcutaneous, Pre-Filled Device",S1 - Projected Inventory,2026-08,4467433.0
Mozambique,MOH Supply Plan,"Medroxyprogesterone Acetate 104 mg/0.65 mL, Subcutaneous, Pre-Filled Device",S1 - Projected Inventory,2026-09,4090540.0
Mozambique,MOH Supply Plan,"Medroxyprogesterone Acetate 104 mg/0.65 mL, Subcutaneous, Pre-Filled Device",S1 - Projected Inventory,2026-10,3710963.0
Mozambique,MOH Supply Plan,"Medroxyprogesterone Acetate 104 mg/0.65 mL, Subcutaneous, Pre-Filled Device",S1 - Projected Inventory,2026-11,3328663.0
Mozambique,MOH Supply Plan,"Medroxyprogesterone Acetate 104 mg/0.65 mL, Subcutaneous, Pre-Filled Device",S1 - Projected Inventory,2026-12,2943594.0
Mozambique,MOH Supply Plan,"Medroxyprogesterone Acetate 104 mg/0.65 mL, Subcutaneous, Pre-Filled Device",S1 - Projected Inventory,2027-01,2550957.0
Mozambique,MOH Supply Plan,"Medroxyprogesterone Acetate 104 mg/0.65 mL, Subcutaneous, Pre-Filled Device",S1 - Projected Inventory,2027-02,2155448.0
Mozambique,MOH Supply Plan,"Medroxyprogesterone Acetate 104 mg/0.65 mL, Subcutaneous, Pre-Filled Device",S1 - Projected Inventory,2027-03,1757008.0
Mozambique,MOH Supply Plan,"Medroxyprogesterone Acetate 104 mg/0.65 mL, Subcutaneous, Pre-Filled Device",S1 - Projected Inventory,2027-04,2831598.0
Mozambique,MOH Supply Plan,"Medroxyprogesterone Acetate 104 mg/0.65 mL, Subcutaneous, Pre-Filled Device",S1 - Projected Inventory,2027-05,2427107.0
Mozambique,MOH Supply Plan,"Medroxyprogesterone Acetate 104 mg/0.65 mL, Subcutaneous, Pre-Filled Device",S1 - Projected Inventory,2027-06,2019489.0
Mozambique,MOH Supply Plan,"Medroxyprogesterone Acetate 104 mg/0.65 mL, Subcutaneous, Pre-Filled Device",S1 - Projected Inventory,2027-07,2898791.0
Mozambique,MOH Supply Plan,"Medroxyprogesterone Acetate 104 mg/0.65 mL, Subcutaneous, Pre-Filled Device",S1 - Projected Inventory,2027-08,2484703.0
Mozambique,MOH Supply Plan,"Medroxyprogesterone Acetate 104 mg/0.65 mL, Subcutaneous, Pre-Filled Device",S1 - Projected Inventory,2027-09,2067268.0
Mozambique,MOH Supply Plan,"Medroxyprogesterone Acetate 104 mg/0.65 mL, Subcutaneous, Pre-Filled Device",S1 - Projected Inventory,2027-10,2970699.0
Mozambique,MOH Supply Plan,"Medroxyprogesterone Acetate 104 mg/0.65 mL, Subcutaneous, Pre-Filled Device",S1 - Projected Inventory,2027-11,2546339.0
Mozambique,MOH Supply Plan,"Medroxyprogesterone Acetate 104 mg/0.65 mL, Subcutaneous, Pre-Filled Device",S1 - Projected Inventory,2027-12,2118401.0
Mozambique,MOH Supply Plan,"Medroxyprogesterone Acetate 104 mg/0.65 mL, Subcutaneous, Pre-Filled Device",S1 - Projected Inventory,2028-01,1689023.0
Mozambique,MOH Supply Plan,"Medroxyprogesterone Acetate 104 mg/0.65 mL, Subcutaneous, Pre-Filled Device",S1 - Projected Inventory,2028-02,1255915.0
Mozambique,MOH Supply Plan,"Medroxyprogesterone Acetate 104 mg/0.65 mL, Subcutaneous, Pre-Filled Device",S1 - Projected Inventory,2028-03,819003.0
Mozambique,MOH Supply Plan,"Medroxyprogesterone Acetate 104 mg/0.65 mL, Subcutaneous, Pre-Filled Device",S1 - Projected Inventory,2028-04,378217.0
Mozambique,MOH Supply Plan,"Medroxyprogesterone Acetate 104 mg/0.65 mL, Subcutaneous, Pre-Filled Device",S1 - Projected Inventory,2028-05,0.0
Mozambique,MOH Supply Plan,"Medroxyprogesterone Acetate 104 mg/0.65 mL, Subcutaneous, Pre-Filled Device",S1 - Projected Inventory,2028-06,0.0
Mozambique,MOH Supply Plan,"Medroxyprogesterone Acetate 104 mg/0.65 mL, Subcutaneous, Pre-Filled Device",S1 - Projected Inventory,2028-07,0.0
Mozambique,MOH Supply Plan,"Medroxyprogesterone Acetate 104 mg/0.65 mL, Subcutaneous, Pre-Filled Device",S1 - Projected Inventory,2028-08,0.0
Mozambique,MOH Supply Plan,"Medroxyprogesterone Acetate 104 mg/0.65 mL, Subcutaneous, Pre-Filled Device",S1 - Projected MOS,2026-02,0.0
Mozambique,MOH Supply Plan,"Medroxyprogesterone Acetate 104 mg/0.65 mL, Subcutaneous, Pre-Filled Device",S1 - Projected MOS,2026-03,0.0
Mozambique,MOH Supply Plan,"Medroxyprogesterone Acetate 104 mg/0.65 mL, Subcutaneous, Pre-Filled Device",S1 - Projected MOS,2026-04,0.0
Mozambique,MOH Supply Plan,"Medroxyprogesterone Acetate 104 mg/0.65 mL, Subcutaneous, Pre-Filled Device",S1 - Projected MOS,2026-05,0.0
Mozambique,MOH Supply Plan,"Medroxyprogesterone Acetate 104 mg/0.65 mL, Subcutaneous, Pre-Filled Device",S1 - Projected MOS,2026-06,8.7
Mozambique,MOH Supply Plan,"Medroxyprogesterone Acetate 104 mg/0.65 mL, Subcutaneous, Pre-Filled Device",S1 - Projected MOS,2026-07,12.9
Mozambique,MOH Supply Plan,"Medroxyprogesterone Acetate 104 mg/0.65 mL, Subcutaneous, Pre-Filled Device",S1 - Projected MOS,2026-08,11.9
Mozambique,MOH Supply Plan,"Medroxyprogesterone Acetate 104 mg/0.65 mL, Subcutaneous, Pre-Filled Device",S1 - Projected MOS,2026-09,10.8
Mozambique,MOH Supply Plan,"Medroxyprogesterone Acetate 104 mg/0.65 mL, Subcutaneous, Pre-Filled Device",S1 - Projected MOS,2026-10,9.7
Mozambique,MOH Supply Plan,"Medroxyprogesterone Acetate 104 mg/0.65 mL, Subcutaneous, Pre-Filled Device",S1 - Projected MOS,2026-11,8.6
Mozambique,MOH Supply Plan,"Medroxyprogesterone Acetate 104 mg/0.65 mL, Subcutaneous, Pre-Filled Device",S1 - Projected MOS,2026-12,7.5
Mozambique,MOH Supply Plan,"Medroxyprogesterone Acetate 104 mg/0.65 mL, Subcutaneous, Pre-Filled Device",S1 - Projected MOS,2027-01,6.4
Mozambique,MOH Supply Plan,"Medroxyprogesterone Acetate 104 mg/0.65 mL, Subcutaneous, Pre-Filled Device",S1 - Projected MOS,2027-02,5.4
Mozambique,MOH Supply Plan,"Medroxyprogesterone Acetate 104 mg/0.65 mL, Subcutaneous, Pre-Filled Device",S1 - Projected MOS,2027-03,4.4
Mozambique,MOH Supply Plan,"Medroxyprogesterone Acetate 104 mg/0.65 mL, Subcutaneous, Pre-Filled Device",S1 - Projected MOS,2027-04,7.0
Mozambique,MOH Supply Plan,"Medroxyprogesterone Acetate 104 mg/0.65 mL, Subcutaneous, Pre-Filled Device",S1 - Projected MOS,2027-05,6.0
Mozambique,MOH Supply Plan,"Medroxyprogesterone Acetate 104 mg/0.65 mL, Subcutaneous, Pre-Filled Device",S1 - Projected MOS,2027-06,4.9
Mozambique,MOH Supply Plan,"Medroxyprogesterone Acetate 104 mg/0.65 mL, Subcutaneous, Pre-Filled Device",S1 - Projected MOS,2027-07,7.0
Mozambique,MOH Supply Plan,"Medroxyprogesterone Acetate 104 mg/0.65 mL, Subcutaneous, Pre-Filled Device",S1 - Projected MOS,2027-08,6.0
Mozambique,MOH Supply Plan,"Medroxyprogesterone Acetate 104 mg/0.65 mL, Subcutaneous, Pre-Filled Device",S1 - Projected MOS,2027-09,4.9
Mozambique,MOH Supply Plan,"Medroxyprogesterone Acetate 104 mg/0.65 mL, Subcutaneous, Pre-Filled Device",S1 - Projected MOS,2027-10,7.0
Mozambique,MOH Supply Plan,"Medroxyprogesterone Acetate 104 mg/0.65 mL, Subcutaneous, Pre-Filled Device",S1 - Projected MOS,2027-11,6.0
Mozambique,MOH Supply Plan,"Medroxyprogesterone Acetate 104 mg/0.65 mL, Subcutaneous, Pre-Filled Device",S1 - Projected MOS,2027-12,4.9
Mozambique,MOH Supply Plan,"Medroxyprogesterone Acetate 104 mg/0.65 mL, Subcutaneous, Pre-Filled Device",S1 - Projected MOS,2028-01,3.9
Mozambique,MOH Supply Plan,"Medroxyprogesterone Acetate 104 mg/0.65 mL, Subcutaneous, Pre-Filled Device",S1 - Projected MOS,2028-02,2.9
Mozambique,MOH Supply Plan,"Medroxyprogesterone Acetate 104 mg/0.65 mL, Subcutaneous, Pre-Filled Device",S1 - Projected MOS,2028-03,1.9
Mozambique,MOH Supply Plan,"Medroxyprogesterone Acetate 104 mg/0.65 mL, Subcutaneous, Pre-Filled Device",S1 - Projected MOS,2028-04,0.9
Mozambique,MOH Supply Plan,"Medroxyprogesterone Acetate 104 mg/0.65 mL, Subcutaneous, Pre-Filled Device",S1 - Projected MOS,2028-05,0.0
Mozambique,MOH Supply Plan,"Medroxyprogesterone Acetate 104 mg/0.65 mL, Subcutaneous, Pre-Filled Device",S1 - Projected MOS,2028-06,0.0
Mozambique,MOH Supply Plan,"Medroxyprogesterone Acetate 104 mg/0.65 mL, Subcutaneous, Pre-Filled Device",S1 - Projected MOS,2028-07,0.0
Mozambique,MOH Supply Plan,"Medroxyprogesterone Acetate 104 mg/0.65 mL, Subcutaneous, Pre-Filled Device",S1 - Projected MOS,2028-08,0.0
Mozambique,MOH Supply Plan,"Medroxyprogesterone Acetate 104 mg/0.65 mL, Subcutaneous, Pre-Filled Device",S2 - Monthly Consumption,2026-02,358763.0
Mozambique,MOH Supply Plan,"Medroxyprogesterone Acetate 104 mg/0.65 mL, Subcutaneous, Pre-Filled Device",S2 - Monthly Consumption,2026-03,361323.0
Mozambique,MOH Supply Plan,"Medroxyprogesterone Acetate 104 mg/0.65 mL, Subcutaneous, Pre-Filled Device",S2 - Monthly Consumption,2026-04,363883.0
Mozambique,MOH Supply Plan,"Medroxyprogesterone Acetate 104 mg/0.65 mL, Subcutaneous, Pre-Filled Device",S2 - Monthly Consumption,2026-05,366449.0
Mozambique,MOH Supply Plan,"Medroxyprogesterone Acetate 104 mg/0.65 mL, Subcutaneous, Pre-Filled Device",S2 - Monthly Consumption,2026-06,369028.0
Mozambique,MOH Supply Plan,"Medroxyprogesterone Acetate 104 mg/0.65 mL, Subcutaneous, Pre-Filled Device",S2 - Monthly Consumption,2026-07,371624.0
Mozambique,MOH Supply Plan,"Medroxyprogesterone Acetate 104 mg/0.65 mL, Subcutaneous, Pre-Filled Device",S2 - Monthly Consumption,2026-08,374244.0
Mozambique,MOH Supply Plan,"Medroxyprogesterone Acetate 104 mg/0.65 mL, Subcutaneous, Pre-Filled Device",S2 - Monthly Consumption,2026-09,376893.0
Mozambique,MOH Supply Plan,"Medroxyprogesterone Acetate 104 mg/0.65 mL, Subcutaneous, Pre-Filled Device",S2 - Monthly Consumption,2026-10,379577.0
Mozambique,MOH Supply Plan,"Medroxyprogesterone Acetate 104 mg/0.65 mL, Subcutaneous, Pre-Filled Device",S2 - Monthly Consumption,2026-11,382300.0
Mozambique,MOH Supply Plan,"Medroxyprogesterone Acetate 104 mg/0.65 mL, Subcutaneous, Pre-Filled Device",S2 - Monthly Consumption,2026-12,385069.0
Mozambique,MOH Supply Plan,"Medroxyprogesterone Acetate 104 mg/0.65 mL, Subcutaneous, Pre-Filled Device",S2 - Monthly Consumption,2027-01,392637.0
Mozambique,MOH Supply Plan,"Medroxyprogesterone Acetate 104 mg/0.65 mL, Subcutaneous, Pre-Filled Device",S2 - Monthly Consumption,2027-02,395509.0
Mozambique,MOH Supply Plan,"Medroxyprogesterone Acetate 104 mg/0.65 mL, Subcutaneous, Pre-Filled Device",S2 - Monthly Consumption,2027-03,398440.0
Mozambique,MOH Supply Plan,"Medroxyprogesterone Acetate 104 mg/0.65 mL, Subcutaneous, Pre-Filled Device",S2 - Monthly Consumption,2027-04,401433.0
Mozambique,MOH Supply Plan,"Medroxyprogesterone Acetate 104 mg/0.65 mL, Subcutaneous, Pre-Filled Device",S2 - Monthly Consumption,2027-05,404491.0
Mozambique,MOH Supply Plan,"Medroxyprogesterone Acetate 104 mg/0.65 mL, Subcutaneous, Pre-Filled Device",S2 - Monthly Consumption,2027-06,407618.0
Mozambique,MOH Supply Plan,"Medroxyprogesterone Acetate 104 mg/0.65 mL, Subcutaneous, Pre-Filled Device",S2 - Monthly Consumption,2027-07,410816.0
Mozambique,MOH Supply Plan,"Medroxyprogesterone Acetate 104 mg/0.65 mL, Subcutaneous, Pre-Filled Device",S2 - Monthly Consumption,2027-08,414088.0
Mozambique,MOH Supply Plan,"Medroxyprogesterone Acetate 104 mg/0.65 mL, Subcutaneous, Pre-Filled Device",S2 - Monthly Consumption,2027-09,417435.0
Mozambique,MOH Supply Plan,"Medroxyprogesterone Acetate 104 mg/0.65 mL, Subcutaneous, Pre-Filled Device",S2 - Monthly Consumption,2027-10,420859.0
Mozambique,MOH Supply Plan,"Medroxyprogesterone Acetate 104 mg/0.65 mL, Subcutaneous, Pre-Filled Device",S2 - Monthly Consumption,2027-11,424360.0
Mozambique,MOH Supply Plan,"Medroxyprogesterone Acetate 104 mg/0.65 mL, Subcutaneous, Pre-Filled Device",S2 - Monthly Consumption,2027-12,427938.0
Mozambique,MOH Supply Plan,"Medroxyprogesterone Acetate 104 mg/0.65 mL, Subcutaneous, Pre-Filled Device",S2 - Monthly Consumption,2028-01,429378.0
Mozambique,MOH Supply Plan,"Medroxyprogesterone Acetate 104 mg/0.65 mL, Subcutaneous, Pre-Filled Device",S2 - Monthly Consumption,2028-02,433108.0
Mozambique,MOH Supply Plan,"Medroxyprogesterone Acetate 104 mg/0.65 mL, Subcutaneous, Pre-Filled Device",S2 - Monthly Consumption,2028-03,436912.0
Mozambique,MOH Supply Plan,"Medroxyprogesterone Acetate 104 mg/0.65 mL, Subcutaneous, Pre-Filled Device",S2 - Monthly Consumption,2028-04,440786.0
Mozambique,MOH Supply Plan,"Medroxyprogesterone Acetate 104 mg/0.65 mL, Subcutaneous, Pre-Filled Device",S2 - Monthly Consumption,2028-05,444729.0
Mozambique,MOH Supply Plan,"Medroxyprogesterone Acetate 104 mg/0.65 mL, Subcutaneous, Pre-Filled Device",S2 - Monthly Consumption,2028-06,448735.0
Mozambique,MOH Supply Plan,"Medroxyprogesterone Acetate 104 mg/0.65 mL, Subcutaneous, Pre-Filled Device",S2 - Monthly Consumption,2028-07,452799.0
Mozambique,MOH Supply Plan,"Medroxyprogesterone Acetate 104 mg/0.65 mL, Subcutaneous, Pre-Filled Device",S2 - Monthly Consumption,2028-08,456918.0
Mozambique,MOH Supply Plan,"Medroxyprogesterone Acetate 104 mg/0.65 mL, Subcutaneous, Pre-Filled Device",S2 - Projected Supplies,2026-11,1380000.0
Mozambique,MOH Supply Plan,"Medroxyprogesterone Acetate 104 mg/0.65 mL, Subcutaneous, Pre-Filled Device",S2 - Projected Supplies,2027-03,1650000.0
Mozambique,MOH Supply Plan,"Medroxyprogesterone Acetate 104 mg/0.65 mL, Subcutaneous, Pre-Filled Device",S2 - Projected Supplies,2027-06,1300000.0
Mozambique,MOH Supply Plan,"Medroxyprogesterone Acetate 104 mg/0.65 mL, Subcutaneous, Pre-Filled Device",S2 - Projected Supplies,2027-09,1300000.0
Mozambique,MOH Supply Plan,"Medroxyprogesterone Acetate 104 mg/0.65 mL, Subcutaneous, Pre-Filled Device",S2 - Projected Supplies,2027-12,1300000.0
Mozambique,MOH Supply Plan,"Medroxyprogesterone Acetate 104 mg/0.65 mL, Subcutaneous, Pre-Filled Device",S2 - Projected Inventory,2026-02,0.0
Mozambique,MOH Supply Plan,"Medroxyprogesterone Acetate 104 mg/0.65 mL, Subcutaneous, Pre-Filled Device",S2 - Projected Inventory,2026-03,0.0
Mozambique,MOH Supply Plan,"Medroxyprogesterone Acetate 104 mg/0.65 mL, Subcutaneous, Pre-Filled Device",S2 - Projected Inventory,2026-04,0.0
Mozambique,MOH Supply Plan,"Medroxyprogesterone Acetate 104 mg/0.65 mL, Subcutaneous, Pre-Filled Device",S2 - Projected Inventory,2026-05,0.0
Mozambique,MOH Supply Plan,"Medroxyprogesterone Acetate 104 mg/0.65 mL, Subcutaneous, Pre-Filled Device",S2 - Projected Inventory,2026-06,3218101.0
Mozambique,MOH Supply Plan,"Medroxyprogesterone Acetate 104 mg/0.65 mL, Subcutaneous, Pre-Filled Device",S2 - Projected Inventory,2026-07,2846477.0
Mozambique,MOH Supply Plan,"Medroxyprogesterone Acetate 104 mg/0.65 mL, Subcutaneous, Pre-Filled Device",S2 - Projected Inventory,2026-08,2472233.0
Mozambique,MOH Supply Plan,"Medroxyprogesterone Acetate 104 mg/0.65 mL, Subcutaneous, Pre-Filled Device",S2 - Projected Inventory,2026-09,2095340.0
Mozambique,MOH Supply Plan,"Medroxyprogesterone Acetate 104 mg/0.65 mL, Subcutaneous, Pre-Filled Device",S2 - Projected Inventory,2026-10,1715763.0
Mozambique,MOH Supply Plan,"Medroxyprogesterone Acetate 104 mg/0.65 mL, Subcutaneous, Pre-Filled Device",S2 - Projected Inventory,2026-11,2713463.0
Mozambique,MOH Supply Plan,"Medroxyprogesterone Acetate 104 mg/0.65 mL, Subcutaneous, Pre-Filled Device",S2 - Projected Inventory,2026-12,2328394.0
Mozambique,MOH Supply Plan,"Medroxyprogesterone Acetate 104 mg/0.65 mL, Subcutaneous, Pre-Filled Device",S2 - Projected Inventory,2027-01,1935757.0
Mozambique,MOH Supply Plan,"Medroxyprogesterone Acetate 104 mg/0.65 mL, Subcutaneous, Pre-Filled Device",S2 - Projected Inventory,2027-02,1540248.0
Mozambique,MOH Supply Plan,"Medroxyprogesterone Acetate 104 mg/0.65 mL, Subcutaneous, Pre-Filled Device",S2 - Projected Inventory,2027-03,2791808.0
Mozambique,MOH Supply Plan,"Medroxyprogesterone Acetate 104 mg/0.65 mL, Subcutaneous, Pre-Filled Device",S2 - Projected Inventory,2027-04,2390375.0
Mozambique,MOH Supply Plan,"Medroxyprogesterone Acetate 104 mg/0.65 mL, Subcutaneous, Pre-Filled Device",S2 - Projected Inventory,2027-05,1985884.0
Mozambique,MOH Supply Plan,"Medroxyprogesterone Acetate 104 mg/0.65 mL, Subcutaneous, Pre-Filled Device",S2 - Projected Inventory,2027-06,2878266.0
Mozambique,MOH Supply Plan,"Medroxyprogesterone Acetate 104 mg/0.65 mL, Subcutaneous, Pre-Filled Device",S2 - Projected Inventory,2027-07,2467450.0
Mozambique,MOH Supply Plan,"Medroxyprogesterone Acetate 104 mg/0.65 mL, Subcutaneous, Pre-Filled Device",S2 - Projected Inventory,2027-08,2053362.0
Mozambique,MOH Supply Plan,"Medroxyprogesterone Acetate 104 mg/0.65 mL, Subcutaneous, Pre-Filled Device",S2 - Projected Inventory,2027-09,2935927.0
Mozambique,MOH Supply Plan,"Medroxyprogesterone Acetate 104 mg/0.65 mL, Subcutaneous, Pre-Filled Device",S2 - Projected Inventory,2027-10,2515068.0
Mozambique,MOH Supply Plan,"Medroxyprogesterone Acetate 104 mg/0.65 mL, Subcutaneous, Pre-Filled Device",S2 - Projected Inventory,2027-11,2090708.0
Mozambique,MOH Supply Plan,"Medroxyprogesterone Acetate 104 mg/0.65 mL, Subcutaneous, Pre-Filled Device",S2 - Projected Inventory,2027-12,2962770.0
Mozambique,MOH Supply Plan,"Medroxyprogesterone Acetate 104 mg/0.65 mL, Subcutaneous, Pre-Filled Device",S2 - Projected Inventory,2028-01,2533392.0
Mozambique,MOH Supply Plan,"Medroxyprogesterone Acetate 104 mg/0.65 mL, Subcutaneous, Pre-Filled Device",S2 - Projected Inventory,2028-02,2100284.0
Mozambique,MOH Supply Plan,"Medroxyprogesterone Acetate 104 mg/0.65 mL, Subcutaneous, Pre-Filled Device",S2 - Projected Inventory,2028-03,1663372.0
Mozambique,MOH Supply Plan,"Medroxyprogesterone Acetate 104 mg/0.65 mL, Subcutaneous, Pre-Filled Device",S2 - Projected Inventory,2028-04,1222586.0
Mozambique,MOH Supply Plan,"Medroxyprogesterone Acetate 104 mg/0.65 mL, Subcutaneous, Pre-Filled Device",S2 - Projected Inventory,2028-05,777857.0
Mozambique,MOH Supply Plan,"Medroxyprogesterone Acetate 104 mg/0.65 mL, Subcutaneous, Pre-Filled Device",S2 - Projected Inventory,2028-06,329122.0
Mozambique,MOH Supply Plan,"Medroxyprogesterone Acetate 104 mg/0.65 mL, Subcutaneous, Pre-Filled Device",S2 - Projected Inventory,2028-07,0.0
Mozambique,MOH Supply Plan,"Medroxyprogesterone Acetate 104 mg/0.65 mL, Subcutaneous, Pre-Filled Device",S2 - Projected Inventory,2028-08,0.0
Mozambique,MOH Supply Plan,"Medroxyprogesterone Acetate 104 mg/0.65 mL, Subcutaneous, Pre-Filled Device",S2 - Projected MOS,2026-02,0.0
Mozambique,MOH Supply Plan,"Medroxyprogesterone Acetate 104 mg/0.65 mL, Subcutaneous, Pre-Filled Device",S2 - Projected MOS,2026-03,0.0
Mozambique,MOH Supply Plan,"Medroxyprogesterone Acetate 104 mg/0.65 mL, Subcutaneous, Pre-Filled Device",S2 - Projected MOS,2026-04,0.0
Mozambique,MOH Supply Plan,"Medroxyprogesterone Acetate 104 mg/0.65 mL, Subcutaneous, Pre-Filled Device",S2 - Projected MOS,2026-05,0.0
Mozambique,MOH Supply Plan,"Medroxyprogesterone Acetate 104 mg/0.65 mL, Subcutaneous, Pre-Filled Device",S2 - Projected MOS,2026-06,8.7
Mozambique,MOH Supply Plan,"Medroxyprogesterone Acetate 104 mg/0.65 mL, Subcutaneous, Pre-Filled Device",S2 - Projected MOS,2026-07,7.6
Mozambique,MOH Supply Plan,"Medroxyprogesterone Acetate 104 mg/0.65 mL, Subcutaneous, Pre-Filled Device",S2 - Projected MOS,2026-08,6.6
Mozambique,MOH Supply Plan,"Medroxyprogesterone Acetate 104 mg/0.65 mL, Subcutaneous, Pre-Filled Device",S2 - Projected MOS,2026-09,5.5
Mozambique,MOH Supply Plan,"Medroxyprogesterone Acetate 104 mg/0.65 mL, Subcutaneous, Pre-Filled Device",S2 - Projected MOS,2026-10,4.5
Mozambique,MOH Supply Plan,"Medroxyprogesterone Acetate 104 mg/0.65 mL, Subcutaneous, Pre-Filled Device",S2 - Projected MOS,2026-11,7.0
Mozambique,MOH Supply Plan,"Medroxyprogesterone Acetate 104 mg/0.65 mL, Subcutaneous, Pre-Filled Device",S2 - Projected MOS,2026-12,6.0
Mozambique,MOH Supply Plan,"Medroxyprogesterone Acetate 104 mg/0.65 mL, Subcutaneous, Pre-Filled Device",S2 - Projected MOS,2027-01,4.9
Mozambique,MOH Supply Plan,"Medroxyprogesterone Acetate 104 mg/0.65 mL, Subcutaneous, Pre-Filled Device",S2 - Projected MOS,2027-02,3.9
Mozambique,MOH Supply Plan,"Medroxyprogesterone Acetate 104 mg/0.65 mL, Subcutaneous, Pre-Filled Device",S2 - Projected MOS,2027-03,7.0
Mozambique,MOH Supply Plan,"Medroxyprogesterone Acetate 104 mg/0.65 mL, Subcutaneous, Pre-Filled Device",S2 - Projected MOS,2027-04,5.9
Mozambique,MOH Supply Plan,"Medroxyprogesterone Acetate 104 mg/0.65 mL, Subcutaneous, Pre-Filled Device",S2 - Projected MOS,2027-05,4.9
Mozambique,MOH Supply Plan,"Medroxyprogesterone Acetate 104 mg/0.65 mL, Subcutaneous, Pre-Filled Device",S2 - Projected MOS,2027-06,7.0
Mozambique,MOH Supply Plan,"Medroxyprogesterone Acetate 104 mg/0.65 mL, Subcutaneous, Pre-Filled Device",S2 - Projected MOS,2027-07,6.0
Mozambique,MOH Supply Plan,"Medroxyprogesterone Acetate 104 mg/0.65 mL, Subcutaneous, Pre-Filled Device",S2 - Projected MOS,2027-08,4.9
Mozambique,MOH Supply Plan,"Medroxyprogesterone Acetate 104 mg/0.65 mL, Subcutaneous, Pre-Filled Device",S2 - Projected MOS,2027-09,7.0
Mozambique,MOH Supply Plan,"Medroxyprogesterone Acetate 104 mg/0.65 mL, Subcutaneous, Pre-Filled Device",S2 - Projected MOS,2027-10,5.9
Mozambique,MOH Supply Plan,"Medroxyprogesterone Acetate 104 mg/0.65 mL, Subcutaneous, Pre-Filled Device",S2 - Projected MOS,2027-11,4.9
Mozambique,MOH Supply Plan,"Medroxyprogesterone Acetate 104 mg/0.65 mL, Subcutaneous, Pre-Filled Device",S2 - Projected MOS,2027-12,6.9
Mozambique,MOH Supply Plan,"Medroxyprogesterone Acetate 104 mg/0.65 mL, Subcutaneous, Pre-Filled Device",S2 - Projected MOS,2028-01,5.8
Mozambique,MOH Supply Plan,"Medroxyprogesterone Acetate 104 mg/0.65 mL, Subcutaneous, Pre-Filled Device",S2 - Projected MOS,2028-02,4.8
Mozambique,MOH Supply Plan,"Medroxyprogesterone Acetate 104 mg/0.65 mL, Subcutaneous, Pre-Filled Device",S2 - Projected MOS,2028-03,3.8
Mozambique,MOH Supply Plan,"Medroxyprogesterone Acetate 104 mg/0.65 mL, Subcutaneous, Pre-Filled Device",S2 - Projected MOS,2028-04,2.7
Mozambique,MOH Supply Plan,"Medroxyprogesterone Acetate 104 mg/0.65 mL, Subcutaneous, Pre-Filled Device",S2 - Projected MOS,2028-05,1.7
Mozambique,MOH Supply Plan,"Medroxyprogesterone Acetate 104 mg/0.65 mL, Subcutaneous, Pre-Filled Device",S2 - Projected MOS,2028-06,0.7
Mozambique,MOH Supply Plan,"Medroxyprogesterone Acetate 104 mg/0.65 mL, Subcutaneous, Pre-Filled Device",S2 - Projected MOS,2028-07,0.0
Mozambique,MOH Supply Plan,"Medroxyprogesterone Acetate 104 mg/0.65 mL, Subcutaneous, Pre-Filled Device",S2 - Projected MOS,2028-08,0.0
Mozambique,MOH Supply Plan,"Medroxyprogesterone Acetate 150 mg/mL (1 mL) Vial, Intramuscular",Monthly Consumption,2026-02,239175.0
Mozambique,MOH Supply Plan,"Medroxyprogesterone Acetate 150 mg/mL (1 mL) Vial, Intramuscular",Monthly Consumption,2026-03,240882.0
Mozambique,MOH Supply Plan,"Medroxyprogesterone Acetate 150 mg/mL (1 mL) Vial, Intramuscular",Monthly Consumption,2026-04,242589.0
Mozambique,MOH Supply Plan,"Medroxyprogesterone Acetate 150 mg/mL (1 mL) Vial, Intramuscular",Monthly Consumption,2026-05,244300.0
Mozambique,MOH Supply Plan,"Medroxyprogesterone Acetate 150 mg/mL (1 mL) Vial, Intramuscular",Monthly Consumption,2026-06,246019.0
Mozambique,MOH Supply Plan,"Medroxyprogesterone Acetate 150 mg/mL (1 mL) Vial, Intramuscular",Monthly Consumption,2026-07,247749.0
Mozambique,MOH Supply Plan,"Medroxyprogesterone Acetate 150 mg/mL (1 mL) Vial, Intramuscular",Monthly Consumption,2026-08,249496.0
Mozambique,MOH Supply Plan,"Medroxyprogesterone Acetate 150 mg/mL (1 mL) Vial, Intramuscular",Monthly Consumption,2026-09,251262.0
Mozambique,MOH Supply Plan,"Medroxyprogesterone Acetate 150 mg/mL (1 mL) Vial, Intramuscular",Monthly Consumption,2026-10,253051.0
Mozambique,MOH Supply Plan,"Medroxyprogesterone Acetate 150 mg/mL (1 mL) Vial, Intramuscular",Monthly Consumption,2026-11,254867.0
Mozambique,MOH Supply Plan,"Medroxyprogesterone Acetate 150 mg/mL (1 mL) Vial, Intramuscular",Monthly Consumption,2026-12,256713.0
Mozambique,MOH Supply Plan,"Medroxyprogesterone Acetate 150 mg/mL (1 mL) Vial, Intramuscular",Monthly Consumption,2027-01,261758.0
Mozambique,MOH Supply Plan,"Medroxyprogesterone Acetate 150 mg/mL (1 mL) Vial, Intramuscular",Monthly Consumption,2027-02,263673.0
Mozambique,MOH Supply Plan,"Medroxyprogesterone Acetate 150 mg/mL (1 mL) Vial, Intramuscular",Monthly Consumption,2027-03,265627.0
Mozambique,MOH Supply Plan,"Medroxyprogesterone Acetate 150 mg/mL (1 mL) Vial, Intramuscular",Monthly Consumption,2027-04,267622.0
Mozambique,MOH Supply Plan,"Medroxyprogesterone Acetate 150 mg/mL (1 mL) Vial, Intramuscular",Monthly Consumption,2027-05,269661.0
Mozambique,MOH Supply Plan,"Medroxyprogesterone Acetate 150 mg/mL (1 mL) Vial, Intramuscular",Monthly Consumption,2027-06,271745.0
Mozambique,MOH Supply Plan,"Medroxyprogesterone Acetate 150 mg/mL (1 mL) Vial, Intramuscular",Monthly Consumption,2027-07,273877.0
Mozambique,MOH Supply Plan,"Medroxyprogesterone Acetate 150 mg/mL (1 mL) Vial, Intramuscular",Monthly Consumption,2027-08,276059.0
Mozambique,MOH Supply Plan,"Medroxyprogesterone Acetate 150 mg/mL (1 mL) Vial, Intramuscular",Monthly Consumption,2027-09,278290.0
Mozambique,MOH Supply Plan,"Medroxyprogesterone Acetate 150 mg/mL (1 mL) Vial, Intramuscular",Monthly Consumption,2027-10,280573.0
Mozambique,MOH Supply Plan,"Medroxyprogesterone Acetate 150 mg/mL (1 mL) Vial, Intramuscular",Monthly Consumption,2027-11,282907.0
Mozambique,MOH Supply Plan,"Medroxyprogesterone Acetate 150 mg/mL (1 mL) Vial, Intramuscular",Monthly Consumption,2027-12,285292.0
Mozambique,MOH Supply Plan,"Medroxyprogesterone Acetate 150 mg/mL (1 mL) Vial, Intramuscular",Monthly Consumption,2028-01,286252.0
Mozambique,MOH Supply Plan,"Medroxyprogesterone Acetate 150 mg/mL (1 mL) Vial, Intramuscular",Monthly Consumption,2028-02,288739.0
Mozambique,MOH Supply Plan,"Medroxyprogesterone Acetate 150 mg/mL (1 mL) Vial, Intramuscular",Monthly Consumption,2028-03,291274.0
Mozambique,MOH Supply Plan,"Medroxyprogesterone Acetate 150 mg/mL (1 mL) Vial, Intramuscular",Monthly Consumption,2028-04,293858.0
Mozambique,MOH Supply Plan,"Medroxyprogesterone Acetate 150 mg/mL (1 mL) Vial, Intramuscular",Monthly Consumption,2028-05,296486.0
Mozambique,MOH Supply Plan,"Medroxyprogesterone Acetate 150 mg/mL (1 mL) Vial, Intramuscular",Monthly Consumption,2028-06,299156.0
Mozambique,MOH Supply Plan,"Medroxyprogesterone Acetate 150 mg/mL (1 mL) Vial, Intramuscular",Monthly Consumption,2028-07,301866.0
Mozambique,MOH Supply Plan,"Medroxyprogesterone Acetate 150 mg/mL (1 mL) Vial, Intramuscular",Monthly Consumption,2028-08,304612.0
Mozambique,MOH Supply Plan,"Medroxyprogesterone Acetate 150 mg/mL (1 mL) Vial, Intramuscular",Prev. Monthly Consumption,2026-02,239175.0
Mozambique,MOH Supply Plan,"Medroxyprogesterone Acetate 150 mg/mL (1 mL) Vial, Intramuscular",Prev. Monthly Consumption,2026-03,240882.0
Mozambique,MOH Supply Plan,"Medroxyprogesterone Acetate 150 mg/mL (1 mL) Vial, Intramuscular",Prev. Monthly Consumption,2026-04,242589.0
Mozambique,MOH Supply Plan,"Medroxyprogesterone Acetate 150 mg/mL (1 mL) Vial, Intramuscular",Prev. Monthly Consumption,2026-05,244300.0
Mozambique,MOH Supply Plan,"Medroxyprogesterone Acetate 150 mg/mL (1 mL) Vial, Intramuscular",Prev. Monthly Consumption,2026-06,246019.0
Mozambique,MOH Supply Plan,"Medroxyprogesterone Acetate 150 mg/mL (1 mL) Vial, Intramuscular",Prev. Monthly Consumption,2026-07,247749.0
Mozambique,MOH Supply Plan,"Medroxyprogesterone Acetate 150 mg/mL (1 mL) Vial, Intramuscular",Prev. Monthly Consumption,2026-08,249496.0
Mozambique,MOH Supply Plan,"Medroxyprogesterone Acetate 150 mg/mL (1 mL) Vial, Intramuscular",Prev. Monthly Consumption,2026-09,251262.0
Mozambique,MOH Supply Plan,"Medroxyprogesterone Acetate 150 mg/mL (1 mL) Vial, Intramuscular",Prev. Monthly Consumption,2026-10,253051.0
Mozambique,MOH Supply Plan,"Medroxyprogesterone Acetate 150 mg/mL (1 mL) Vial, Intramuscular",Prev. Monthly Consumption,2026-11,254867.0
Mozambique,MOH Supply Plan,"Medroxyprogesterone Acetate 150 mg/mL (1 mL) Vial, Intramuscular",Prev. Monthly Consumption,2026-12,256713.0
Mozambique,MOH Supply Plan,"Medroxyprogesterone Acetate 150 mg/mL (1 mL) Vial, Intramuscular",Prev. Monthly Consumption,2027-01,261758.0
Mozambique,MOH Supply Plan,"Medroxyprogesterone Acetate 150 mg/mL (1 mL) Vial, Intramuscular",Prev. Monthly Consumption,2027-02,263673.0
Mozambique,MOH Supply Plan,"Medroxyprogesterone Acetate 150 mg/mL (1 mL) Vial, Intramuscular",Prev. Monthly Consumption,2027-03,265627.0
Mozambique,MOH Supply Plan,"Medroxyprogesterone Acetate 150 mg/mL (1 mL) Vial, Intramuscular",Prev. Monthly Consumption,2027-04,267622.0
Mozambique,MOH Supply Plan,"Medroxyprogesterone Acetate 150 mg/mL (1 mL) Vial, Intramuscular",Prev. Monthly Consumption,2027-05,269661.0
Mozambique,MOH Supply Plan,"Medroxyprogesterone Acetate 150 mg/mL (1 mL) Vial, Intramuscular",Prev. Monthly Consumption,2027-06,271745.0
Mozambique,MOH Supply Plan,"Medroxyprogesterone Acetate 150 mg/mL (1 mL) Vial, Intramuscular",Prev. Monthly Consumption,2027-07,273877.0
Mozambique,MOH Supply Plan,"Medroxyprogesterone Acetate 150 mg/mL (1 mL) Vial, Intramuscular",Prev. Monthly Consumption,2027-08,276059.0
Mozambique,MOH Supply Plan,"Medroxyprogesterone Acetate 150 mg/mL (1 mL) Vial, Intramuscular",Prev. Monthly Consumption,2027-09,278290.0
Mozambique,MOH Supply Plan,"Medroxyprogesterone Acetate 150 mg/mL (1 mL) Vial, Intramuscular",Prev. Monthly Consumption,2027-10,280573.0
Mozambique,MOH Supply Plan,"Medroxyprogesterone Acetate 150 mg/mL (1 mL) Vial, Intramuscular",Prev. Monthly Consumption,2027-11,282907.0
Mozambique,MOH Supply Plan,"Medroxyprogesterone Acetate 150 mg/mL (1 mL) Vial, Intramuscular",Prev. Monthly Consumption,2027-12,285292.0
Mozambique,MOH Supply Plan,"Medroxyprogesterone Acetate 150 mg/mL (1 mL) Vial, Intramuscular",Prev. Monthly Consumption,2028-01,286252.0
Mozambique,MOH Supply Plan,"Medroxyprogesterone Acetate 150 mg/mL (1 mL) Vial, Intramuscular",Prev. Monthly Consumption,2028-02,288739.0
Mozambique,MOH Supply Plan,"Medroxyprogesterone Acetate 150 mg/mL (1 mL) Vial, Intramuscular",Prev. Monthly Consumption,2028-03,291274.0
Mozambique,MOH Supply Plan,"Medroxyprogesterone Acetate 150 mg/mL (1 mL) Vial, Intramuscular",Prev. Monthly Consumption,2028-04,293858.0
Mozambique,MOH Supply Plan,"Medroxyprogesterone Acetate 150 mg/mL (1 mL) Vial, Intramuscular",Prev. Monthly Consumption,2028-05,296486.0
Mozambique,MOH Supply Plan,"Medroxyprogesterone Acetate 150 mg/mL (1 mL) Vial, Intramuscular",Prev. Monthly Consumption,2028-06,299156.0
Mozambique,MOH Supply Plan,"Medroxyprogesterone Acetate 150 mg/mL (1 mL) Vial, Intramuscular",Prev. Monthly Consumption,2028-07,301866.0
Mozambique,MOH Supply Plan,"Medroxyprogesterone Acetate 150 mg/mL (1 mL) Vial, Intramuscular",Prev. Monthly Consumption,2028-08,304612.0
Mozambique,MOH Supply Plan,"Medroxyprogesterone Acetate 150 mg/mL (1 mL) Vial, Intramuscular",Supply Plan Inventory,2026-02,3515374.0
Mozambique,MOH Supply Plan,"Medroxyprogesterone Acetate 150 mg/mL (1 mL) Vial, Intramuscular",Supply Plan Inventory,2026-03,3274492.0
Mozambique,MOH Supply Plan,"Medroxyprogesterone Acetate 150 mg/mL (1 mL) Vial, Intramuscular",Supply Plan Inventory,2026-04,3031903.0
Mozambique,MOH Supply Plan,"Medroxyprogesterone Acetate 150 mg/mL (1 mL) Vial, Intramuscular",Supply Plan Inventory,2026-05,2787603.0
Mozambique,MOH Supply Plan,"Medroxyprogesterone Acetate 150 mg/mL (1 mL) Vial, Intramuscular",Supply Plan Inventory,2026-06,2541584.0
Mozambique,MOH Supply Plan,"Medroxyprogesterone Acetate 150 mg/mL (1 mL) Vial, Intramuscular",Supply Plan Inventory,2026-07,2293835.0
Mozambique,MOH Supply Plan,"Medroxyprogesterone Acetate 150 mg/mL (1 mL) Vial, Intramuscular",Supply Plan Inventory,2026-08,2044339.0
Mozambique,MOH Supply Plan,"Medroxyprogesterone Acetate 150 mg/mL (1 mL) Vial, Intramuscular",Supply Plan Inventory,2026-09,1793077.0
Mozambique,MOH Supply Plan,"Medroxyprogesterone Acetate 150 mg/mL (1 mL) Vial, Intramuscular",Supply Plan Inventory,2026-10,1540026.0
Mozambique,MOH Supply Plan,"Medroxyprogesterone Acetate 150 mg/mL (1 mL) Vial, Intramuscular",Supply Plan Inventory,2026-11,1285159.0
Mozambique,MOH Supply Plan,"Medroxyprogesterone Acetate 150 mg/mL (1 mL) Vial, Intramuscular",Supply Plan Inventory,2026-12,1828446.0
Mozambique,MOH Supply Plan,"Medroxyprogesterone Acetate 150 mg/mL (1 mL) Vial, Intramuscular",Supply Plan Inventory,2027-01,1566688.0
Mozambique,MOH Supply Plan,"Medroxyprogesterone Acetate 150 mg/mL (1 mL) Vial, Intramuscular",Supply Plan Inventory,2027-02,1303015.0
Mozambique,MOH Supply Plan,"Medroxyprogesterone Acetate 150 mg/mL (1 mL) Vial, Intramuscular",Supply Plan Inventory,2027-03,1879465.0
Mozambique,MOH Supply Plan,"Medroxyprogesterone Acetate 150 mg/mL (1 mL) Vial, Intramuscular",Supply Plan Inventory,2027-04,1611843.0
Mozambique,MOH Supply Plan,"Medroxyprogesterone Acetate 150 mg/mL (1 mL) Vial, Intramuscular",Supply Plan Inventory,2027-05,1342182.0
Mozambique,MOH Supply Plan,"Medroxyprogesterone Acetate 150 mg/mL (1 mL) Vial, Intramuscular",Supply Plan Inventory,2027-06,1925591.0
Mozambique,MOH Supply Plan,"Medroxyprogesterone Acetate 150 mg/mL (1 mL) Vial, Intramuscular",Supply Plan Inventory,2027-07,1651714.0
Mozambique,MOH Supply Plan,"Medroxyprogesterone Acetate 150 mg/mL (1 mL) Vial, Intramuscular",Supply Plan Inventory,2027-08,1375655.0
Mozambique,MOH Supply Plan,"Medroxyprogesterone Acetate 150 mg/mL (1 mL) Vial, Intramuscular",Supply Plan Inventory,2027-09,1970928.0
Mozambique,MOH Supply Plan,"Medroxyprogesterone Acetate 150 mg/mL (1 mL) Vial, Intramuscular",Supply Plan Inventory,2027-10,1690355.0
Mozambique,MOH Supply Plan,"Medroxyprogesterone Acetate 150 mg/mL (1 mL) Vial, Intramuscular",Supply Plan Inventory,2027-11,1407448.0
Mozambique,MOH Supply Plan,"Medroxyprogesterone Acetate 150 mg/mL (1 mL) Vial, Intramuscular",Supply Plan Inventory,2027-12,2015964.0
Mozambique,MOH Supply Plan,"Medroxyprogesterone Acetate 150 mg/mL (1 mL) Vial, Intramuscular",Supply Plan Inventory,2028-01,1729712.0
Mozambique,MOH Supply Plan,"Medroxyprogesterone Acetate 150 mg/mL (1 mL) Vial, Intramuscular",Supply Plan Inventory,2028-02,1440973.0
Mozambique,MOH Supply Plan,"Medroxyprogesterone Acetate 150 mg/mL (1 mL) Vial, Intramuscular",Supply Plan Inventory,2028-03,2062453.0
Mozambique,MOH Supply Plan,"Medroxyprogesterone Acetate 150 mg/mL (1 mL) Vial, Intramuscular",Supply Plan Inventory,2028-04,1768595.0
Mozambique,MOH Supply Plan,"Medroxyprogesterone Acetate 150 mg/mL (1 mL) Vial, Intramuscular",Supply Plan Inventory,2028-05,1472109.0
Mozambique,MOH Supply Plan,"Medroxyprogesterone Acetate 150 mg/mL (1 mL) Vial, Intramuscular",Supply Plan Inventory,2028-06,2115362.0
Mozambique,MOH Supply Plan,"Medroxyprogesterone Acetate 150 mg/mL (1 mL) Vial, Intramuscular",Supply Plan Inventory,2028-07,1813496.0
Mozambique,MOH Supply Plan,"Medroxyprogesterone Acetate 150 mg/mL (1 mL) Vial, Intramuscular",Supply Plan Inventory,2028-08,1508884.0
Mozambique,MOH Supply Plan,"Medroxyprogesterone Acetate 150 mg/mL (1 mL) Vial, Intramuscular",Monthly Inventory,2026-03,716546.0
Mozambique,MOH Supply Plan,"Medroxyprogesterone Acetate 150 mg/mL (1 mL) Vial, Intramuscular",Monthly Inventory,2026-06,3026903.0
Mozambique,MOH Supply Plan,"Medroxyprogesterone Acetate 150 mg/mL (1 mL) Vial, Intramuscular",Projected Inventory Adjustment,2026-02,0.0
Mozambique,MOH Supply Plan,"Medroxyprogesterone Acetate 150 mg/mL (1 mL) Vial, Intramuscular",Projected Inventory Adjustment,2026-03,0.0
Mozambique,MOH Supply Plan,"Medroxyprogesterone Acetate 150 mg/mL (1 mL) Vial, Intramuscular",Projected Inventory Adjustment,2026-04,0.0
Mozambique,MOH Supply Plan,"Medroxyprogesterone Acetate 150 mg/mL (1 mL) Vial, Intramuscular",Projected Inventory Adjustment,2026-05,0.0
Mozambique,MOH Supply Plan,"Medroxyprogesterone Acetate 150 mg/mL (1 mL) Vial, Intramuscular",Projected Inventory Adjustment,2026-06,0.0
Mozambique,MOH Supply Plan,"Medroxyprogesterone Acetate 150 mg/mL (1 mL) Vial, Intramuscular",Projected Inventory Adjustment,2026-07,0.0
Mozambique,MOH Supply Plan,"Medroxyprogesterone Acetate 150 mg/mL (1 mL) Vial, Intramuscular",Projected Inventory Adjustment,2026-08,0.0
Mozambique,MOH Supply Plan,"Medroxyprogesterone Acetate 150 mg/mL (1 mL) Vial, Intramuscular",Projected Inventory Adjustment,2026-09,0.0
Mozambique,MOH Supply Plan,"Medroxyprogesterone Acetate 150 mg/mL (1 mL) Vial, Intramuscular",Projected Inventory Adjustment,2026-10,0.0
Mozambique,MOH Supply Plan,"Medroxyprogesterone Acetate 150 mg/mL (1 mL) Vial, Intramuscular",Projected Inventory Adjustment,2026-11,0.0
Mozambique,MOH Supply Plan,"Medroxyprogesterone Acetate 150 mg/mL (1 mL) Vial, Intramuscular",Projected Inventory Adjustment,2026-12,0.0
Mozambique,MOH Supply Plan,"Medroxyprogesterone Acetate 150 mg/mL (1 mL) Vial, Intramuscular",Projected Inventory Adjustment,2027-01,0.0
Mozambique,MOH Supply Plan,"Medroxyprogesterone Acetate 150 mg/mL (1 mL) Vial, Intramuscular",Projected Inventory Adjustment,2027-02,0.0
Mozambique,MOH Supply Plan,"Medroxyprogesterone Acetate 150 mg/mL (1 mL) Vial, Intramuscular",Projected Inventory Adjustment,2027-03,0.0
Mozambique,MOH Supply Plan,"Medroxyprogesterone Acetate 150 mg/mL (1 mL) Vial, Intramuscular",Projected Inventory Adjustment,2027-04,0.0
Mozambique,MOH Supply Plan,"Medroxyprogesterone Acetate 150 mg/mL (1 mL) Vial, Intramuscular",Projected Inventory Adjustment,2027-05,0.0
Mozambique,MOH Supply Plan,"Medroxyprogesterone Acetate 150 mg/mL (1 mL) Vial, Intramuscular",Projected Inventory Adjustment,2027-06,0.0
Mozambique,MOH Supply Plan,"Medroxyprogesterone Acetate 150 mg/mL (1 mL) Vial, Intramuscular",Projected Inventory Adjustment,2027-07,0.0
Mozambique,MOH Supply Plan,"Medroxyprogesterone Acetate 150 mg/mL (1 mL) Vial, Intramuscular",Projected Inventory Adjustment,2027-08,0.0
Mozambique,MOH Supply Plan,"Medroxyprogesterone Acetate 150 mg/mL (1 mL) Vial, Intramuscular",Projected Inventory Adjustment,2027-09,0.0
Mozambique,MOH Supply Plan,"Medroxyprogesterone Acetate 150 mg/mL (1 mL) Vial, Intramuscular",Projected Inventory Adjustment,2027-10,0.0
Mozambique,MOH Supply Plan,"Medroxyprogesterone Acetate 150 mg/mL (1 mL) Vial, Intramuscular",Projected Inventory Adjustment,2027-11,0.0
Mozambique,MOH Supply Plan,"Medroxyprogesterone Acetate 150 mg/mL (1 mL) Vial, Intramuscular",Projected Inventory Adjustment,2027-12,0.0
Mozambique,MOH Supply Plan,"Medroxyprogesterone Acetate 150 mg/mL (1 mL) Vial, Intramuscular",Projected Inventory Adjustment,2028-01,0.0
Mozambique,MOH Supply Plan,"Medroxyprogesterone Acetate 150 mg/mL (1 mL) Vial, Intramuscular",Projected Inventory Adjustment,2028-02,0.0
Mozambique,MOH Supply Plan,"Medroxyprogesterone Acetate 150 mg/mL (1 mL) Vial, Intramuscular",Projected Inventory Adjustment,2028-03,0.0
Mozambique,MOH Supply Plan,"Medroxyprogesterone Acetate 150 mg/mL (1 mL) Vial, Intramuscular",Projected Inventory Adjustment,2028-04,0.0
Mozambique,MOH Supply Plan,"Medroxyprogesterone Acetate 150 mg/mL (1 mL) Vial, Intramuscular",Projected Inventory Adjustment,2028-05,0.0
Mozambique,MOH Supply Plan,"Medroxyprogesterone Acetate 150 mg/mL (1 mL) Vial, Intramuscular",Projected Inventory Adjustment,2028-06,0.0
Mozambique,MOH Supply Plan,"Medroxyprogesterone Acetate 150 mg/mL (1 mL) Vial, Intramuscular",Projected Inventory Adjustment,2028-07,0.0
Mozambique,MOH Supply Plan,"Medroxyprogesterone Acetate 150 mg/mL (1 mL) Vial, Intramuscular",Projected Inventory Adjustment,2028-08,0.0
Mozambique,MOH Supply Plan,"Medroxyprogesterone Acetate 150 mg/mL (1 mL) Vial, Intramuscular",Expected Requirements,2026-02,2458268.0
Mozambique,MOH Supply Plan,"Medroxyprogesterone Acetate 150 mg/mL (1 mL) Vial, Intramuscular",Expected Requirements,2026-12,800000.0
Mozambique,MOH Supply Plan,"Medroxyprogesterone Acetate 150 mg/mL (1 mL) Vial, Intramuscular",Expected Requirements,2027-03,842077.0
Mozambique,MOH Supply Plan,"Medroxyprogesterone Acetate 150 mg/mL (1 mL) Vial, Intramuscular",Expected Requirements,2027-06,855154.0
Mozambique,MOH Supply Plan,"Medroxyprogesterone Acetate 150 mg/mL (1 mL) Vial, Intramuscular",Expected Requirements,2027-09,873563.0
Mozambique,MOH Supply Plan,"Medroxyprogesterone Acetate 150 mg/mL (1 mL) Vial, Intramuscular",Expected Requirements,2027-12,893808.0
Mozambique,MOH Supply Plan,"Medroxyprogesterone Acetate 150 mg/mL (1 mL) Vial, Intramuscular",Expected Requirements,2028-03,912754.0
Mozambique,MOH Supply Plan,"Medroxyprogesterone Acetate 150 mg/mL (1 mL) Vial, Intramuscular",Expected Requirements,2028-06,942409.0
Mozambique,MOH Supply Plan,"Medroxyprogesterone Acetate 150 mg/mL (1 mL) Vial, Intramuscular",In-Transit Shipments,2026-04,1200000.0
Mozambique,MOH Supply Plan,"Medroxyprogesterone Acetate 150 mg/mL (1 mL) Vial, Intramuscular",In-Transit Shipments,2026-05,1850500.0
Mozambique,MOH Supply Plan,"Medroxyprogesterone Acetate 150 mg/mL (1 mL) Vial, Intramuscular",In-Transit Shipments,2026-07,2413500.0
Mozambique,MOH Supply Plan,"Medroxyprogesterone Acetate 150 mg/mL (1 mL) Vial, Intramuscular",In-Transit Shipments,2026-08,913500.0
Mozambique,MOH Supply Plan,"Medroxyprogesterone Acetate 150 mg/mL (1 mL) Vial, Intramuscular",Manual Adjustment,2026-02,0.0
Mozambique,MOH Supply Plan,"Medroxyprogesterone Acetate 150 mg/mL (1 mL) Vial, Intramuscular",Projected Inventory,2026-02,0.0
Mozambique,MOH Supply Plan,"Medroxyprogesterone Acetate 150 mg/mL (1 mL) Vial, Intramuscular",Projected Inventory,2026-03,0.0
Mozambique,MOH Supply Plan,"Medroxyprogesterone Acetate 150 mg/mL (1 mL) Vial, Intramuscular",Projected Inventory,2026-04,0.0
Mozambique,MOH Supply Plan,"Medroxyprogesterone Acetate 150 mg/mL (1 mL) Vial, Intramuscular",Projected Inventory,2026-05,0.0
Mozambique,MOH Supply Plan,"Medroxyprogesterone Acetate 150 mg/mL (1 mL) Vial, Intramuscular",Projected Inventory,2026-06,3026903.0
Mozambique,MOH Supply Plan,"Medroxyprogesterone Acetate 150 mg/mL (1 mL) Vial, Intramuscular",Projected Inventory,2026-07,5192654.0
Mozambique,MOH Supply Plan,"Medroxyprogesterone Acetate 150 mg/mL (1 mL) Vial, Intramuscular",Projected Inventory,2026-08,5856658.0
Mozambique,MOH Supply Plan,"Medroxyprogesterone Acetate 150 mg/mL (1 mL) Vial, Intramuscular",Projected Inventory,2026-09,5605396.0
Mozambique,MOH Supply Plan,"Medroxyprogesterone Acetate 150 mg/mL (1 mL) Vial, Intramuscular",Projected Inventory,2026-10,5352345.0
Mozambique,MOH Supply Plan,"Medroxyprogesterone Acetate 150 mg/mL (1 mL) Vial, Intramuscular",Projected Inventory,2026-11,5097478.0
Mozambique,MOH Supply Plan,"Medroxyprogesterone Acetate 150 mg/mL (1 mL) Vial, Intramuscular",Projected Inventory,2026-12,4840765.0
Mozambique,MOH Supply Plan,"Medroxyprogesterone Acetate 150 mg/mL (1 mL) Vial, Intramuscular",Projected Inventory,2027-01,4579007.0
Mozambique,MOH Supply Plan,"Medroxyprogesterone Acetate 150 mg/mL (1 mL) Vial, Intramuscular",Projected Inventory,2027-02,4315334.0
Mozambique,MOH Supply Plan,"Medroxyprogesterone Acetate 150 mg/mL (1 mL) Vial, Intramuscular",Projected Inventory,2027-03,4049707.0
Mozambique,MOH Supply Plan,"Medroxyprogesterone Acetate 150 mg/mL (1 mL) Vial, Intramuscular",Projected Inventory,2027-04,3782085.0
Mozambique,MOH Supply Plan,"Medroxyprogesterone Acetate 150 mg/mL (1 mL) Vial, Intramuscular",Projected Inventory,2027-05,3512424.0
Mozambique,MOH Supply Plan,"Medroxyprogesterone Acetate 150 mg/mL (1 mL) Vial, Intramuscular",Projected Inventory,2027-06,3240679.0
Mozambique,MOH Supply Plan,"Medroxyprogesterone Acetate 150 mg/mL (1 mL) Vial, Intramuscular",Projected Inventory,2027-07,2966802.0
Mozambique,MOH Supply Plan,"Medroxyprogesterone Acetate 150 mg/mL (1 mL) Vial, Intramuscular",Projected Inventory,2027-08,2690743.0
Mozambique,MOH Supply Plan,"Medroxyprogesterone Acetate 150 mg/mL (1 mL) Vial, Intramuscular",Projected Inventory,2027-09,2412453.0
Mozambique,MOH Supply Plan,"Medroxyprogesterone Acetate 150 mg/mL (1 mL) Vial, Intramuscular",Projected Inventory,2027-10,2131880.0
Mozambique,MOH Supply Plan,"Medroxyprogesterone Acetate 150 mg/mL (1 mL) Vial, Intramuscular",Projected Inventory,2027-11,1848973.0
Mozambique,MOH Supply Plan,"Medroxyprogesterone Acetate 150 mg/mL (1 mL) Vial, Intramuscular",Projected Inventory,2027-12,1563681.0
Mozambique,MOH Supply Plan,"Medroxyprogesterone Acetate 150 mg/mL (1 mL) Vial, Intramuscular",Projected Inventory,2028-01,1277429.0
Mozambique,MOH Supply Plan,"Medroxyprogesterone Acetate 150 mg/mL (1 mL) Vial, Intramuscular",Projected Inventory,2028-02,988690.0
Mozambique,MOH Supply Plan,"Medroxyprogesterone Acetate 150 mg/mL (1 mL) Vial, Intramuscular",Projected Inventory,2028-03,697416.0
Mozambique,MOH Supply Plan,"Medroxyprogesterone Acetate 150 mg/mL (1 mL) Vial, Intramuscular",Projected Inventory,2028-04,403558.0
Mozambique,MOH Supply Plan,"Medroxyprogesterone Acetate 150 mg/mL (1 mL) Vial, Intramuscular",Projected Inventory,2028-05,107072.0
Mozambique,MOH Supply Plan,"Medroxyprogesterone Acetate 150 mg/mL (1 mL) Vial, Intramuscular",Projected Inventory,2028-06,0.0
Mozambique,MOH Supply Plan,"Medroxyprogesterone Acetate 150 mg/mL (1 mL) Vial, Intramuscular",Projected Inventory,2028-07,0.0
Mozambique,MOH Supply Plan,"Medroxyprogesterone Acetate 150 mg/mL (1 mL) Vial, Intramuscular",Projected Inventory,2028-08,0.0
Mozambique,MOH Supply Plan,"Medroxyprogesterone Acetate 150 mg/mL (1 mL) Vial, Intramuscular",Projected MOS,2026-02,0.0
Mozambique,MOH Supply Plan,"Medroxyprogesterone Acetate 150 mg/mL (1 mL) Vial, Intramuscular",Projected MOS,2026-03,0.0
Mozambique,MOH Supply Plan,"Medroxyprogesterone Acetate 150 mg/mL (1 mL) Vial, Intramuscular",Projected MOS,2026-04,0.0
Mozambique,MOH Supply Plan,"Medroxyprogesterone Acetate 150 mg/mL (1 mL) Vial, Intramuscular",Projected MOS,2026-05,0.0
Mozambique,MOH Supply Plan,"Medroxyprogesterone Acetate 150 mg/mL (1 mL) Vial, Intramuscular",Projected MOS,2026-06,12.2
Mozambique,MOH Supply Plan,"Medroxyprogesterone Acetate 150 mg/mL (1 mL) Vial, Intramuscular",Projected MOS,2026-07,20.8
Mozambique,MOH Supply Plan,"Medroxyprogesterone Acetate 150 mg/mL (1 mL) Vial, Intramuscular",Projected MOS,2026-08,23.3
Mozambique,MOH Supply Plan,"Medroxyprogesterone Acetate 150 mg/mL (1 mL) Vial, Intramuscular",Projected MOS,2026-09,22.2
Mozambique,MOH Supply Plan,"Medroxyprogesterone Acetate 150 mg/mL (1 mL) Vial, Intramuscular",Projected MOS,2026-10,21.0
Mozambique,MOH Supply Plan,"Medroxyprogesterone Acetate 150 mg/mL (1 mL) Vial, Intramuscular",Projected MOS,2026-11,19.8
Mozambique,MOH Supply Plan,"Medroxyprogesterone Acetate 150 mg/mL (1 mL) Vial, Intramuscular",Projected MOS,2026-12,18.6
Mozambique,MOH Supply Plan,"Medroxyprogesterone Acetate 150 mg/mL (1 mL) Vial, Intramuscular",Projected MOS,2027-01,17.4
Mozambique,MOH Supply Plan,"Medroxyprogesterone Acetate 150 mg/mL (1 mL) Vial, Intramuscular",Projected MOS,2027-02,16.2
Mozambique,MOH Supply Plan,"Medroxyprogesterone Acetate 150 mg/mL (1 mL) Vial, Intramuscular",Projected MOS,2027-03,15.1
Mozambique,MOH Supply Plan,"Medroxyprogesterone Acetate 150 mg/mL (1 mL) Vial, Intramuscular",Projected MOS,2027-04,14.0
Mozambique,MOH Supply Plan,"Medroxyprogesterone Acetate 150 mg/mL (1 mL) Vial, Intramuscular",Projected MOS,2027-05,12.9
Mozambique,MOH Supply Plan,"Medroxyprogesterone Acetate 150 mg/mL (1 mL) Vial, Intramuscular",Projected MOS,2027-06,11.8
Mozambique,MOH Supply Plan,"Medroxyprogesterone Acetate 150 mg/mL (1 mL) Vial, Intramuscular",Projected MOS,2027-07,10.7
Mozambique,MOH Supply Plan,"Medroxyprogesterone Acetate 150 mg/mL (1 mL) Vial, Intramuscular",Projected MOS,2027-08,9.7
Mozambique,MOH Supply Plan,"Medroxyprogesterone Acetate 150 mg/mL (1 mL) Vial, Intramuscular",Projected MOS,2027-09,8.6
Mozambique,MOH Supply Plan,"Medroxyprogesterone Acetate 150 mg/mL (1 mL) Vial, Intramuscular",Projected MOS,2027-10,7.5
Mozambique,MOH Supply Plan,"Medroxyprogesterone Acetate 150 mg/mL (1 mL) Vial, Intramuscular",Projected MOS,2027-11,6.5
Mozambique,MOH Supply Plan,"Medroxyprogesterone Acetate 150 mg/mL (1 mL) Vial, Intramuscular",Projected MOS,2027-12,5.5
Mozambique,MOH Supply Plan,"Medroxyprogesterone Acetate 150 mg/mL (1 mL) Vial, Intramuscular",Projected MOS,2028-01,4.4
Mozambique,MOH Supply Plan,"Medroxyprogesterone Acetate 150 mg/mL (1 mL) Vial, Intramuscular",Projected MOS,2028-02,3.4
Mozambique,MOH Supply Plan,"Medroxyprogesterone Acetate 150 mg/mL (1 mL) Vial, Intramuscular",Projected MOS,2028-03,2.4
Mozambique,MOH Supply Plan,"Medroxyprogesterone Acetate 150 mg/mL (1 mL) Vial, Intramuscular",Projected MOS,2028-04,1.4
Mozambique,MOH Supply Plan,"Medroxyprogesterone Acetate 150 mg/mL (1 mL) Vial, Intramuscular",Projected MOS,2028-05,0.4
Mozambique,MOH Supply Plan,"Medroxyprogesterone Acetate 150 mg/mL (1 mL) Vial, Intramuscular",Projected MOS,2028-06,0.0
Mozambique,MOH Supply Plan,"Medroxyprogesterone Acetate 150 mg/mL (1 mL) Vial, Intramuscular",Projected MOS,2028-07,0.0
Mozambique,MOH Supply Plan,"Medroxyprogesterone Acetate 150 mg/mL (1 mL) Vial, Intramuscular",Projected MOS,2028-08,0.0
Mozambique,MOH Supply Plan,"Medroxyprogesterone Acetate 150 mg/mL (1 mL) Vial, Intramuscular",Projected MOS below min MOS Alert,2026-02,0.0
Mozambique,MOH Supply Plan,"Medroxyprogesterone Acetate 150 mg/mL (1 mL) Vial, Intramuscular",Projected MOS below min MOS Alert,2026-03,0.0
Mozambique,MOH Supply Plan,"Medroxyprogesterone Acetate 150 mg/mL (1 mL) Vial, Intramuscular",Projected MOS below min MOS Alert,2026-04,0.0
Mozambique,MOH Supply Plan,"Medroxyprogesterone Acetate 150 mg/mL (1 mL) Vial, Intramuscular",Projected MOS below min MOS Alert,2026-05,0.0
Mozambique,MOH Supply Plan,"Medroxyprogesterone Acetate 150 mg/mL (1 mL) Vial, Intramuscular",Projected MOS below min MOS Alert,2026-06,0.0
Mozambique,MOH Supply Plan,"Medroxyprogesterone Acetate 150 mg/mL (1 mL) Vial, Intramuscular",Projected MOS below min MOS Alert,2026-07,0.0
Mozambique,MOH Supply Plan,"Medroxyprogesterone Acetate 150 mg/mL (1 mL) Vial, Intramuscular",Projected MOS below min MOS Alert,2026-08,0.0
Mozambique,MOH Supply Plan,"Medroxyprogesterone Acetate 150 mg/mL (1 mL) Vial, Intramuscular",Projected MOS below min MOS Alert,2026-09,0.0
Mozambique,MOH Supply Plan,"Medroxyprogesterone Acetate 150 mg/mL (1 mL) Vial, Intramuscular",Projected MOS below min MOS Alert,2026-10,0.0
Mozambique,MOH Supply Plan,"Medroxyprogesterone Acetate 150 mg/mL (1 mL) Vial, Intramuscular",Projected MOS below min MOS Alert,2026-11,0.0
Mozambique,MOH Supply Plan,"Medroxyprogesterone Acetate 150 mg/mL (1 mL) Vial, Intramuscular",Projected MOS below min MOS Alert,2026-12,0.0
Mozambique,MOH Supply Plan,"Medroxyprogesterone Acetate 150 mg/mL (1 mL) Vial, Intramuscular",Projected MOS below min MOS Alert,2027-01,0.0
Mozambique,MOH Supply Plan,"Medroxyprogesterone Acetate 150 mg/mL (1 mL) Vial, Intramuscular",Projected MOS below min MOS Alert,2027-02,0.0
Mozambique,MOH Supply Plan,"Medroxyprogesterone Acetate 150 mg/mL (1 mL) Vial, Intramuscular",Projected MOS below min MOS Alert,2027-03,0.0
Mozambique,MOH Supply Plan,"Medroxyprogesterone Acetate 150 mg/mL (1 mL) Vial, Intramuscular",Projected MOS below min MOS Alert,2027-04,0.0
Mozambique,MOH Supply Plan,"Medroxyprogesterone Acetate 150 mg/mL (1 mL) Vial, Intramuscular",Projected MOS below min MOS Alert,2027-05,0.0
Mozambique,MOH Supply Plan,"Medroxyprogesterone Acetate 150 mg/mL (1 mL) Vial, Intramuscular",Projected MOS below min MOS Alert,2027-06,0.0
Mozambique,MOH Supply Plan,"Medroxyprogesterone Acetate 150 mg/mL (1 mL) Vial, Intramuscular",Projected MOS below min MOS Alert,2027-07,0.0
Mozambique,MOH Supply Plan,"Medroxyprogesterone Acetate 150 mg/mL (1 mL) Vial, Intramuscular",Projected MOS below min MOS Alert,2027-08,0.0
Mozambique,MOH Supply Plan,"Medroxyprogesterone Acetate 150 mg/mL (1 mL) Vial, Intramuscular",Projected MOS below min MOS Alert,2027-09,0.0
Mozambique,MOH Supply Plan,"Medroxyprogesterone Acetate 150 mg/mL (1 mL) Vial, Intramuscular",Projected MOS below min MOS Alert,2027-10,0.0
Mozambique,MOH Supply Plan,"Medroxyprogesterone Acetate 150 mg/mL (1 mL) Vial, Intramuscular",Projected MOS below min MOS Alert,2027-11,0.0
Mozambique,MOH Supply Plan,"Medroxyprogesterone Acetate 150 mg/mL (1 mL) Vial, Intramuscular",Projected MOS below min MOS Alert,2027-12,0.0
Mozambique,MOH Supply Plan,"Medroxyprogesterone Acetate 150 mg/mL (1 mL) Vial, Intramuscular",Projected MOS below min MOS Alert,2028-01,0.0
Mozambique,MOH Supply Plan,"Medroxyprogesterone Acetate 150 mg/mL (1 mL) Vial, Intramuscular",Projected MOS below min MOS Alert,2028-02,0.0
Mozambique,MOH Supply Plan,"Medroxyprogesterone Acetate 150 mg/mL (1 mL) Vial, Intramuscular",Projected MOS below min MOS Alert,2028-03,0.0
Mozambique,MOH Supply Plan,"Medroxyprogesterone Acetate 150 mg/mL (1 mL) Vial, Intramuscular",Projected MOS below min MOS Alert,2028-04,0.0
Mozambique,MOH Supply Plan,"Medroxyprogesterone Acetate 150 mg/mL (1 mL) Vial, Intramuscular",Projected MOS below min MOS Alert,2028-05,0.0
Mozambique,MOH Supply Plan,"Medroxyprogesterone Acetate 150 mg/mL (1 mL) Vial, Intramuscular",Projected MOS below min MOS Alert,2028-06,0.0
Mozambique,MOH Supply Plan,"Medroxyprogesterone Acetate 150 mg/mL (1 mL) Vial, Intramuscular",Projected MOS below min MOS Alert,2028-07,0.0
Mozambique,MOH Supply Plan,"Medroxyprogesterone Acetate 150 mg/mL (1 mL) Vial, Intramuscular",Projected MOS below min MOS Alert,2028-08,0.0
Mozambique,MOH Supply Plan,"Medroxyprogesterone Acetate 150 mg/mL (1 mL) Vial, Intramuscular",Projected MOS above max MOS Alert,2026-02,0.0
Mozambique,MOH Supply Plan,"Medroxyprogesterone Acetate 150 mg/mL (1 mL) Vial, Intramuscular",Projected MOS above max MOS Alert,2026-03,0.0
Mozambique,MOH Supply Plan,"Medroxyprogesterone Acetate 150 mg/mL (1 mL) Vial, Intramuscular",Projected MOS above max MOS Alert,2026-04,0.0
Mozambique,MOH Supply Plan,"Medroxyprogesterone Acetate 150 mg/mL (1 mL) Vial, Intramuscular",Projected MOS above max MOS Alert,2026-05,0.0
Mozambique,MOH Supply Plan,"Medroxyprogesterone Acetate 150 mg/mL (1 mL) Vial, Intramuscular",Projected MOS above max MOS Alert,2026-06,0.0
Mozambique,MOH Supply Plan,"Medroxyprogesterone Acetate 150 mg/mL (1 mL) Vial, Intramuscular",Projected MOS above max MOS Alert,2026-07,0.0
Mozambique,MOH Supply Plan,"Medroxyprogesterone Acetate 150 mg/mL (1 mL) Vial, Intramuscular",Projected MOS above max MOS Alert,2026-08,0.0
Mozambique,MOH Supply Plan,"Medroxyprogesterone Acetate 150 mg/mL (1 mL) Vial, Intramuscular",Projected MOS above max MOS Alert,2026-09,0.0
Mozambique,MOH Supply Plan,"Medroxyprogesterone Acetate 150 mg/mL (1 mL) Vial, Intramuscular",Projected MOS above max MOS Alert,2026-10,0.0
Mozambique,MOH Supply Plan,"Medroxyprogesterone Acetate 150 mg/mL (1 mL) Vial, Intramuscular",Projected MOS above max MOS Alert,2026-11,0.0
Mozambique,MOH Supply Plan,"Medroxyprogesterone Acetate 150 mg/mL (1 mL) Vial, Intramuscular",Projected MOS above max MOS Alert,2026-12,0.0
Mozambique,MOH Supply Plan,"Medroxyprogesterone Acetate 150 mg/mL (1 mL) Vial, Intramuscular",Projected MOS above max MOS Alert,2027-01,0.0
Mozambique,MOH Supply Plan,"Medroxyprogesterone Acetate 150 mg/mL (1 mL) Vial, Intramuscular",Projected MOS above max MOS Alert,2027-02,0.0
Mozambique,MOH Supply Plan,"Medroxyprogesterone Acetate 150 mg/mL (1 mL) Vial, Intramuscular",Projected MOS above max MOS Alert,2027-03,0.0
Mozambique,MOH Supply Plan,"Medroxyprogesterone Acetate 150 mg/mL (1 mL) Vial, Intramuscular",Projected MOS above max MOS Alert,2027-04,0.0
Mozambique,MOH Supply Plan,"Medroxyprogesterone Acetate 150 mg/mL (1 mL) Vial, Intramuscular",Projected MOS above max MOS Alert,2027-05,0.0
Mozambique,MOH Supply Plan,"Medroxyprogesterone Acetate 150 mg/mL (1 mL) Vial, Intramuscular",Projected MOS above max MOS Alert,2027-06,0.0
Mozambique,MOH Supply Plan,"Medroxyprogesterone Acetate 150 mg/mL (1 mL) Vial, Intramuscular",Projected MOS above max MOS Alert,2027-07,0.0
Mozambique,MOH Supply Plan,"Medroxyprogesterone Acetate 150 mg/mL (1 mL) Vial, Intramuscular",Projected MOS above max MOS Alert,2027-08,0.0
Mozambique,MOH Supply Plan,"Medroxyprogesterone Acetate 150 mg/mL (1 mL) Vial, Intramuscular",Projected MOS above max MOS Alert,2027-09,0.0
Mozambique,MOH Supply Plan,"Medroxyprogesterone Acetate 150 mg/mL (1 mL) Vial, Intramuscular",Projected MOS above max MOS Alert,2027-10,0.0
Mozambique,MOH Supply Plan,"Medroxyprogesterone Acetate 150 mg/mL (1 mL) Vial, Intramuscular",Projected MOS above max MOS Alert,2027-11,0.0
Mozambique,MOH Supply Plan,"Medroxyprogesterone Acetate 150 mg/mL (1 mL) Vial, Intramuscular",Projected MOS above max MOS Alert,2027-12,0.0
Mozambique,MOH Supply Plan,"Medroxyprogesterone Acetate 150 mg/mL (1 mL) Vial, Intramuscular",Projected MOS above max MOS Alert,2028-01,0.0
Mozambique,MOH Supply Plan,"Medroxyprogesterone Acetate 150 mg/mL (1 mL) Vial, Intramuscular",Projected MOS above max MOS Alert,2028-02,0.0
Mozambique,MOH Supply Plan,"Medroxyprogesterone Acetate 150 mg/mL (1 mL) Vial, Intramuscular",Projected MOS above max MOS Alert,2028-03,0.0
Mozambique,MOH Supply Plan,"Medroxyprogesterone Acetate 150 mg/mL (1 mL) Vial, Intramuscular",Projected MOS above max MOS Alert,2028-04,0.0
Mozambique,MOH Supply Plan,"Medroxyprogesterone Acetate 150 mg/mL (1 mL) Vial, Intramuscular",Projected MOS above max MOS Alert,2028-05,0.0
Mozambique,MOH Supply Plan,"Medroxyprogesterone Acetate 150 mg/mL (1 mL) Vial, Intramuscular",Projected MOS above max MOS Alert,2028-06,0.0
Mozambique,MOH Supply Plan,"Medroxyprogesterone Acetate 150 mg/mL (1 mL) Vial, Intramuscular",Projected MOS above max MOS Alert,2028-07,0.0
Mozambique,MOH Supply Plan,"Medroxyprogesterone Acetate 150 mg/mL (1 mL) Vial, Intramuscular",Projected MOS above max MOS Alert,2028-08,0.0
Mozambique,MOH Supply Plan,"Medroxyprogesterone Acetate 150 mg/mL (1 mL) Vial, Intramuscular",Suggested Replenishment,2026-08,0.0
Mozambique,MOH Supply Plan,"Medroxyprogesterone Acetate 150 mg/mL (1 mL) Vial, Intramuscular",Suggested Replenishment,2026-09,0.0
Mozambique,MOH Supply Plan,"Medroxyprogesterone Acetate 150 mg/mL (1 mL) Vial, Intramuscular",Suggested Replenishment,2026-10,0.0
Mozambique,MOH Supply Plan,"Medroxyprogesterone Acetate 150 mg/mL (1 mL) Vial, Intramuscular",Suggested Replenishment,2026-11,0.0
Mozambique,MOH Supply Plan,"Medroxyprogesterone Acetate 150 mg/mL (1 mL) Vial, Intramuscular",Suggested Replenishment,2026-12,0.0
Mozambique,MOH Supply Plan,"Medroxyprogesterone Acetate 150 mg/mL (1 mL) Vial, Intramuscular",Suggested Replenishment,2027-01,0.0
Mozambique,MOH Supply Plan,"Medroxyprogesterone Acetate 150 mg/mL (1 mL) Vial, Intramuscular",Suggested Replenishment,2027-02,0.0
Mozambique,MOH Supply Plan,"Medroxyprogesterone Acetate 150 mg/mL (1 mL) Vial, Intramuscular",Suggested Replenishment,2027-03,0.0
Mozambique,MOH Supply Plan,"Medroxyprogesterone Acetate 150 mg/mL (1 mL) Vial, Intramuscular",Suggested Replenishment,2027-04,0.0
Mozambique,MOH Supply Plan,"Medroxyprogesterone Acetate 150 mg/mL (1 mL) Vial, Intramuscular",Suggested Replenishment,2027-05,0.0
Mozambique,MOH Supply Plan,"Medroxyprogesterone Acetate 150 mg/mL (1 mL) Vial, Intramuscular",Suggested Replenishment,2027-06,0.0
Mozambique,MOH Supply Plan,"Medroxyprogesterone Acetate 150 mg/mL (1 mL) Vial, Intramuscular",Suggested Replenishment,2027-07,0.0
Mozambique,MOH Supply Plan,"Medroxyprogesterone Acetate 150 mg/mL (1 mL) Vial, Intramuscular",Suggested Replenishment,2027-08,0.0
Mozambique,MOH Supply Plan,"Medroxyprogesterone Acetate 150 mg/mL (1 mL) Vial, Intramuscular",Suggested Replenishment,2027-09,0.0
Mozambique,MOH Supply Plan,"Medroxyprogesterone Acetate 150 mg/mL (1 mL) Vial, Intramuscular",Suggested Replenishment,2027-10,0.0
Mozambique,MOH Supply Plan,"Medroxyprogesterone Acetate 150 mg/mL (1 mL) Vial, Intramuscular",Suggested Replenishment,2027-11,0.0
Mozambique,MOH Supply Plan,"Medroxyprogesterone Acetate 150 mg/mL (1 mL) Vial, Intramuscular",Suggested Replenishment,2027-12,0.0
Mozambique,MOH Supply Plan,"Medroxyprogesterone Acetate 150 mg/mL (1 mL) Vial, Intramuscular",Suggested Replenishment,2028-01,0.0
Mozambique,MOH Supply Plan,"Medroxyprogesterone Acetate 150 mg/mL (1 mL) Vial, Intramuscular",Suggested Replenishment,2028-02,1050342.0
Mozambique,MOH Supply Plan,"Medroxyprogesterone Acetate 150 mg/mL (1 mL) Vial, Intramuscular",Suggested Replenishment,2028-03,0.0
Mozambique,MOH Supply Plan,"Medroxyprogesterone Acetate 150 mg/mL (1 mL) Vial, Intramuscular",Suggested Replenishment,2028-04,0.0
Mozambique,MOH Supply Plan,"Medroxyprogesterone Acetate 150 mg/mL (1 mL) Vial, Intramuscular",Suggested Replenishment,2028-05,936771.0
Mozambique,MOH Supply Plan,"Medroxyprogesterone Acetate 150 mg/mL (1 mL) Vial, Intramuscular",Suggested Replenishment,2028-06,0.0
Mozambique,MOH Supply Plan,"Medroxyprogesterone Acetate 150 mg/mL (1 mL) Vial, Intramuscular",Suggested Replenishment,2028-07,0.0
Mozambique,MOH Supply Plan,"Medroxyprogesterone Acetate 150 mg/mL (1 mL) Vial, Intramuscular",Suggested Replenishment,2028-08,963228.0
Mozambique,MOH Supply Plan,"Medroxyprogesterone Acetate 150 mg/mL (1 mL) Vial, Intramuscular",Projected MOS with Sugg Repl,2026-08,23.3
Mozambique,MOH Supply Plan,"Medroxyprogesterone Acetate 150 mg/mL (1 mL) Vial, Intramuscular",Projected MOS with Sugg Repl,2026-09,22.2
Mozambique,MOH Supply Plan,"Medroxyprogesterone Acetate 150 mg/mL (1 mL) Vial, Intramuscular",Projected MOS with Sugg Repl,2026-10,21.0
Mozambique,MOH Supply Plan,"Medroxyprogesterone Acetate 150 mg/mL (1 mL) Vial, Intramuscular",Projected MOS with Sugg Repl,2026-11,19.8
Mozambique,MOH Supply Plan,"Medroxyprogesterone Acetate 150 mg/mL (1 mL) Vial, Intramuscular",Projected MOS with Sugg Repl,2026-12,18.6
Mozambique,MOH Supply Plan,"Medroxyprogesterone Acetate 150 mg/mL (1 mL) Vial, Intramuscular",Projected MOS with Sugg Repl,2027-01,17.4
Mozambique,MOH Supply Plan,"Medroxyprogesterone Acetate 150 mg/mL (1 mL) Vial, Intramuscular",Projected MOS with Sugg Repl,2027-02,16.2
Mozambique,MOH Supply Plan,"Medroxyprogesterone Acetate 150 mg/mL (1 mL) Vial, Intramuscular",Projected MOS with Sugg Repl,2027-03,15.1
Mozambique,MOH Supply Plan,"Medroxyprogesterone Acetate 150 mg/mL (1 mL) Vial, Intramuscular",Projected MOS with Sugg Repl,2027-04,14.0
Mozambique,MOH Supply Plan,"Medroxyprogesterone Acetate 150 mg/mL (1 mL) Vial, Intramuscular",Projected MOS with Sugg Repl,2027-05,12.9
Mozambique,MOH Supply Plan,"Medroxyprogesterone Acetate 150 mg/mL (1 mL) Vial, Intramuscular",Projected MOS with Sugg Repl,2027-06,11.8
Mozambique,MOH Supply Plan,"Medroxyprogesterone Acetate 150 mg/mL (1 mL) Vial, Intramuscular",Projected MOS with Sugg Repl,2027-07,10.7
Mozambique,MOH Supply Plan,"Medroxyprogesterone Acetate 150 mg/mL (1 mL) Vial, Intramuscular",Projected MOS with Sugg Repl,2027-08,9.7
Mozambique,MOH Supply Plan,"Medroxyprogesterone Acetate 150 mg/mL (1 mL) Vial, Intramuscular",Projected MOS with Sugg Repl,2027-09,8.6
Mozambique,MOH Supply Plan,"Medroxyprogesterone Acetate 150 mg/mL (1 mL) Vial, Intramuscular",Projected MOS with Sugg Repl,2027-10,7.5
Mozambique,MOH Supply Plan,"Medroxyprogesterone Acetate 150 mg/mL (1 mL) Vial, Intramuscular",Projected MOS with Sugg Repl,2027-11,6.5
Mozambique,MOH Supply Plan,"Medroxyprogesterone Acetate 150 mg/mL (1 mL) Vial, Intramuscular",Projected MOS with Sugg Repl,2027-12,5.5
Mozambique,MOH Supply Plan,"Medroxyprogesterone Acetate 150 mg/mL (1 mL) Vial, Intramuscular",Projected MOS with Sugg Repl,2028-01,4.4
Mozambique,MOH Supply Plan,"Medroxyprogesterone Acetate 150 mg/mL (1 mL) Vial, Intramuscular",Projected MOS with Sugg Repl,2028-02,7.0
Mozambique,MOH Supply Plan,"Medroxyprogesterone Acetate 150 mg/mL (1 mL) Vial, Intramuscular",Projected MOS with Sugg Repl,2028-03,5.9
Mozambique,MOH Supply Plan,"Medroxyprogesterone Acetate 150 mg/mL (1 mL) Vial, Intramuscular",Projected MOS with Sugg Repl,2028-04,4.9
Mozambique,MOH Supply Plan,"Medroxyprogesterone Acetate 150 mg/mL (1 mL) Vial, Intramuscular",Projected MOS with Sugg Repl,2028-05,7.0
Mozambique,MOH Supply Plan,"Medroxyprogesterone Acetate 150 mg/mL (1 mL) Vial, Intramuscular",Projected MOS with Sugg Repl,2028-06,5.9
Mozambique,MOH Supply Plan,"Medroxyprogesterone Acetate 150 mg/mL (1 mL) Vial, Intramuscular",Projected MOS with Sugg Repl,2028-07,4.9
Mozambique,MOH Supply Plan,"Medroxyprogesterone Acetate 150 mg/mL (1 mL) Vial, Intramuscular",Projected MOS with Sugg Repl,2028-08,7.0
Mozambique,MOH Supply Plan,"Medroxyprogesterone Acetate 150 mg/mL (1 mL) Vial, Intramuscular",S1 - Monthly Consumption,2026-02,239175.0
Mozambique,MOH Supply Plan,"Medroxyprogesterone Acetate 150 mg/mL (1 mL) Vial, Intramuscular",S1 - Monthly Consumption,2026-03,240882.0
Mozambique,MOH Supply Plan,"Medroxyprogesterone Acetate 150 mg/mL (1 mL) Vial, Intramuscular",S1 - Monthly Consumption,2026-04,242589.0
Mozambique,MOH Supply Plan,"Medroxyprogesterone Acetate 150 mg/mL (1 mL) Vial, Intramuscular",S1 - Monthly Consumption,2026-05,244300.0
Mozambique,MOH Supply Plan,"Medroxyprogesterone Acetate 150 mg/mL (1 mL) Vial, Intramuscular",S1 - Monthly Consumption,2026-06,246019.0
Mozambique,MOH Supply Plan,"Medroxyprogesterone Acetate 150 mg/mL (1 mL) Vial, Intramuscular",S1 - Monthly Consumption,2026-07,247749.0
Mozambique,MOH Supply Plan,"Medroxyprogesterone Acetate 150 mg/mL (1 mL) Vial, Intramuscular",S1 - Monthly Consumption,2026-08,249496.0
Mozambique,MOH Supply Plan,"Medroxyprogesterone Acetate 150 mg/mL (1 mL) Vial, Intramuscular",S1 - Monthly Consumption,2026-09,251262.0
Mozambique,MOH Supply Plan,"Medroxyprogesterone Acetate 150 mg/mL (1 mL) Vial, Intramuscular",S1 - Monthly Consumption,2026-10,253051.0
Mozambique,MOH Supply Plan,"Medroxyprogesterone Acetate 150 mg/mL (1 mL) Vial, Intramuscular",S1 - Monthly Consumption,2026-11,254867.0
Mozambique,MOH Supply Plan,"Medroxyprogesterone Acetate 150 mg/mL (1 mL) Vial, Intramuscular",S1 - Monthly Consumption,2026-12,256713.0
Mozambique,MOH Supply Plan,"Medroxyprogesterone Acetate 150 mg/mL (1 mL) Vial, Intramuscular",S1 - Monthly Consumption,2027-01,261758.0
Mozambique,MOH Supply Plan,"Medroxyprogesterone Acetate 150 mg/mL (1 mL) Vial, Intramuscular",S1 - Monthly Consumption,2027-02,263673.0
Mozambique,MOH Supply Plan,"Medroxyprogesterone Acetate 150 mg/mL (1 mL) Vial, Intramuscular",S1 - Monthly Consumption,2027-03,265627.0
Mozambique,MOH Supply Plan,"Medroxyprogesterone Acetate 150 mg/mL (1 mL) Vial, Intramuscular",S1 - Monthly Consumption,2027-04,267622.0
Mozambique,MOH Supply Plan,"Medroxyprogesterone Acetate 150 mg/mL (1 mL) Vial, Intramuscular",S1 - Monthly Consumption,2027-05,269661.0
Mozambique,MOH Supply Plan,"Medroxyprogesterone Acetate 150 mg/mL (1 mL) Vial, Intramuscular",S1 - Monthly Consumption,2027-06,271745.0
Mozambique,MOH Supply Plan,"Medroxyprogesterone Acetate 150 mg/mL (1 mL) Vial, Intramuscular",S1 - Monthly Consumption,2027-07,273877.0
Mozambique,MOH Supply Plan,"Medroxyprogesterone Acetate 150 mg/mL (1 mL) Vial, Intramuscular",S1 - Monthly Consumption,2027-08,276059.0
Mozambique,MOH Supply Plan,"Medroxyprogesterone Acetate 150 mg/mL (1 mL) Vial, Intramuscular",S1 - Monthly Consumption,2027-09,278290.0
Mozambique,MOH Supply Plan,"Medroxyprogesterone Acetate 150 mg/mL (1 mL) Vial, Intramuscular",S1 - Monthly Consumption,2027-10,280573.0
Mozambique,MOH Supply Plan,"Medroxyprogesterone Acetate 150 mg/mL (1 mL) Vial, Intramuscular",S1 - Monthly Consumption,2027-11,282907.0
Mozambique,MOH Supply Plan,"Medroxyprogesterone Acetate 150 mg/mL (1 mL) Vial, Intramuscular",S1 - Monthly Consumption,2027-12,285292.0
Mozambique,MOH Supply Plan,"Medroxyprogesterone Acetate 150 mg/mL (1 mL) Vial, Intramuscular",S1 - Monthly Consumption,2028-01,286252.0
Mozambique,MOH Supply Plan,"Medroxyprogesterone Acetate 150 mg/mL (1 mL) Vial, Intramuscular",S1 - Monthly Consumption,2028-02,288739.0
Mozambique,MOH Supply Plan,"Medroxyprogesterone Acetate 150 mg/mL (1 mL) Vial, Intramuscular",S1 - Monthly Consumption,2028-03,291274.0
Mozambique,MOH Supply Plan,"Medroxyprogesterone Acetate 150 mg/mL (1 mL) Vial, Intramuscular",S1 - Monthly Consumption,2028-04,293858.0
Mozambique,MOH Supply Plan,"Medroxyprogesterone Acetate 150 mg/mL (1 mL) Vial, Intramuscular",S1 - Monthly Consumption,2028-05,296486.0
Mozambique,MOH Supply Plan,"Medroxyprogesterone Acetate 150 mg/mL (1 mL) Vial, Intramuscular",S1 - Monthly Consumption,2028-06,299156.0
Mozambique,MOH Supply Plan,"Medroxyprogesterone Acetate 150 mg/mL (1 mL) Vial, Intramuscular",S1 - Monthly Consumption,2028-07,301866.0
Mozambique,MOH Supply Plan,"Medroxyprogesterone Acetate 150 mg/mL (1 mL) Vial, Intramuscular",S1 - Monthly Consumption,2028-08,304612.0
Mozambique,MOH Supply Plan,"Medroxyprogesterone Acetate 150 mg/mL (1 mL) Vial, Intramuscular",S1 - Projected Supplies,2026-03,1200000.0
Mozambique,MOH Supply Plan,"Medroxyprogesterone Acetate 150 mg/mL (1 mL) Vial, Intramuscular",S1 - Projected Supplies,2026-04,1850500.0
Mozambique,MOH Supply Plan,"Medroxyprogesterone Acetate 150 mg/mL (1 mL) Vial, Intramuscular",S1 - Projected Supplies,2026-07,2413500.0
Mozambique,MOH Supply Plan,"Medroxyprogesterone Acetate 150 mg/mL (1 mL) Vial, Intramuscular",S1 - Projected Supplies,2026-08,913500.0
Mozambique,MOH Supply Plan,"Medroxyprogesterone Acetate 150 mg/mL (1 mL) Vial, Intramuscular",S1 - Projected Inventory,2026-02,0.0
Mozambique,MOH Supply Plan,"Medroxyprogesterone Acetate 150 mg/mL (1 mL) Vial, Intramuscular",S1 - Projected Inventory,2026-03,0.0
Mozambique,MOH Supply Plan,"Medroxyprogesterone Acetate 150 mg/mL (1 mL) Vial, Intramuscular",S1 - Projected Inventory,2026-04,0.0
Mozambique,MOH Supply Plan,"Medroxyprogesterone Acetate 150 mg/mL (1 mL) Vial, Intramuscular",S1 - Projected Inventory,2026-05,0.0
Mozambique,MOH Supply Plan,"Medroxyprogesterone Acetate 150 mg/mL (1 mL) Vial, Intramuscular",S1 - Projected Inventory,2026-06,3026903.0
Mozambique,MOH Supply Plan,"Medroxyprogesterone Acetate 150 mg/mL (1 mL) Vial, Intramuscular",S1 - Projected Inventory,2026-07,5192654.0
Mozambique,MOH Supply Plan,"Medroxyprogesterone Acetate 150 mg/mL (1 mL) Vial, Intramuscular",S1 - Projected Inventory,2026-08,5856658.0
Mozambique,MOH Supply Plan,"Medroxyprogesterone Acetate 150 mg/mL (1 mL) Vial, Intramuscular",S1 - Projected Inventory,2026-09,5605396.0
Mozambique,MOH Supply Plan,"Medroxyprogesterone Acetate 150 mg/mL (1 mL) Vial, Intramuscular",S1 - Projected Inventory,2026-10,5352345.0
Mozambique,MOH Supply Plan,"Medroxyprogesterone Acetate 150 mg/mL (1 mL) Vial, Intramuscular",S1 - Projected Inventory,2026-11,5097478.0
Mozambique,MOH Supply Plan,"Medroxyprogesterone Acetate 150 mg/mL (1 mL) Vial, Intramuscular",S1 - Projected Inventory,2026-12,4840765.0
Mozambique,MOH Supply Plan,"Medroxyprogesterone Acetate 150 mg/mL (1 mL) Vial, Intramuscular",S1 - Projected Inventory,2027-01,4579007.0
Mozambique,MOH Supply Plan,"Medroxyprogesterone Acetate 150 mg/mL (1 mL) Vial, Intramuscular",S1 - Projected Inventory,2027-02,4315334.0
Mozambique,MOH Supply Plan,"Medroxyprogesterone Acetate 150 mg/mL (1 mL) Vial, Intramuscular",S1 - Projected Inventory,2027-03,4049707.0
Mozambique,MOH Supply Plan,"Medroxyprogesterone Acetate 150 mg/mL (1 mL) Vial, Intramuscular",S1 - Projected Inventory,2027-04,3782085.0
Mozambique,MOH Supply Plan,"Medroxyprogesterone Acetate 150 mg/mL (1 mL) Vial, Intramuscular",S1 - Projected Inventory,2027-05,3512424.0
Mozambique,MOH Supply Plan,"Medroxyprogesterone Acetate 150 mg/mL (1 mL) Vial, Intramuscular",S1 - Projected Inventory,2027-06,3240679.0
Mozambique,MOH Supply Plan,"Medroxyprogesterone Acetate 150 mg/mL (1 mL) Vial, Intramuscular",S1 - Projected Inventory,2027-07,2966802.0
Mozambique,MOH Supply Plan,"Medroxyprogesterone Acetate 150 mg/mL (1 mL) Vial, Intramuscular",S1 - Projected Inventory,2027-08,2690743.0
Mozambique,MOH Supply Plan,"Medroxyprogesterone Acetate 150 mg/mL (1 mL) Vial, Intramuscular",S1 - Projected Inventory,2027-09,2412453.0
Mozambique,MOH Supply Plan,"Medroxyprogesterone Acetate 150 mg/mL (1 mL) Vial, Intramuscular",S1 - Projected Inventory,2027-10,2131880.0
Mozambique,MOH Supply Plan,"Medroxyprogesterone Acetate 150 mg/mL (1 mL) Vial, Intramuscular",S1 - Projected Inventory,2027-11,1848973.0
Mozambique,MOH Supply Plan,"Medroxyprogesterone Acetate 150 mg/mL (1 mL) Vial, Intramuscular",S1 - Projected Inventory,2027-12,1563681.0
Mozambique,MOH Supply Plan,"Medroxyprogesterone Acetate 150 mg/mL (1 mL) Vial, Intramuscular",S1 - Projected Inventory,2028-01,1277429.0
Mozambique,MOH Supply Plan,"Medroxyprogesterone Acetate 150 mg/mL (1 mL) Vial, Intramuscular",S1 - Projected Inventory,2028-02,988690.0
Mozambique,MOH Supply Plan,"Medroxyprogesterone Acetate 150 mg/mL (1 mL) Vial, Intramuscular",S1 - Projected Inventory,2028-03,697416.0
Mozambique,MOH Supply Plan,"Medroxyprogesterone Acetate 150 mg/mL (1 mL) Vial, Intramuscular",S1 - Projected Inventory,2028-04,403558.0
Mozambique,MOH Supply Plan,"Medroxyprogesterone Acetate 150 mg/mL (1 mL) Vial, Intramuscular",S1 - Projected Inventory,2028-05,107072.0
Mozambique,MOH Supply Plan,"Medroxyprogesterone Acetate 150 mg/mL (1 mL) Vial, Intramuscular",S1 - Projected Inventory,2028-06,0.0
Mozambique,MOH Supply Plan,"Medroxyprogesterone Acetate 150 mg/mL (1 mL) Vial, Intramuscular",S1 - Projected Inventory,2028-07,0.0
Mozambique,MOH Supply Plan,"Medroxyprogesterone Acetate 150 mg/mL (1 mL) Vial, Intramuscular",S1 - Projected Inventory,2028-08,0.0
Mozambique,MOH Supply Plan,"Medroxyprogesterone Acetate 150 mg/mL (1 mL) Vial, Intramuscular",S1 - Projected MOS,2026-02,0.0
Mozambique,MOH Supply Plan,"Medroxyprogesterone Acetate 150 mg/mL (1 mL) Vial, Intramuscular",S1 - Projected MOS,2026-03,0.0
Mozambique,MOH Supply Plan,"Medroxyprogesterone Acetate 150 mg/mL (1 mL) Vial, Intramuscular",S1 - Projected MOS,2026-04,0.0
Mozambique,MOH Supply Plan,"Medroxyprogesterone Acetate 150 mg/mL (1 mL) Vial, Intramuscular",S1 - Projected MOS,2026-05,0.0
Mozambique,MOH Supply Plan,"Medroxyprogesterone Acetate 150 mg/mL (1 mL) Vial, Intramuscular",S1 - Projected MOS,2026-06,12.2
Mozambique,MOH Supply Plan,"Medroxyprogesterone Acetate 150 mg/mL (1 mL) Vial, Intramuscular",S1 - Projected MOS,2026-07,20.8
Mozambique,MOH Supply Plan,"Medroxyprogesterone Acetate 150 mg/mL (1 mL) Vial, Intramuscular",S1 - Projected MOS,2026-08,23.3
Mozambique,MOH Supply Plan,"Medroxyprogesterone Acetate 150 mg/mL (1 mL) Vial, Intramuscular",S1 - Projected MOS,2026-09,22.2
Mozambique,MOH Supply Plan,"Medroxyprogesterone Acetate 150 mg/mL (1 mL) Vial, Intramuscular",S1 - Projected MOS,2026-10,21.0
Mozambique,MOH Supply Plan,"Medroxyprogesterone Acetate 150 mg/mL (1 mL) Vial, Intramuscular",S1 - Projected MOS,2026-11,19.8
Mozambique,MOH Supply Plan,"Medroxyprogesterone Acetate 150 mg/mL (1 mL) Vial, Intramuscular",S1 - Projected MOS,2026-12,18.6
Mozambique,MOH Supply Plan,"Medroxyprogesterone Acetate 150 mg/mL (1 mL) Vial, Intramuscular",S1 - Projected MOS,2027-01,17.4
Mozambique,MOH Supply Plan,"Medroxyprogesterone Acetate 150 mg/mL (1 mL) Vial, Intramuscular",S1 - Projected MOS,2027-02,16.2
Mozambique,MOH Supply Plan,"Medroxyprogesterone Acetate 150 mg/mL (1 mL) Vial, Intramuscular",S1 - Projected MOS,2027-03,15.1
Mozambique,MOH Supply Plan,"Medroxyprogesterone Acetate 150 mg/mL (1 mL) Vial, Intramuscular",S1 - Projected MOS,2027-04,14.0
Mozambique,MOH Supply Plan,"Medroxyprogesterone Acetate 150 mg/mL (1 mL) Vial, Intramuscular",S1 - Projected MOS,2027-05,12.9
Mozambique,MOH Supply Plan,"Medroxyprogesterone Acetate 150 mg/mL (1 mL) Vial, Intramuscular",S1 - Projected MOS,2027-06,11.8
Mozambique,MOH Supply Plan,"Medroxyprogesterone Acetate 150 mg/mL (1 mL) Vial, Intramuscular",S1 - Projected MOS,2027-07,10.7
Mozambique,MOH Supply Plan,"Medroxyprogesterone Acetate 150 mg/mL (1 mL) Vial, Intramuscular",S1 - Projected MOS,2027-08,9.7
Mozambique,MOH Supply Plan,"Medroxyprogesterone Acetate 150 mg/mL (1 mL) Vial, Intramuscular",S1 - Projected MOS,2027-09,8.6
Mozambique,MOH Supply Plan,"Medroxyprogesterone Acetate 150 mg/mL (1 mL) Vial, Intramuscular",S1 - Projected MOS,2027-10,7.5
Mozambique,MOH Supply Plan,"Medroxyprogesterone Acetate 150 mg/mL (1 mL) Vial, Intramuscular",S1 - Projected MOS,2027-11,6.5
Mozambique,MOH Supply Plan,"Medroxyprogesterone Acetate 150 mg/mL (1 mL) Vial, Intramuscular",S1 - Projected MOS,2027-12,5.5
Mozambique,MOH Supply Plan,"Medroxyprogesterone Acetate 150 mg/mL (1 mL) Vial, Intramuscular",S1 - Projected MOS,2028-01,4.4
Mozambique,MOH Supply Plan,"Medroxyprogesterone Acetate 150 mg/mL (1 mL) Vial, Intramuscular",S1 - Projected MOS,2028-02,3.4
Mozambique,MOH Supply Plan,"Medroxyprogesterone Acetate 150 mg/mL (1 mL) Vial, Intramuscular",S1 - Projected MOS,2028-03,2.4
Mozambique,MOH Supply Plan,"Medroxyprogesterone Acetate 150 mg/mL (1 mL) Vial, Intramuscular",S1 - Projected MOS,2028-04,1.4
Mozambique,MOH Supply Plan,"Medroxyprogesterone Acetate 150 mg/mL (1 mL) Vial, Intramuscular",S1 - Projected MOS,2028-05,0.4
Mozambique,MOH Supply Plan,"Medroxyprogesterone Acetate 150 mg/mL (1 mL) Vial, Intramuscular",S1 - Projected MOS,2028-06,0.0
Mozambique,MOH Supply Plan,"Medroxyprogesterone Acetate 150 mg/mL (1 mL) Vial, Intramuscular",S1 - Projected MOS,2028-07,0.0
Mozambique,MOH Supply Plan,"Medroxyprogesterone Acetate 150 mg/mL (1 mL) Vial, Intramuscular",S1 - Projected MOS,2028-08,0.0
Mozambique,MOH Supply Plan,"Medroxyprogesterone Acetate 150 mg/mL (1 mL) Vial, Intramuscular",S2 - Monthly Consumption,2026-02,239175.0
Mozambique,MOH Supply Plan,"Medroxyprogesterone Acetate 150 mg/mL (1 mL) Vial, Intramuscular",S2 - Monthly Consumption,2026-03,240882.0
Mozambique,MOH Supply Plan,"Medroxyprogesterone Acetate 150 mg/mL (1 mL) Vial, Intramuscular",S2 - Monthly Consumption,2026-04,242589.0
Mozambique,MOH Supply Plan,"Medroxyprogesterone Acetate 150 mg/mL (1 mL) Vial, Intramuscular",S2 - Monthly Consumption,2026-05,244300.0
Mozambique,MOH Supply Plan,"Medroxyprogesterone Acetate 150 mg/mL (1 mL) Vial, Intramuscular",S2 - Monthly Consumption,2026-06,246019.0
Mozambique,MOH Supply Plan,"Medroxyprogesterone Acetate 150 mg/mL (1 mL) Vial, Intramuscular",S2 - Monthly Consumption,2026-07,247749.0
Mozambique,MOH Supply Plan,"Medroxyprogesterone Acetate 150 mg/mL (1 mL) Vial, Intramuscular",S2 - Monthly Consumption,2026-08,249496.0
Mozambique,MOH Supply Plan,"Medroxyprogesterone Acetate 150 mg/mL (1 mL) Vial, Intramuscular",S2 - Monthly Consumption,2026-09,251262.0
Mozambique,MOH Supply Plan,"Medroxyprogesterone Acetate 150 mg/mL (1 mL) Vial, Intramuscular",S2 - Monthly Consumption,2026-10,253051.0
Mozambique,MOH Supply Plan,"Medroxyprogesterone Acetate 150 mg/mL (1 mL) Vial, Intramuscular",S2 - Monthly Consumption,2026-11,254867.0
Mozambique,MOH Supply Plan,"Medroxyprogesterone Acetate 150 mg/mL (1 mL) Vial, Intramuscular",S2 - Monthly Consumption,2026-12,256713.0
Mozambique,MOH Supply Plan,"Medroxyprogesterone Acetate 150 mg/mL (1 mL) Vial, Intramuscular",S2 - Monthly Consumption,2027-01,261758.0
Mozambique,MOH Supply Plan,"Medroxyprogesterone Acetate 150 mg/mL (1 mL) Vial, Intramuscular",S2 - Monthly Consumption,2027-02,263673.0
Mozambique,MOH Supply Plan,"Medroxyprogesterone Acetate 150 mg/mL (1 mL) Vial, Intramuscular",S2 - Monthly Consumption,2027-03,265627.0
Mozambique,MOH Supply Plan,"Medroxyprogesterone Acetate 150 mg/mL (1 mL) Vial, Intramuscular",S2 - Monthly Consumption,2027-04,267622.0
Mozambique,MOH Supply Plan,"Medroxyprogesterone Acetate 150 mg/mL (1 mL) Vial, Intramuscular",S2 - Monthly Consumption,2027-05,269661.0
Mozambique,MOH Supply Plan,"Medroxyprogesterone Acetate 150 mg/mL (1 mL) Vial, Intramuscular",S2 - Monthly Consumption,2027-06,271745.0
Mozambique,MOH Supply Plan,"Medroxyprogesterone Acetate 150 mg/mL (1 mL) Vial, Intramuscular",S2 - Monthly Consumption,2027-07,273877.0
Mozambique,MOH Supply Plan,"Medroxyprogesterone Acetate 150 mg/mL (1 mL) Vial, Intramuscular",S2 - Monthly Consumption,2027-08,276059.0
Mozambique,MOH Supply Plan,"Medroxyprogesterone Acetate 150 mg/mL (1 mL) Vial, Intramuscular",S2 - Monthly Consumption,2027-09,278290.0
Mozambique,MOH Supply Plan,"Medroxyprogesterone Acetate 150 mg/mL (1 mL) Vial, Intramuscular",S2 - Monthly Consumption,2027-10,280573.0
Mozambique,MOH Supply Plan,"Medroxyprogesterone Acetate 150 mg/mL (1 mL) Vial, Intramuscular",S2 - Monthly Consumption,2027-11,282907.0
Mozambique,MOH Supply Plan,"Medroxyprogesterone Acetate 150 mg/mL (1 mL) Vial, Intramuscular",S2 - Monthly Consumption,2027-12,285292.0
Mozambique,MOH Supply Plan,"Medroxyprogesterone Acetate 150 mg/mL (1 mL) Vial, Intramuscular",S2 - Monthly Consumption,2028-01,286252.0
Mozambique,MOH Supply Plan,"Medroxyprogesterone Acetate 150 mg/mL (1 mL) Vial, Intramuscular",S2 - Monthly Consumption,2028-02,288739.0
Mozambique,MOH Supply Plan,"Medroxyprogesterone Acetate 150 mg/mL (1 mL) Vial, Intramuscular",S2 - Monthly Consumption,2028-03,291274.0
Mozambique,MOH Supply Plan,"Medroxyprogesterone Acetate 150 mg/mL (1 mL) Vial, Intramuscular",S2 - Monthly Consumption,2028-04,293858.0
Mozambique,MOH Supply Plan,"Medroxyprogesterone Acetate 150 mg/mL (1 mL) Vial, Intramuscular",S2 - Monthly Consumption,2028-05,296486.0
Mozambique,MOH Supply Plan,"Medroxyprogesterone Acetate 150 mg/mL (1 mL) Vial, Intramuscular",S2 - Monthly Consumption,2028-06,299156.0
Mozambique,MOH Supply Plan,"Medroxyprogesterone Acetate 150 mg/mL (1 mL) Vial, Intramuscular",S2 - Monthly Consumption,2028-07,301866.0
Mozambique,MOH Supply Plan,"Medroxyprogesterone Acetate 150 mg/mL (1 mL) Vial, Intramuscular",S2 - Monthly Consumption,2028-08,304612.0
Mozambique,MOH Supply Plan,"Medroxyprogesterone Acetate 150 mg/mL (1 mL) Vial, Intramuscular",S2 - Projected Inventory,2026-02,0.0
Mozambique,MOH Supply Plan,"Medroxyprogesterone Acetate 150 mg/mL (1 mL) Vial, Intramuscular",S2 - Projected Inventory,2026-03,0.0
Mozambique,MOH Supply Plan,"Medroxyprogesterone Acetate 150 mg/mL (1 mL) Vial, Intramuscular",S2 - Projected Inventory,2026-04,0.0
Mozambique,MOH Supply Plan,"Medroxyprogesterone Acetate 150 mg/mL (1 mL) Vial, Intramuscular",S2 - Projected Inventory,2026-05,0.0
Mozambique,MOH Supply Plan,"Medroxyprogesterone Acetate 150 mg/mL (1 mL) Vial, Intramuscular",S2 - Projected Inventory,2026-06,3026903.0
Mozambique,MOH Supply Plan,"Medroxyprogesterone Acetate 150 mg/mL (1 mL) Vial, Intramuscular",S2 - Projected Inventory,2026-07,2779154.0
Mozambique,MOH Supply Plan,"Medroxyprogesterone Acetate 150 mg/mL (1 mL) Vial, Intramuscular",S2 - Projected Inventory,2026-08,2529658.0
Mozambique,MOH Supply Plan,"Medroxyprogesterone Acetate 150 mg/mL (1 mL) Vial, Intramuscular",S2 - Projected Inventory,2026-09,2278396.0
Mozambique,MOH Supply Plan,"Medroxyprogesterone Acetate 150 mg/mL (1 mL) Vial, Intramuscular",S2 - Projected Inventory,2026-10,2025345.0
Mozambique,MOH Supply Plan,"Medroxyprogesterone Acetate 150 mg/mL (1 mL) Vial, Intramuscular",S2 - Projected Inventory,2026-11,1770478.0
Mozambique,MOH Supply Plan,"Medroxyprogesterone Acetate 150 mg/mL (1 mL) Vial, Intramuscular",S2 - Projected Inventory,2026-12,1513765.0
Mozambique,MOH Supply Plan,"Medroxyprogesterone Acetate 150 mg/mL (1 mL) Vial, Intramuscular",S2 - Projected Inventory,2027-01,1252007.0
Mozambique,MOH Supply Plan,"Medroxyprogesterone Acetate 150 mg/mL (1 mL) Vial, Intramuscular",S2 - Projected Inventory,2027-02,988334.0
Mozambique,MOH Supply Plan,"Medroxyprogesterone Acetate 150 mg/mL (1 mL) Vial, Intramuscular",S2 - Projected Inventory,2027-03,722707.0
Mozambique,MOH Supply Plan,"Medroxyprogesterone Acetate 150 mg/mL (1 mL) Vial, Intramuscular",S2 - Projected Inventory,2027-04,455085.0
Mozambique,MOH Supply Plan,"Medroxyprogesterone Acetate 150 mg/mL (1 mL) Vial, Intramuscular",S2 - Projected Inventory,2027-05,185424.0
Mozambique,MOH Supply Plan,"Medroxyprogesterone Acetate 150 mg/mL (1 mL) Vial, Intramuscular",S2 - Projected Inventory,2027-06,0.0
Mozambique,MOH Supply Plan,"Medroxyprogesterone Acetate 150 mg/mL (1 mL) Vial, Intramuscular",S2 - Projected Inventory,2027-07,0.0
Mozambique,MOH Supply Plan,"Medroxyprogesterone Acetate 150 mg/mL (1 mL) Vial, Intramuscular",S2 - Projected Inventory,2027-08,0.0
Mozambique,MOH Supply Plan,"Medroxyprogesterone Acetate 150 mg/mL (1 mL) Vial, Intramuscular",S2 - Projected Inventory,2027-09,0.0
Mozambique,MOH Supply Plan,"Medroxyprogesterone Acetate 150 mg/mL (1 mL) Vial, Intramuscular",S2 - Projected Inventory,2027-10,0.0
Mozambique,MOH Supply Plan,"Medroxyprogesterone Acetate 150 mg/mL (1 mL) Vial, Intramuscular",S2 - Projected Inventory,2027-11,0.0
Mozambique,MOH Supply Plan,"Medroxyprogesterone Acetate 150 mg/mL (1 mL) Vial, Intramuscular",S2 - Projected Inventory,2027-12,0.0
Mozambique,MOH Supply Plan,"Medroxyprogesterone Acetate 150 mg/mL (1 mL) Vial, Intramuscular",S2 - Projected Inventory,2028-01,0.0
Mozambique,MOH Supply Plan,"Medroxyprogesterone Acetate 150 mg/mL (1 mL) Vial, Intramuscular",S2 - Projected Inventory,2028-02,0.0
Mozambique,MOH Supply Plan,"Medroxyprogesterone Acetate 150 mg/mL (1 mL) Vial, Intramuscular",S2 - Projected Inventory,2028-03,0.0
Mozambique,MOH Supply Plan,"Medroxyprogesterone Acetate 150 mg/mL (1 mL) Vial, Intramuscular",S2 - Projected Inventory,2028-04,0.0
Mozambique,MOH Supply Plan,"Medroxyprogesterone Acetate 150 mg/mL (1 mL) Vial, Intramuscular",S2 - Projected Inventory,2028-05,0.0
Mozambique,MOH Supply Plan,"Medroxyprogesterone Acetate 150 mg/mL (1 mL) Vial, Intramuscular",S2 - Projected Inventory,2028-06,0.0
Mozambique,MOH Supply Plan,"Medroxyprogesterone Acetate 150 mg/mL (1 mL) Vial, Intramuscular",S2 - Projected Inventory,2028-07,0.0
Mozambique,MOH Supply Plan,"Medroxyprogesterone Acetate 150 mg/mL (1 mL) Vial, Intramuscular",S2 - Projected Inventory,2028-08,0.0
Mozambique,MOH Supply Plan,"Medroxyprogesterone Acetate 150 mg/mL (1 mL) Vial, Intramuscular",S2 - Projected MOS,2026-02,0.0
Mozambique,MOH Supply Plan,"Medroxyprogesterone Acetate 150 mg/mL (1 mL) Vial, Intramuscular",S2 - Projected MOS,2026-03,0.0
Mozambique,MOH Supply Plan,"Medroxyprogesterone Acetate 150 mg/mL (1 mL) Vial, Intramuscular",S2 - Projected MOS,2026-04,0.0
Mozambique,MOH Supply Plan,"Medroxyprogesterone Acetate 150 mg/mL (1 mL) Vial, Intramuscular",S2 - Projected MOS,2026-05,0.0
Mozambique,MOH Supply Plan,"Medroxyprogesterone Acetate 150 mg/mL (1 mL) Vial, Intramuscular",S2 - Projected MOS,2026-06,12.2
Mozambique,MOH Supply Plan,"Medroxyprogesterone Acetate 150 mg/mL (1 mL) Vial, Intramuscular",S2 - Projected MOS,2026-07,11.1
Mozambique,MOH Supply Plan,"Medroxyprogesterone Acetate 150 mg/mL (1 mL) Vial, Intramuscular",S2 - Projected MOS,2026-08,10.1
Mozambique,MOH Supply Plan,"Medroxyprogesterone Acetate 150 mg/mL (1 mL) Vial, Intramuscular",S2 - Projected MOS,2026-09,9.0
Mozambique,MOH Supply Plan,"Medroxyprogesterone Acetate 150 mg/mL (1 mL) Vial, Intramuscular",S2 - Projected MOS,2026-10,7.9
Mozambique,MOH Supply Plan,"Medroxyprogesterone Acetate 150 mg/mL (1 mL) Vial, Intramuscular",S2 - Projected MOS,2026-11,6.9
Mozambique,MOH Supply Plan,"Medroxyprogesterone Acetate 150 mg/mL (1 mL) Vial, Intramuscular",S2 - Projected MOS,2026-12,5.8
Mozambique,MOH Supply Plan,"Medroxyprogesterone Acetate 150 mg/mL (1 mL) Vial, Intramuscular",S2 - Projected MOS,2027-01,4.7
Mozambique,MOH Supply Plan,"Medroxyprogesterone Acetate 150 mg/mL (1 mL) Vial, Intramuscular",S2 - Projected MOS,2027-02,3.7
Mozambique,MOH Supply Plan,"Medroxyprogesterone Acetate 150 mg/mL (1 mL) Vial, Intramuscular",S2 - Projected MOS,2027-03,2.7
Mozambique,MOH Supply Plan,"Medroxyprogesterone Acetate 150 mg/mL (1 mL) Vial, Intramuscular",S2 - Projected MOS,2027-04,1.7
Mozambique,MOH Supply Plan,"Medroxyprogesterone Acetate 150 mg/mL (1 mL) Vial, Intramuscular",S2 - Projected MOS,2027-05,0.7
Mozambique,MOH Supply Plan,"Medroxyprogesterone Acetate 150 mg/mL (1 mL) Vial, Intramuscular",S2 - Projected MOS,2027-06,0.0
Mozambique,MOH Supply Plan,"Medroxyprogesterone Acetate 150 mg/mL (1 mL) Vial, Intramuscular",S2 - Projected MOS,2027-07,0.0
Mozambique,MOH Supply Plan,"Medroxyprogesterone Acetate 150 mg/mL (1 mL) Vial, Intramuscular",S2 - Projected MOS,2027-08,0.0
Mozambique,MOH Supply Plan,"Medroxyprogesterone Acetate 150 mg/mL (1 mL) Vial, Intramuscular",S2 - Projected MOS,2027-09,0.0
Mozambique,MOH Supply Plan,"Medroxyprogesterone Acetate 150 mg/mL (1 mL) Vial, Intramuscular",S2 - Projected MOS,2027-10,0.0
Mozambique,MOH Supply Plan,"Medroxyprogesterone Acetate 150 mg/mL (1 mL) Vial, Intramuscular",S2 - Projected MOS,2027-11,0.0
Mozambique,MOH Supply Plan,"Medroxyprogesterone Acetate 150 mg/mL (1 mL) Vial, Intramuscular",S2 - Projected MOS,2027-12,0.0
Mozambique,MOH Supply Plan,"Medroxyprogesterone Acetate 150 mg/mL (1 mL) Vial, Intramuscular",S2 - Projected MOS,2028-01,0.0
Mozambique,MOH Supply Plan,"Medroxyprogesterone Acetate 150 mg/mL (1 mL) Vial, Intramuscular",S2 - Projected MOS,2028-02,0.0
Mozambique,MOH Supply Plan,"Medroxyprogesterone Acetate 150 mg/mL (1 mL) Vial, Intramuscular",S2 - Projected MOS,2028-03,0.0
Mozambique,MOH Supply Plan,"Medroxyprogesterone Acetate 150 mg/mL (1 mL) Vial, Intramuscular",S2 - Projected MOS,2028-04,0.0
Mozambique,MOH Supply Plan,"Medroxyprogesterone Acetate 150 mg/mL (1 mL) Vial, Intramuscular",S2 - Projected MOS,2028-05,0.0
Mozambique,MOH Supply Plan,"Medroxyprogesterone Acetate 150 mg/mL (1 mL) Vial, Intramuscular",S2 - Projected MOS,2028-06,0.0
Mozambique,MOH Supply Plan,"Medroxyprogesterone Acetate 150 mg/mL (1 mL) Vial, Intramuscular",S2 - Projected MOS,2028-07,0.0
Mozambique,MOH Supply Plan,"Medroxyprogesterone Acetate 150 mg/mL (1 mL) Vial, Intramuscular",S2 - Projected MOS,2028-08,0.0
Mozambique,MOH Supply Plan,"Norethisterone Enantate/Estradiol Valerate 50/5 mg/mL (1 mL) Ampoule, Intramuscular",Projected Inventory,2026-02,0.0
Mozambique,MOH Supply Plan,"Norethisterone Enantate/Estradiol Valerate 50/5 mg/mL (1 mL) Ampoule, Intramuscular",Projected Inventory,2026-03,0.0
Mozambique,MOH Supply Plan,"Norethisterone Enantate/Estradiol Valerate 50/5 mg/mL (1 mL) Ampoule, Intramuscular",Projected Inventory,2026-04,0.0
Mozambique,MOH Supply Plan,"Norethisterone Enantate/Estradiol Valerate 50/5 mg/mL (1 mL) Ampoule, Intramuscular",Projected Inventory,2026-05,0.0
Mozambique,MOH Supply Plan,"Norethisterone Enantate/Estradiol Valerate 50/5 mg/mL (1 mL) Ampoule, Intramuscular",Projected Inventory,2026-06,0.0
Mozambique,MOH Supply Plan,"Norethisterone Enantate/Estradiol Valerate 50/5 mg/mL (1 mL) Ampoule, Intramuscular",Projected Inventory,2026-07,0.0
Mozambique,MOH Supply Plan,"Norethisterone Enantate/Estradiol Valerate 50/5 mg/mL (1 mL) Ampoule, Intramuscular",Projected Inventory,2026-08,0.0
Mozambique,MOH Supply Plan,"Norethisterone Enantate/Estradiol Valerate 50/5 mg/mL (1 mL) Ampoule, Intramuscular",Projected Inventory,2026-09,0.0
Mozambique,MOH Supply Plan,"Norethisterone Enantate/Estradiol Valerate 50/5 mg/mL (1 mL) Ampoule, Intramuscular",Projected Inventory,2026-10,0.0
Mozambique,MOH Supply Plan,"Norethisterone Enantate/Estradiol Valerate 50/5 mg/mL (1 mL) Ampoule, Intramuscular",Projected Inventory,2026-11,0.0
Mozambique,MOH Supply Plan,"Norethisterone Enantate/Estradiol Valerate 50/5 mg/mL (1 mL) Ampoule, Intramuscular",Projected Inventory,2026-12,0.0
Mozambique,MOH Supply Plan,"Norethisterone Enantate/Estradiol Valerate 50/5 mg/mL (1 mL) Ampoule, Intramuscular",Projected Inventory,2027-01,0.0
Mozambique,MOH Supply Plan,"Norethisterone Enantate/Estradiol Valerate 50/5 mg/mL (1 mL) Ampoule, Intramuscular",Projected Inventory,2027-02,0.0
Mozambique,MOH Supply Plan,"Norethisterone Enantate/Estradiol Valerate 50/5 mg/mL (1 mL) Ampoule, Intramuscular",Projected Inventory,2027-03,0.0
Mozambique,MOH Supply Plan,"Norethisterone Enantate/Estradiol Valerate 50/5 mg/mL (1 mL) Ampoule, Intramuscular",Projected Inventory,2027-04,0.0
Mozambique,MOH Supply Plan,"Norethisterone Enantate/Estradiol Valerate 50/5 mg/mL (1 mL) Ampoule, Intramuscular",Projected Inventory,2027-05,0.0
Mozambique,MOH Supply Plan,"Norethisterone Enantate/Estradiol Valerate 50/5 mg/mL (1 mL) Ampoule, Intramuscular",Projected Inventory,2027-06,0.0
Mozambique,MOH Supply Plan,"Norethisterone Enantate/Estradiol Valerate 50/5 mg/mL (1 mL) Ampoule, Intramuscular",Projected Inventory,2027-07,0.0
Mozambique,MOH Supply Plan,"Norethisterone Enantate/Estradiol Valerate 50/5 mg/mL (1 mL) Ampoule, Intramuscular",Projected Inventory,2027-08,0.0
Mozambique,MOH Supply Plan,"Norethisterone Enantate/Estradiol Valerate 50/5 mg/mL (1 mL) Ampoule, Intramuscular",Projected Inventory,2027-09,0.0
Mozambique,MOH Supply Plan,"Norethisterone Enantate/Estradiol Valerate 50/5 mg/mL (1 mL) Ampoule, Intramuscular",Projected Inventory,2027-10,0.0
Mozambique,MOH Supply Plan,"Norethisterone Enantate/Estradiol Valerate 50/5 mg/mL (1 mL) Ampoule, Intramuscular",Projected Inventory,2027-11,0.0
Mozambique,MOH Supply Plan,"Norethisterone Enantate/Estradiol Valerate 50/5 mg/mL (1 mL) Ampoule, Intramuscular",Projected Inventory,2027-12,0.0
Mozambique,MOH Supply Plan,"Norethisterone Enantate/Estradiol Valerate 50/5 mg/mL (1 mL) Ampoule, Intramuscular",Projected Inventory,2028-01,0.0
Mozambique,MOH Supply Plan,"Norethisterone Enantate/Estradiol Valerate 50/5 mg/mL (1 mL) Ampoule, Intramuscular",Projected Inventory,2028-02,0.0
Mozambique,MOH Supply Plan,"Norethisterone Enantate/Estradiol Valerate 50/5 mg/mL (1 mL) Ampoule, Intramuscular",Projected Inventory,2028-03,0.0
Mozambique,MOH Supply Plan,"Norethisterone Enantate/Estradiol Valerate 50/5 mg/mL (1 mL) Ampoule, Intramuscular",Projected Inventory,2028-04,0.0
Mozambique,MOH Supply Plan,"Norethisterone Enantate/Estradiol Valerate 50/5 mg/mL (1 mL) Ampoule, Intramuscular",Projected Inventory,2028-05,0.0
Mozambique,MOH Supply Plan,"Norethisterone Enantate/Estradiol Valerate 50/5 mg/mL (1 mL) Ampoule, Intramuscular",Projected Inventory,2028-06,0.0
Mozambique,MOH Supply Plan,"Norethisterone Enantate/Estradiol Valerate 50/5 mg/mL (1 mL) Ampoule, Intramuscular",Projected Inventory,2028-07,0.0
Mozambique,MOH Supply Plan,"Norethisterone Enantate/Estradiol Valerate 50/5 mg/mL (1 mL) Ampoule, Intramuscular",Projected Inventory,2028-08,0.0
Mozambique,MOH Supply Plan,"Norethisterone Enantate/Estradiol Valerate 50/5 mg/mL (1 mL) Ampoule, Intramuscular",Projected MOS below min MOS Alert,2026-02,0.0
Mozambique,MOH Supply Plan,"Norethisterone Enantate/Estradiol Valerate 50/5 mg/mL (1 mL) Ampoule, Intramuscular",Projected MOS below min MOS Alert,2026-03,0.0
Mozambique,MOH Supply Plan,"Norethisterone Enantate/Estradiol Valerate 50/5 mg/mL (1 mL) Ampoule, Intramuscular",Projected MOS below min MOS Alert,2026-04,0.0
Mozambique,MOH Supply Plan,"Norethisterone Enantate/Estradiol Valerate 50/5 mg/mL (1 mL) Ampoule, Intramuscular",Projected MOS below min MOS Alert,2026-05,0.0
Mozambique,MOH Supply Plan,"Norethisterone Enantate/Estradiol Valerate 50/5 mg/mL (1 mL) Ampoule, Intramuscular",Projected MOS below min MOS Alert,2026-06,0.0
Mozambique,MOH Supply Plan,"Norethisterone Enantate/Estradiol Valerate 50/5 mg/mL (1 mL) Ampoule, Intramuscular",Projected MOS below min MOS Alert,2026-07,0.0
Mozambique,MOH Supply Plan,"Norethisterone Enantate/Estradiol Valerate 50/5 mg/mL (1 mL) Ampoule, Intramuscular",Projected MOS below min MOS Alert,2026-08,0.0
Mozambique,MOH Supply Plan,"Norethisterone Enantate/Estradiol Valerate 50/5 mg/mL (1 mL) Ampoule, Intramuscular",Projected MOS below min MOS Alert,2026-09,0.0
Mozambique,MOH Supply Plan,"Norethisterone Enantate/Estradiol Valerate 50/5 mg/mL (1 mL) Ampoule, Intramuscular",Projected MOS below min MOS Alert,2026-10,0.0
Mozambique,MOH Supply Plan,"Norethisterone Enantate/Estradiol Valerate 50/5 mg/mL (1 mL) Ampoule, Intramuscular",Projected MOS below min MOS Alert,2026-11,0.0
Mozambique,MOH Supply Plan,"Norethisterone Enantate/Estradiol Valerate 50/5 mg/mL (1 mL) Ampoule, Intramuscular",Projected MOS below min MOS Alert,2026-12,0.0
Mozambique,MOH Supply Plan,"Norethisterone Enantate/Estradiol Valerate 50/5 mg/mL (1 mL) Ampoule, Intramuscular",Projected MOS below min MOS Alert,2027-01,0.0
Mozambique,MOH Supply Plan,"Norethisterone Enantate/Estradiol Valerate 50/5 mg/mL (1 mL) Ampoule, Intramuscular",Projected MOS below min MOS Alert,2027-02,0.0
Mozambique,MOH Supply Plan,"Norethisterone Enantate/Estradiol Valerate 50/5 mg/mL (1 mL) Ampoule, Intramuscular",Projected MOS below min MOS Alert,2027-03,0.0
Mozambique,MOH Supply Plan,"Norethisterone Enantate/Estradiol Valerate 50/5 mg/mL (1 mL) Ampoule, Intramuscular",Projected MOS below min MOS Alert,2027-04,0.0
Mozambique,MOH Supply Plan,"Norethisterone Enantate/Estradiol Valerate 50/5 mg/mL (1 mL) Ampoule, Intramuscular",Projected MOS below min MOS Alert,2027-05,0.0
Mozambique,MOH Supply Plan,"Norethisterone Enantate/Estradiol Valerate 50/5 mg/mL (1 mL) Ampoule, Intramuscular",Projected MOS below min MOS Alert,2027-06,0.0
Mozambique,MOH Supply Plan,"Norethisterone Enantate/Estradiol Valerate 50/5 mg/mL (1 mL) Ampoule, Intramuscular",Projected MOS below min MOS Alert,2027-07,0.0
Mozambique,MOH Supply Plan,"Norethisterone Enantate/Estradiol Valerate 50/5 mg/mL (1 mL) Ampoule, Intramuscular",Projected MOS below min MOS Alert,2027-08,0.0
Mozambique,MOH Supply Plan,"Norethisterone Enantate/Estradiol Valerate 50/5 mg/mL (1 mL) Ampoule, Intramuscular",Projected MOS below min MOS Alert,2027-09,0.0
Mozambique,MOH Supply Plan,"Norethisterone Enantate/Estradiol Valerate 50/5 mg/mL (1 mL) Ampoule, Intramuscular",Projected MOS below min MOS Alert,2027-10,0.0
Mozambique,MOH Supply Plan,"Norethisterone Enantate/Estradiol Valerate 50/5 mg/mL (1 mL) Ampoule, Intramuscular",Projected MOS below min MOS Alert,2027-11,0.0
Mozambique,MOH Supply Plan,"Norethisterone Enantate/Estradiol Valerate 50/5 mg/mL (1 mL) Ampoule, Intramuscular",Projected MOS below min MOS Alert,2027-12,0.0
Mozambique,MOH Supply Plan,"Norethisterone Enantate/Estradiol Valerate 50/5 mg/mL (1 mL) Ampoule, Intramuscular",Projected MOS below min MOS Alert,2028-01,0.0
Mozambique,MOH Supply Plan,"Norethisterone Enantate/Estradiol Valerate 50/5 mg/mL (1 mL) Ampoule, Intramuscular",Projected MOS below min MOS Alert,2028-02,0.0
Mozambique,MOH Supply Plan,"Norethisterone Enantate/Estradiol Valerate 50/5 mg/mL (1 mL) Ampoule, Intramuscular",Projected MOS below min MOS Alert,2028-03,0.0
Mozambique,MOH Supply Plan,"Norethisterone Enantate/Estradiol Valerate 50/5 mg/mL (1 mL) Ampoule, Intramuscular",Projected MOS below min MOS Alert,2028-04,0.0
Mozambique,MOH Supply Plan,"Norethisterone Enantate/Estradiol Valerate 50/5 mg/mL (1 mL) Ampoule, Intramuscular",Projected MOS below min MOS Alert,2028-05,0.0
Mozambique,MOH Supply Plan,"Norethisterone Enantate/Estradiol Valerate 50/5 mg/mL (1 mL) Ampoule, Intramuscular",Projected MOS below min MOS Alert,2028-06,0.0
Mozambique,MOH Supply Plan,"Norethisterone Enantate/Estradiol Valerate 50/5 mg/mL (1 mL) Ampoule, Intramuscular",Projected MOS below min MOS Alert,2028-07,0.0
Mozambique,MOH Supply Plan,"Norethisterone Enantate/Estradiol Valerate 50/5 mg/mL (1 mL) Ampoule, Intramuscular",Projected MOS below min MOS Alert,2028-08,0.0
Mozambique,MOH Supply Plan,"Norethisterone Enantate/Estradiol Valerate 50/5 mg/mL (1 mL) Ampoule, Intramuscular",Projected MOS above max MOS Alert,2026-02,0.0
Mozambique,MOH Supply Plan,"Norethisterone Enantate/Estradiol Valerate 50/5 mg/mL (1 mL) Ampoule, Intramuscular",Projected MOS above max MOS Alert,2026-03,0.0
Mozambique,MOH Supply Plan,"Norethisterone Enantate/Estradiol Valerate 50/5 mg/mL (1 mL) Ampoule, Intramuscular",Projected MOS above max MOS Alert,2026-04,0.0
Mozambique,MOH Supply Plan,"Norethisterone Enantate/Estradiol Valerate 50/5 mg/mL (1 mL) Ampoule, Intramuscular",Projected MOS above max MOS Alert,2026-05,0.0
Mozambique,MOH Supply Plan,"Norethisterone Enantate/Estradiol Valerate 50/5 mg/mL (1 mL) Ampoule, Intramuscular",Projected MOS above max MOS Alert,2026-06,0.0
Mozambique,MOH Supply Plan,"Norethisterone Enantate/Estradiol Valerate 50/5 mg/mL (1 mL) Ampoule, Intramuscular",Projected MOS above max MOS Alert,2026-07,0.0
Mozambique,MOH Supply Plan,"Norethisterone Enantate/Estradiol Valerate 50/5 mg/mL (1 mL) Ampoule, Intramuscular",Projected MOS above max MOS Alert,2026-08,0.0
Mozambique,MOH Supply Plan,"Norethisterone Enantate/Estradiol Valerate 50/5 mg/mL (1 mL) Ampoule, Intramuscular",Projected MOS above max MOS Alert,2026-09,0.0
Mozambique,MOH Supply Plan,"Norethisterone Enantate/Estradiol Valerate 50/5 mg/mL (1 mL) Ampoule, Intramuscular",Projected MOS above max MOS Alert,2026-10,0.0
Mozambique,MOH Supply Plan,"Norethisterone Enantate/Estradiol Valerate 50/5 mg/mL (1 mL) Ampoule, Intramuscular",Projected MOS above max MOS Alert,2026-11,0.0
Mozambique,MOH Supply Plan,"Norethisterone Enantate/Estradiol Valerate 50/5 mg/mL (1 mL) Ampoule, Intramuscular",Projected MOS above max MOS Alert,2026-12,0.0
Mozambique,MOH Supply Plan,"Norethisterone Enantate/Estradiol Valerate 50/5 mg/mL (1 mL) Ampoule, Intramuscular",Projected MOS above max MOS Alert,2027-01,0.0
Mozambique,MOH Supply Plan,"Norethisterone Enantate/Estradiol Valerate 50/5 mg/mL (1 mL) Ampoule, Intramuscular",Projected MOS above max MOS Alert,2027-02,0.0
Mozambique,MOH Supply Plan,"Norethisterone Enantate/Estradiol Valerate 50/5 mg/mL (1 mL) Ampoule, Intramuscular",Projected MOS above max MOS Alert,2027-03,0.0
Mozambique,MOH Supply Plan,"Norethisterone Enantate/Estradiol Valerate 50/5 mg/mL (1 mL) Ampoule, Intramuscular",Projected MOS above max MOS Alert,2027-04,0.0
Mozambique,MOH Supply Plan,"Norethisterone Enantate/Estradiol Valerate 50/5 mg/mL (1 mL) Ampoule, Intramuscular",Projected MOS above max MOS Alert,2027-05,0.0
Mozambique,MOH Supply Plan,"Norethisterone Enantate/Estradiol Valerate 50/5 mg/mL (1 mL) Ampoule, Intramuscular",Projected MOS above max MOS Alert,2027-06,0.0
Mozambique,MOH Supply Plan,"Norethisterone Enantate/Estradiol Valerate 50/5 mg/mL (1 mL) Ampoule, Intramuscular",Projected MOS above max MOS Alert,2027-07,0.0
Mozambique,MOH Supply Plan,"Norethisterone Enantate/Estradiol Valerate 50/5 mg/mL (1 mL) Ampoule, Intramuscular",Projected MOS above max MOS Alert,2027-08,0.0
Mozambique,MOH Supply Plan,"Norethisterone Enantate/Estradiol Valerate 50/5 mg/mL (1 mL) Ampoule, Intramuscular",Projected MOS above max MOS Alert,2027-09,0.0
Mozambique,MOH Supply Plan,"Norethisterone Enantate/Estradiol Valerate 50/5 mg/mL (1 mL) Ampoule, Intramuscular",Projected MOS above max MOS Alert,2027-10,0.0
Mozambique,MOH Supply Plan,"Norethisterone Enantate/Estradiol Valerate 50/5 mg/mL (1 mL) Ampoule, Intramuscular",Projected MOS above max MOS Alert,2027-11,0.0
Mozambique,MOH Supply Plan,"Norethisterone Enantate/Estradiol Valerate 50/5 mg/mL (1 mL) Ampoule, Intramuscular",Projected MOS above max MOS Alert,2027-12,0.0
Mozambique,MOH Supply Plan,"Norethisterone Enantate/Estradiol Valerate 50/5 mg/mL (1 mL) Ampoule, Intramuscular",Projected MOS above max MOS Alert,2028-01,0.0
Mozambique,MOH Supply Plan,"Norethisterone Enantate/Estradiol Valerate 50/5 mg/mL (1 mL) Ampoule, Intramuscular",Projected MOS above max MOS Alert,2028-02,0.0
Mozambique,MOH Supply Plan,"Norethisterone Enantate/Estradiol Valerate 50/5 mg/mL (1 mL) Ampoule, Intramuscular",Projected MOS above max MOS Alert,2028-03,0.0
Mozambique,MOH Supply Plan,"Norethisterone Enantate/Estradiol Valerate 50/5 mg/mL (1 mL) Ampoule, Intramuscular",Projected MOS above max MOS Alert,2028-04,0.0
Mozambique,MOH Supply Plan,"Norethisterone Enantate/Estradiol Valerate 50/5 mg/mL (1 mL) Ampoule, Intramuscular",Projected MOS above max MOS Alert,2028-05,0.0
Mozambique,MOH Supply Plan,"Norethisterone Enantate/Estradiol Valerate 50/5 mg/mL (1 mL) Ampoule, Intramuscular",Projected MOS above max MOS Alert,2028-06,0.0
Mozambique,MOH Supply Plan,"Norethisterone Enantate/Estradiol Valerate 50/5 mg/mL (1 mL) Ampoule, Intramuscular",Projected MOS above max MOS Alert,2028-07,0.0
Mozambique,MOH Supply Plan,"Norethisterone Enantate/Estradiol Valerate 50/5 mg/mL (1 mL) Ampoule, Intramuscular",Projected MOS above max MOS Alert,2028-08,0.0
Mozambique,MOH Supply Plan,"Norethisterone Enantate/Estradiol Valerate 50/5 mg/mL (1 mL) Ampoule, Intramuscular",S1 - Projected Inventory,2026-02,0.0
Mozambique,MOH Supply Plan,"Norethisterone Enantate/Estradiol Valerate 50/5 mg/mL (1 mL) Ampoule, Intramuscular",S1 - Projected Inventory,2026-03,0.0
Mozambique,MOH Supply Plan,"Norethisterone Enantate/Estradiol Valerate 50/5 mg/mL (1 mL) Ampoule, Intramuscular",S1 - Projected Inventory,2026-04,0.0
Mozambique,MOH Supply Plan,"Norethisterone Enantate/Estradiol Valerate 50/5 mg/mL (1 mL) Ampoule, Intramuscular",S1 - Projected Inventory,2026-05,0.0
Mozambique,MOH Supply Plan,"Norethisterone Enantate/Estradiol Valerate 50/5 mg/mL (1 mL) Ampoule, Intramuscular",S1 - Projected Inventory,2026-06,0.0
Mozambique,MOH Supply Plan,"Norethisterone Enantate/Estradiol Valerate 50/5 mg/mL (1 mL) Ampoule, Intramuscular",S1 - Projected Inventory,2026-07,0.0
Mozambique,MOH Supply Plan,"Norethisterone Enantate/Estradiol Valerate 50/5 mg/mL (1 mL) Ampoule, Intramuscular",S1 - Projected Inventory,2026-08,0.0
Mozambique,MOH Supply Plan,"Norethisterone Enantate/Estradiol Valerate 50/5 mg/mL (1 mL) Ampoule, Intramuscular",S1 - Projected Inventory,2026-09,0.0
Mozambique,MOH Supply Plan,"Norethisterone Enantate/Estradiol Valerate 50/5 mg/mL (1 mL) Ampoule, Intramuscular",S1 - Projected Inventory,2026-10,0.0
Mozambique,MOH Supply Plan,"Norethisterone Enantate/Estradiol Valerate 50/5 mg/mL (1 mL) Ampoule, Intramuscular",S1 - Projected Inventory,2026-11,0.0
Mozambique,MOH Supply Plan,"Norethisterone Enantate/Estradiol Valerate 50/5 mg/mL (1 mL) Ampoule, Intramuscular",S1 - Projected Inventory,2026-12,0.0
Mozambique,MOH Supply Plan,"Norethisterone Enantate/Estradiol Valerate 50/5 mg/mL (1 mL) Ampoule, Intramuscular",S1 - Projected Inventory,2027-01,0.0
Mozambique,MOH Supply Plan,"Norethisterone Enantate/Estradiol Valerate 50/5 mg/mL (1 mL) Ampoule, Intramuscular",S1 - Projected Inventory,2027-02,0.0
Mozambique,MOH Supply Plan,"Norethisterone Enantate/Estradiol Valerate 50/5 mg/mL (1 mL) Ampoule, Intramuscular",S1 - Projected Inventory,2027-03,0.0
Mozambique,MOH Supply Plan,"Norethisterone Enantate/Estradiol Valerate 50/5 mg/mL (1 mL) Ampoule, Intramuscular",S1 - Projected Inventory,2027-04,0.0
Mozambique,MOH Supply Plan,"Norethisterone Enantate/Estradiol Valerate 50/5 mg/mL (1 mL) Ampoule, Intramuscular",S1 - Projected Inventory,2027-05,0.0
Mozambique,MOH Supply Plan,"Norethisterone Enantate/Estradiol Valerate 50/5 mg/mL (1 mL) Ampoule, Intramuscular",S1 - Projected Inventory,2027-06,0.0
Mozambique,MOH Supply Plan,"Norethisterone Enantate/Estradiol Valerate 50/5 mg/mL (1 mL) Ampoule, Intramuscular",S1 - Projected Inventory,2027-07,0.0
Mozambique,MOH Supply Plan,"Norethisterone Enantate/Estradiol Valerate 50/5 mg/mL (1 mL) Ampoule, Intramuscular",S1 - Projected Inventory,2027-08,0.0
Mozambique,MOH Supply Plan,"Norethisterone Enantate/Estradiol Valerate 50/5 mg/mL (1 mL) Ampoule, Intramuscular",S1 - Projected Inventory,2027-09,0.0
Mozambique,MOH Supply Plan,"Norethisterone Enantate/Estradiol Valerate 50/5 mg/mL (1 mL) Ampoule, Intramuscular",S1 - Projected Inventory,2027-10,0.0
Mozambique,MOH Supply Plan,"Norethisterone Enantate/Estradiol Valerate 50/5 mg/mL (1 mL) Ampoule, Intramuscular",S1 - Projected Inventory,2027-11,0.0
Mozambique,MOH Supply Plan,"Norethisterone Enantate/Estradiol Valerate 50/5 mg/mL (1 mL) Ampoule, Intramuscular",S1 - Projected Inventory,2027-12,0.0
Mozambique,MOH Supply Plan,"Norethisterone Enantate/Estradiol Valerate 50/5 mg/mL (1 mL) Ampoule, Intramuscular",S1 - Projected Inventory,2028-01,0.0
Mozambique,MOH Supply Plan,"Norethisterone Enantate/Estradiol Valerate 50/5 mg/mL (1 mL) Ampoule, Intramuscular",S1 - Projected Inventory,2028-02,0.0
Mozambique,MOH Supply Plan,"Norethisterone Enantate/Estradiol Valerate 50/5 mg/mL (1 mL) Ampoule, Intramuscular",S1 - Projected Inventory,2028-03,0.0
Mozambique,MOH Supply Plan,"Norethisterone Enantate/Estradiol Valerate 50/5 mg/mL (1 mL) Ampoule, Intramuscular",S1 - Projected Inventory,2028-04,0.0
Mozambique,MOH Supply Plan,"Norethisterone Enantate/Estradiol Valerate 50/5 mg/mL (1 mL) Ampoule, Intramuscular",S1 - Projected Inventory,2028-05,0.0
Mozambique,MOH Supply Plan,"Norethisterone Enantate/Estradiol Valerate 50/5 mg/mL (1 mL) Ampoule, Intramuscular",S1 - Projected Inventory,2028-06,0.0
Mozambique,MOH Supply Plan,"Norethisterone Enantate/Estradiol Valerate 50/5 mg/mL (1 mL) Ampoule, Intramuscular",S1 - Projected Inventory,2028-07,0.0
Mozambique,MOH Supply Plan,"Norethisterone Enantate/Estradiol Valerate 50/5 mg/mL (1 mL) Ampoule, Intramuscular",S1 - Projected Inventory,2028-08,0.0
Mozambique,MOH Supply Plan,"Norethisterone Enantate/Estradiol Valerate 50/5 mg/mL (1 mL) Ampoule, Intramuscular",S2 - Projected Inventory,2026-02,0.0
Mozambique,MOH Supply Plan,"Norethisterone Enantate/Estradiol Valerate 50/5 mg/mL (1 mL) Ampoule, Intramuscular",S2 - Projected Inventory,2026-03,0.0
Mozambique,MOH Supply Plan,"Norethisterone Enantate/Estradiol Valerate 50/5 mg/mL (1 mL) Ampoule, Intramuscular",S2 - Projected Inventory,2026-04,0.0
Mozambique,MOH Supply Plan,"Norethisterone Enantate/Estradiol Valerate 50/5 mg/mL (1 mL) Ampoule, Intramuscular",S2 - Projected Inventory,2026-05,0.0
Mozambique,MOH Supply Plan,"Norethisterone Enantate/Estradiol Valerate 50/5 mg/mL (1 mL) Ampoule, Intramuscular",S2 - Projected Inventory,2026-06,0.0
Mozambique,MOH Supply Plan,"Norethisterone Enantate/Estradiol Valerate 50/5 mg/mL (1 mL) Ampoule, Intramuscular",S2 - Projected Inventory,2026-07,0.0
Mozambique,MOH Supply Plan,"Norethisterone Enantate/Estradiol Valerate 50/5 mg/mL (1 mL) Ampoule, Intramuscular",S2 - Projected Inventory,2026-08,0.0
Mozambique,MOH Supply Plan,"Norethisterone Enantate/Estradiol Valerate 50/5 mg/mL (1 mL) Ampoule, Intramuscular",S2 - Projected Inventory,2026-09,0.0
Mozambique,MOH Supply Plan,"Norethisterone Enantate/Estradiol Valerate 50/5 mg/mL (1 mL) Ampoule, Intramuscular",S2 - Projected Inventory,2026-10,0.0
Mozambique,MOH Supply Plan,"Norethisterone Enantate/Estradiol Valerate 50/5 mg/mL (1 mL) Ampoule, Intramuscular",S2 - Projected Inventory,2026-11,0.0
Mozambique,MOH Supply Plan,"Norethisterone Enantate/Estradiol Valerate 50/5 mg/mL (1 mL) Ampoule, Intramuscular",S2 - Projected Inventory,2026-12,0.0
Mozambique,MOH Supply Plan,"Norethisterone Enantate/Estradiol Valerate 50/5 mg/mL (1 mL) Ampoule, Intramuscular",S2 - Projected Inventory,2027-01,0.0
Mozambique,MOH Supply Plan,"Norethisterone Enantate/Estradiol Valerate 50/5 mg/mL (1 mL) Ampoule, Intramuscular",S2 - Projected Inventory,2027-02,0.0
Mozambique,MOH Supply Plan,"Norethisterone Enantate/Estradiol Valerate 50/5 mg/mL (1 mL) Ampoule, Intramuscular",S2 - Projected Inventory,2027-03,0.0
Mozambique,MOH Supply Plan,"Norethisterone Enantate/Estradiol Valerate 50/5 mg/mL (1 mL) Ampoule, Intramuscular",S2 - Projected Inventory,2027-04,0.0
Mozambique,MOH Supply Plan,"Norethisterone Enantate/Estradiol Valerate 50/5 mg/mL (1 mL) Ampoule, Intramuscular",S2 - Projected Inventory,2027-05,0.0
Mozambique,MOH Supply Plan,"Norethisterone Enantate/Estradiol Valerate 50/5 mg/mL (1 mL) Ampoule, Intramuscular",S2 - Projected Inventory,2027-06,0.0
Mozambique,MOH Supply Plan,"Norethisterone Enantate/Estradiol Valerate 50/5 mg/mL (1 mL) Ampoule, Intramuscular",S2 - Projected Inventory,2027-07,0.0
Mozambique,MOH Supply Plan,"Norethisterone Enantate/Estradiol Valerate 50/5 mg/mL (1 mL) Ampoule, Intramuscular",S2 - Projected Inventory,2027-08,0.0
Mozambique,MOH Supply Plan,"Norethisterone Enantate/Estradiol Valerate 50/5 mg/mL (1 mL) Ampoule, Intramuscular",S2 - Projected Inventory,2027-09,0.0
Mozambique,MOH Supply Plan,"Norethisterone Enantate/Estradiol Valerate 50/5 mg/mL (1 mL) Ampoule, Intramuscular",S2 - Projected Inventory,2027-10,0.0
Mozambique,MOH Supply Plan,"Norethisterone Enantate/Estradiol Valerate 50/5 mg/mL (1 mL) Ampoule, Intramuscular",S2 - Projected Inventory,2027-11,0.0
Mozambique,MOH Supply Plan,"Norethisterone Enantate/Estradiol Valerate 50/5 mg/mL (1 mL) Ampoule, Intramuscular",S2 - Projected Inventory,2027-12,0.0
Mozambique,MOH Supply Plan,"Norethisterone Enantate/Estradiol Valerate 50/5 mg/mL (1 mL) Ampoule, Intramuscular",S2 - Projected Inventory,2028-01,0.0
Mozambique,MOH Supply Plan,"Norethisterone Enantate/Estradiol Valerate 50/5 mg/mL (1 mL) Ampoule, Intramuscular",S2 - Projected Inventory,2028-02,0.0
Mozambique,MOH Supply Plan,"Norethisterone Enantate/Estradiol Valerate 50/5 mg/mL (1 mL) Ampoule, Intramuscular",S2 - Projected Inventory,2028-03,0.0
Mozambique,MOH Supply Plan,"Norethisterone Enantate/Estradiol Valerate 50/5 mg/mL (1 mL) Ampoule, Intramuscular",S2 - Projected Inventory,2028-04,0.0
Mozambique,MOH Supply Plan,"Norethisterone Enantate/Estradiol Valerate 50/5 mg/mL (1 mL) Ampoule, Intramuscular",S2 - Projected Inventory,2028-05,0.0
Mozambique,MOH Supply Plan,"Norethisterone Enantate/Estradiol Valerate 50/5 mg/mL (1 mL) Ampoule, Intramuscular",S2 - Projected Inventory,2028-06,0.0
Mozambique,MOH Supply Plan,"Norethisterone Enantate/Estradiol Valerate 50/5 mg/mL (1 mL) Ampoule, Intramuscular",S2 - Projected Inventory,2028-07,0.0
Mozambique,MOH Supply Plan,"Norethisterone Enantate/Estradiol Valerate 50/5 mg/mL (1 mL) Ampoule, Intramuscular",S2 - Projected Inventory,2028-08,0.0
Mozambique,No Supply Plan Available,"Medroxyprogesterone Acetate 104 mg/0.65 mL, Subcutaneous, Pre-Filled Device",Projected Inventory,2026-02,0.0
Mozambique,No Supply Plan Available,"Medroxyprogesterone Acetate 104 mg/0.65 mL, Subcutaneous, Pre-Filled Device",Projected Inventory,2026-03,0.0
Mozambique,No Supply Plan Available,"Medroxyprogesterone Acetate 104 mg/0.65 mL, Subcutaneous, Pre-Filled Device",Projected Inventory,2026-04,0.0
Mozambique,No Supply Plan Available,"Medroxyprogesterone Acetate 104 mg/0.65 mL, Subcutaneous, Pre-Filled Device",Projected Inventory,2026-05,0.0
Mozambique,No Supply Plan Available,"Medroxyprogesterone Acetate 104 mg/0.65 mL, Subcutaneous, Pre-Filled Device",Projected Inventory,2026-06,0.0
Mozambique,No Supply Plan Available,"Medroxyprogesterone Acetate 104 mg/0.65 mL, Subcutaneous, Pre-Filled Device",Projected Inventory,2026-07,0.0
Mozambique,No Supply Plan Available,"Medroxyprogesterone Acetate 104 mg/0.65 mL, Subcutaneous, Pre-Filled Device",Projected Inventory,2026-08,0.0
Mozambique,No Supply Plan Available,"Medroxyprogesterone Acetate 104 mg/0.65 mL, Subcutaneous, Pre-Filled Device",Projected Inventory,2026-09,0.0
Mozambique,No Supply Plan Available,"Medroxyprogesterone Acetate 104 mg/0.65 mL, Subcutaneous, Pre-Filled Device",Projected Inventory,2026-10,0.0
Mozambique,No Supply Plan Available,"Medroxyprogesterone Acetate 104 mg/0.65 mL, Subcutaneous, Pre-Filled Device",Projected Inventory,2026-11,0.0
Mozambique,No Supply Plan Available,"Medroxyprogesterone Acetate 104 mg/0.65 mL, Subcutaneous, Pre-Filled Device",Projected Inventory,2026-12,0.0
Mozambique,No Supply Plan Available,"Medroxyprogesterone Acetate 104 mg/0.65 mL, Subcutaneous, Pre-Filled Device",Projected Inventory,2027-01,0.0
Mozambique,No Supply Plan Available,"Medroxyprogesterone Acetate 104 mg/0.65 mL, Subcutaneous, Pre-Filled Device",Projected Inventory,2027-02,0.0
Mozambique,No Supply Plan Available,"Medroxyprogesterone Acetate 104 mg/0.65 mL, Subcutaneous, Pre-Filled Device",Projected Inventory,2027-03,0.0
Mozambique,No Supply Plan Available,"Medroxyprogesterone Acetate 104 mg/0.65 mL, Subcutaneous, Pre-Filled Device",Projected Inventory,2027-04,0.0
Mozambique,No Supply Plan Available,"Medroxyprogesterone Acetate 104 mg/0.65 mL, Subcutaneous, Pre-Filled Device",Projected Inventory,2027-05,0.0
Mozambique,No Supply Plan Available,"Medroxyprogesterone Acetate 104 mg/0.65 mL, Subcutaneous, Pre-Filled Device",Projected Inventory,2027-06,0.0
Mozambique,No Supply Plan Available,"Medroxyprogesterone Acetate 104 mg/0.65 mL, Subcutaneous, Pre-Filled Device",Projected Inventory,2027-07,0.0
Mozambique,No Supply Plan Available,"Medroxyprogesterone Acetate 104 mg/0.65 mL, Subcutaneous, Pre-Filled Device",Projected Inventory,2027-08,0.0
Mozambique,No Supply Plan Available,"Medroxyprogesterone Acetate 104 mg/0.65 mL, Subcutaneous, Pre-Filled Device",Projected Inventory,2027-09,0.0
Mozambique,No Supply Plan Available,"Medroxyprogesterone Acetate 104 mg/0.65 mL, Subcutaneous, Pre-Filled Device",Projected Inventory,2027-10,0.0
Mozambique,No Supply Plan Available,"Medroxyprogesterone Acetate 104 mg/0.65 mL, Subcutaneous, Pre-Filled Device",Projected Inventory,2027-11,0.0
Mozambique,No Supply Plan Available,"Medroxyprogesterone Acetate 104 mg/0.65 mL, Subcutaneous, Pre-Filled Device",Projected Inventory,2027-12,0.0
Mozambique,No Supply Plan Available,"Medroxyprogesterone Acetate 104 mg/0.65 mL, Subcutaneous, Pre-Filled Device",Projected Inventory,2028-01,0.0
Mozambique,No Supply Plan Available,"Medroxyprogesterone Acetate 104 mg/0.65 mL, Subcutaneous, Pre-Filled Device",Projected Inventory,2028-02,0.0
Mozambique,No Supply Plan Available,"Medroxyprogesterone Acetate 104 mg/0.65 mL, Subcutaneous, Pre-Filled Device",Projected Inventory,2028-03,0.0
Mozambique,No Supply Plan Available,"Medroxyprogesterone Acetate 104 mg/0.65 mL, Subcutaneous, Pre-Filled Device",Projected Inventory,2028-04,0.0
Mozambique,No Supply Plan Available,"Medroxyprogesterone Acetate 104 mg/0.65 mL, Subcutaneous, Pre-Filled Device",Projected Inventory,2028-05,0.0
Mozambique,No Supply Plan Available,"Medroxyprogesterone Acetate 104 mg/0.65 mL, Subcutaneous, Pre-Filled Device",Projected Inventory,2028-06,0.0
Mozambique,No Supply Plan Available,"Medroxyprogesterone Acetate 104 mg/0.65 mL, Subcutaneous, Pre-Filled Device",Projected Inventory,2028-07,0.0
Mozambique,No Supply Plan Available,"Medroxyprogesterone Acetate 104 mg/0.65 mL, Subcutaneous, Pre-Filled Device",Projected Inventory,2028-08,0.0
Mozambique,No Supply Plan Available,"Medroxyprogesterone Acetate 104 mg/0.65 mL, Subcutaneous, Pre-Filled Device",Projected MOS below min MOS Alert,2026-02,0.0
Mozambique,No Supply Plan Available,"Medroxyprogesterone Acetate 104 mg/0.65 mL, Subcutaneous, Pre-Filled Device",Projected MOS below min MOS Alert,2026-03,0.0
Mozambique,No Supply Plan Available,"Medroxyprogesterone Acetate 104 mg/0.65 mL, Subcutaneous, Pre-Filled Device",Projected MOS below min MOS Alert,2026-04,0.0
Mozambique,No Supply Plan Available,"Medroxyprogesterone Acetate 104 mg/0.65 mL, Subcutaneous, Pre-Filled Device",Projected MOS below min MOS Alert,2026-05,0.0
Mozambique,No Supply Plan Available,"Medroxyprogesterone Acetate 104 mg/0.65 mL, Subcutaneous, Pre-Filled Device",Projected MOS below min MOS Alert,2026-06,0.0
Mozambique,No Supply Plan Available,"Medroxyprogesterone Acetate 104 mg/0.65 mL, Subcutaneous, Pre-Filled Device",Projected MOS below min MOS Alert,2026-07,0.0
Mozambique,No Supply Plan Available,"Medroxyprogesterone Acetate 104 mg/0.65 mL, Subcutaneous, Pre-Filled Device",Projected MOS below min MOS Alert,2026-08,0.0
Mozambique,No Supply Plan Available,"Medroxyprogesterone Acetate 104 mg/0.65 mL, Subcutaneous, Pre-Filled Device",Projected MOS below min MOS Alert,2026-09,0.0
Mozambique,No Supply Plan Available,"Medroxyprogesterone Acetate 104 mg/0.65 mL, Subcutaneous, Pre-Filled Device",Projected MOS below min MOS Alert,2026-10,0.0
Mozambique,No Supply Plan Available,"Medroxyprogesterone Acetate 104 mg/0.65 mL, Subcutaneous, Pre-Filled Device",Projected MOS below min MOS Alert,2026-11,0.0
Mozambique,No Supply Plan Available,"Medroxyprogesterone Acetate 104 mg/0.65 mL, Subcutaneous, Pre-Filled Device",Projected MOS below min MOS Alert,2026-12,0.0
Mozambique,No Supply Plan Available,"Medroxyprogesterone Acetate 104 mg/0.65 mL, Subcutaneous, Pre-Filled Device",Projected MOS below min MOS Alert,2027-01,0.0
Mozambique,No Supply Plan Available,"Medroxyprogesterone Acetate 104 mg/0.65 mL, Subcutaneous, Pre-Filled Device",Projected MOS below min MOS Alert,2027-02,0.0
Mozambique,No Supply Plan Available,"Medroxyprogesterone Acetate 104 mg/0.65 mL, Subcutaneous, Pre-Filled Device",Projected MOS below min MOS Alert,2027-03,0.0
Mozambique,No Supply Plan Available,"Medroxyprogesterone Acetate 104 mg/0.65 mL, Subcutaneous, Pre-Filled Device",Projected MOS below min MOS Alert,2027-04,0.0
Mozambique,No Supply Plan Available,"Medroxyprogesterone Acetate 104 mg/0.65 mL, Subcutaneous, Pre-Filled Device",Projected MOS below min MOS Alert,2027-05,0.0
Mozambique,No Supply Plan Available,"Medroxyprogesterone Acetate 104 mg/0.65 mL, Subcutaneous, Pre-Filled Device",Projected MOS below min MOS Alert,2027-06,0.0
Mozambique,No Supply Plan Available,"Medroxyprogesterone Acetate 104 mg/0.65 mL, Subcutaneous, Pre-Filled Device",Projected MOS below min MOS Alert,2027-07,0.0
Mozambique,No Supply Plan Available,"Medroxyprogesterone Acetate 104 mg/0.65 mL, Subcutaneous, Pre-Filled Device",Projected MOS below min MOS Alert,2027-08,0.0
Mozambique,No Supply Plan Available,"Medroxyprogesterone Acetate 104 mg/0.65 mL, Subcutaneous, Pre-Filled Device",Projected MOS below min MOS Alert,2027-09,0.0
Mozambique,No Supply Plan Available,"Medroxyprogesterone Acetate 104 mg/0.65 mL, Subcutaneous, Pre-Filled Device",Projected MOS below min MOS Alert,2027-10,0.0
Mozambique,No Supply Plan Available,"Medroxyprogesterone Acetate 104 mg/0.65 mL, Subcutaneous, Pre-Filled Device",Projected MOS below min MOS Alert,2027-11,0.0
Mozambique,No Supply Plan Available,"Medroxyprogesterone Acetate 104 mg/0.65 mL, Subcutaneous, Pre-Filled Device",Projected MOS below min MOS Alert,2027-12,0.0
Mozambique,No Supply Plan Available,"Medroxyprogesterone Acetate 104 mg/0.65 mL, Subcutaneous, Pre-Filled Device",Projected MOS below min MOS Alert,2028-01,0.0
Mozambique,No Supply Plan Available,"Medroxyprogesterone Acetate 104 mg/0.65 mL, Subcutaneous, Pre-Filled Device",Projected MOS below min MOS Alert,2028-02,0.0
Mozambique,No Supply Plan Available,"Medroxyprogesterone Acetate 104 mg/0.65 mL, Subcutaneous, Pre-Filled Device",Projected MOS below min MOS Alert,2028-03,0.0
Mozambique,No Supply Plan Available,"Medroxyprogesterone Acetate 104 mg/0.65 mL, Subcutaneous, Pre-Filled Device",Projected MOS below min MOS Alert,2028-04,0.0
Mozambique,No Supply Plan Available,"Medroxyprogesterone Acetate 104 mg/0.65 mL, Subcutaneous, Pre-Filled Device",Projected MOS below min MOS Alert,2028-05,0.0
Mozambique,No Supply Plan Available,"Medroxyprogesterone Acetate 104 mg/0.65 mL, Subcutaneous, Pre-Filled Device",Projected MOS below min MOS Alert,2028-06,0.0
Mozambique,No Supply Plan Available,"Medroxyprogesterone Acetate 104 mg/0.65 mL, Subcutaneous, Pre-Filled Device",Projected MOS below min MOS Alert,2028-07,0.0
Mozambique,No Supply Plan Available,"Medroxyprogesterone Acetate 104 mg/0.65 mL, Subcutaneous, Pre-Filled Device",Projected MOS below min MOS Alert,2028-08,0.0
Mozambique,No Supply Plan Available,"Medroxyprogesterone Acetate 104 mg/0.65 mL, Subcutaneous, Pre-Filled Device",Projected MOS above max MOS Alert,2026-02,0.0
Mozambique,No Supply Plan Available,"Medroxyprogesterone Acetate 104 mg/0.65 mL, Subcutaneous, Pre-Filled Device",Projected MOS above max MOS Alert,2026-03,0.0
Mozambique,No Supply Plan Available,"Medroxyprogesterone Acetate 104 mg/0.65 mL, Subcutaneous, Pre-Filled Device",Projected MOS above max MOS Alert,2026-04,0.0
Mozambique,No Supply Plan Available,"Medroxyprogesterone Acetate 104 mg/0.65 mL, Subcutaneous, Pre-Filled Device",Projected MOS above max MOS Alert,2026-05,0.0
Mozambique,No Supply Plan Available,"Medroxyprogesterone Acetate 104 mg/0.65 mL, Subcutaneous, Pre-Filled Device",Projected MOS above max MOS Alert,2026-06,0.0
Mozambique,No Supply Plan Available,"Medroxyprogesterone Acetate 104 mg/0.65 mL, Subcutaneous, Pre-Filled Device",Projected MOS above max MOS Alert,2026-07,0.0
Mozambique,No Supply Plan Available,"Medroxyprogesterone Acetate 104 mg/0.65 mL, Subcutaneous, Pre-Filled Device",Projected MOS above max MOS Alert,2026-08,0.0
Mozambique,No Supply Plan Available,"Medroxyprogesterone Acetate 104 mg/0.65 mL, Subcutaneous, Pre-Filled Device",Projected MOS above max MOS Alert,2026-09,0.0
Mozambique,No Supply Plan Available,"Medroxyprogesterone Acetate 104 mg/0.65 mL, Subcutaneous, Pre-Filled Device",Projected MOS above max MOS Alert,2026-10,0.0
Mozambique,No Supply Plan Available,"Medroxyprogesterone Acetate 104 mg/0.65 mL, Subcutaneous, Pre-Filled Device",Projected MOS above max MOS Alert,2026-11,0.0
Mozambique,No Supply Plan Available,"Medroxyprogesterone Acetate 104 mg/0.65 mL, Subcutaneous, Pre-Filled Device",Projected MOS above max MOS Alert,2026-12,0.0
Mozambique,No Supply Plan Available,"Medroxyprogesterone Acetate 104 mg/0.65 mL, Subcutaneous, Pre-Filled Device",Projected MOS above max MOS Alert,2027-01,0.0
Mozambique,No Supply Plan Available,"Medroxyprogesterone Acetate 104 mg/0.65 mL, Subcutaneous, Pre-Filled Device",Projected MOS above max MOS Alert,2027-02,0.0
Mozambique,No Supply Plan Available,"Medroxyprogesterone Acetate 104 mg/0.65 mL, Subcutaneous, Pre-Filled Device",Projected MOS above max MOS Alert,2027-03,0.0
Mozambique,No Supply Plan Available,"Medroxyprogesterone Acetate 104 mg/0.65 mL, Subcutaneous, Pre-Filled Device",Projected MOS above max MOS Alert,2027-04,0.0
Mozambique,No Supply Plan Available,"Medroxyprogesterone Acetate 104 mg/0.65 mL, Subcutaneous, Pre-Filled Device",Projected MOS above max MOS Alert,2027-05,0.0
Mozambique,No Supply Plan Available,"Medroxyprogesterone Acetate 104 mg/0.65 mL, Subcutaneous, Pre-Filled Device",Projected MOS above max MOS Alert,2027-06,0.0
Mozambique,No Supply Plan Available,"Medroxyprogesterone Acetate 104 mg/0.65 mL, Subcutaneous, Pre-Filled Device",Projected MOS above max MOS Alert,2027-07,0.0
Mozambique,No Supply Plan Available,"Medroxyprogesterone Acetate 104 mg/0.65 mL, Subcutaneous, Pre-Filled Device",Projected MOS above max MOS Alert,2027-08,0.0
Mozambique,No Supply Plan Available,"Medroxyprogesterone Acetate 104 mg/0.65 mL, Subcutaneous, Pre-Filled Device",Projected MOS above max MOS Alert,2027-09,0.0
Mozambique,No Supply Plan Available,"Medroxyprogesterone Acetate 104 mg/0.65 mL, Subcutaneous, Pre-Filled Device",Projected MOS above max MOS Alert,2027-10,0.0
Mozambique,No Supply Plan Available,"Medroxyprogesterone Acetate 104 mg/0.65 mL, Subcutaneous, Pre-Filled Device",Projected MOS above max MOS Alert,2027-11,0.0
Mozambique,No Supply Plan Available,"Medroxyprogesterone Acetate 104 mg/0.65 mL, Subcutaneous, Pre-Filled Device",Projected MOS above max MOS Alert,2027-12,0.0
Mozambique,No Supply Plan Available,"Medroxyprogesterone Acetate 104 mg/0.65 mL, Subcutaneous, Pre-Filled Device",Projected MOS above max MOS Alert,2028-01,0.0
Mozambique,No Supply Plan Available,"Medroxyprogesterone Acetate 104 mg/0.65 mL, Subcutaneous, Pre-Filled Device",Projected MOS above max MOS Alert,2028-02,0.0
Mozambique,No Supply Plan Available,"Medroxyprogesterone Acetate 104 mg/0.65 mL, Subcutaneous, Pre-Filled Device",Projected MOS above max MOS Alert,2028-03,0.0
Mozambique,No Supply Plan Available,"Medroxyprogesterone Acetate 104 mg/0.65 mL, Subcutaneous, Pre-Filled Device",Projected MOS above max MOS Alert,2028-04,0.0
Mozambique,No Supply Plan Available,"Medroxyprogesterone Acetate 104 mg/0.65 mL, Subcutaneous, Pre-Filled Device",Projected MOS above max MOS Alert,2028-05,0.0
Mozambique,No Supply Plan Available,"Medroxyprogesterone Acetate 104 mg/0.65 mL, Subcutaneous, Pre-Filled Device",Projected MOS above max MOS Alert,2028-06,0.0
Mozambique,No Supply Plan Available,"Medroxyprogesterone Acetate 104 mg/0.65 mL, Subcutaneous, Pre-Filled Device",Projected MOS above max MOS Alert,2028-07,0.0
Mozambique,No Supply Plan Available,"Medroxyprogesterone Acetate 104 mg/0.65 mL, Subcutaneous, Pre-Filled Device",Projected MOS above max MOS Alert,2028-08,0.0
Mozambique,No Supply Plan Available,"Medroxyprogesterone Acetate 104 mg/0.65 mL, Subcutaneous, Pre-Filled Device",S1 - Projected Inventory,2026-02,0.0
Mozambique,No Supply Plan Available,"Medroxyprogesterone Acetate 104 mg/0.65 mL, Subcutaneous, Pre-Filled Device",S1 - Projected Inventory,2026-03,0.0
Mozambique,No Supply Plan Available,"Medroxyprogesterone Acetate 104 mg/0.65 mL, Subcutaneous, Pre-Filled Device",S1 - Projected Inventory,2026-04,0.0
Mozambique,No Supply Plan Available,"Medroxyprogesterone Acetate 104 mg/0.65 mL, Subcutaneous, Pre-Filled Device",S1 - Projected Inventory,2026-05,0.0
Mozambique,No Supply Plan Available,"Medroxyprogesterone Acetate 104 mg/0.65 mL, Subcutaneous, Pre-Filled Device",S1 - Projected Inventory,2026-06,0.0
Mozambique,No Supply Plan Available,"Medroxyprogesterone Acetate 104 mg/0.65 mL, Subcutaneous, Pre-Filled Device",S1 - Projected Inventory,2026-07,0.0
Mozambique,No Supply Plan Available,"Medroxyprogesterone Acetate 104 mg/0.65 mL, Subcutaneous, Pre-Filled Device",S1 - Projected Inventory,2026-08,0.0
Mozambique,No Supply Plan Available,"Medroxyprogesterone Acetate 104 mg/0.65 mL, Subcutaneous, Pre-Filled Device",S1 - Projected Inventory,2026-09,0.0
Mozambique,No Supply Plan Available,"Medroxyprogesterone Acetate 104 mg/0.65 mL, Subcutaneous, Pre-Filled Device",S1 - Projected Inventory,2026-10,0.0
Mozambique,No Supply Plan Available,"Medroxyprogesterone Acetate 104 mg/0.65 mL, Subcutaneous, Pre-Filled Device",S1 - Projected Inventory,2026-11,0.0
Mozambique,No Supply Plan Available,"Medroxyprogesterone Acetate 104 mg/0.65 mL, Subcutaneous, Pre-Filled Device",S1 - Projected Inventory,2026-12,0.0
Mozambique,No Supply Plan Available,"Medroxyprogesterone Acetate 104 mg/0.65 mL, Subcutaneous, Pre-Filled Device",S1 - Projected Inventory,2027-01,0.0
Mozambique,No Supply Plan Available,"Medroxyprogesterone Acetate 104 mg/0.65 mL, Subcutaneous, Pre-Filled Device",S1 - Projected Inventory,2027-02,0.0
Mozambique,No Supply Plan Available,"Medroxyprogesterone Acetate 104 mg/0.65 mL, Subcutaneous, Pre-Filled Device",S1 - Projected Inventory,2027-03,0.0
Mozambique,No Supply Plan Available,"Medroxyprogesterone Acetate 104 mg/0.65 mL, Subcutaneous, Pre-Filled Device",S1 - Projected Inventory,2027-04,0.0
Mozambique,No Supply Plan Available,"Medroxyprogesterone Acetate 104 mg/0.65 mL, Subcutaneous, Pre-Filled Device",S1 - Projected Inventory,2027-05,0.0
Mozambique,No Supply Plan Available,"Medroxyprogesterone Acetate 104 mg/0.65 mL, Subcutaneous, Pre-Filled Device",S1 - Projected Inventory,2027-06,0.0
Mozambique,No Supply Plan Available,"Medroxyprogesterone Acetate 104 mg/0.65 mL, Subcutaneous, Pre-Filled Device",S1 - Projected Inventory,2027-07,0.0
Mozambique,No Supply Plan Available,"Medroxyprogesterone Acetate 104 mg/0.65 mL, Subcutaneous, Pre-Filled Device",S1 - Projected Inventory,2027-08,0.0
Mozambique,No Supply Plan Available,"Medroxyprogesterone Acetate 104 mg/0.65 mL, Subcutaneous, Pre-Filled Device",S1 - Projected Inventory,2027-09,0.0
Mozambique,No Supply Plan Available,"Medroxyprogesterone Acetate 104 mg/0.65 mL, Subcutaneous, Pre-Filled Device",S1 - Projected Inventory,2027-10,0.0
Mozambique,No Supply Plan Available,"Medroxyprogesterone Acetate 104 mg/0.65 mL, Subcutaneous, Pre-Filled Device",S1 - Projected Inventory,2027-11,0.0
Mozambique,No Supply Plan Available,"Medroxyprogesterone Acetate 104 mg/0.65 mL, Subcutaneous, Pre-Filled Device",S1 - Projected Inventory,2027-12,0.0
Mozambique,No Supply Plan Available,"Medroxyprogesterone Acetate 104 mg/0.65 mL, Subcutaneous, Pre-Filled Device",S1 - Projected Inventory,2028-01,0.0
Mozambique,No Supply Plan Available,"Medroxyprogesterone Acetate 104 mg/0.65 mL, Subcutaneous, Pre-Filled Device",S1 - Projected Inventory,2028-02,0.0
Mozambique,No Supply Plan Available,"Medroxyprogesterone Acetate 104 mg/0.65 mL, Subcutaneous, Pre-Filled Device",S1 - Projected Inventory,2028-03,0.0
Mozambique,No Supply Plan Available,"Medroxyprogesterone Acetate 104 mg/0.65 mL, Subcutaneous, Pre-Filled Device",S1 - Projected Inventory,2028-04,0.0
Mozambique,No Supply Plan Available,"Medroxyprogesterone Acetate 104 mg/0.65 mL, Subcutaneous, Pre-Filled Device",S1 - Projected Inventory,2028-05,0.0
Mozambique,No Supply Plan Available,"Medroxyprogesterone Acetate 104 mg/0.65 mL, Subcutaneous, Pre-Filled Device",S1 - Projected Inventory,2028-06,0.0
Mozambique,No Supply Plan Available,"Medroxyprogesterone Acetate 104 mg/0.65 mL, Subcutaneous, Pre-Filled Device",S1 - Projected Inventory,2028-07,0.0
Mozambique,No Supply Plan Available,"Medroxyprogesterone Acetate 104 mg/0.65 mL, Subcutaneous, Pre-Filled Device",S1 - Projected Inventory,2028-08,0.0
Mozambique,No Supply Plan Available,"Medroxyprogesterone Acetate 104 mg/0.65 mL, Subcutaneous, Pre-Filled Device",S2 - Projected Inventory,2026-02,0.0
Mozambique,No Supply Plan Available,"Medroxyprogesterone Acetate 104 mg/0.65 mL, Subcutaneous, Pre-Filled Device",S2 - Projected Inventory,2026-03,0.0
Mozambique,No Supply Plan Available,"Medroxyprogesterone Acetate 104 mg/0.65 mL, Subcutaneous, Pre-Filled Device",S2 - Projected Inventory,2026-04,0.0
Mozambique,No Supply Plan Available,"Medroxyprogesterone Acetate 104 mg/0.65 mL, Subcutaneous, Pre-Filled Device",S2 - Projected Inventory,2026-05,0.0
Mozambique,No Supply Plan Available,"Medroxyprogesterone Acetate 104 mg/0.65 mL, Subcutaneous, Pre-Filled Device",S2 - Projected Inventory,2026-06,0.0
Mozambique,No Supply Plan Available,"Medroxyprogesterone Acetate 104 mg/0.65 mL, Subcutaneous, Pre-Filled Device",S2 - Projected Inventory,2026-07,0.0
Mozambique,No Supply Plan Available,"Medroxyprogesterone Acetate 104 mg/0.65 mL, Subcutaneous, Pre-Filled Device",S2 - Projected Inventory,2026-08,0.0
Mozambique,No Supply Plan Available,"Medroxyprogesterone Acetate 104 mg/0.65 mL, Subcutaneous, Pre-Filled Device",S2 - Projected Inventory,2026-09,0.0
Mozambique,No Supply Plan Available,"Medroxyprogesterone Acetate 104 mg/0.65 mL, Subcutaneous, Pre-Filled Device",S2 - Projected Inventory,2026-10,0.0
Mozambique,No Supply Plan Available,"Medroxyprogesterone Acetate 104 mg/0.65 mL, Subcutaneous, Pre-Filled Device",S2 - Projected Inventory,2026-11,0.0
Mozambique,No Supply Plan Available,"Medroxyprogesterone Acetate 104 mg/0.65 mL, Subcutaneous, Pre-Filled Device",S2 - Projected Inventory,2026-12,0.0
Mozambique,No Supply Plan Available,"Medroxyprogesterone Acetate 104 mg/0.65 mL, Subcutaneous, Pre-Filled Device",S2 - Projected Inventory,2027-01,0.0
Mozambique,No Supply Plan Available,"Medroxyprogesterone Acetate 104 mg/0.65 mL, Subcutaneous, Pre-Filled Device",S2 - Projected Inventory,2027-02,0.0
Mozambique,No Supply Plan Available,"Medroxyprogesterone Acetate 104 mg/0.65 mL, Subcutaneous, Pre-Filled Device",S2 - Projected Inventory,2027-03,0.0
Mozambique,No Supply Plan Available,"Medroxyprogesterone Acetate 104 mg/0.65 mL, Subcutaneous, Pre-Filled Device",S2 - Projected Inventory,2027-04,0.0
Mozambique,No Supply Plan Available,"Medroxyprogesterone Acetate 104 mg/0.65 mL, Subcutaneous, Pre-Filled Device",S2 - Projected Inventory,2027-05,0.0
Mozambique,No Supply Plan Available,"Medroxyprogesterone Acetate 104 mg/0.65 mL, Subcutaneous, Pre-Filled Device",S2 - Projected Inventory,2027-06,0.0
Mozambique,No Supply Plan Available,"Medroxyprogesterone Acetate 104 mg/0.65 mL, Subcutaneous, Pre-Filled Device",S2 - Projected Inventory,2027-07,0.0
Mozambique,No Supply Plan Available,"Medroxyprogesterone Acetate 104 mg/0.65 mL, Subcutaneous, Pre-Filled Device",S2 - Projected Inventory,2027-08,0.0
Mozambique,No Supply Plan Available,"Medroxyprogesterone Acetate 104 mg/0.65 mL, Subcutaneous, Pre-Filled Device",S2 - Projected Inventory,2027-09,0.0
Mozambique,No Supply Plan Available,"Medroxyprogesterone Acetate 104 mg/0.65 mL, Subcutaneous, Pre-Filled Device",S2 - Projected Inventory,2027-10,0.0
Mozambique,No Supply Plan Available,"Medroxyprogesterone Acetate 104 mg/0.65 mL, Subcutaneous, Pre-Filled Device",S2 - Projected Inventory,2027-11,0.0
Mozambique,No Supply Plan Available,"Medroxyprogesterone Acetate 104 mg/0.65 mL, Subcutaneous, Pre-Filled Device",S2 - Projected Inventory,2027-12,0.0
Mozambique,No Supply Plan Available,"Medroxyprogesterone Acetate 104 mg/0.65 mL, Subcutaneous, Pre-Filled Device",S2 - Projected Inventory,2028-01,0.0
Mozambique,No Supply Plan Available,"Medroxyprogesterone Acetate 104 mg/0.65 mL, Subcutaneous, Pre-Filled Device",S2 - Projected Inventory,2028-02,0.0
Mozambique,No Supply Plan Available,"Medroxyprogesterone Acetate 104 mg/0.65 mL, Subcutaneous, Pre-Filled Device",S2 - Projected Inventory,2028-03,0.0
Mozambique,No Supply Plan Available,"Medroxyprogesterone Acetate 104 mg/0.65 mL, Subcutaneous, Pre-Filled Device",S2 - Projected Inventory,2028-04,0.0
Mozambique,No Supply Plan Available,"Medroxyprogesterone Acetate 104 mg/0.65 mL, Subcutaneous, Pre-Filled Device",S2 - Projected Inventory,2028-05,0.0
Mozambique,No Supply Plan Available,"Medroxyprogesterone Acetate 104 mg/0.65 mL, Subcutaneous, Pre-Filled Device",S2 - Projected Inventory,2028-06,0.0
Mozambique,No Supply Plan Available,"Medroxyprogesterone Acetate 104 mg/0.65 mL, Subcutaneous, Pre-Filled Device",S2 - Projected Inventory,2028-07,0.0
Mozambique,No Supply Plan Available,"Medroxyprogesterone Acetate 104 mg/0.65 mL, Subcutaneous, Pre-Filled Device",S2 - Projected Inventory,2028-08,0.0
Mozambique,No Supply Plan Available,"Medroxyprogesterone Acetate 150 mg/mL (1 mL) Vial, Intramuscular",Projected Inventory,2026-02,0.0
Mozambique,No Supply Plan Available,"Medroxyprogesterone Acetate 150 mg/mL (1 mL) Vial, Intramuscular",Projected Inventory,2026-03,0.0
Mozambique,No Supply Plan Available,"Medroxyprogesterone Acetate 150 mg/mL (1 mL) Vial, Intramuscular",Projected Inventory,2026-04,0.0
Mozambique,No Supply Plan Available,"Medroxyprogesterone Acetate 150 mg/mL (1 mL) Vial, Intramuscular",Projected Inventory,2026-05,0.0
Mozambique,No Supply Plan Available,"Medroxyprogesterone Acetate 150 mg/mL (1 mL) Vial, Intramuscular",Projected Inventory,2026-06,0.0
Mozambique,No Supply Plan Available,"Medroxyprogesterone Acetate 150 mg/mL (1 mL) Vial, Intramuscular",Projected Inventory,2026-07,0.0
Mozambique,No Supply Plan Available,"Medroxyprogesterone Acetate 150 mg/mL (1 mL) Vial, Intramuscular",Projected Inventory,2026-08,0.0
Mozambique,No Supply Plan Available,"Medroxyprogesterone Acetate 150 mg/mL (1 mL) Vial, Intramuscular",Projected Inventory,2026-09,0.0
Mozambique,No Supply Plan Available,"Medroxyprogesterone Acetate 150 mg/mL (1 mL) Vial, Intramuscular",Projected Inventory,2026-10,0.0
Mozambique,No Supply Plan Available,"Medroxyprogesterone Acetate 150 mg/mL (1 mL) Vial, Intramuscular",Projected Inventory,2026-11,0.0
Mozambique,No Supply Plan Available,"Medroxyprogesterone Acetate 150 mg/mL (1 mL) Vial, Intramuscular",Projected Inventory,2026-12,0.0
Mozambique,No Supply Plan Available,"Medroxyprogesterone Acetate 150 mg/mL (1 mL) Vial, Intramuscular",Projected Inventory,2027-01,0.0
Mozambique,No Supply Plan Available,"Medroxyprogesterone Acetate 150 mg/mL (1 mL) Vial, Intramuscular",Projected Inventory,2027-02,0.0
Mozambique,No Supply Plan Available,"Medroxyprogesterone Acetate 150 mg/mL (1 mL) Vial, Intramuscular",Projected Inventory,2027-03,0.0
Mozambique,No Supply Plan Available,"Medroxyprogesterone Acetate 150 mg/mL (1 mL) Vial, Intramuscular",Projected Inventory,2027-04,0.0
Mozambique,No Supply Plan Available,"Medroxyprogesterone Acetate 150 mg/mL (1 mL) Vial, Intramuscular",Projected Inventory,2027-05,0.0
Mozambique,No Supply Plan Available,"Medroxyprogesterone Acetate 150 mg/mL (1 mL) Vial, Intramuscular",Projected Inventory,2027-06,0.0
Mozambique,No Supply Plan Available,"Medroxyprogesterone Acetate 150 mg/mL (1 mL) Vial, Intramuscular",Projected Inventory,2027-07,0.0
Mozambique,No Supply Plan Available,"Medroxyprogesterone Acetate 150 mg/mL (1 mL) Vial, Intramuscular",Projected Inventory,2027-08,0.0
Mozambique,No Supply Plan Available,"Medroxyprogesterone Acetate 150 mg/mL (1 mL) Vial, Intramuscular",Projected Inventory,2027-09,0.0
Mozambique,No Supply Plan Available,"Medroxyprogesterone Acetate 150 mg/mL (1 mL) Vial, Intramuscular",Projected Inventory,2027-10,0.0
Mozambique,No Supply Plan Available,"Medroxyprogesterone Acetate 150 mg/mL (1 mL) Vial, Intramuscular",Projected Inventory,2027-11,0.0
Mozambique,No Supply Plan Available,"Medroxyprogesterone Acetate 150 mg/mL (1 mL) Vial, Intramuscular",Projected Inventory,2027-12,0.0
Mozambique,No Supply Plan Available,"Medroxyprogesterone Acetate 150 mg/mL (1 mL) Vial, Intramuscular",Projected Inventory,2028-01,0.0
Mozambique,No Supply Plan Available,"Medroxyprogesterone Acetate 150 mg/mL (1 mL) Vial, Intramuscular",Projected Inventory,2028-02,0.0
Mozambique,No Supply Plan Available,"Medroxyprogesterone Acetate 150 mg/mL (1 mL) Vial, Intramuscular",Projected Inventory,2028-03,0.0
Mozambique,No Supply Plan Available,"Medroxyprogesterone Acetate 150 mg/mL (1 mL) Vial, Intramuscular",Projected Inventory,2028-04,0.0
Mozambique,No Supply Plan Available,"Medroxyprogesterone Acetate 150 mg/mL (1 mL) Vial, Intramuscular",Projected Inventory,2028-05,0.0
Mozambique,No Supply Plan Available,"Medroxyprogesterone Acetate 150 mg/mL (1 mL) Vial, Intramuscular",Projected Inventory,2028-06,0.0
Mozambique,No Supply Plan Available,"Medroxyprogesterone Acetate 150 mg/mL (1 mL) Vial, Intramuscular",Projected Inventory,2028-07,0.0
Mozambique,No Supply Plan Available,"Medroxyprogesterone Acetate 150 mg/mL (1 mL) Vial, Intramuscular",Projected Inventory,2028-08,0.0
Mozambique,No Supply Plan Available,"Medroxyprogesterone Acetate 150 mg/mL (1 mL) Vial, Intramuscular",Projected MOS below min MOS Alert,2026-02,0.0
Mozambique,No Supply Plan Available,"Medroxyprogesterone Acetate 150 mg/mL (1 mL) Vial, Intramuscular",Projected MOS below min MOS Alert,2026-03,0.0
Mozambique,No Supply Plan Available,"Medroxyprogesterone Acetate 150 mg/mL (1 mL) Vial, Intramuscular",Projected MOS below min MOS Alert,2026-04,0.0
Mozambique,No Supply Plan Available,"Medroxyprogesterone Acetate 150 mg/mL (1 mL) Vial, Intramuscular",Projected MOS below min MOS Alert,2026-05,0.0
Mozambique,No Supply Plan Available,"Medroxyprogesterone Acetate 150 mg/mL (1 mL) Vial, Intramuscular",Projected MOS below min MOS Alert,2026-06,0.0
Mozambique,No Supply Plan Available,"Medroxyprogesterone Acetate 150 mg/mL (1 mL) Vial, Intramuscular",Projected MOS below min MOS Alert,2026-07,0.0
Mozambique,No Supply Plan Available,"Medroxyprogesterone Acetate 150 mg/mL (1 mL) Vial, Intramuscular",Projected MOS below min MOS Alert,2026-08,0.0
Mozambique,No Supply Plan Available,"Medroxyprogesterone Acetate 150 mg/mL (1 mL) Vial, Intramuscular",Projected MOS below min MOS Alert,2026-09,0.0
Mozambique,No Supply Plan Available,"Medroxyprogesterone Acetate 150 mg/mL (1 mL) Vial, Intramuscular",Projected MOS below min MOS Alert,2026-10,0.0
Mozambique,No Supply Plan Available,"Medroxyprogesterone Acetate 150 mg/mL (1 mL) Vial, Intramuscular",Projected MOS below min MOS Alert,2026-11,0.0
Mozambique,No Supply Plan Available,"Medroxyprogesterone Acetate 150 mg/mL (1 mL) Vial, Intramuscular",Projected MOS below min MOS Alert,2026-12,0.0
Mozambique,No Supply Plan Available,"Medroxyprogesterone Acetate 150 mg/mL (1 mL) Vial, Intramuscular",Projected MOS below min MOS Alert,2027-01,0.0
Mozambique,No Supply Plan Available,"Medroxyprogesterone Acetate 150 mg/mL (1 mL) Vial, Intramuscular",Projected MOS below min MOS Alert,2027-02,0.0
Mozambique,No Supply Plan Available,"Medroxyprogesterone Acetate 150 mg/mL (1 mL) Vial, Intramuscular",Projected MOS below min MOS Alert,2027-03,0.0
Mozambique,No Supply Plan Available,"Medroxyprogesterone Acetate 150 mg/mL (1 mL) Vial, Intramuscular",Projected MOS below min MOS Alert,2027-04,0.0
Mozambique,No Supply Plan Available,"Medroxyprogesterone Acetate 150 mg/mL (1 mL) Vial, Intramuscular",Projected MOS below min MOS Alert,2027-05,0.0
Mozambique,No Supply Plan Available,"Medroxyprogesterone Acetate 150 mg/mL (1 mL) Vial, Intramuscular",Projected MOS below min MOS Alert,2027-06,0.0
Mozambique,No Supply Plan Available,"Medroxyprogesterone Acetate 150 mg/mL (1 mL) Vial, Intramuscular",Projected MOS below min MOS Alert,2027-07,0.0
Mozambique,No Supply Plan Available,"Medroxyprogesterone Acetate 150 mg/mL (1 mL) Vial, Intramuscular",Projected MOS below min MOS Alert,2027-08,0.0
Mozambique,No Supply Plan Available,"Medroxyprogesterone Acetate 150 mg/mL (1 mL) Vial, Intramuscular",Projected MOS below min MOS Alert,2027-09,0.0
Mozambique,No Supply Plan Available,"Medroxyprogesterone Acetate 150 mg/mL (1 mL) Vial, Intramuscular",Projected MOS below min MOS Alert,2027-10,0.0
Mozambique,No Supply Plan Available,"Medroxyprogesterone Acetate 150 mg/mL (1 mL) Vial, Intramuscular",Projected MOS below min MOS Alert,2027-11,0.0
Mozambique,No Supply Plan Available,"Medroxyprogesterone Acetate 150 mg/mL (1 mL) Vial, Intramuscular",Projected MOS below min MOS Alert,2027-12,0.0
Mozambique,No Supply Plan Available,"Medroxyprogesterone Acetate 150 mg/mL (1 mL) Vial, Intramuscular",Projected MOS below min MOS Alert,2028-01,0.0
Mozambique,No Supply Plan Available,"Medroxyprogesterone Acetate 150 mg/mL (1 mL) Vial, Intramuscular",Projected MOS below min MOS Alert,2028-02,0.0
Mozambique,No Supply Plan Available,"Medroxyprogesterone Acetate 150 mg/mL (1 mL) Vial, Intramuscular",Projected MOS below min MOS Alert,2028-03,0.0
Mozambique,No Supply Plan Available,"Medroxyprogesterone Acetate 150 mg/mL (1 mL) Vial, Intramuscular",Projected MOS below min MOS Alert,2028-04,0.0
Mozambique,No Supply Plan Available,"Medroxyprogesterone Acetate 150 mg/mL (1 mL) Vial, Intramuscular",Projected MOS below min MOS Alert,2028-05,0.0
Mozambique,No Supply Plan Available,"Medroxyprogesterone Acetate 150 mg/mL (1 mL) Vial, Intramuscular",Projected MOS below min MOS Alert,2028-06,0.0
Mozambique,No Supply Plan Available,"Medroxyprogesterone Acetate 150 mg/mL (1 mL) Vial, Intramuscular",Projected MOS below min MOS Alert,2028-07,0.0
Mozambique,No Supply Plan Available,"Medroxyprogesterone Acetate 150 mg/mL (1 mL) Vial, Intramuscular",Projected MOS below min MOS Alert,2028-08,0.0
Mozambique,No Supply Plan Available,"Medroxyprogesterone Acetate 150 mg/mL (1 mL) Vial, Intramuscular",Projected MOS above max MOS Alert,2026-02,0.0
Mozambique,No Supply Plan Available,"Medroxyprogesterone Acetate 150 mg/mL (1 mL) Vial, Intramuscular",Projected MOS above max MOS Alert,2026-03,0.0
Mozambique,No Supply Plan Available,"Medroxyprogesterone Acetate 150 mg/mL (1 mL) Vial, Intramuscular",Projected MOS above max MOS Alert,2026-04,0.0
Mozambique,No Supply Plan Available,"Medroxyprogesterone Acetate 150 mg/mL (1 mL) Vial, Intramuscular",Projected MOS above max MOS Alert,2026-05,0.0
Mozambique,No Supply Plan Available,"Medroxyprogesterone Acetate 150 mg/mL (1 mL) Vial, Intramuscular",Projected MOS above max MOS Alert,2026-06,0.0
Mozambique,No Supply Plan Available,"Medroxyprogesterone Acetate 150 mg/mL (1 mL) Vial, Intramuscular",Projected MOS above max MOS Alert,2026-07,0.0
Mozambique,No Supply Plan Available,"Medroxyprogesterone Acetate 150 mg/mL (1 mL) Vial, Intramuscular",Projected MOS above max MOS Alert,2026-08,0.0
Mozambique,No Supply Plan Available,"Medroxyprogesterone Acetate 150 mg/mL (1 mL) Vial, Intramuscular",Projected MOS above max MOS Alert,2026-09,0.0
Mozambique,No Supply Plan Available,"Medroxyprogesterone Acetate 150 mg/mL (1 mL) Vial, Intramuscular",Projected MOS above max MOS Alert,2026-10,0.0
Mozambique,No Supply Plan Available,"Medroxyprogesterone Acetate 150 mg/mL (1 mL) Vial, Intramuscular",Projected MOS above max MOS Alert,2026-11,0.0
Mozambique,No Supply Plan Available,"Medroxyprogesterone Acetate 150 mg/mL (1 mL) Vial, Intramuscular",Projected MOS above max MOS Alert,2026-12,0.0
Mozambique,No Supply Plan Available,"Medroxyprogesterone Acetate 150 mg/mL (1 mL) Vial, Intramuscular",Projected MOS above max MOS Alert,2027-01,0.0
Mozambique,No Supply Plan Available,"Medroxyprogesterone Acetate 150 mg/mL (1 mL) Vial, Intramuscular",Projected MOS above max MOS Alert,2027-02,0.0
Mozambique,No Supply Plan Available,"Medroxyprogesterone Acetate 150 mg/mL (1 mL) Vial, Intramuscular",Projected MOS above max MOS Alert,2027-03,0.0
Mozambique,No Supply Plan Available,"Medroxyprogesterone Acetate 150 mg/mL (1 mL) Vial, Intramuscular",Projected MOS above max MOS Alert,2027-04,0.0
Mozambique,No Supply Plan Available,"Medroxyprogesterone Acetate 150 mg/mL (1 mL) Vial, Intramuscular",Projected MOS above max MOS Alert,2027-05,0.0
Mozambique,No Supply Plan Available,"Medroxyprogesterone Acetate 150 mg/mL (1 mL) Vial, Intramuscular",Projected MOS above max MOS Alert,2027-06,0.0
Mozambique,No Supply Plan Available,"Medroxyprogesterone Acetate 150 mg/mL (1 mL) Vial, Intramuscular",Projected MOS above max MOS Alert,2027-07,0.0
Mozambique,No Supply Plan Available,"Medroxyprogesterone Acetate 150 mg/mL (1 mL) Vial, Intramuscular",Projected MOS above max MOS Alert,2027-08,0.0
Mozambique,No Supply Plan Available,"Medroxyprogesterone Acetate 150 mg/mL (1 mL) Vial, Intramuscular",Projected MOS above max MOS Alert,2027-09,0.0
Mozambique,No Supply Plan Available,"Medroxyprogesterone Acetate 150 mg/mL (1 mL) Vial, Intramuscular",Projected MOS above max MOS Alert,2027-10,0.0
Mozambique,No Supply Plan Available,"Medroxyprogesterone Acetate 150 mg/mL (1 mL) Vial, Intramuscular",Projected MOS above max MOS Alert,2027-11,0.0
Mozambique,No Supply Plan Available,"Medroxyprogesterone Acetate 150 mg/mL (1 mL) Vial, Intramuscular",Projected MOS above max MOS Alert,2027-12,0.0
Mozambique,No Supply Plan Available,"Medroxyprogesterone Acetate 150 mg/mL (1 mL) Vial, Intramuscular",Projected MOS above max MOS Alert,2028-01,0.0
Mozambique,No Supply Plan Available,"Medroxyprogesterone Acetate 150 mg/mL (1 mL) Vial, Intramuscular",Projected MOS above max MOS Alert,2028-02,0.0
Mozambique,No Supply Plan Available,"Medroxyprogesterone Acetate 150 mg/mL (1 mL) Vial, Intramuscular",Projected MOS above max MOS Alert,2028-03,0.0
Mozambique,No Supply Plan Available,"Medroxyprogesterone Acetate 150 mg/mL (1 mL) Vial, Intramuscular",Projected MOS above max MOS Alert,2028-04,0.0
Mozambique,No Supply Plan Available,"Medroxyprogesterone Acetate 150 mg/mL (1 mL) Vial, Intramuscular",Projected MOS above max MOS Alert,2028-05,0.0
Mozambique,No Supply Plan Available,"Medroxyprogesterone Acetate 150 mg/mL (1 mL) Vial, Intramuscular",Projected MOS above max MOS Alert,2028-06,0.0
Mozambique,No Supply Plan Available,"Medroxyprogesterone Acetate 150 mg/mL (1 mL) Vial, Intramuscular",Projected MOS above max MOS Alert,2028-07,0.0
Mozambique,No Supply Plan Available,"Medroxyprogesterone Acetate 150 mg/mL (1 mL) Vial, Intramuscular",Projected MOS above max MOS Alert,2028-08,0.0
Mozambique,No Supply Plan Available,"Medroxyprogesterone Acetate 150 mg/mL (1 mL) Vial, Intramuscular",S1 - Projected Inventory,2026-02,0.0
Mozambique,No Supply Plan Available,"Medroxyprogesterone Acetate 150 mg/mL (1 mL) Vial, Intramuscular",S1 - Projected Inventory,2026-03,0.0
Mozambique,No Supply Plan Available,"Medroxyprogesterone Acetate 150 mg/mL (1 mL) Vial, Intramuscular",S1 - Projected Inventory,2026-04,0.0
Mozambique,No Supply Plan Available,"Medroxyprogesterone Acetate 150 mg/mL (1 mL) Vial, Intramuscular",S1 - Projected Inventory,2026-05,0.0
Mozambique,No Supply Plan Available,"Medroxyprogesterone Acetate 150 mg/mL (1 mL) Vial, Intramuscular",S1 - Projected Inventory,2026-06,0.0
Mozambique,No Supply Plan Available,"Medroxyprogesterone Acetate 150 mg/mL (1 mL) Vial, Intramuscular",S1 - Projected Inventory,2026-07,0.0
Mozambique,No Supply Plan Available,"Medroxyprogesterone Acetate 150 mg/mL (1 mL) Vial, Intramuscular",S1 - Projected Inventory,2026-08,0.0
Mozambique,No Supply Plan Available,"Medroxyprogesterone Acetate 150 mg/mL (1 mL) Vial, Intramuscular",S1 - Projected Inventory,2026-09,0.0
Mozambique,No Supply Plan Available,"Medroxyprogesterone Acetate 150 mg/mL (1 mL) Vial, Intramuscular",S1 - Projected Inventory,2026-10,0.0
Mozambique,No Supply Plan Available,"Medroxyprogesterone Acetate 150 mg/mL (1 mL) Vial, Intramuscular",S1 - Projected Inventory,2026-11,0.0
Mozambique,No Supply Plan Available,"Medroxyprogesterone Acetate 150 mg/mL (1 mL) Vial, Intramuscular",S1 - Projected Inventory,2026-12,0.0
Mozambique,No Supply Plan Available,"Medroxyprogesterone Acetate 150 mg/mL (1 mL) Vial, Intramuscular",S1 - Projected Inventory,2027-01,0.0
Mozambique,No Supply Plan Available,"Medroxyprogesterone Acetate 150 mg/mL (1 mL) Vial, Intramuscular",S1 - Projected Inventory,2027-02,0.0
Mozambique,No Supply Plan Available,"Medroxyprogesterone Acetate 150 mg/mL (1 mL) Vial, Intramuscular",S1 - Projected Inventory,2027-03,0.0
Mozambique,No Supply Plan Available,"Medroxyprogesterone Acetate 150 mg/mL (1 mL) Vial, Intramuscular",S1 - Projected Inventory,2027-04,0.0
Mozambique,No Supply Plan Available,"Medroxyprogesterone Acetate 150 mg/mL (1 mL) Vial, Intramuscular",S1 - Projected Inventory,2027-05,0.0
Mozambique,No Supply Plan Available,"Medroxyprogesterone Acetate 150 mg/mL (1 mL) Vial, Intramuscular",S1 - Projected Inventory,2027-06,0.0
Mozambique,No Supply Plan Available,"Medroxyprogesterone Acetate 150 mg/mL (1 mL) Vial, Intramuscular",S1 - Projected Inventory,2027-07,0.0
Mozambique,No Supply Plan Available,"Medroxyprogesterone Acetate 150 mg/mL (1 mL) Vial, Intramuscular",S1 - Projected Inventory,2027-08,0.0
Mozambique,No Supply Plan Available,"Medroxyprogesterone Acetate 150 mg/mL (1 mL) Vial, Intramuscular",S1 - Projected Inventory,2027-09,0.0
Mozambique,No Supply Plan Available,"Medroxyprogesterone Acetate 150 mg/mL (1 mL) Vial, Intramuscular",S1 - Projected Inventory,2027-10,0.0
Mozambique,No Supply Plan Available,"Medroxyprogesterone Acetate 150 mg/mL (1 mL) Vial, Intramuscular",S1 - Projected Inventory,2027-11,0.0
Mozambique,No Supply Plan Available,"Medroxyprogesterone Acetate 150 mg/mL (1 mL) Vial, Intramuscular",S1 - Projected Inventory,2027-12,0.0
Mozambique,No Supply Plan Available,"Medroxyprogesterone Acetate 150 mg/mL (1 mL) Vial, Intramuscular",S1 - Projected Inventory,2028-01,0.0
Mozambique,No Supply Plan Available,"Medroxyprogesterone Acetate 150 mg/mL (1 mL) Vial, Intramuscular",S1 - Projected Inventory,2028-02,0.0
Mozambique,No Supply Plan Available,"Medroxyprogesterone Acetate 150 mg/mL (1 mL) Vial, Intramuscular",S1 - Projected Inventory,2028-03,0.0
Mozambique,No Supply Plan Available,"Medroxyprogesterone Acetate 150 mg/mL (1 mL) Vial, Intramuscular",S1 - Projected Inventory,2028-04,0.0
Mozambique,No Supply Plan Available,"Medroxyprogesterone Acetate 150 mg/mL (1 mL) Vial, Intramuscular",S1 - Projected Inventory,2028-05,0.0
Mozambique,No Supply Plan Available,"Medroxyprogesterone Acetate 150 mg/mL (1 mL) Vial, Intramuscular",S1 - Projected Inventory,2028-06,0.0
Mozambique,No Supply Plan Available,"Medroxyprogesterone Acetate 150 mg/mL (1 mL) Vial, Intramuscular",S1 - Projected Inventory,2028-07,0.0
Mozambique,No Supply Plan Available,"Medroxyprogesterone Acetate 150 mg/mL (1 mL) Vial, Intramuscular",S1 - Projected Inventory,2028-08,0.0
Mozambique,No Supply Plan Available,"Medroxyprogesterone Acetate 150 mg/mL (1 mL) Vial, Intramuscular",S2 - Projected Inventory,2026-02,0.0
Mozambique,No Supply Plan Available,"Medroxyprogesterone Acetate 150 mg/mL (1 mL) Vial, Intramuscular",S2 - Projected Inventory,2026-03,0.0
Mozambique,No Supply Plan Available,"Medroxyprogesterone Acetate 150 mg/mL (1 mL) Vial, Intramuscular",S2 - Projected Inventory,2026-04,0.0
Mozambique,No Supply Plan Available,"Medroxyprogesterone Acetate 150 mg/mL (1 mL) Vial, Intramuscular",S2 - Projected Inventory,2026-05,0.0
Mozambique,No Supply Plan Available,"Medroxyprogesterone Acetate 150 mg/mL (1 mL) Vial, Intramuscular",S2 - Projected Inventory,2026-06,0.0
Mozambique,No Supply Plan Available,"Medroxyprogesterone Acetate 150 mg/mL (1 mL) Vial, Intramuscular",S2 - Projected Inventory,2026-07,0.0
Mozambique,No Supply Plan Available,"Medroxyprogesterone Acetate 150 mg/mL (1 mL) Vial, Intramuscular",S2 - Projected Inventory,2026-08,0.0
Mozambique,No Supply Plan Available,"Medroxyprogesterone Acetate 150 mg/mL (1 mL) Vial, Intramuscular",S2 - Projected Inventory,2026-09,0.0
Mozambique,No Supply Plan Available,"Medroxyprogesterone Acetate 150 mg/mL (1 mL) Vial, Intramuscular",S2 - Projected Inventory,2026-10,0.0
Mozambique,No Supply Plan Available,"Medroxyprogesterone Acetate 150 mg/mL (1 mL) Vial, Intramuscular",S2 - Projected Inventory,2026-11,0.0
Mozambique,No Supply Plan Available,"Medroxyprogesterone Acetate 150 mg/mL (1 mL) Vial, Intramuscular",S2 - Projected Inventory,2026-12,0.0
Mozambique,No Supply Plan Available,"Medroxyprogesterone Acetate 150 mg/mL (1 mL) Vial, Intramuscular",S2 - Projected Inventory,2027-01,0.0
Mozambique,No Supply Plan Available,"Medroxyprogesterone Acetate 150 mg/mL (1 mL) Vial, Intramuscular",S2 - Projected Inventory,2027-02,0.0
Mozambique,No Supply Plan Available,"Medroxyprogesterone Acetate 150 mg/mL (1 mL) Vial, Intramuscular",S2 - Projected Inventory,2027-03,0.0
Mozambique,No Supply Plan Available,"Medroxyprogesterone Acetate 150 mg/mL (1 mL) Vial, Intramuscular",S2 - Projected Inventory,2027-04,0.0
Mozambique,No Supply Plan Available,"Medroxyprogesterone Acetate 150 mg/mL (1 mL) Vial, Intramuscular",S2 - Projected Inventory,2027-05,0.0
Mozambique,No Supply Plan Available,"Medroxyprogesterone Acetate 150 mg/mL (1 mL) Vial, Intramuscular",S2 - Projected Inventory,2027-06,0.0
Mozambique,No Supply Plan Available,"Medroxyprogesterone Acetate 150 mg/mL (1 mL) Vial, Intramuscular",S2 - Projected Inventory,2027-07,0.0
Mozambique,No Supply Plan Available,"Medroxyprogesterone Acetate 150 mg/mL (1 mL) Vial, Intramuscular",S2 - Projected Inventory,2027-08,0.0
Mozambique,No Supply Plan Available,"Medroxyprogesterone Acetate 150 mg/mL (1 mL) Vial, Intramuscular",S2 - Projected Inventory,2027-09,0.0
Mozambique,No Supply Plan Available,"Medroxyprogesterone Acetate 150 mg/mL (1 mL) Vial, Intramuscular",S2 - Projected Inventory,2027-10,0.0
Mozambique,No Supply Plan Available,"Medroxyprogesterone Acetate 150 mg/mL (1 mL) Vial, Intramuscular",S2 - Projected Inventory,2027-11,0.0
Mozambique,No Supply Plan Available,"Medroxyprogesterone Acetate 150 mg/mL (1 mL) Vial, Intramuscular",S2 - Projected Inventory,2027-12,0.0
Mozambique,No Supply Plan Available,"Medroxyprogesterone Acetate 150 mg/mL (1 mL) Vial, Intramuscular",S2 - Projected Inventory,2028-01,0.0
Mozambique,No Supply Plan Available,"Medroxyprogesterone Acetate 150 mg/mL (1 mL) Vial, Intramuscular",S2 - Projected Inventory,2028-02,0.0
Mozambique,No Supply Plan Available,"Medroxyprogesterone Acetate 150 mg/mL (1 mL) Vial, Intramuscular",S2 - Projected Inventory,2028-03,0.0
Mozambique,No Supply Plan Available,"Medroxyprogesterone Acetate 150 mg/mL (1 mL) Vial, Intramuscular",S2 - Projected Inventory,2028-04,0.0
Mozambique,No Supply Plan Available,"Medroxyprogesterone Acetate 150 mg/mL (1 mL) Vial, Intramuscular",S2 - Projected Inventory,2028-05,0.0
Mozambique,No Supply Plan Available,"Medroxyprogesterone Acetate 150 mg/mL (1 mL) Vial, Intramuscular",S2 - Projected Inventory,2028-06,0.0
Mozambique,No Supply Plan Available,"Medroxyprogesterone Acetate 150 mg/mL (1 mL) Vial, Intramuscular",S2 - Projected Inventory,2028-07,0.0
Mozambique,No Supply Plan Available,"Medroxyprogesterone Acetate 150 mg/mL (1 mL) Vial, Intramuscular",S2 - Projected Inventory,2028-08,0.0
