Country Name,Supply Plan Bucket Description,L5 - Product,DataMeasure,Period,Value
Nigeria,MOH Supply Plan,"Medroxyprogesterone Acetate 104 mg/0.65 mL, Subcutaneous, Pre-Filled Device",Monthly Consumption,2026-02,302556.0
Nigeria,MOH Supply Plan,"Medroxyprogesterone Acetate 104 mg/0.65 mL, Subcutaneous, Pre-Filled Device",Monthly Consumption,2026-03,289314.0
Nigeria,MOH Supply Plan,"Medroxyprogesterone Acetate 104 mg/0.65 mL, Subcutaneous, Pre-Filled Device",Monthly Consumption,2026-04,289314.0
Nigeria,MOH Supply Plan,"Medroxyprogesterone Acetate 104 mg/0.65 mL, Subcutaneous, Pre-Filled Device",Monthly Consumption,2026-05,307540.0
Nigeria,MOH Supply Plan,"Medroxyprogesterone Acetate 104 mg/0.65 mL, Subcutaneous, Pre-Filled Device",Monthly Consumption,2026-06,307540.0
Nigeria,MOH Supply Plan,"Medroxyprogesterone Acetate 104 mg/0.65 mL, Subcutaneous, Pre-Filled Device",Monthly Consumption,2026-07,545643.0
Nigeria,MOH Supply Plan,"Medroxyprogesterone Acetate 104 mg/0.65 mL, Subcutaneous, Pre-Filled Device",Monthly Consumption,2026-08,557113.0
Nigeria,MOH Supply Plan,"Medroxyprogesterone Acetate 104 mg/0.65 mL, Subcutaneous, Pre-Filled Device",Monthly Consumption,2026-09,568584.0
Nigeria,MOH Supply Plan,"Medroxyprogesterone Acetate 104 mg/0.65 mL, Subcutaneous, Pre-Filled Device",Monthly Consumption,2026-10,580055.0
Nigeria,MOH Supply Plan,"Medroxyprogesterone Acetate 104 mg/0.65 mL, Subcutaneous, Pre-Filled Device",Monthly Consumption,2026-11,591525.0
Nigeria,MOH Supply Plan,"Medroxyprogesterone Acetate 104 mg/0.65 mL, Subcutaneous, Pre-Filled Device",Monthly Consumption,2026-12,602996.0
Nigeria,MOH Supply Plan,"Medroxyprogesterone Acetate 104 mg/0.65 mL, Subcutaneous, Pre-Filled Device",Monthly Consumption,2027-01,614467.0
Nigeria,MOH Supply Plan,"Medroxyprogesterone Acetate 104 mg/0.65 mL, Subcutaneous, Pre-Filled Device",Monthly Consumption,2027-02,625938.0
Nigeria,MOH Supply Plan,"Medroxyprogesterone Acetate 104 mg/0.65 mL, Subcutaneous, Pre-Filled Device",Monthly Consumption,2027-03,637408.0
Nigeria,MOH Supply Plan,"Medroxyprogesterone Acetate 104 mg/0.65 mL, Subcutaneous, Pre-Filled Device",Monthly Consumption,2027-04,648879.0
Nigeria,MOH Supply Plan,"Medroxyprogesterone Acetate 104 mg/0.65 mL, Subcutaneous, Pre-Filled Device",Monthly Consumption,2027-05,660350.0
Nigeria,MOH Supply Plan,"Medroxyprogesterone Acetate 104 mg/0.65 mL, Subcutaneous, Pre-Filled Device",Monthly Consumption,2027-06,671820.0
Nigeria,MOH Supply Plan,"Medroxyprogesterone Acetate 104 mg/0.65 mL, Subcutaneous, Pre-Filled Device",Monthly Consumption,2027-07,683291.0
Nigeria,MOH Supply Plan,"Medroxyprogesterone Acetate 104 mg/0.65 mL, Subcutaneous, Pre-Filled Device",Monthly Consumption,2027-08,694762.0
Nigeria,MOH Supply Plan,"Medroxyprogesterone Acetate 104 mg/0.65 mL, Subcutaneous, Pre-Filled Device",Monthly Consumption,2027-09,706232.0
Nigeria,MOH Supply Plan,"Medroxyprogesterone Acetate 104 mg/0.65 mL, Subcutaneous, Pre-Filled Device",Monthly Consumption,2027-10,717703.0
Nigeria,MOH Supply Plan,"Medroxyprogesterone Acetate 104 mg/0.65 mL, Subcutaneous, Pre-Filled Device",Monthly Consumption,2027-11,729174.0
Nigeria,MOH Supply Plan,"Medroxyprogesterone Acetate 104 mg/0.65 mL, Subcutaneous, Pre-Filled Device",Monthly Consumption,2027-12,740644.0
Nigeria,MOH Supply Plan,"Medroxyprogesterone Acetate 104 mg/0.65 mL, Subcutaneous, Pre-Filled Device",Monthly Consumption,2028-01,897408.0
Nigeria,MOH Supply Plan,"Medroxyprogesterone Acetate 104 mg/0.65 mL, Subcutaneous, Pre-Filled Device",Monthly Consumption,2028-02,909241.0
Nigeria,MOH Supply Plan,"Medroxyprogesterone Acetate 104 mg/0.65 mL, Subcutaneous, Pre-Filled Device",Monthly Consumption,2028-03,972402.0
Nigeria,MOH Supply Plan,"Medroxyprogesterone Acetate 104 mg/0.65 mL, Subcutaneous, Pre-Filled Device",Monthly Consumption,2028-04,986877.0
Nigeria,MOH Supply Plan,"Medroxyprogesterone Acetate 104 mg/0.65 mL, Subcutaneous, Pre-Filled Device",Monthly Consumption,2028-05,966830.0
Nigeria,MOH Supply Plan,"Medroxyprogesterone Acetate 104 mg/0.65 mL, Subcutaneous, Pre-Filled Device",Monthly Consumption,2028-06,984930.0
Nigeria,MOH Supply Plan,"Medroxyprogesterone Acetate 104 mg/0.65 mL, Subcutaneous, Pre-Filled Device",Monthly Consumption,2028-07,1009103.0
Nigeria,MOH Supply Plan,"Medroxyprogesterone Acetate 104 mg/0.65 mL, Subcutaneous, Pre-Filled Device",Monthly Consumption,2028-08,1035097.0
Nigeria,MOH Supply Plan,"Medroxyprogesterone Acetate 104 mg/0.65 mL, Subcutaneous, Pre-Filled Device",Prev. Monthly Consumption,2026-02,515673.0
Nigeria,MOH Supply Plan,"Medroxyprogesterone Acetate 104 mg/0.65 mL, Subcutaneous, Pre-Filled Device",Prev. Monthly Consumption,2026-03,578836.0
Nigeria,MOH Supply Plan,"Medroxyprogesterone Acetate 104 mg/0.65 mL, Subcutaneous, Pre-Filled Device",Prev. Monthly Consumption,2026-04,593310.0
Nigeria,MOH Supply Plan,"Medroxyprogesterone Acetate 104 mg/0.65 mL, Subcutaneous, Pre-Filled Device",Prev. Monthly Consumption,2026-05,573263.0
Nigeria,MOH Supply Plan,"Medroxyprogesterone Acetate 104 mg/0.65 mL, Subcutaneous, Pre-Filled Device",Prev. Monthly Consumption,2026-06,591363.0
Nigeria,MOH Supply Plan,"Medroxyprogesterone Acetate 104 mg/0.65 mL, Subcutaneous, Pre-Filled Device",Prev. Monthly Consumption,2026-07,615536.0
Nigeria,MOH Supply Plan,"Medroxyprogesterone Acetate 104 mg/0.65 mL, Subcutaneous, Pre-Filled Device",Prev. Monthly Consumption,2026-08,641531.0
Nigeria,MOH Supply Plan,"Medroxyprogesterone Acetate 104 mg/0.65 mL, Subcutaneous, Pre-Filled Device",Prev. Monthly Consumption,2026-09,683736.0
Nigeria,MOH Supply Plan,"Medroxyprogesterone Acetate 104 mg/0.65 mL, Subcutaneous, Pre-Filled Device",Prev. Monthly Consumption,2026-10,690693.0
Nigeria,MOH Supply Plan,"Medroxyprogesterone Acetate 104 mg/0.65 mL, Subcutaneous, Pre-Filled Device",Prev. Monthly Consumption,2026-11,707553.0
Nigeria,MOH Supply Plan,"Medroxyprogesterone Acetate 104 mg/0.65 mL, Subcutaneous, Pre-Filled Device",Prev. Monthly Consumption,2026-12,714715.0
Nigeria,MOH Supply Plan,"Medroxyprogesterone Acetate 104 mg/0.65 mL, Subcutaneous, Pre-Filled Device",Prev. Monthly Consumption,2027-01,700625.0
Nigeria,MOH Supply Plan,"Medroxyprogesterone Acetate 104 mg/0.65 mL, Subcutaneous, Pre-Filled Device",Prev. Monthly Consumption,2027-02,712457.0
Nigeria,MOH Supply Plan,"Medroxyprogesterone Acetate 104 mg/0.65 mL, Subcutaneous, Pre-Filled Device",Prev. Monthly Consumption,2027-03,775619.0
Nigeria,MOH Supply Plan,"Medroxyprogesterone Acetate 104 mg/0.65 mL, Subcutaneous, Pre-Filled Device",Prev. Monthly Consumption,2027-04,790093.0
Nigeria,MOH Supply Plan,"Medroxyprogesterone Acetate 104 mg/0.65 mL, Subcutaneous, Pre-Filled Device",Prev. Monthly Consumption,2027-05,770047.0
Nigeria,MOH Supply Plan,"Medroxyprogesterone Acetate 104 mg/0.65 mL, Subcutaneous, Pre-Filled Device",Prev. Monthly Consumption,2027-06,788146.0
Nigeria,MOH Supply Plan,"Medroxyprogesterone Acetate 104 mg/0.65 mL, Subcutaneous, Pre-Filled Device",Prev. Monthly Consumption,2027-07,812319.0
Nigeria,MOH Supply Plan,"Medroxyprogesterone Acetate 104 mg/0.65 mL, Subcutaneous, Pre-Filled Device",Prev. Monthly Consumption,2027-08,838315.0
Nigeria,MOH Supply Plan,"Medroxyprogesterone Acetate 104 mg/0.65 mL, Subcutaneous, Pre-Filled Device",Prev. Monthly Consumption,2027-09,880520.0
Nigeria,MOH Supply Plan,"Medroxyprogesterone Acetate 104 mg/0.65 mL, Subcutaneous, Pre-Filled Device",Prev. Monthly Consumption,2027-10,887476.0
Nigeria,MOH Supply Plan,"Medroxyprogesterone Acetate 104 mg/0.65 mL, Subcutaneous, Pre-Filled Device",Prev. Monthly Consumption,2027-11,904336.0
Nigeria,MOH Supply Plan,"Medroxyprogesterone Acetate 104 mg/0.65 mL, Subcutaneous, Pre-Filled Device",Prev. Monthly Consumption,2027-12,911499.0
Nigeria,MOH Supply Plan,"Medroxyprogesterone Acetate 104 mg/0.65 mL, Subcutaneous, Pre-Filled Device",Prev. Monthly Consumption,2028-01,897408.0
Nigeria,MOH Supply Plan,"Medroxyprogesterone Acetate 104 mg/0.65 mL, Subcutaneous, Pre-Filled Device",Prev. Monthly Consumption,2028-02,909241.0
Nigeria,MOH Supply Plan,"Medroxyprogesterone Acetate 104 mg/0.65 mL, Subcutaneous, Pre-Filled Device",Prev. Monthly Consumption,2028-03,972402.0
Nigeria,MOH Supply Plan,"Medroxyprogesterone Acetate 104 mg/0.65 mL, Subcutaneous, Pre-Filled Device",Prev. Monthly Consumption,2028-04,986877.0
Nigeria,MOH Supply Plan,"Medroxyprogesterone Acetate 104 mg/0.65 mL, Subcutaneous, Pre-Filled Device",Prev. Monthly Consumption,2028-05,966830.0
Nigeria,MOH Supply Plan,"Medroxyprogesterone Acetate 104 mg/0.65 mL, Subcutaneous, Pre-Filled Device",Prev. Monthly Consumption,2028-06,984930.0
Nigeria,MOH Supply Plan,"Medroxyprogesterone Acetate 104 mg/0.65 mL, Subcutaneous, Pre-Filled Device",Prev. Monthly Consumption,2028-07,1009103.0
Nigeria,MOH Supply Plan,"Medroxyprogesterone Acetate 104 mg/0.65 mL, Subcutaneous, Pre-Filled Device",Prev. Monthly Consumption,2028-08,1035097.0
Nigeria,MOH Supply Plan,"Medroxyprogesterone Acetate 104 mg/0.65 mL, Subcutaneous, Pre-Filled Device",Supply Plan Inventory,2026-02,2361265.0
Nigeria,MOH Supply Plan,"Medroxyprogesterone Acetate 104 mg/0.65 mL, Subcutaneous, Pre-Filled Device",Supply Plan Inventory,2026-03,2071951.0
Nigeria,MOH Supply Plan,"Medroxyprogesterone Acetate 104 mg/0.65 mL, Subcutaneous, Pre-Filled Device",Supply Plan Inventory,2026-04,1031339.0
Nigeria,MOH Supply Plan,"Medroxyprogesterone Acetate 104 mg/0.65 mL, Subcutaneous, Pre-Filled Device",Supply Plan Inventory,2026-05,723799.0
Nigeria,MOH Supply Plan,"Medroxyprogesterone Acetate 104 mg/0.65 mL, Subcutaneous, Pre-Filled Device",Supply Plan Inventory,2026-06,1405154.0
Nigeria,MOH Supply Plan,"Medroxyprogesterone Acetate 104 mg/0.65 mL, Subcutaneous, Pre-Filled Device",Supply Plan Inventory,2026-07,3033311.0
Nigeria,MOH Supply Plan,"Medroxyprogesterone Acetate 104 mg/0.65 mL, Subcutaneous, Pre-Filled Device",Supply Plan Inventory,2026-08,2476198.0
Nigeria,MOH Supply Plan,"Medroxyprogesterone Acetate 104 mg/0.65 mL, Subcutaneous, Pre-Filled Device",Supply Plan Inventory,2026-09,3498814.0
Nigeria,MOH Supply Plan,"Medroxyprogesterone Acetate 104 mg/0.65 mL, Subcutaneous, Pre-Filled Device",Supply Plan Inventory,2026-10,2921759.0
Nigeria,MOH Supply Plan,"Medroxyprogesterone Acetate 104 mg/0.65 mL, Subcutaneous, Pre-Filled Device",Supply Plan Inventory,2026-11,3615634.0
Nigeria,MOH Supply Plan,"Medroxyprogesterone Acetate 104 mg/0.65 mL, Subcutaneous, Pre-Filled Device",Supply Plan Inventory,2026-12,4686251.0
Nigeria,MOH Supply Plan,"Medroxyprogesterone Acetate 104 mg/0.65 mL, Subcutaneous, Pre-Filled Device",Supply Plan Inventory,2027-01,12300452.0
Nigeria,MOH Supply Plan,"Medroxyprogesterone Acetate 104 mg/0.65 mL, Subcutaneous, Pre-Filled Device",Supply Plan Inventory,2027-02,11674514.0
Nigeria,MOH Supply Plan,"Medroxyprogesterone Acetate 104 mg/0.65 mL, Subcutaneous, Pre-Filled Device",Supply Plan Inventory,2027-03,11037106.0
Nigeria,MOH Supply Plan,"Medroxyprogesterone Acetate 104 mg/0.65 mL, Subcutaneous, Pre-Filled Device",Supply Plan Inventory,2027-04,10388227.0
Nigeria,MOH Supply Plan,"Medroxyprogesterone Acetate 104 mg/0.65 mL, Subcutaneous, Pre-Filled Device",Supply Plan Inventory,2027-05,9727877.0
Nigeria,MOH Supply Plan,"Medroxyprogesterone Acetate 104 mg/0.65 mL, Subcutaneous, Pre-Filled Device",Supply Plan Inventory,2027-06,9056057.0
Nigeria,MOH Supply Plan,"Medroxyprogesterone Acetate 104 mg/0.65 mL, Subcutaneous, Pre-Filled Device",Supply Plan Inventory,2027-07,14372766.0
Nigeria,MOH Supply Plan,"Medroxyprogesterone Acetate 104 mg/0.65 mL, Subcutaneous, Pre-Filled Device",Supply Plan Inventory,2027-08,13678004.0
Nigeria,MOH Supply Plan,"Medroxyprogesterone Acetate 104 mg/0.65 mL, Subcutaneous, Pre-Filled Device",Supply Plan Inventory,2027-09,12971772.0
Nigeria,MOH Supply Plan,"Medroxyprogesterone Acetate 104 mg/0.65 mL, Subcutaneous, Pre-Filled Device",Supply Plan Inventory,2027-10,12254069.0
Nigeria,MOH Supply Plan,"Medroxyprogesterone Acetate 104 mg/0.65 mL, Subcutaneous, Pre-Filled Device",Supply Plan Inventory,2027-11,11524895.0
Nigeria,MOH Supply Plan,"Medroxyprogesterone Acetate 104 mg/0.65 mL, Subcutaneous, Pre-Filled Device",Supply Plan Inventory,2027-12,10784251.0
Nigeria,MOH Supply Plan,"Medroxyprogesterone Acetate 104 mg/0.65 mL, Subcutaneous, Pre-Filled Device",Supply Plan Inventory,2028-01,9886843.0
Nigeria,MOH Supply Plan,"Medroxyprogesterone Acetate 104 mg/0.65 mL, Subcutaneous, Pre-Filled Device",Supply Plan Inventory,2028-02,8977602.0
Nigeria,MOH Supply Plan,"Medroxyprogesterone Acetate 104 mg/0.65 mL, Subcutaneous, Pre-Filled Device",Supply Plan Inventory,2028-03,8005200.0
Nigeria,MOH Supply Plan,"Medroxyprogesterone Acetate 104 mg/0.65 mL, Subcutaneous, Pre-Filled Device",Supply Plan Inventory,2028-04,16362038.0
Nigeria,MOH Supply Plan,"Medroxyprogesterone Acetate 104 mg/0.65 mL, Subcutaneous, Pre-Filled Device",Supply Plan Inventory,2028-05,15395208.0
Nigeria,MOH Supply Plan,"Medroxyprogesterone Acetate 104 mg/0.65 mL, Subcutaneous, Pre-Filled Device",Supply Plan Inventory,2028-06,14410278.0
Nigeria,MOH Supply Plan,"Medroxyprogesterone Acetate 104 mg/0.65 mL, Subcutaneous, Pre-Filled Device",Supply Plan Inventory,2028-07,13401175.0
Nigeria,MOH Supply Plan,"Medroxyprogesterone Acetate 104 mg/0.65 mL, Subcutaneous, Pre-Filled Device",Supply Plan Inventory,2028-08,12366078.0
Nigeria,MOH Supply Plan,"Medroxyprogesterone Acetate 104 mg/0.65 mL, Subcutaneous, Pre-Filled Device",Monthly Inventory,2026-02,2361265.0
Nigeria,MOH Supply Plan,"Medroxyprogesterone Acetate 104 mg/0.65 mL, Subcutaneous, Pre-Filled Device",Monthly Inventory,2026-04,1031339.0
Nigeria,MOH Supply Plan,"Medroxyprogesterone Acetate 104 mg/0.65 mL, Subcutaneous, Pre-Filled Device",Monthly Inventory,2026-06,1405154.0
Nigeria,MOH Supply Plan,"Medroxyprogesterone Acetate 104 mg/0.65 mL, Subcutaneous, Pre-Filled Device",Projected Inventory Adjustment,2026-02,-150363.0
Nigeria,MOH Supply Plan,"Medroxyprogesterone Acetate 104 mg/0.65 mL, Subcutaneous, Pre-Filled Device",Projected Inventory Adjustment,2026-03,0.0
Nigeria,MOH Supply Plan,"Medroxyprogesterone Acetate 104 mg/0.65 mL, Subcutaneous, Pre-Filled Device",Projected Inventory Adjustment,2026-04,-751298.0
Nigeria,MOH Supply Plan,"Medroxyprogesterone Acetate 104 mg/0.65 mL, Subcutaneous, Pre-Filled Device",Projected Inventory Adjustment,2026-05,0.0
Nigeria,MOH Supply Plan,"Medroxyprogesterone Acetate 104 mg/0.65 mL, Subcutaneous, Pre-Filled Device",Projected Inventory Adjustment,2026-06,988895.0
Nigeria,MOH Supply Plan,"Medroxyprogesterone Acetate 104 mg/0.65 mL, Subcutaneous, Pre-Filled Device",Projected Inventory Adjustment,2026-07,0.0
Nigeria,MOH Supply Plan,"Medroxyprogesterone Acetate 104 mg/0.65 mL, Subcutaneous, Pre-Filled Device",Projected Inventory Adjustment,2026-08,0.0
Nigeria,MOH Supply Plan,"Medroxyprogesterone Acetate 104 mg/0.65 mL, Subcutaneous, Pre-Filled Device",Projected Inventory Adjustment,2026-09,0.0
Nigeria,MOH Supply Plan,"Medroxyprogesterone Acetate 104 mg/0.65 mL, Subcutaneous, Pre-Filled Device",Projected Inventory Adjustment,2026-10,0.0
Nigeria,MOH Supply Plan,"Medroxyprogesterone Acetate 104 mg/0.65 mL, Subcutaneous, Pre-Filled Device",Projected Inventory Adjustment,2026-11,0.0
Nigeria,MOH Supply Plan,"Medroxyprogesterone Acetate 104 mg/0.65 mL, Subcutaneous, Pre-Filled Device",Projected Inventory Adjustment,2026-12,0.0
Nigeria,MOH Supply Plan,"Medroxyprogesterone Acetate 104 mg/0.65 mL, Subcutaneous, Pre-Filled Device",Projected Inventory Adjustment,2027-01,0.0
Nigeria,MOH Supply Plan,"Medroxyprogesterone Acetate 104 mg/0.65 mL, Subcutaneous, Pre-Filled Device",Projected Inventory Adjustment,2027-02,0.0
Nigeria,MOH Supply Plan,"Medroxyprogesterone Acetate 104 mg/0.65 mL, Subcutaneous, Pre-Filled Device",Projected Inventory Adjustment,2027-03,0.0
Nigeria,MOH Supply Plan,"Medroxyprogesterone Acetate 104 mg/0.65 mL, Subcutaneous, Pre-Filled Device",Projected Inventory Adjustment,2027-04,0.0
Nigeria,MOH Supply Plan,"Medroxyprogesterone Acetate 104 mg/0.65 mL, Subcutaneous, Pre-Filled Device",Projected Inventory Adjustment,2027-05,0.0
Nigeria,MOH Supply Plan,"Medroxyprogesterone Acetate 104 mg/0.65 mL, Subcutaneous, Pre-Filled Device",Projected Inventory Adjustment,2027-06,0.0
Nigeria,MOH Supply Plan,"Medroxyprogesterone Acetate 104 mg/0.65 mL, Subcutaneous, Pre-Filled Device",Projected Inventory Adjustment,2027-07,0.0
Nigeria,MOH Supply Plan,"Medroxyprogesterone Acetate 104 mg/0.65 mL, Subcutaneous, Pre-Filled Device",Projected Inventory Adjustment,2027-08,0.0
Nigeria,MOH Supply Plan,"Medroxyprogesterone Acetate 104 mg/0.65 mL, Subcutaneous, Pre-Filled Device",Projected Inventory Adjustment,2027-09,0.0
Nigeria,MOH Supply Plan,"Medroxyprogesterone Acetate 104 mg/0.65 mL, Subcutaneous, Pre-Filled Device",Projected Inventory Adjustment,2027-10,0.0
Nigeria,MOH Supply Plan,"Medroxyprogesterone Acetate 104 mg/0.65 mL, Subcutaneous, Pre-Filled Device",Projected Inventory Adjustment,2027-11,0.0
Nigeria,MOH Supply Plan,"Medroxyprogesterone Acetate 104 mg/0.65 mL, Subcutaneous, Pre-Filled Device",Projected Inventory Adjustment,2027-12,0.0
Nigeria,MOH Supply Plan,"Medroxyprogesterone Acetate 104 mg/0.65 mL, Subcutaneous, Pre-Filled Device",Projected Inventory Adjustment,2028-01,0.0
Nigeria,MOH Supply Plan,"Medroxyprogesterone Acetate 104 mg/0.65 mL, Subcutaneous, Pre-Filled Device",Projected Inventory Adjustment,2028-02,0.0
Nigeria,MOH Supply Plan,"Medroxyprogesterone Acetate 104 mg/0.65 mL, Subcutaneous, Pre-Filled Device",Projected Inventory Adjustment,2028-03,0.0
Nigeria,MOH Supply Plan,"Medroxyprogesterone Acetate 104 mg/0.65 mL, Subcutaneous, Pre-Filled Device",Projected Inventory Adjustment,2028-04,0.0
Nigeria,MOH Supply Plan,"Medroxyprogesterone Acetate 104 mg/0.65 mL, Subcutaneous, Pre-Filled Device",Projected Inventory Adjustment,2028-05,0.0
Nigeria,MOH Supply Plan,"Medroxyprogesterone Acetate 104 mg/0.65 mL, Subcutaneous, Pre-Filled Device",Projected Inventory Adjustment,2028-06,0.0
Nigeria,MOH Supply Plan,"Medroxyprogesterone Acetate 104 mg/0.65 mL, Subcutaneous, Pre-Filled Device",Projected Inventory Adjustment,2028-07,0.0
Nigeria,MOH Supply Plan,"Medroxyprogesterone Acetate 104 mg/0.65 mL, Subcutaneous, Pre-Filled Device",Projected Inventory Adjustment,2028-08,0.0
Nigeria,MOH Supply Plan,"Medroxyprogesterone Acetate 104 mg/0.65 mL, Subcutaneous, Pre-Filled Device",Expected Requirements,2026-07,2173800.0
Nigeria,MOH Supply Plan,"Medroxyprogesterone Acetate 104 mg/0.65 mL, Subcutaneous, Pre-Filled Device",Expected Requirements,2026-09,1591200.0
Nigeria,MOH Supply Plan,"Medroxyprogesterone Acetate 104 mg/0.65 mL, Subcutaneous, Pre-Filled Device",Expected Requirements,2026-10,3000.0
Nigeria,MOH Supply Plan,"Medroxyprogesterone Acetate 104 mg/0.65 mL, Subcutaneous, Pre-Filled Device",Expected Requirements,2026-11,1285400.0
Nigeria,MOH Supply Plan,"Medroxyprogesterone Acetate 104 mg/0.65 mL, Subcutaneous, Pre-Filled Device",Expected Requirements,2026-12,1673613.0
Nigeria,MOH Supply Plan,"Medroxyprogesterone Acetate 104 mg/0.65 mL, Subcutaneous, Pre-Filled Device",Expected Requirements,2027-01,8228668.0
Nigeria,MOH Supply Plan,"Medroxyprogesterone Acetate 104 mg/0.65 mL, Subcutaneous, Pre-Filled Device",Expected Requirements,2027-07,6000000.0
Nigeria,MOH Supply Plan,"Medroxyprogesterone Acetate 104 mg/0.65 mL, Subcutaneous, Pre-Filled Device",Expected Requirements,2028-04,9343715.0
Nigeria,MOH Supply Plan,"Medroxyprogesterone Acetate 104 mg/0.65 mL, Subcutaneous, Pre-Filled Device",Un-Shipped Orders,2026-09,1591200.0
Nigeria,MOH Supply Plan,"Medroxyprogesterone Acetate 104 mg/0.65 mL, Subcutaneous, Pre-Filled Device",Received Shipments,2026-07,2173800.0
Nigeria,MOH Supply Plan,"Medroxyprogesterone Acetate 104 mg/0.65 mL, Subcutaneous, Pre-Filled Device",Manual Adjustment,2026-06,0.0
Nigeria,MOH Supply Plan,"Medroxyprogesterone Acetate 104 mg/0.65 mL, Subcutaneous, Pre-Filled Device",Projected Inventory,2026-02,0.0
Nigeria,MOH Supply Plan,"Medroxyprogesterone Acetate 104 mg/0.65 mL, Subcutaneous, Pre-Filled Device",Projected Inventory,2026-03,0.0
Nigeria,MOH Supply Plan,"Medroxyprogesterone Acetate 104 mg/0.65 mL, Subcutaneous, Pre-Filled Device",Projected Inventory,2026-04,0.0
Nigeria,MOH Supply Plan,"Medroxyprogesterone Acetate 104 mg/0.65 mL, Subcutaneous, Pre-Filled Device",Projected Inventory,2026-05,0.0
Nigeria,MOH Supply Plan,"Medroxyprogesterone Acetate 104 mg/0.65 mL, Subcutaneous, Pre-Filled Device",Projected Inventory,2026-06,1405154.0
Nigeria,MOH Supply Plan,"Medroxyprogesterone Acetate 104 mg/0.65 mL, Subcutaneous, Pre-Filled Device",Projected Inventory,2026-07,3033311.0
Nigeria,MOH Supply Plan,"Medroxyprogesterone Acetate 104 mg/0.65 mL, Subcutaneous, Pre-Filled Device",Projected Inventory,2026-08,2476198.0
Nigeria,MOH Supply Plan,"Medroxyprogesterone Acetate 104 mg/0.65 mL, Subcutaneous, Pre-Filled Device",Projected Inventory,2026-09,3498814.0
Nigeria,MOH Supply Plan,"Medroxyprogesterone Acetate 104 mg/0.65 mL, Subcutaneous, Pre-Filled Device",Projected Inventory,2026-10,2918759.0
Nigeria,MOH Supply Plan,"Medroxyprogesterone Acetate 104 mg/0.65 mL, Subcutaneous, Pre-Filled Device",Projected Inventory,2026-11,2327234.0
Nigeria,MOH Supply Plan,"Medroxyprogesterone Acetate 104 mg/0.65 mL, Subcutaneous, Pre-Filled Device",Projected Inventory,2026-12,1724238.0
Nigeria,MOH Supply Plan,"Medroxyprogesterone Acetate 104 mg/0.65 mL, Subcutaneous, Pre-Filled Device",Projected Inventory,2027-01,1109771.0
Nigeria,MOH Supply Plan,"Medroxyprogesterone Acetate 104 mg/0.65 mL, Subcutaneous, Pre-Filled Device",Projected Inventory,2027-02,483833.0
Nigeria,MOH Supply Plan,"Medroxyprogesterone Acetate 104 mg/0.65 mL, Subcutaneous, Pre-Filled Device",Projected Inventory,2027-03,0.0
Nigeria,MOH Supply Plan,"Medroxyprogesterone Acetate 104 mg/0.65 mL, Subcutaneous, Pre-Filled Device",Projected Inventory,2027-04,0.0
Nigeria,MOH Supply Plan,"Medroxyprogesterone Acetate 104 mg/0.65 mL, Subcutaneous, Pre-Filled Device",Projected Inventory,2027-05,0.0
Nigeria,MOH Supply Plan,"Medroxyprogesterone Acetate 104 mg/0.65 mL, Subcutaneous, Pre-Filled Device",Projected Inventory,2027-06,0.0
Nigeria,MOH Supply Plan,"Medroxyprogesterone Acetate 104 mg/0.65 mL, Subcutaneous, Pre-Filled Device",Projected Inventory,2027-07,0.0
Nigeria,MOH Supply Plan,"Medroxyprogesterone Acetate 104 mg/0.65 mL, Subcutaneous, Pre-Filled Device",Projected Inventory,2027-08,0.0
Nigeria,MOH Supply Plan,"Medroxyprogesterone Acetate 104 mg/0.65 mL, Subcutaneous, Pre-Filled Device",Projected Inventory,2027-09,0.0
Nigeria,MOH Supply Plan,"Medroxyprogesterone Acetate 104 mg/0.65 mL, Subcutaneous, Pre-Filled Device",Projected Inventory,2027-10,0.0
Nigeria,MOH Supply Plan,"Medroxyprogesterone Acetate 104 mg/0.65 mL, Subcutaneous, Pre-Filled Device",Projected Inventory,2027-11,0.0
Nigeria,MOH Supply Plan,"Medroxyprogesterone Acetate 104 mg/0.65 mL, Subcutaneous, Pre-Filled Device",Projected Inventory,2027-12,0.0
Nigeria,MOH Supply Plan,"Medroxyprogesterone Acetate 104 mg/0.65 mL, Subcutaneous, Pre-Filled Device",Projected Inventory,2028-01,0.0
Nigeria,MOH Supply Plan,"Medroxyprogesterone Acetate 104 mg/0.65 mL, Subcutaneous, Pre-Filled Device",Projected Inventory,2028-02,0.0
Nigeria,MOH Supply Plan,"Medroxyprogesterone Acetate 104 mg/0.65 mL, Subcutaneous, Pre-Filled Device",Projected Inventory,2028-03,0.0
Nigeria,MOH Supply Plan,"Medroxyprogesterone Acetate 104 mg/0.65 mL, Subcutaneous, Pre-Filled Device",Projected Inventory,2028-04,0.0
Nigeria,MOH Supply Plan,"Medroxyprogesterone Acetate 104 mg/0.65 mL, Subcutaneous, Pre-Filled Device",Projected Inventory,2028-05,0.0
Nigeria,MOH Supply Plan,"Medroxyprogesterone Acetate 104 mg/0.65 mL, Subcutaneous, Pre-Filled Device",Projected Inventory,2028-06,0.0
Nigeria,MOH Supply Plan,"Medroxyprogesterone Acetate 104 mg/0.65 mL, Subcutaneous, Pre-Filled Device",Projected Inventory,2028-07,0.0
Nigeria,MOH Supply Plan,"Medroxyprogesterone Acetate 104 mg/0.65 mL, Subcutaneous, Pre-Filled Device",Projected Inventory,2028-08,0.0
Nigeria,MOH Supply Plan,"Medroxyprogesterone Acetate 104 mg/0.65 mL, Subcutaneous, Pre-Filled Device",Projected MOS,2026-02,0.0
Nigeria,MOH Supply Plan,"Medroxyprogesterone Acetate 104 mg/0.65 mL, Subcutaneous, Pre-Filled Device",Projected MOS,2026-03,0.0
Nigeria,MOH Supply Plan,"Medroxyprogesterone Acetate 104 mg/0.65 mL, Subcutaneous, Pre-Filled Device",Projected MOS,2026-04,0.0
Nigeria,MOH Supply Plan,"Medroxyprogesterone Acetate 104 mg/0.65 mL, Subcutaneous, Pre-Filled Device",Projected MOS,2026-05,0.0
Nigeria,MOH Supply Plan,"Medroxyprogesterone Acetate 104 mg/0.65 mL, Subcutaneous, Pre-Filled Device",Projected MOS,2026-06,3.0
Nigeria,MOH Supply Plan,"Medroxyprogesterone Acetate 104 mg/0.65 mL, Subcutaneous, Pre-Filled Device",Projected MOS,2026-07,5.4
Nigeria,MOH Supply Plan,"Medroxyprogesterone Acetate 104 mg/0.65 mL, Subcutaneous, Pre-Filled Device",Projected MOS,2026-08,4.4
Nigeria,MOH Supply Plan,"Medroxyprogesterone Acetate 104 mg/0.65 mL, Subcutaneous, Pre-Filled Device",Projected MOS,2026-09,6.0
Nigeria,MOH Supply Plan,"Medroxyprogesterone Acetate 104 mg/0.65 mL, Subcutaneous, Pre-Filled Device",Projected MOS,2026-10,4.9
Nigeria,MOH Supply Plan,"Medroxyprogesterone Acetate 104 mg/0.65 mL, Subcutaneous, Pre-Filled Device",Projected MOS,2026-11,3.9
Nigeria,MOH Supply Plan,"Medroxyprogesterone Acetate 104 mg/0.65 mL, Subcutaneous, Pre-Filled Device",Projected MOS,2026-12,2.8
Nigeria,MOH Supply Plan,"Medroxyprogesterone Acetate 104 mg/0.65 mL, Subcutaneous, Pre-Filled Device",Projected MOS,2027-01,1.8
Nigeria,MOH Supply Plan,"Medroxyprogesterone Acetate 104 mg/0.65 mL, Subcutaneous, Pre-Filled Device",Projected MOS,2027-02,0.8
Nigeria,MOH Supply Plan,"Medroxyprogesterone Acetate 104 mg/0.65 mL, Subcutaneous, Pre-Filled Device",Projected MOS,2027-03,0.0
Nigeria,MOH Supply Plan,"Medroxyprogesterone Acetate 104 mg/0.65 mL, Subcutaneous, Pre-Filled Device",Projected MOS,2027-04,0.0
Nigeria,MOH Supply Plan,"Medroxyprogesterone Acetate 104 mg/0.65 mL, Subcutaneous, Pre-Filled Device",Projected MOS,2027-05,0.0
Nigeria,MOH Supply Plan,"Medroxyprogesterone Acetate 104 mg/0.65 mL, Subcutaneous, Pre-Filled Device",Projected MOS,2027-06,0.0
Nigeria,MOH Supply Plan,"Medroxyprogesterone Acetate 104 mg/0.65 mL, Subcutaneous, Pre-Filled Device",Projected MOS,2027-07,0.0
Nigeria,MOH Supply Plan,"Medroxyprogesterone Acetate 104 mg/0.65 mL, Subcutaneous, Pre-Filled Device",Projected MOS,2027-08,0.0
Nigeria,MOH Supply Plan,"Medroxyprogesterone Acetate 104 mg/0.65 mL, Subcutaneous, Pre-Filled Device",Projected MOS,2027-09,0.0
Nigeria,MOH Supply Plan,"Medroxyprogesterone Acetate 104 mg/0.65 mL, Subcutaneous, Pre-Filled Device",Projected MOS,2027-10,0.0
Nigeria,MOH Supply Plan,"Medroxyprogesterone Acetate 104 mg/0.65 mL, Subcutaneous, Pre-Filled Device",Projected MOS,2027-11,0.0
Nigeria,MOH Supply Plan,"Medroxyprogesterone Acetate 104 mg/0.65 mL, Subcutaneous, Pre-Filled Device",Projected MOS,2027-12,0.0
Nigeria,MOH Supply Plan,"Medroxyprogesterone Acetate 104 mg/0.65 mL, Subcutaneous, Pre-Filled Device",Projected MOS,2028-01,0.0
Nigeria,MOH Supply Plan,"Medroxyprogesterone Acetate 104 mg/0.65 mL, Subcutaneous, Pre-Filled Device",Projected MOS,2028-02,0.0
Nigeria,MOH Supply Plan,"Medroxyprogesterone Acetate 104 mg/0.65 mL, Subcutaneous, Pre-Filled Device",Projected MOS,2028-03,0.0
Nigeria,MOH Supply Plan,"Medroxyprogesterone Acetate 104 mg/0.65 mL, Subcutaneous, Pre-Filled Device",Projected MOS,2028-04,0.0
Nigeria,MOH Supply Plan,"Medroxyprogesterone Acetate 104 mg/0.65 mL, Subcutaneous, Pre-Filled Device",Projected MOS,2028-05,0.0
Nigeria,MOH Supply Plan,"Medroxyprogesterone Acetate 104 mg/0.65 mL, Subcutaneous, Pre-Filled Device",Projected MOS,2028-06,0.0
Nigeria,MOH Supply Plan,"Medroxyprogesterone Acetate 104 mg/0.65 mL, Subcutaneous, Pre-Filled Device",Projected MOS,2028-07,0.0
Nigeria,MOH Supply Plan,"Medroxyprogesterone Acetate 104 mg/0.65 mL, Subcutaneous, Pre-Filled Device",Projected MOS,2028-08,0.0
Nigeria,MOH Supply Plan,"Medroxyprogesterone Acetate 104 mg/0.65 mL, Subcutaneous, Pre-Filled Device",Suggested Replenishment,2026-08,9932114.0
Nigeria,MOH Supply Plan,"Medroxyprogesterone Acetate 104 mg/0.65 mL, Subcutaneous, Pre-Filled Device",Suggested Replenishment,2026-09,0.0
Nigeria,MOH Supply Plan,"Medroxyprogesterone Acetate 104 mg/0.65 mL, Subcutaneous, Pre-Filled Device",Suggested Replenishment,2026-10,0.0
Nigeria,MOH Supply Plan,"Medroxyprogesterone Acetate 104 mg/0.65 mL, Subcutaneous, Pre-Filled Device",Suggested Replenishment,2026-11,0.0
Nigeria,MOH Supply Plan,"Medroxyprogesterone Acetate 104 mg/0.65 mL, Subcutaneous, Pre-Filled Device",Suggested Replenishment,2026-12,0.0
Nigeria,MOH Supply Plan,"Medroxyprogesterone Acetate 104 mg/0.65 mL, Subcutaneous, Pre-Filled Device",Suggested Replenishment,2027-01,0.0
Nigeria,MOH Supply Plan,"Medroxyprogesterone Acetate 104 mg/0.65 mL, Subcutaneous, Pre-Filled Device",Suggested Replenishment,2027-02,0.0
Nigeria,MOH Supply Plan,"Medroxyprogesterone Acetate 104 mg/0.65 mL, Subcutaneous, Pre-Filled Device",Suggested Replenishment,2027-03,0.0
Nigeria,MOH Supply Plan,"Medroxyprogesterone Acetate 104 mg/0.65 mL, Subcutaneous, Pre-Filled Device",Suggested Replenishment,2027-04,0.0
Nigeria,MOH Supply Plan,"Medroxyprogesterone Acetate 104 mg/0.65 mL, Subcutaneous, Pre-Filled Device",Suggested Replenishment,2027-05,0.0
Nigeria,MOH Supply Plan,"Medroxyprogesterone Acetate 104 mg/0.65 mL, Subcutaneous, Pre-Filled Device",Suggested Replenishment,2027-06,6675548.0
Nigeria,MOH Supply Plan,"Medroxyprogesterone Acetate 104 mg/0.65 mL, Subcutaneous, Pre-Filled Device",Suggested Replenishment,2027-07,0.0
Nigeria,MOH Supply Plan,"Medroxyprogesterone Acetate 104 mg/0.65 mL, Subcutaneous, Pre-Filled Device",Suggested Replenishment,2027-08,0.0
Nigeria,MOH Supply Plan,"Medroxyprogesterone Acetate 104 mg/0.65 mL, Subcutaneous, Pre-Filled Device",Suggested Replenishment,2027-09,0.0
Nigeria,MOH Supply Plan,"Medroxyprogesterone Acetate 104 mg/0.65 mL, Subcutaneous, Pre-Filled Device",Suggested Replenishment,2027-10,0.0
Nigeria,MOH Supply Plan,"Medroxyprogesterone Acetate 104 mg/0.65 mL, Subcutaneous, Pre-Filled Device",Suggested Replenishment,2027-11,0.0
Nigeria,MOH Supply Plan,"Medroxyprogesterone Acetate 104 mg/0.65 mL, Subcutaneous, Pre-Filled Device",Suggested Replenishment,2027-12,0.0
Nigeria,MOH Supply Plan,"Medroxyprogesterone Acetate 104 mg/0.65 mL, Subcutaneous, Pre-Filled Device",Suggested Replenishment,2028-01,9544282.0
Nigeria,MOH Supply Plan,"Medroxyprogesterone Acetate 104 mg/0.65 mL, Subcutaneous, Pre-Filled Device",Suggested Replenishment,2028-02,0.0
Nigeria,MOH Supply Plan,"Medroxyprogesterone Acetate 104 mg/0.65 mL, Subcutaneous, Pre-Filled Device",Suggested Replenishment,2028-03,0.0
Nigeria,MOH Supply Plan,"Medroxyprogesterone Acetate 104 mg/0.65 mL, Subcutaneous, Pre-Filled Device",Suggested Replenishment,2028-04,0.0
Nigeria,MOH Supply Plan,"Medroxyprogesterone Acetate 104 mg/0.65 mL, Subcutaneous, Pre-Filled Device",Suggested Replenishment,2028-05,0.0
Nigeria,MOH Supply Plan,"Medroxyprogesterone Acetate 104 mg/0.65 mL, Subcutaneous, Pre-Filled Device",Suggested Replenishment,2028-06,0.0
Nigeria,MOH Supply Plan,"Medroxyprogesterone Acetate 104 mg/0.65 mL, Subcutaneous, Pre-Filled Device",Suggested Replenishment,2028-07,0.0
Nigeria,MOH Supply Plan,"Medroxyprogesterone Acetate 104 mg/0.65 mL, Subcutaneous, Pre-Filled Device",Suggested Replenishment,2028-08,0.0
Nigeria,MOH Supply Plan,"Medroxyprogesterone Acetate 104 mg/0.65 mL, Subcutaneous, Pre-Filled Device",Projected MOS with Sugg Repl,2026-08,18.0
Nigeria,MOH Supply Plan,"Medroxyprogesterone Acetate 104 mg/0.65 mL, Subcutaneous, Pre-Filled Device",Projected MOS with Sugg Repl,2026-09,19.4
Nigeria,MOH Supply Plan,"Medroxyprogesterone Acetate 104 mg/0.65 mL, Subcutaneous, Pre-Filled Device",Projected MOS with Sugg Repl,2026-10,18.1
Nigeria,MOH Supply Plan,"Medroxyprogesterone Acetate 104 mg/0.65 mL, Subcutaneous, Pre-Filled Device",Projected MOS with Sugg Repl,2026-11,16.7
Nigeria,MOH Supply Plan,"Medroxyprogesterone Acetate 104 mg/0.65 mL, Subcutaneous, Pre-Filled Device",Projected MOS with Sugg Repl,2026-12,15.4
Nigeria,MOH Supply Plan,"Medroxyprogesterone Acetate 104 mg/0.65 mL, Subcutaneous, Pre-Filled Device",Projected MOS with Sugg Repl,2027-01,14.2
Nigeria,MOH Supply Plan,"Medroxyprogesterone Acetate 104 mg/0.65 mL, Subcutaneous, Pre-Filled Device",Projected MOS with Sugg Repl,2027-02,12.9
Nigeria,MOH Supply Plan,"Medroxyprogesterone Acetate 104 mg/0.65 mL, Subcutaneous, Pre-Filled Device",Projected MOS with Sugg Repl,2027-03,11.7
Nigeria,MOH Supply Plan,"Medroxyprogesterone Acetate 104 mg/0.65 mL, Subcutaneous, Pre-Filled Device",Projected MOS with Sugg Repl,2027-04,10.5
Nigeria,MOH Supply Plan,"Medroxyprogesterone Acetate 104 mg/0.65 mL, Subcutaneous, Pre-Filled Device",Projected MOS with Sugg Repl,2027-05,9.4
Nigeria,MOH Supply Plan,"Medroxyprogesterone Acetate 104 mg/0.65 mL, Subcutaneous, Pre-Filled Device",Projected MOS with Sugg Repl,2027-06,18.0
Nigeria,MOH Supply Plan,"Medroxyprogesterone Acetate 104 mg/0.65 mL, Subcutaneous, Pre-Filled Device",Projected MOS with Sugg Repl,2027-07,16.7
Nigeria,MOH Supply Plan,"Medroxyprogesterone Acetate 104 mg/0.65 mL, Subcutaneous, Pre-Filled Device",Projected MOS with Sugg Repl,2027-08,15.5
Nigeria,MOH Supply Plan,"Medroxyprogesterone Acetate 104 mg/0.65 mL, Subcutaneous, Pre-Filled Device",Projected MOS with Sugg Repl,2027-09,14.2
Nigeria,MOH Supply Plan,"Medroxyprogesterone Acetate 104 mg/0.65 mL, Subcutaneous, Pre-Filled Device",Projected MOS with Sugg Repl,2027-10,13.0
Nigeria,MOH Supply Plan,"Medroxyprogesterone Acetate 104 mg/0.65 mL, Subcutaneous, Pre-Filled Device",Projected MOS with Sugg Repl,2027-11,11.1
Nigeria,MOH Supply Plan,"Medroxyprogesterone Acetate 104 mg/0.65 mL, Subcutaneous, Pre-Filled Device",Projected MOS with Sugg Repl,2027-12,9.5
Nigeria,MOH Supply Plan,"Medroxyprogesterone Acetate 104 mg/0.65 mL, Subcutaneous, Pre-Filled Device",Projected MOS with Sugg Repl,2028-01,18.0
Nigeria,MOH Supply Plan,"Medroxyprogesterone Acetate 104 mg/0.65 mL, Subcutaneous, Pre-Filled Device",Projected MOS with Sugg Repl,2028-02,16.5
Nigeria,MOH Supply Plan,"Medroxyprogesterone Acetate 104 mg/0.65 mL, Subcutaneous, Pre-Filled Device",Projected MOS with Sugg Repl,2028-03,15.2
Nigeria,MOH Supply Plan,"Medroxyprogesterone Acetate 104 mg/0.65 mL, Subcutaneous, Pre-Filled Device",Projected MOS with Sugg Repl,2028-04,14.1
Nigeria,MOH Supply Plan,"Medroxyprogesterone Acetate 104 mg/0.65 mL, Subcutaneous, Pre-Filled Device",Projected MOS with Sugg Repl,2028-05,13.0
Nigeria,MOH Supply Plan,"Medroxyprogesterone Acetate 104 mg/0.65 mL, Subcutaneous, Pre-Filled Device",Projected MOS with Sugg Repl,2028-06,11.7
Nigeria,MOH Supply Plan,"Medroxyprogesterone Acetate 104 mg/0.65 mL, Subcutaneous, Pre-Filled Device",Projected MOS with Sugg Repl,2028-07,10.4
Nigeria,MOH Supply Plan,"Medroxyprogesterone Acetate 104 mg/0.65 mL, Subcutaneous, Pre-Filled Device",Projected MOS with Sugg Repl,2028-08,9.2
Nigeria,MOH Supply Plan,"Medroxyprogesterone Acetate 104 mg/0.65 mL, Subcutaneous, Pre-Filled Device",S1 - Monthly Consumption,2026-02,302556.0
Nigeria,MOH Supply Plan,"Medroxyprogesterone Acetate 104 mg/0.65 mL, Subcutaneous, Pre-Filled Device",S1 - Monthly Consumption,2026-03,289314.0
Nigeria,MOH Supply Plan,"Medroxyprogesterone Acetate 104 mg/0.65 mL, Subcutaneous, Pre-Filled Device",S1 - Monthly Consumption,2026-04,289314.0
Nigeria,MOH Supply Plan,"Medroxyprogesterone Acetate 104 mg/0.65 mL, Subcutaneous, Pre-Filled Device",S1 - Monthly Consumption,2026-05,307540.0
Nigeria,MOH Supply Plan,"Medroxyprogesterone Acetate 104 mg/0.65 mL, Subcutaneous, Pre-Filled Device",S1 - Monthly Consumption,2026-06,307540.0
Nigeria,MOH Supply Plan,"Medroxyprogesterone Acetate 104 mg/0.65 mL, Subcutaneous, Pre-Filled Device",S1 - Monthly Consumption,2026-07,545643.0
Nigeria,MOH Supply Plan,"Medroxyprogesterone Acetate 104 mg/0.65 mL, Subcutaneous, Pre-Filled Device",S1 - Monthly Consumption,2026-08,557113.0
Nigeria,MOH Supply Plan,"Medroxyprogesterone Acetate 104 mg/0.65 mL, Subcutaneous, Pre-Filled Device",S1 - Monthly Consumption,2026-09,568584.0
Nigeria,MOH Supply Plan,"Medroxyprogesterone Acetate 104 mg/0.65 mL, Subcutaneous, Pre-Filled Device",S1 - Monthly Consumption,2026-10,580055.0
Nigeria,MOH Supply Plan,"Medroxyprogesterone Acetate 104 mg/0.65 mL, Subcutaneous, Pre-Filled Device",S1 - Monthly Consumption,2026-11,591525.0
Nigeria,MOH Supply Plan,"Medroxyprogesterone Acetate 104 mg/0.65 mL, Subcutaneous, Pre-Filled Device",S1 - Monthly Consumption,2026-12,602996.0
Nigeria,MOH Supply Plan,"Medroxyprogesterone Acetate 104 mg/0.65 mL, Subcutaneous, Pre-Filled Device",S1 - Monthly Consumption,2027-01,614467.0
Nigeria,MOH Supply Plan,"Medroxyprogesterone Acetate 104 mg/0.65 mL, Subcutaneous, Pre-Filled Device",S1 - Monthly Consumption,2027-02,625938.0
Nigeria,MOH Supply Plan,"Medroxyprogesterone Acetate 104 mg/0.65 mL, Subcutaneous, Pre-Filled Device",S1 - Monthly Consumption,2027-03,637408.0
Nigeria,MOH Supply Plan,"Medroxyprogesterone Acetate 104 mg/0.65 mL, Subcutaneous, Pre-Filled Device",S1 - Monthly Consumption,2027-04,648879.0
Nigeria,MOH Supply Plan,"Medroxyprogesterone Acetate 104 mg/0.65 mL, Subcutaneous, Pre-Filled Device",S1 - Monthly Consumption,2027-05,660350.0
Nigeria,MOH Supply Plan,"Medroxyprogesterone Acetate 104 mg/0.65 mL, Subcutaneous, Pre-Filled Device",S1 - Monthly Consumption,2027-06,671820.0
Nigeria,MOH Supply Plan,"Medroxyprogesterone Acetate 104 mg/0.65 mL, Subcutaneous, Pre-Filled Device",S1 - Monthly Consumption,2027-07,683291.0
Nigeria,MOH Supply Plan,"Medroxyprogesterone Acetate 104 mg/0.65 mL, Subcutaneous, Pre-Filled Device",S1 - Monthly Consumption,2027-08,694762.0
Nigeria,MOH Supply Plan,"Medroxyprogesterone Acetate 104 mg/0.65 mL, Subcutaneous, Pre-Filled Device",S1 - Monthly Consumption,2027-09,706232.0
Nigeria,MOH Supply Plan,"Medroxyprogesterone Acetate 104 mg/0.65 mL, Subcutaneous, Pre-Filled Device",S1 - Monthly Consumption,2027-10,717703.0
Nigeria,MOH Supply Plan,"Medroxyprogesterone Acetate 104 mg/0.65 mL, Subcutaneous, Pre-Filled Device",S1 - Monthly Consumption,2027-11,729174.0
Nigeria,MOH Supply Plan,"Medroxyprogesterone Acetate 104 mg/0.65 mL, Subcutaneous, Pre-Filled Device",S1 - Monthly Consumption,2027-12,740644.0
Nigeria,MOH Supply Plan,"Medroxyprogesterone Acetate 104 mg/0.65 mL, Subcutaneous, Pre-Filled Device",S1 - Monthly Consumption,2028-01,897408.0
Nigeria,MOH Supply Plan,"Medroxyprogesterone Acetate 104 mg/0.65 mL, Subcutaneous, Pre-Filled Device",S1 - Monthly Consumption,2028-02,909241.0
Nigeria,MOH Supply Plan,"Medroxyprogesterone Acetate 104 mg/0.65 mL, Subcutaneous, Pre-Filled Device",S1 - Monthly Consumption,2028-03,972402.0
Nigeria,MOH Supply Plan,"Medroxyprogesterone Acetate 104 mg/0.65 mL, Subcutaneous, Pre-Filled Device",S1 - Monthly Consumption,2028-04,986877.0
Nigeria,MOH Supply Plan,"Medroxyprogesterone Acetate 104 mg/0.65 mL, Subcutaneous, Pre-Filled Device",S1 - Monthly Consumption,2028-05,966830.0
Nigeria,MOH Supply Plan,"Medroxyprogesterone Acetate 104 mg/0.65 mL, Subcutaneous, Pre-Filled Device",S1 - Monthly Consumption,2028-06,984930.0
Nigeria,MOH Supply Plan,"Medroxyprogesterone Acetate 104 mg/0.65 mL, Subcutaneous, Pre-Filled Device",S1 - Monthly Consumption,2028-07,1009103.0
Nigeria,MOH Supply Plan,"Medroxyprogesterone Acetate 104 mg/0.65 mL, Subcutaneous, Pre-Filled Device",S1 - Monthly Consumption,2028-08,1035097.0
Nigeria,MOH Supply Plan,"Medroxyprogesterone Acetate 104 mg/0.65 mL, Subcutaneous, Pre-Filled Device",S1 - Projected Supplies,2026-05,2173800.0
Nigeria,MOH Supply Plan,"Medroxyprogesterone Acetate 104 mg/0.65 mL, Subcutaneous, Pre-Filled Device",S1 - Projected Supplies,2027-01,574805.0
Nigeria,MOH Supply Plan,"Medroxyprogesterone Acetate 104 mg/0.65 mL, Subcutaneous, Pre-Filled Device",S1 - Projected Inventory,2026-02,0.0
Nigeria,MOH Supply Plan,"Medroxyprogesterone Acetate 104 mg/0.65 mL, Subcutaneous, Pre-Filled Device",S1 - Projected Inventory,2026-03,0.0
Nigeria,MOH Supply Plan,"Medroxyprogesterone Acetate 104 mg/0.65 mL, Subcutaneous, Pre-Filled Device",S1 - Projected Inventory,2026-04,0.0
Nigeria,MOH Supply Plan,"Medroxyprogesterone Acetate 104 mg/0.65 mL, Subcutaneous, Pre-Filled Device",S1 - Projected Inventory,2026-05,0.0
Nigeria,MOH Supply Plan,"Medroxyprogesterone Acetate 104 mg/0.65 mL, Subcutaneous, Pre-Filled Device",S1 - Projected Inventory,2026-06,1405154.0
Nigeria,MOH Supply Plan,"Medroxyprogesterone Acetate 104 mg/0.65 mL, Subcutaneous, Pre-Filled Device",S1 - Projected Inventory,2026-07,859511.0
Nigeria,MOH Supply Plan,"Medroxyprogesterone Acetate 104 mg/0.65 mL, Subcutaneous, Pre-Filled Device",S1 - Projected Inventory,2026-08,302398.0
Nigeria,MOH Supply Plan,"Medroxyprogesterone Acetate 104 mg/0.65 mL, Subcutaneous, Pre-Filled Device",S1 - Projected Inventory,2026-09,0.0
Nigeria,MOH Supply Plan,"Medroxyprogesterone Acetate 104 mg/0.65 mL, Subcutaneous, Pre-Filled Device",S1 - Projected Inventory,2026-10,0.0
Nigeria,MOH Supply Plan,"Medroxyprogesterone Acetate 104 mg/0.65 mL, Subcutaneous, Pre-Filled Device",S1 - Projected Inventory,2026-11,0.0
Nigeria,MOH Supply Plan,"Medroxyprogesterone Acetate 104 mg/0.65 mL, Subcutaneous, Pre-Filled Device",S1 - Projected Inventory,2026-12,0.0
Nigeria,MOH Supply Plan,"Medroxyprogesterone Acetate 104 mg/0.65 mL, Subcutaneous, Pre-Filled Device",S1 - Projected Inventory,2027-01,0.0
Nigeria,MOH Supply Plan,"Medroxyprogesterone Acetate 104 mg/0.65 mL, Subcutaneous, Pre-Filled Device",S1 - Projected Inventory,2027-02,0.0
Nigeria,MOH Supply Plan,"Medroxyprogesterone Acetate 104 mg/0.65 mL, Subcutaneous, Pre-Filled Device",S1 - Projected Inventory,2027-03,0.0
Nigeria,MOH Supply Plan,"Medroxyprogesterone Acetate 104 mg/0.65 mL, Subcutaneous, Pre-Filled Device",S1 - Projected Inventory,2027-04,0.0
Nigeria,MOH Supply Plan,"Medroxyprogesterone Acetate 104 mg/0.65 mL, Subcutaneous, Pre-Filled Device",S1 - Projected Inventory,2027-05,0.0
Nigeria,MOH Supply Plan,"Medroxyprogesterone Acetate 104 mg/0.65 mL, Subcutaneous, Pre-Filled Device",S1 - Projected Inventory,2027-06,0.0
Nigeria,MOH Supply Plan,"Medroxyprogesterone Acetate 104 mg/0.65 mL, Subcutaneous, Pre-Filled Device",S1 - Projected Inventory,2027-07,0.0
Nigeria,MOH Supply Plan,"Medroxyprogesterone Acetate 104 mg/0.65 mL, Subcutaneous, Pre-Filled Device",S1 - Projected Inventory,2027-08,0.0
Nigeria,MOH Supply Plan,"Medroxyprogesterone Acetate 104 mg/0.65 mL, Subcutaneous, Pre-Filled Device",S1 - Projected Inventory,2027-09,0.0
Nigeria,MOH Supply Plan,"Medroxyprogesterone Acetate 104 mg/0.65 mL, Subcutaneous, Pre-Filled Device",S1 - Projected Inventory,2027-10,0.0
Nigeria,MOH Supply Plan,"Medroxyprogesterone Acetate 104 mg/0.65 mL, Subcutaneous, Pre-Filled Device",S1 - Projected Inventory,2027-11,0.0
Nigeria,MOH Supply Plan,"Medroxyprogesterone Acetate 104 mg/0.65 mL, Subcutaneous, Pre-Filled Device",S1 - Projected Inventory,2027-12,0.0
Nigeria,MOH Supply Plan,"Medroxyprogesterone Acetate 104 mg/0.65 mL, Subcutaneous, Pre-Filled Device",S1 - Projected Inventory,2028-01,0.0
Nigeria,MOH Supply Plan,"Medroxyprogesterone Acetate 104 mg/0.65 mL, Subcutaneous, Pre-Filled Device",S1 - Projected Inventory,2028-02,0.0
Nigeria,MOH Supply Plan,"Medroxyprogesterone Acetate 104 mg/0.65 mL, Subcutaneous, Pre-Filled Device",S1 - Projected Inventory,2028-03,0.0
Nigeria,MOH Supply Plan,"Medroxyprogesterone Acetate 104 mg/0.65 mL, Subcutaneous, Pre-Filled Device",S1 - Projected Inventory,2028-04,0.0
Nigeria,MOH Supply Plan,"Medroxyprogesterone Acetate 104 mg/0.65 mL, Subcutaneous, Pre-Filled Device",S1 - Projected Inventory,2028-05,0.0
Nigeria,MOH Supply Plan,"Medroxyprogesterone Acetate 104 mg/0.65 mL, Subcutaneous, Pre-Filled Device",S1 - Projected Inventory,2028-06,0.0
Nigeria,MOH Supply Plan,"Medroxyprogesterone Acetate 104 mg/0.65 mL, Subcutaneous, Pre-Filled Device",S1 - Projected Inventory,2028-07,0.0
Nigeria,MOH Supply Plan,"Medroxyprogesterone Acetate 104 mg/0.65 mL, Subcutaneous, Pre-Filled Device",S1 - Projected Inventory,2028-08,0.0
Nigeria,MOH Supply Plan,"Medroxyprogesterone Acetate 104 mg/0.65 mL, Subcutaneous, Pre-Filled Device",S1 - Projected MOS,2026-02,0.0
Nigeria,MOH Supply Plan,"Medroxyprogesterone Acetate 104 mg/0.65 mL, Subcutaneous, Pre-Filled Device",S1 - Projected MOS,2026-03,0.0
Nigeria,MOH Supply Plan,"Medroxyprogesterone Acetate 104 mg/0.65 mL, Subcutaneous, Pre-Filled Device",S1 - Projected MOS,2026-04,0.0
Nigeria,MOH Supply Plan,"Medroxyprogesterone Acetate 104 mg/0.65 mL, Subcutaneous, Pre-Filled Device",S1 - Projected MOS,2026-05,0.0
Nigeria,MOH Supply Plan,"Medroxyprogesterone Acetate 104 mg/0.65 mL, Subcutaneous, Pre-Filled Device",S1 - Projected MOS,2026-06,3.0
Nigeria,MOH Supply Plan,"Medroxyprogesterone Acetate 104 mg/0.65 mL, Subcutaneous, Pre-Filled Device",S1 - Projected MOS,2026-07,1.5
Nigeria,MOH Supply Plan,"Medroxyprogesterone Acetate 104 mg/0.65 mL, Subcutaneous, Pre-Filled Device",S1 - Projected MOS,2026-08,0.5
Nigeria,MOH Supply Plan,"Medroxyprogesterone Acetate 104 mg/0.65 mL, Subcutaneous, Pre-Filled Device",S1 - Projected MOS,2026-09,0.0
Nigeria,MOH Supply Plan,"Medroxyprogesterone Acetate 104 mg/0.65 mL, Subcutaneous, Pre-Filled Device",S1 - Projected MOS,2026-10,0.0
Nigeria,MOH Supply Plan,"Medroxyprogesterone Acetate 104 mg/0.65 mL, Subcutaneous, Pre-Filled Device",S1 - Projected MOS,2026-11,0.0
Nigeria,MOH Supply Plan,"Medroxyprogesterone Acetate 104 mg/0.65 mL, Subcutaneous, Pre-Filled Device",S1 - Projected MOS,2026-12,0.0
Nigeria,MOH Supply Plan,"Medroxyprogesterone Acetate 104 mg/0.65 mL, Subcutaneous, Pre-Filled Device",S1 - Projected MOS,2027-01,0.0
Nigeria,MOH Supply Plan,"Medroxyprogesterone Acetate 104 mg/0.65 mL, Subcutaneous, Pre-Filled Device",S1 - Projected MOS,2027-02,0.0
Nigeria,MOH Supply Plan,"Medroxyprogesterone Acetate 104 mg/0.65 mL, Subcutaneous, Pre-Filled Device",S1 - Projected MOS,2027-03,0.0
Nigeria,MOH Supply Plan,"Medroxyprogesterone Acetate 104 mg/0.65 mL, Subcutaneous, Pre-Filled Device",S1 - Projected MOS,2027-04,0.0
Nigeria,MOH Supply Plan,"Medroxyprogesterone Acetate 104 mg/0.65 mL, Subcutaneous, Pre-Filled Device",S1 - Projected MOS,2027-05,0.0
Nigeria,MOH Supply Plan,"Medroxyprogesterone Acetate 104 mg/0.65 mL, Subcutaneous, Pre-Filled Device",S1 - Projected MOS,2027-06,0.0
Nigeria,MOH Supply Plan,"Medroxyprogesterone Acetate 104 mg/0.65 mL, Subcutaneous, Pre-Filled Device",S1 - Projected MOS,2027-07,0.0
Nigeria,MOH Supply Plan,"Medroxyprogesterone Acetate 104 mg/0.65 mL, Subcutaneous, Pre-Filled Device",S1 - Projected MOS,2027-08,0.0
Nigeria,MOH Supply Plan,"Medroxyprogesterone Acetate 104 mg/0.65 mL, Subcutaneous, Pre-Filled Device",S1 - Projected MOS,2027-09,0.0
Nigeria,MOH Supply Plan,"Medroxyprogesterone Acetate 104 mg/0.65 mL, Subcutaneous, Pre-Filled Device",S1 - Projected MOS,2027-10,0.0
Nigeria,MOH Supply Plan,"Medroxyprogesterone Acetate 104 mg/0.65 mL, Subcutaneous, Pre-Filled Device",S1 - Projected MOS,2027-11,0.0
Nigeria,MOH Supply Plan,"Medroxyprogesterone Acetate 104 mg/0.65 mL, Subcutaneous, Pre-Filled Device",S1 - Projected MOS,2027-12,0.0
Nigeria,MOH Supply Plan,"Medroxyprogesterone Acetate 104 mg/0.65 mL, Subcutaneous, Pre-Filled Device",S1 - Projected MOS,2028-01,0.0
Nigeria,MOH Supply Plan,"Medroxyprogesterone Acetate 104 mg/0.65 mL, Subcutaneous, Pre-Filled Device",S1 - Projected MOS,2028-02,0.0
Nigeria,MOH Supply Plan,"Medroxyprogesterone Acetate 104 mg/0.65 mL, Subcutaneous, Pre-Filled Device",S1 - Projected MOS,2028-03,0.0
Nigeria,MOH Supply Plan,"Medroxyprogesterone Acetate 104 mg/0.65 mL, Subcutaneous, Pre-Filled Device",S1 - Projected MOS,2028-04,0.0
Nigeria,MOH Supply Plan,"Medroxyprogesterone Acetate 104 mg/0.65 mL, Subcutaneous, Pre-Filled Device",S1 - Projected MOS,2028-05,0.0
Nigeria,MOH Supply Plan,"Medroxyprogesterone Acetate 104 mg/0.65 mL, Subcutaneous, Pre-Filled Device",S1 - Projected MOS,2028-06,0.0
Nigeria,MOH Supply Plan,"Medroxyprogesterone Acetate 104 mg/0.65 mL, Subcutaneous, Pre-Filled Device",S1 - Projected MOS,2028-07,0.0
Nigeria,MOH Supply Plan,"Medroxyprogesterone Acetate 104 mg/0.65 mL, Subcutaneous, Pre-Filled Device",S1 - Projected MOS,2028-08,0.0
Nigeria,MOH Supply Plan,"Medroxyprogesterone Acetate 104 mg/0.65 mL, Subcutaneous, Pre-Filled Device",S2 - Monthly Consumption,2026-02,302556.0
Nigeria,MOH Supply Plan,"Medroxyprogesterone Acetate 104 mg/0.65 mL, Subcutaneous, Pre-Filled Device",S2 - Monthly Consumption,2026-03,289314.0
Nigeria,MOH Supply Plan,"Medroxyprogesterone Acetate 104 mg/0.65 mL, Subcutaneous, Pre-Filled Device",S2 - Monthly Consumption,2026-04,289314.0
Nigeria,MOH Supply Plan,"Medroxyprogesterone Acetate 104 mg/0.65 mL, Subcutaneous, Pre-Filled Device",S2 - Monthly Consumption,2026-05,307540.0
Nigeria,MOH Supply Plan,"Medroxyprogesterone Acetate 104 mg/0.65 mL, Subcutaneous, Pre-Filled Device",S2 - Monthly Consumption,2026-06,307540.0
Nigeria,MOH Supply Plan,"Medroxyprogesterone Acetate 104 mg/0.65 mL, Subcutaneous, Pre-Filled Device",S2 - Monthly Consumption,2026-07,545643.0
Nigeria,MOH Supply Plan,"Medroxyprogesterone Acetate 104 mg/0.65 mL, Subcutaneous, Pre-Filled Device",S2 - Monthly Consumption,2026-08,557113.0
Nigeria,MOH Supply Plan,"Medroxyprogesterone Acetate 104 mg/0.65 mL, Subcutaneous, Pre-Filled Device",S2 - Monthly Consumption,2026-09,568584.0
Nigeria,MOH Supply Plan,"Medroxyprogesterone Acetate 104 mg/0.65 mL, Subcutaneous, Pre-Filled Device",S2 - Monthly Consumption,2026-10,580055.0
Nigeria,MOH Supply Plan,"Medroxyprogesterone Acetate 104 mg/0.65 mL, Subcutaneous, Pre-Filled Device",S2 - Monthly Consumption,2026-11,591525.0
Nigeria,MOH Supply Plan,"Medroxyprogesterone Acetate 104 mg/0.65 mL, Subcutaneous, Pre-Filled Device",S2 - Monthly Consumption,2026-12,602996.0
Nigeria,MOH Supply Plan,"Medroxyprogesterone Acetate 104 mg/0.65 mL, Subcutaneous, Pre-Filled Device",S2 - Monthly Consumption,2027-01,614467.0
Nigeria,MOH Supply Plan,"Medroxyprogesterone Acetate 104 mg/0.65 mL, Subcutaneous, Pre-Filled Device",S2 - Monthly Consumption,2027-02,625938.0
Nigeria,MOH Supply Plan,"Medroxyprogesterone Acetate 104 mg/0.65 mL, Subcutaneous, Pre-Filled Device",S2 - Monthly Consumption,2027-03,637408.0
Nigeria,MOH Supply Plan,"Medroxyprogesterone Acetate 104 mg/0.65 mL, Subcutaneous, Pre-Filled Device",S2 - Monthly Consumption,2027-04,648879.0
Nigeria,MOH Supply Plan,"Medroxyprogesterone Acetate 104 mg/0.65 mL, Subcutaneous, Pre-Filled Device",S2 - Monthly Consumption,2027-05,660350.0
Nigeria,MOH Supply Plan,"Medroxyprogesterone Acetate 104 mg/0.65 mL, Subcutaneous, Pre-Filled Device",S2 - Monthly Consumption,2027-06,671820.0
Nigeria,MOH Supply Plan,"Medroxyprogesterone Acetate 104 mg/0.65 mL, Subcutaneous, Pre-Filled Device",S2 - Monthly Consumption,2027-07,683291.0
Nigeria,MOH Supply Plan,"Medroxyprogesterone Acetate 104 mg/0.65 mL, Subcutaneous, Pre-Filled Device",S2 - Monthly Consumption,2027-08,694762.0
Nigeria,MOH Supply Plan,"Medroxyprogesterone Acetate 104 mg/0.65 mL, Subcutaneous, Pre-Filled Device",S2 - Monthly Consumption,2027-09,706232.0
Nigeria,MOH Supply Plan,"Medroxyprogesterone Acetate 104 mg/0.65 mL, Subcutaneous, Pre-Filled Device",S2 - Monthly Consumption,2027-10,717703.0
Nigeria,MOH Supply Plan,"Medroxyprogesterone Acetate 104 mg/0.65 mL, Subcutaneous, Pre-Filled Device",S2 - Monthly Consumption,2027-11,729174.0
Nigeria,MOH Supply Plan,"Medroxyprogesterone Acetate 104 mg/0.65 mL, Subcutaneous, Pre-Filled Device",S2 - Monthly Consumption,2027-12,740644.0
Nigeria,MOH Supply Plan,"Medroxyprogesterone Acetate 104 mg/0.65 mL, Subcutaneous, Pre-Filled Device",S2 - Monthly Consumption,2028-01,897408.0
Nigeria,MOH Supply Plan,"Medroxyprogesterone Acetate 104 mg/0.65 mL, Subcutaneous, Pre-Filled Device",S2 - Monthly Consumption,2028-02,909241.0
Nigeria,MOH Supply Plan,"Medroxyprogesterone Acetate 104 mg/0.65 mL, Subcutaneous, Pre-Filled Device",S2 - Monthly Consumption,2028-03,972402.0
Nigeria,MOH Supply Plan,"Medroxyprogesterone Acetate 104 mg/0.65 mL, Subcutaneous, Pre-Filled Device",S2 - Monthly Consumption,2028-04,986877.0
Nigeria,MOH Supply Plan,"Medroxyprogesterone Acetate 104 mg/0.65 mL, Subcutaneous, Pre-Filled Device",S2 - Monthly Consumption,2028-05,966830.0
Nigeria,MOH Supply Plan,"Medroxyprogesterone Acetate 104 mg/0.65 mL, Subcutaneous, Pre-Filled Device",S2 - Monthly Consumption,2028-06,984930.0
Nigeria,MOH Supply Plan,"Medroxyprogesterone Acetate 104 mg/0.65 mL, Subcutaneous, Pre-Filled Device",S2 - Monthly Consumption,2028-07,1009103.0
Nigeria,MOH Supply Plan,"Medroxyprogesterone Acetate 104 mg/0.65 mL, Subcutaneous, Pre-Filled Device",S2 - Monthly Consumption,2028-08,1035097.0
Nigeria,MOH Supply Plan,"Medroxyprogesterone Acetate 104 mg/0.65 mL, Subcutaneous, Pre-Filled Device",S2 - Projected Supplies,2026-05,2173800.0
Nigeria,MOH Supply Plan,"Medroxyprogesterone Acetate 104 mg/0.65 mL, Subcutaneous, Pre-Filled Device",S2 - Projected Supplies,2026-08,200000.0
Nigeria,MOH Supply Plan,"Medroxyprogesterone Acetate 104 mg/0.65 mL, Subcutaneous, Pre-Filled Device",S2 - Projected Supplies,2026-09,5903866.0
Nigeria,MOH Supply Plan,"Medroxyprogesterone Acetate 104 mg/0.65 mL, Subcutaneous, Pre-Filled Device",S2 - Projected Inventory,2026-02,0.0
Nigeria,MOH Supply Plan,"Medroxyprogesterone Acetate 104 mg/0.65 mL, Subcutaneous, Pre-Filled Device",S2 - Projected Inventory,2026-03,0.0
Nigeria,MOH Supply Plan,"Medroxyprogesterone Acetate 104 mg/0.65 mL, Subcutaneous, Pre-Filled Device",S2 - Projected Inventory,2026-04,0.0
Nigeria,MOH Supply Plan,"Medroxyprogesterone Acetate 104 mg/0.65 mL, Subcutaneous, Pre-Filled Device",S2 - Projected Inventory,2026-05,0.0
Nigeria,MOH Supply Plan,"Medroxyprogesterone Acetate 104 mg/0.65 mL, Subcutaneous, Pre-Filled Device",S2 - Projected Inventory,2026-06,1405154.0
Nigeria,MOH Supply Plan,"Medroxyprogesterone Acetate 104 mg/0.65 mL, Subcutaneous, Pre-Filled Device",S2 - Projected Inventory,2026-07,859511.0
Nigeria,MOH Supply Plan,"Medroxyprogesterone Acetate 104 mg/0.65 mL, Subcutaneous, Pre-Filled Device",S2 - Projected Inventory,2026-08,502398.0
Nigeria,MOH Supply Plan,"Medroxyprogesterone Acetate 104 mg/0.65 mL, Subcutaneous, Pre-Filled Device",S2 - Projected Inventory,2026-09,5837680.0
Nigeria,MOH Supply Plan,"Medroxyprogesterone Acetate 104 mg/0.65 mL, Subcutaneous, Pre-Filled Device",S2 - Projected Inventory,2026-10,5257625.0
Nigeria,MOH Supply Plan,"Medroxyprogesterone Acetate 104 mg/0.65 mL, Subcutaneous, Pre-Filled Device",S2 - Projected Inventory,2026-11,4666100.0
Nigeria,MOH Supply Plan,"Medroxyprogesterone Acetate 104 mg/0.65 mL, Subcutaneous, Pre-Filled Device",S2 - Projected Inventory,2026-12,4063104.0
Nigeria,MOH Supply Plan,"Medroxyprogesterone Acetate 104 mg/0.65 mL, Subcutaneous, Pre-Filled Device",S2 - Projected Inventory,2027-01,3448637.0
Nigeria,MOH Supply Plan,"Medroxyprogesterone Acetate 104 mg/0.65 mL, Subcutaneous, Pre-Filled Device",S2 - Projected Inventory,2027-02,2822699.0
Nigeria,MOH Supply Plan,"Medroxyprogesterone Acetate 104 mg/0.65 mL, Subcutaneous, Pre-Filled Device",S2 - Projected Inventory,2027-03,2185291.0
Nigeria,MOH Supply Plan,"Medroxyprogesterone Acetate 104 mg/0.65 mL, Subcutaneous, Pre-Filled Device",S2 - Projected Inventory,2027-04,1536412.0
Nigeria,MOH Supply Plan,"Medroxyprogesterone Acetate 104 mg/0.65 mL, Subcutaneous, Pre-Filled Device",S2 - Projected Inventory,2027-05,876062.0
Nigeria,MOH Supply Plan,"Medroxyprogesterone Acetate 104 mg/0.65 mL, Subcutaneous, Pre-Filled Device",S2 - Projected Inventory,2027-06,204242.0
Nigeria,MOH Supply Plan,"Medroxyprogesterone Acetate 104 mg/0.65 mL, Subcutaneous, Pre-Filled Device",S2 - Projected Inventory,2027-07,0.0
Nigeria,MOH Supply Plan,"Medroxyprogesterone Acetate 104 mg/0.65 mL, Subcutaneous, Pre-Filled Device",S2 - Projected Inventory,2027-08,0.0
Nigeria,MOH Supply Plan,"Medroxyprogesterone Acetate 104 mg/0.65 mL, Subcutaneous, Pre-Filled Device",S2 - Projected Inventory,2027-09,0.0
Nigeria,MOH Supply Plan,"Medroxyprogesterone Acetate 104 mg/0.65 mL, Subcutaneous, Pre-Filled Device",S2 - Projected Inventory,2027-10,0.0
Nigeria,MOH Supply Plan,"Medroxyprogesterone Acetate 104 mg/0.65 mL, Subcutaneous, Pre-Filled Device",S2 - Projected Inventory,2027-11,0.0
Nigeria,MOH Supply Plan,"Medroxyprogesterone Acetate 104 mg/0.65 mL, Subcutaneous, Pre-Filled Device",S2 - Projected Inventory,2027-12,0.0
Nigeria,MOH Supply Plan,"Medroxyprogesterone Acetate 104 mg/0.65 mL, Subcutaneous, Pre-Filled Device",S2 - Projected Inventory,2028-01,0.0
Nigeria,MOH Supply Plan,"Medroxyprogesterone Acetate 104 mg/0.65 mL, Subcutaneous, Pre-Filled Device",S2 - Projected Inventory,2028-02,0.0
Nigeria,MOH Supply Plan,"Medroxyprogesterone Acetate 104 mg/0.65 mL, Subcutaneous, Pre-Filled Device",S2 - Projected Inventory,2028-03,0.0
Nigeria,MOH Supply Plan,"Medroxyprogesterone Acetate 104 mg/0.65 mL, Subcutaneous, Pre-Filled Device",S2 - Projected Inventory,2028-04,0.0
Nigeria,MOH Supply Plan,"Medroxyprogesterone Acetate 104 mg/0.65 mL, Subcutaneous, Pre-Filled Device",S2 - Projected Inventory,2028-05,0.0
Nigeria,MOH Supply Plan,"Medroxyprogesterone Acetate 104 mg/0.65 mL, Subcutaneous, Pre-Filled Device",S2 - Projected Inventory,2028-06,0.0
Nigeria,MOH Supply Plan,"Medroxyprogesterone Acetate 104 mg/0.65 mL, Subcutaneous, Pre-Filled Device",S2 - Projected Inventory,2028-07,0.0
Nigeria,MOH Supply Plan,"Medroxyprogesterone Acetate 104 mg/0.65 mL, Subcutaneous, Pre-Filled Device",S2 - Projected Inventory,2028-08,0.0
Nigeria,MOH Supply Plan,"Medroxyprogesterone Acetate 104 mg/0.65 mL, Subcutaneous, Pre-Filled Device",S2 - Projected MOS,2026-02,0.0
Nigeria,MOH Supply Plan,"Medroxyprogesterone Acetate 104 mg/0.65 mL, Subcutaneous, Pre-Filled Device",S2 - Projected MOS,2026-03,0.0
Nigeria,MOH Supply Plan,"Medroxyprogesterone Acetate 104 mg/0.65 mL, Subcutaneous, Pre-Filled Device",S2 - Projected MOS,2026-04,0.0
Nigeria,MOH Supply Plan,"Medroxyprogesterone Acetate 104 mg/0.65 mL, Subcutaneous, Pre-Filled Device",S2 - Projected MOS,2026-05,0.0
Nigeria,MOH Supply Plan,"Medroxyprogesterone Acetate 104 mg/0.65 mL, Subcutaneous, Pre-Filled Device",S2 - Projected MOS,2026-06,3.0
Nigeria,MOH Supply Plan,"Medroxyprogesterone Acetate 104 mg/0.65 mL, Subcutaneous, Pre-Filled Device",S2 - Projected MOS,2026-07,1.5
Nigeria,MOH Supply Plan,"Medroxyprogesterone Acetate 104 mg/0.65 mL, Subcutaneous, Pre-Filled Device",S2 - Projected MOS,2026-08,0.9
Nigeria,MOH Supply Plan,"Medroxyprogesterone Acetate 104 mg/0.65 mL, Subcutaneous, Pre-Filled Device",S2 - Projected MOS,2026-09,10.1
Nigeria,MOH Supply Plan,"Medroxyprogesterone Acetate 104 mg/0.65 mL, Subcutaneous, Pre-Filled Device",S2 - Projected MOS,2026-10,8.9
Nigeria,MOH Supply Plan,"Medroxyprogesterone Acetate 104 mg/0.65 mL, Subcutaneous, Pre-Filled Device",S2 - Projected MOS,2026-11,7.7
Nigeria,MOH Supply Plan,"Medroxyprogesterone Acetate 104 mg/0.65 mL, Subcutaneous, Pre-Filled Device",S2 - Projected MOS,2026-12,6.6
Nigeria,MOH Supply Plan,"Medroxyprogesterone Acetate 104 mg/0.65 mL, Subcutaneous, Pre-Filled Device",S2 - Projected MOS,2027-01,5.5
Nigeria,MOH Supply Plan,"Medroxyprogesterone Acetate 104 mg/0.65 mL, Subcutaneous, Pre-Filled Device",S2 - Projected MOS,2027-02,4.4
Nigeria,MOH Supply Plan,"Medroxyprogesterone Acetate 104 mg/0.65 mL, Subcutaneous, Pre-Filled Device",S2 - Projected MOS,2027-03,3.4
Nigeria,MOH Supply Plan,"Medroxyprogesterone Acetate 104 mg/0.65 mL, Subcutaneous, Pre-Filled Device",S2 - Projected MOS,2027-04,2.3
Nigeria,MOH Supply Plan,"Medroxyprogesterone Acetate 104 mg/0.65 mL, Subcutaneous, Pre-Filled Device",S2 - Projected MOS,2027-05,1.3
Nigeria,MOH Supply Plan,"Medroxyprogesterone Acetate 104 mg/0.65 mL, Subcutaneous, Pre-Filled Device",S2 - Projected MOS,2027-06,0.3
Nigeria,MOH Supply Plan,"Medroxyprogesterone Acetate 104 mg/0.65 mL, Subcutaneous, Pre-Filled Device",S2 - Projected MOS,2027-07,0.0
Nigeria,MOH Supply Plan,"Medroxyprogesterone Acetate 104 mg/0.65 mL, Subcutaneous, Pre-Filled Device",S2 - Projected MOS,2027-08,0.0
Nigeria,MOH Supply Plan,"Medroxyprogesterone Acetate 104 mg/0.65 mL, Subcutaneous, Pre-Filled Device",S2 - Projected MOS,2027-09,0.0
Nigeria,MOH Supply Plan,"Medroxyprogesterone Acetate 104 mg/0.65 mL, Subcutaneous, Pre-Filled Device",S2 - Projected MOS,2027-10,0.0
Nigeria,MOH Supply Plan,"Medroxyprogesterone Acetate 104 mg/0.65 mL, Subcutaneous, Pre-Filled Device",S2 - Projected MOS,2027-11,0.0
Nigeria,MOH Supply Plan,"Medroxyprogesterone Acetate 104 mg/0.65 mL, Subcutaneous, Pre-Filled Device",S2 - Projected MOS,2027-12,0.0
Nigeria,MOH Supply Plan,"Medroxyprogesterone Acetate 104 mg/0.65 mL, Subcutaneous, Pre-Filled Device",S2 - Projected MOS,2028-01,0.0
Nigeria,MOH Supply Plan,"Medroxyprogesterone Acetate 104 mg/0.65 mL, Subcutaneous, Pre-Filled Device",S2 - Projected MOS,2028-02,0.0
Nigeria,MOH Supply Plan,"Medroxyprogesterone Acetate 104 mg/0.65 mL, Subcutaneous, Pre-Filled Device",S2 - Projected MOS,2028-03,0.0
Nigeria,MOH Supply Plan,"Medroxyprogesterone Acetate 104 mg/0.65 mL, Subcutaneous, Pre-Filled Device",S2 - Projected MOS,2028-04,0.0
Nigeria,MOH Supply Plan,"Medroxyprogesterone Acetate 104 mg/0.65 mL, Subcutaneous, Pre-Filled Device",S2 - Projected MOS,2028-05,0.0
Nigeria,MOH Supply Plan,"Medroxyprogesterone Acetate 104 mg/0.65 mL, Subcutaneous, Pre-Filled Device",S2 - Projected MOS,2028-06,0.0
Nigeria,MOH Supply Plan,"Medroxyprogesterone Acetate 104 mg/0.65 mL, Subcutaneous, Pre-Filled Device",S2 - Projected MOS,2028-07,0.0
Nigeria,MOH Supply Plan,"Medroxyprogesterone Acetate 104 mg/0.65 mL, Subcutaneous, Pre-Filled Device",S2 - Projected MOS,2028-08,0.0
Nigeria,MOH Supply Plan,"Medroxyprogesterone Acetate 150 mg/mL (1 mL) Vial, Intramuscular",Monthly Consumption,2026-02,143122.0
Nigeria,MOH Supply Plan,"Medroxyprogesterone Acetate 150 mg/mL (1 mL) Vial, Intramuscular",Monthly Consumption,2026-03,136674.0
Nigeria,MOH Supply Plan,"Medroxyprogesterone Acetate 150 mg/mL (1 mL) Vial, Intramuscular",Monthly Consumption,2026-04,136674.0
Nigeria,MOH Supply Plan,"Medroxyprogesterone Acetate 150 mg/mL (1 mL) Vial, Intramuscular",Monthly Consumption,2026-05,148592.0
Nigeria,MOH Supply Plan,"Medroxyprogesterone Acetate 150 mg/mL (1 mL) Vial, Intramuscular",Monthly Consumption,2026-06,148592.0
Nigeria,MOH Supply Plan,"Medroxyprogesterone Acetate 150 mg/mL (1 mL) Vial, Intramuscular",Monthly Consumption,2026-07,236285.0
Nigeria,MOH Supply Plan,"Medroxyprogesterone Acetate 150 mg/mL (1 mL) Vial, Intramuscular",Monthly Consumption,2026-08,234800.0
Nigeria,MOH Supply Plan,"Medroxyprogesterone Acetate 150 mg/mL (1 mL) Vial, Intramuscular",Monthly Consumption,2026-09,231748.0
Nigeria,MOH Supply Plan,"Medroxyprogesterone Acetate 150 mg/mL (1 mL) Vial, Intramuscular",Monthly Consumption,2026-10,234413.0
Nigeria,MOH Supply Plan,"Medroxyprogesterone Acetate 150 mg/mL (1 mL) Vial, Intramuscular",Monthly Consumption,2026-11,237100.0
Nigeria,MOH Supply Plan,"Medroxyprogesterone Acetate 150 mg/mL (1 mL) Vial, Intramuscular",Monthly Consumption,2026-12,235829.0
Nigeria,MOH Supply Plan,"Medroxyprogesterone Acetate 150 mg/mL (1 mL) Vial, Intramuscular",Monthly Consumption,2027-01,235029.0
Nigeria,MOH Supply Plan,"Medroxyprogesterone Acetate 150 mg/mL (1 mL) Vial, Intramuscular",Monthly Consumption,2027-02,234820.0
Nigeria,MOH Supply Plan,"Medroxyprogesterone Acetate 150 mg/mL (1 mL) Vial, Intramuscular",Monthly Consumption,2027-03,234823.0
Nigeria,MOH Supply Plan,"Medroxyprogesterone Acetate 150 mg/mL (1 mL) Vial, Intramuscular",Monthly Consumption,2027-04,235335.0
Nigeria,MOH Supply Plan,"Medroxyprogesterone Acetate 150 mg/mL (1 mL) Vial, Intramuscular",Monthly Consumption,2027-05,235489.0
Nigeria,MOH Supply Plan,"Medroxyprogesterone Acetate 150 mg/mL (1 mL) Vial, Intramuscular",Monthly Consumption,2027-06,235221.0
Nigeria,MOH Supply Plan,"Medroxyprogesterone Acetate 150 mg/mL (1 mL) Vial, Intramuscular",Monthly Consumption,2027-07,235120.0
Nigeria,MOH Supply Plan,"Medroxyprogesterone Acetate 150 mg/mL (1 mL) Vial, Intramuscular",Monthly Consumption,2027-08,235135.0
Nigeria,MOH Supply Plan,"Medroxyprogesterone Acetate 150 mg/mL (1 mL) Vial, Intramuscular",Monthly Consumption,2027-09,235187.0
Nigeria,MOH Supply Plan,"Medroxyprogesterone Acetate 150 mg/mL (1 mL) Vial, Intramuscular",Monthly Consumption,2027-10,235248.0
Nigeria,MOH Supply Plan,"Medroxyprogesterone Acetate 150 mg/mL (1 mL) Vial, Intramuscular",Monthly Consumption,2027-11,235233.0
Nigeria,MOH Supply Plan,"Medroxyprogesterone Acetate 150 mg/mL (1 mL) Vial, Intramuscular",Monthly Consumption,2027-12,235191.0
Nigeria,MOH Supply Plan,"Medroxyprogesterone Acetate 150 mg/mL (1 mL) Vial, Intramuscular",Monthly Consumption,2028-01,299005.0
Nigeria,MOH Supply Plan,"Medroxyprogesterone Acetate 150 mg/mL (1 mL) Vial, Intramuscular",Monthly Consumption,2028-02,299000.0
Nigeria,MOH Supply Plan,"Medroxyprogesterone Acetate 150 mg/mL (1 mL) Vial, Intramuscular",Monthly Consumption,2028-03,298997.0
Nigeria,MOH Supply Plan,"Medroxyprogesterone Acetate 150 mg/mL (1 mL) Vial, Intramuscular",Monthly Consumption,2028-04,298998.0
Nigeria,MOH Supply Plan,"Medroxyprogesterone Acetate 150 mg/mL (1 mL) Vial, Intramuscular",Monthly Consumption,2028-05,299001.0
Nigeria,MOH Supply Plan,"Medroxyprogesterone Acetate 150 mg/mL (1 mL) Vial, Intramuscular",Monthly Consumption,2028-06,299001.0
Nigeria,MOH Supply Plan,"Medroxyprogesterone Acetate 150 mg/mL (1 mL) Vial, Intramuscular",Monthly Consumption,2028-07,299000.0
Nigeria,MOH Supply Plan,"Medroxyprogesterone Acetate 150 mg/mL (1 mL) Vial, Intramuscular",Monthly Consumption,2028-08,299000.0
Nigeria,MOH Supply Plan,"Medroxyprogesterone Acetate 150 mg/mL (1 mL) Vial, Intramuscular",Prev. Monthly Consumption,2026-02,300158.0
Nigeria,MOH Supply Plan,"Medroxyprogesterone Acetate 150 mg/mL (1 mL) Vial, Intramuscular",Prev. Monthly Consumption,2026-03,305195.0
Nigeria,MOH Supply Plan,"Medroxyprogesterone Acetate 150 mg/mL (1 mL) Vial, Intramuscular",Prev. Monthly Consumption,2026-04,301540.0
Nigeria,MOH Supply Plan,"Medroxyprogesterone Acetate 150 mg/mL (1 mL) Vial, Intramuscular",Prev. Monthly Consumption,2026-05,295457.0
Nigeria,MOH Supply Plan,"Medroxyprogesterone Acetate 150 mg/mL (1 mL) Vial, Intramuscular",Prev. Monthly Consumption,2026-06,297540.0
Nigeria,MOH Supply Plan,"Medroxyprogesterone Acetate 150 mg/mL (1 mL) Vial, Intramuscular",Prev. Monthly Consumption,2026-07,299051.0
Nigeria,MOH Supply Plan,"Medroxyprogesterone Acetate 150 mg/mL (1 mL) Vial, Intramuscular",Prev. Monthly Consumption,2026-08,299823.0
Nigeria,MOH Supply Plan,"Medroxyprogesterone Acetate 150 mg/mL (1 mL) Vial, Intramuscular",Prev. Monthly Consumption,2026-09,299768.0
Nigeria,MOH Supply Plan,"Medroxyprogesterone Acetate 150 mg/mL (1 mL) Vial, Intramuscular",Prev. Monthly Consumption,2026-10,298863.0
Nigeria,MOH Supply Plan,"Medroxyprogesterone Acetate 150 mg/mL (1 mL) Vial, Intramuscular",Prev. Monthly Consumption,2026-11,298417.0
Nigeria,MOH Supply Plan,"Medroxyprogesterone Acetate 150 mg/mL (1 mL) Vial, Intramuscular",Prev. Monthly Consumption,2026-12,298910.0
Nigeria,MOH Supply Plan,"Medroxyprogesterone Acetate 150 mg/mL (1 mL) Vial, Intramuscular",Prev. Monthly Consumption,2027-01,299139.0
Nigeria,MOH Supply Plan,"Medroxyprogesterone Acetate 150 mg/mL (1 mL) Vial, Intramuscular",Prev. Monthly Consumption,2027-02,299153.0
Nigeria,MOH Supply Plan,"Medroxyprogesterone Acetate 150 mg/mL (1 mL) Vial, Intramuscular",Prev. Monthly Consumption,2027-03,299042.0
Nigeria,MOH Supply Plan,"Medroxyprogesterone Acetate 150 mg/mL (1 mL) Vial, Intramuscular",Prev. Monthly Consumption,2027-04,298921.0
Nigeria,MOH Supply Plan,"Medroxyprogesterone Acetate 150 mg/mL (1 mL) Vial, Intramuscular",Prev. Monthly Consumption,2027-05,298930.0
Nigeria,MOH Supply Plan,"Medroxyprogesterone Acetate 150 mg/mL (1 mL) Vial, Intramuscular",Prev. Monthly Consumption,2027-06,299016.0
Nigeria,MOH Supply Plan,"Medroxyprogesterone Acetate 150 mg/mL (1 mL) Vial, Intramuscular",Prev. Monthly Consumption,2027-07,299033.0
Nigeria,MOH Supply Plan,"Medroxyprogesterone Acetate 150 mg/mL (1 mL) Vial, Intramuscular",Prev. Monthly Consumption,2027-08,299016.0
Nigeria,MOH Supply Plan,"Medroxyprogesterone Acetate 150 mg/mL (1 mL) Vial, Intramuscular",Prev. Monthly Consumption,2027-09,298993.0
Nigeria,MOH Supply Plan,"Medroxyprogesterone Acetate 150 mg/mL (1 mL) Vial, Intramuscular",Prev. Monthly Consumption,2027-10,298985.0
Nigeria,MOH Supply Plan,"Medroxyprogesterone Acetate 150 mg/mL (1 mL) Vial, Intramuscular",Prev. Monthly Consumption,2027-11,298995.0
Nigeria,MOH Supply Plan,"Medroxyprogesterone Acetate 150 mg/mL (1 mL) Vial, Intramuscular",Prev. Monthly Consumption,2027-12,299007.0
Nigeria,MOH Supply Plan,"Medroxyprogesterone Acetate 150 mg/mL (1 mL) Vial, Intramuscular",Prev. Monthly Consumption,2028-01,299005.0
Nigeria,MOH Supply Plan,"Medroxyprogesterone Acetate 150 mg/mL (1 mL) Vial, Intramuscular",Prev. Monthly Consumption,2028-02,299000.0
Nigeria,MOH Supply Plan,"Medroxyprogesterone Acetate 150 mg/mL (1 mL) Vial, Intramuscular",Prev. Monthly Consumption,2028-03,298997.0
Nigeria,MOH Supply Plan,"Medroxyprogesterone Acetate 150 mg/mL (1 mL) Vial, Intramuscular",Prev. Monthly Consumption,2028-04,298998.0
Nigeria,MOH Supply Plan,"Medroxyprogesterone Acetate 150 mg/mL (1 mL) Vial, Intramuscular",Prev. Monthly Consumption,2028-05,299001.0
Nigeria,MOH Supply Plan,"Medroxyprogesterone Acetate 150 mg/mL (1 mL) Vial, Intramuscular",Prev. Monthly Consumption,2028-06,299001.0
Nigeria,MOH Supply Plan,"Medroxyprogesterone Acetate 150 mg/mL (1 mL) Vial, Intramuscular",Prev. Monthly Consumption,2028-07,299000.0
Nigeria,MOH Supply Plan,"Medroxyprogesterone Acetate 150 mg/mL (1 mL) Vial, Intramuscular",Prev. Monthly Consumption,2028-08,299000.0
Nigeria,MOH Supply Plan,"Medroxyprogesterone Acetate 150 mg/mL (1 mL) Vial, Intramuscular",Supply Plan Inventory,2026-02,534770.0
Nigeria,MOH Supply Plan,"Medroxyprogesterone Acetate 150 mg/mL (1 mL) Vial, Intramuscular",Supply Plan Inventory,2026-03,1337896.0
Nigeria,MOH Supply Plan,"Medroxyprogesterone Acetate 150 mg/mL (1 mL) Vial, Intramuscular",Supply Plan Inventory,2026-04,594198.0
Nigeria,MOH Supply Plan,"Medroxyprogesterone Acetate 150 mg/mL (1 mL) Vial, Intramuscular",Supply Plan Inventory,2026-05,445606.0
Nigeria,MOH Supply Plan,"Medroxyprogesterone Acetate 150 mg/mL (1 mL) Vial, Intramuscular",Supply Plan Inventory,2026-06,745337.0
Nigeria,MOH Supply Plan,"Medroxyprogesterone Acetate 150 mg/mL (1 mL) Vial, Intramuscular",Supply Plan Inventory,2026-07,509052.0
Nigeria,MOH Supply Plan,"Medroxyprogesterone Acetate 150 mg/mL (1 mL) Vial, Intramuscular",Supply Plan Inventory,2026-08,274252.0
Nigeria,MOH Supply Plan,"Medroxyprogesterone Acetate 150 mg/mL (1 mL) Vial, Intramuscular",Supply Plan Inventory,2026-09,157404.0
Nigeria,MOH Supply Plan,"Medroxyprogesterone Acetate 150 mg/mL (1 mL) Vial, Intramuscular",Supply Plan Inventory,2026-10,578161.0
Nigeria,MOH Supply Plan,"Medroxyprogesterone Acetate 150 mg/mL (1 mL) Vial, Intramuscular",Supply Plan Inventory,2026-11,857200.0
Nigeria,MOH Supply Plan,"Medroxyprogesterone Acetate 150 mg/mL (1 mL) Vial, Intramuscular",Supply Plan Inventory,2026-12,2041045.0
Nigeria,MOH Supply Plan,"Medroxyprogesterone Acetate 150 mg/mL (1 mL) Vial, Intramuscular",Supply Plan Inventory,2027-01,1806016.0
Nigeria,MOH Supply Plan,"Medroxyprogesterone Acetate 150 mg/mL (1 mL) Vial, Intramuscular",Supply Plan Inventory,2027-02,1571196.0
Nigeria,MOH Supply Plan,"Medroxyprogesterone Acetate 150 mg/mL (1 mL) Vial, Intramuscular",Supply Plan Inventory,2027-03,4274575.0
Nigeria,MOH Supply Plan,"Medroxyprogesterone Acetate 150 mg/mL (1 mL) Vial, Intramuscular",Supply Plan Inventory,2027-04,4039240.0
Nigeria,MOH Supply Plan,"Medroxyprogesterone Acetate 150 mg/mL (1 mL) Vial, Intramuscular",Supply Plan Inventory,2027-05,3803751.0
Nigeria,MOH Supply Plan,"Medroxyprogesterone Acetate 150 mg/mL (1 mL) Vial, Intramuscular",Supply Plan Inventory,2027-06,3568530.0
Nigeria,MOH Supply Plan,"Medroxyprogesterone Acetate 150 mg/mL (1 mL) Vial, Intramuscular",Supply Plan Inventory,2027-07,3333410.0
Nigeria,MOH Supply Plan,"Medroxyprogesterone Acetate 150 mg/mL (1 mL) Vial, Intramuscular",Supply Plan Inventory,2027-08,5098275.0
Nigeria,MOH Supply Plan,"Medroxyprogesterone Acetate 150 mg/mL (1 mL) Vial, Intramuscular",Supply Plan Inventory,2027-09,4863088.0
Nigeria,MOH Supply Plan,"Medroxyprogesterone Acetate 150 mg/mL (1 mL) Vial, Intramuscular",Supply Plan Inventory,2027-10,4627840.0
Nigeria,MOH Supply Plan,"Medroxyprogesterone Acetate 150 mg/mL (1 mL) Vial, Intramuscular",Supply Plan Inventory,2027-11,4392607.0
Nigeria,MOH Supply Plan,"Medroxyprogesterone Acetate 150 mg/mL (1 mL) Vial, Intramuscular",Supply Plan Inventory,2027-12,4157416.0
Nigeria,MOH Supply Plan,"Medroxyprogesterone Acetate 150 mg/mL (1 mL) Vial, Intramuscular",Supply Plan Inventory,2028-01,3858411.0
Nigeria,MOH Supply Plan,"Medroxyprogesterone Acetate 150 mg/mL (1 mL) Vial, Intramuscular",Supply Plan Inventory,2028-02,6550159.0
Nigeria,MOH Supply Plan,"Medroxyprogesterone Acetate 150 mg/mL (1 mL) Vial, Intramuscular",Supply Plan Inventory,2028-03,6251162.0
Nigeria,MOH Supply Plan,"Medroxyprogesterone Acetate 150 mg/mL (1 mL) Vial, Intramuscular",Supply Plan Inventory,2028-04,5952164.0
Nigeria,MOH Supply Plan,"Medroxyprogesterone Acetate 150 mg/mL (1 mL) Vial, Intramuscular",Supply Plan Inventory,2028-05,5653163.0
Nigeria,MOH Supply Plan,"Medroxyprogesterone Acetate 150 mg/mL (1 mL) Vial, Intramuscular",Supply Plan Inventory,2028-06,5354162.0
Nigeria,MOH Supply Plan,"Medroxyprogesterone Acetate 150 mg/mL (1 mL) Vial, Intramuscular",Supply Plan Inventory,2028-07,5055162.0
Nigeria,MOH Supply Plan,"Medroxyprogesterone Acetate 150 mg/mL (1 mL) Vial, Intramuscular",Supply Plan Inventory,2028-08,4756162.0
Nigeria,MOH Supply Plan,"Medroxyprogesterone Acetate 150 mg/mL (1 mL) Vial, Intramuscular",Monthly Inventory,2026-02,534770.0
Nigeria,MOH Supply Plan,"Medroxyprogesterone Acetate 150 mg/mL (1 mL) Vial, Intramuscular",Monthly Inventory,2026-04,594198.0
Nigeria,MOH Supply Plan,"Medroxyprogesterone Acetate 150 mg/mL (1 mL) Vial, Intramuscular",Monthly Inventory,2026-06,745337.0
Nigeria,MOH Supply Plan,"Medroxyprogesterone Acetate 150 mg/mL (1 mL) Vial, Intramuscular",Projected Inventory Adjustment,2026-02,338656.0
Nigeria,MOH Supply Plan,"Medroxyprogesterone Acetate 150 mg/mL (1 mL) Vial, Intramuscular",Projected Inventory Adjustment,2026-03,0.0
Nigeria,MOH Supply Plan,"Medroxyprogesterone Acetate 150 mg/mL (1 mL) Vial, Intramuscular",Projected Inventory Adjustment,2026-04,-607024.0
Nigeria,MOH Supply Plan,"Medroxyprogesterone Acetate 150 mg/mL (1 mL) Vial, Intramuscular",Projected Inventory Adjustment,2026-05,0.0
Nigeria,MOH Supply Plan,"Medroxyprogesterone Acetate 150 mg/mL (1 mL) Vial, Intramuscular",Projected Inventory Adjustment,2026-06,448323.0
Nigeria,MOH Supply Plan,"Medroxyprogesterone Acetate 150 mg/mL (1 mL) Vial, Intramuscular",Projected Inventory Adjustment,2026-07,0.0
Nigeria,MOH Supply Plan,"Medroxyprogesterone Acetate 150 mg/mL (1 mL) Vial, Intramuscular",Projected Inventory Adjustment,2026-08,0.0
Nigeria,MOH Supply Plan,"Medroxyprogesterone Acetate 150 mg/mL (1 mL) Vial, Intramuscular",Projected Inventory Adjustment,2026-09,0.0
Nigeria,MOH Supply Plan,"Medroxyprogesterone Acetate 150 mg/mL (1 mL) Vial, Intramuscular",Projected Inventory Adjustment,2026-10,0.0
Nigeria,MOH Supply Plan,"Medroxyprogesterone Acetate 150 mg/mL (1 mL) Vial, Intramuscular",Projected Inventory Adjustment,2026-11,0.0
Nigeria,MOH Supply Plan,"Medroxyprogesterone Acetate 150 mg/mL (1 mL) Vial, Intramuscular",Projected Inventory Adjustment,2026-12,0.0
Nigeria,MOH Supply Plan,"Medroxyprogesterone Acetate 150 mg/mL (1 mL) Vial, Intramuscular",Projected Inventory Adjustment,2027-01,0.0
Nigeria,MOH Supply Plan,"Medroxyprogesterone Acetate 150 mg/mL (1 mL) Vial, Intramuscular",Projected Inventory Adjustment,2027-02,0.0
Nigeria,MOH Supply Plan,"Medroxyprogesterone Acetate 150 mg/mL (1 mL) Vial, Intramuscular",Projected Inventory Adjustment,2027-03,0.0
Nigeria,MOH Supply Plan,"Medroxyprogesterone Acetate 150 mg/mL (1 mL) Vial, Intramuscular",Projected Inventory Adjustment,2027-04,0.0
Nigeria,MOH Supply Plan,"Medroxyprogesterone Acetate 150 mg/mL (1 mL) Vial, Intramuscular",Projected Inventory Adjustment,2027-05,0.0
Nigeria,MOH Supply Plan,"Medroxyprogesterone Acetate 150 mg/mL (1 mL) Vial, Intramuscular",Projected Inventory Adjustment,2027-06,0.0
Nigeria,MOH Supply Plan,"Medroxyprogesterone Acetate 150 mg/mL (1 mL) Vial, Intramuscular",Projected Inventory Adjustment,2027-07,0.0
Nigeria,MOH Supply Plan,"Medroxyprogesterone Acetate 150 mg/mL (1 mL) Vial, Intramuscular",Projected Inventory Adjustment,2027-08,0.0
Nigeria,MOH Supply Plan,"Medroxyprogesterone Acetate 150 mg/mL (1 mL) Vial, Intramuscular",Projected Inventory Adjustment,2027-09,0.0
Nigeria,MOH Supply Plan,"Medroxyprogesterone Acetate 150 mg/mL (1 mL) Vial, Intramuscular",Projected Inventory Adjustment,2027-10,0.0
Nigeria,MOH Supply Plan,"Medroxyprogesterone Acetate 150 mg/mL (1 mL) Vial, Intramuscular",Projected Inventory Adjustment,2027-11,0.0
Nigeria,MOH Supply Plan,"Medroxyprogesterone Acetate 150 mg/mL (1 mL) Vial, Intramuscular",Projected Inventory Adjustment,2027-12,0.0
Nigeria,MOH Supply Plan,"Medroxyprogesterone Acetate 150 mg/mL (1 mL) Vial, Intramuscular",Projected Inventory Adjustment,2028-01,0.0
Nigeria,MOH Supply Plan,"Medroxyprogesterone Acetate 150 mg/mL (1 mL) Vial, Intramuscular",Projected Inventory Adjustment,2028-02,0.0
Nigeria,MOH Supply Plan,"Medroxyprogesterone Acetate 150 mg/mL (1 mL) Vial, Intramuscular",Projected Inventory Adjustment,2028-03,0.0
Nigeria,MOH Supply Plan,"Medroxyprogesterone Acetate 150 mg/mL (1 mL) Vial, Intramuscular",Projected Inventory Adjustment,2028-04,0.0
Nigeria,MOH Supply Plan,"Medroxyprogesterone Acetate 150 mg/mL (1 mL) Vial, Intramuscular",Projected Inventory Adjustment,2028-05,0.0
Nigeria,MOH Supply Plan,"Medroxyprogesterone Acetate 150 mg/mL (1 mL) Vial, Intramuscular",Projected Inventory Adjustment,2028-06,0.0
Nigeria,MOH Supply Plan,"Medroxyprogesterone Acetate 150 mg/mL (1 mL) Vial, Intramuscular",Projected Inventory Adjustment,2028-07,0.0
Nigeria,MOH Supply Plan,"Medroxyprogesterone Acetate 150 mg/mL (1 mL) Vial, Intramuscular",Projected Inventory Adjustment,2028-08,0.0
Nigeria,MOH Supply Plan,"Medroxyprogesterone Acetate 150 mg/mL (1 mL) Vial, Intramuscular",Expected Requirements,2026-03,939800.0
Nigeria,MOH Supply Plan,"Medroxyprogesterone Acetate 150 mg/mL (1 mL) Vial, Intramuscular",Expected Requirements,2026-09,114900.0
Nigeria,MOH Supply Plan,"Medroxyprogesterone Acetate 150 mg/mL (1 mL) Vial, Intramuscular",Expected Requirements,2026-10,655170.0
Nigeria,MOH Supply Plan,"Medroxyprogesterone Acetate 150 mg/mL (1 mL) Vial, Intramuscular",Expected Requirements,2026-11,516139.0
Nigeria,MOH Supply Plan,"Medroxyprogesterone Acetate 150 mg/mL (1 mL) Vial, Intramuscular",Expected Requirements,2026-12,1419674.0
Nigeria,MOH Supply Plan,"Medroxyprogesterone Acetate 150 mg/mL (1 mL) Vial, Intramuscular",Expected Requirements,2027-03,2938202.0
Nigeria,MOH Supply Plan,"Medroxyprogesterone Acetate 150 mg/mL (1 mL) Vial, Intramuscular",Expected Requirements,2027-08,2000000.0
Nigeria,MOH Supply Plan,"Medroxyprogesterone Acetate 150 mg/mL (1 mL) Vial, Intramuscular",Expected Requirements,2028-02,2990748.0
Nigeria,MOH Supply Plan,"Medroxyprogesterone Acetate 150 mg/mL (1 mL) Vial, Intramuscular",Un-Shipped Orders,2026-07,98900.0
Nigeria,MOH Supply Plan,"Medroxyprogesterone Acetate 150 mg/mL (1 mL) Vial, Intramuscular",Un-Shipped Orders,2026-08,16000.0
Nigeria,MOH Supply Plan,"Medroxyprogesterone Acetate 150 mg/mL (1 mL) Vial, Intramuscular",Un-Shipped Orders,2026-10,653050.0
Nigeria,MOH Supply Plan,"Medroxyprogesterone Acetate 150 mg/mL (1 mL) Vial, Intramuscular",Received Shipments,2026-03,939800.0
Nigeria,MOH Supply Plan,"Medroxyprogesterone Acetate 150 mg/mL (1 mL) Vial, Intramuscular",Manual Adjustment,2026-06,0.0
Nigeria,MOH Supply Plan,"Medroxyprogesterone Acetate 150 mg/mL (1 mL) Vial, Intramuscular",Manual Adjustment,2026-08,0.0
Nigeria,MOH Supply Plan,"Medroxyprogesterone Acetate 150 mg/mL (1 mL) Vial, Intramuscular",Projected Inventory,2026-02,0.0
Nigeria,MOH Supply Plan,"Medroxyprogesterone Acetate 150 mg/mL (1 mL) Vial, Intramuscular",Projected Inventory,2026-03,0.0
Nigeria,MOH Supply Plan,"Medroxyprogesterone Acetate 150 mg/mL (1 mL) Vial, Intramuscular",Projected Inventory,2026-04,0.0
Nigeria,MOH Supply Plan,"Medroxyprogesterone Acetate 150 mg/mL (1 mL) Vial, Intramuscular",Projected Inventory,2026-05,0.0
Nigeria,MOH Supply Plan,"Medroxyprogesterone Acetate 150 mg/mL (1 mL) Vial, Intramuscular",Projected Inventory,2026-06,745337.0
Nigeria,MOH Supply Plan,"Medroxyprogesterone Acetate 150 mg/mL (1 mL) Vial, Intramuscular",Projected Inventory,2026-07,607952.0
Nigeria,MOH Supply Plan,"Medroxyprogesterone Acetate 150 mg/mL (1 mL) Vial, Intramuscular",Projected Inventory,2026-08,389152.0
Nigeria,MOH Supply Plan,"Medroxyprogesterone Acetate 150 mg/mL (1 mL) Vial, Intramuscular",Projected Inventory,2026-09,157404.0
Nigeria,MOH Supply Plan,"Medroxyprogesterone Acetate 150 mg/mL (1 mL) Vial, Intramuscular",Projected Inventory,2026-10,576041.0
Nigeria,MOH Supply Plan,"Medroxyprogesterone Acetate 150 mg/mL (1 mL) Vial, Intramuscular",Projected Inventory,2026-11,338941.0
Nigeria,MOH Supply Plan,"Medroxyprogesterone Acetate 150 mg/mL (1 mL) Vial, Intramuscular",Projected Inventory,2026-12,103112.0
Nigeria,MOH Supply Plan,"Medroxyprogesterone Acetate 150 mg/mL (1 mL) Vial, Intramuscular",Projected Inventory,2027-01,0.0
Nigeria,MOH Supply Plan,"Medroxyprogesterone Acetate 150 mg/mL (1 mL) Vial, Intramuscular",Projected Inventory,2027-02,0.0
Nigeria,MOH Supply Plan,"Medroxyprogesterone Acetate 150 mg/mL (1 mL) Vial, Intramuscular",Projected Inventory,2027-03,0.0
Nigeria,MOH Supply Plan,"Medroxyprogesterone Acetate 150 mg/mL (1 mL) Vial, Intramuscular",Projected Inventory,2027-04,0.0
Nigeria,MOH Supply Plan,"Medroxyprogesterone Acetate 150 mg/mL (1 mL) Vial, Intramuscular",Projected Inventory,2027-05,0.0
Nigeria,MOH Supply Plan,"Medroxyprogesterone Acetate 150 mg/mL (1 mL) Vial, Intramuscular",Projected Inventory,2027-06,0.0
Nigeria,MOH Supply Plan,"Medroxyprogesterone Acetate 150 mg/mL (1 mL) Vial, Intramuscular",Projected Inventory,2027-07,0.0
Nigeria,MOH Supply Plan,"Medroxyprogesterone Acetate 150 mg/mL (1 mL) Vial, Intramuscular",Projected Inventory,2027-08,0.0
Nigeria,MOH Supply Plan,"Medroxyprogesterone Acetate 150 mg/mL (1 mL) Vial, Intramuscular",Projected Inventory,2027-09,0.0
Nigeria,MOH Supply Plan,"Medroxyprogesterone Acetate 150 mg/mL (1 mL) Vial, Intramuscular",Projected Inventory,2027-10,0.0
Nigeria,MOH Supply Plan,"Medroxyprogesterone Acetate 150 mg/mL (1 mL) Vial, Intramuscular",Projected Inventory,2027-11,0.0
Nigeria,MOH Supply Plan,"Medroxyprogesterone Acetate 150 mg/mL (1 mL) Vial, Intramuscular",Projected Inventory,2027-12,0.0
Nigeria,MOH Supply Plan,"Medroxyprogesterone Acetate 150 mg/mL (1 mL) Vial, Intramuscular",Projected Inventory,2028-01,0.0
Nigeria,MOH Supply Plan,"Medroxyprogesterone Acetate 150 mg/mL (1 mL) Vial, Intramuscular",Projected Inventory,2028-02,0.0
Nigeria,MOH Supply Plan,"Medroxyprogesterone Acetate 150 mg/mL (1 mL) Vial, Intramuscular",Projected Inventory,2028-03,0.0
Nigeria,MOH Supply Plan,"Medroxyprogesterone Acetate 150 mg/mL (1 mL) Vial, Intramuscular",Projected Inventory,2028-04,0.0
Nigeria,MOH Supply Plan,"Medroxyprogesterone Acetate 150 mg/mL (1 mL) Vial, Intramuscular",Projected Inventory,2028-05,0.0
Nigeria,MOH Supply Plan,"Medroxyprogesterone Acetate 150 mg/mL (1 mL) Vial, Intramuscular",Projected Inventory,2028-06,0.0
Nigeria,MOH Supply Plan,"Medroxyprogesterone Acetate 150 mg/mL (1 mL) Vial, Intramuscular",Projected Inventory,2028-07,0.0
Nigeria,MOH Supply Plan,"Medroxyprogesterone Acetate 150 mg/mL (1 mL) Vial, Intramuscular",Projected Inventory,2028-08,0.0
Nigeria,MOH Supply Plan,"Medroxyprogesterone Acetate 150 mg/mL (1 mL) Vial, Intramuscular",Projected MOS,2026-02,0.0
Nigeria,MOH Supply Plan,"Medroxyprogesterone Acetate 150 mg/mL (1 mL) Vial, Intramuscular",Projected MOS,2026-03,0.0
Nigeria,MOH Supply Plan,"Medroxyprogesterone Acetate 150 mg/mL (1 mL) Vial, Intramuscular",Projected MOS,2026-04,0.0
Nigeria,MOH Supply Plan,"Medroxyprogesterone Acetate 150 mg/mL (1 mL) Vial, Intramuscular",Projected MOS,2026-05,0.0
Nigeria,MOH Supply Plan,"Medroxyprogesterone Acetate 150 mg/mL (1 mL) Vial, Intramuscular",Projected MOS,2026-06,3.6
Nigeria,MOH Supply Plan,"Medroxyprogesterone Acetate 150 mg/mL (1 mL) Vial, Intramuscular",Projected MOS,2026-07,2.6
Nigeria,MOH Supply Plan,"Medroxyprogesterone Acetate 150 mg/mL (1 mL) Vial, Intramuscular",Projected MOS,2026-08,1.7
Nigeria,MOH Supply Plan,"Medroxyprogesterone Acetate 150 mg/mL (1 mL) Vial, Intramuscular",Projected MOS,2026-09,0.7
Nigeria,MOH Supply Plan,"Medroxyprogesterone Acetate 150 mg/mL (1 mL) Vial, Intramuscular",Projected MOS,2026-10,2.4
Nigeria,MOH Supply Plan,"Medroxyprogesterone Acetate 150 mg/mL (1 mL) Vial, Intramuscular",Projected MOS,2026-11,1.4
Nigeria,MOH Supply Plan,"Medroxyprogesterone Acetate 150 mg/mL (1 mL) Vial, Intramuscular",Projected MOS,2026-12,0.4
Nigeria,MOH Supply Plan,"Medroxyprogesterone Acetate 150 mg/mL (1 mL) Vial, Intramuscular",Projected MOS,2027-01,0.0
Nigeria,MOH Supply Plan,"Medroxyprogesterone Acetate 150 mg/mL (1 mL) Vial, Intramuscular",Projected MOS,2027-02,0.0
Nigeria,MOH Supply Plan,"Medroxyprogesterone Acetate 150 mg/mL (1 mL) Vial, Intramuscular",Projected MOS,2027-03,0.0
Nigeria,MOH Supply Plan,"Medroxyprogesterone Acetate 150 mg/mL (1 mL) Vial, Intramuscular",Projected MOS,2027-04,0.0
Nigeria,MOH Supply Plan,"Medroxyprogesterone Acetate 150 mg/mL (1 mL) Vial, Intramuscular",Projected MOS,2027-05,0.0
Nigeria,MOH Supply Plan,"Medroxyprogesterone Acetate 150 mg/mL (1 mL) Vial, Intramuscular",Projected MOS,2027-06,0.0
Nigeria,MOH Supply Plan,"Medroxyprogesterone Acetate 150 mg/mL (1 mL) Vial, Intramuscular",Projected MOS,2027-07,0.0
Nigeria,MOH Supply Plan,"Medroxyprogesterone Acetate 150 mg/mL (1 mL) Vial, Intramuscular",Projected MOS,2027-08,0.0
Nigeria,MOH Supply Plan,"Medroxyprogesterone Acetate 150 mg/mL (1 mL) Vial, Intramuscular",Projected MOS,2027-09,0.0
Nigeria,MOH Supply Plan,"Medroxyprogesterone Acetate 150 mg/mL (1 mL) Vial, Intramuscular",Projected MOS,2027-10,0.0
Nigeria,MOH Supply Plan,"Medroxyprogesterone Acetate 150 mg/mL (1 mL) Vial, Intramuscular",Projected MOS,2027-11,0.0
Nigeria,MOH Supply Plan,"Medroxyprogesterone Acetate 150 mg/mL (1 mL) Vial, Intramuscular",Projected MOS,2027-12,0.0
Nigeria,MOH Supply Plan,"Medroxyprogesterone Acetate 150 mg/mL (1 mL) Vial, Intramuscular",Projected MOS,2028-01,0.0
Nigeria,MOH Supply Plan,"Medroxyprogesterone Acetate 150 mg/mL (1 mL) Vial, Intramuscular",Projected MOS,2028-02,0.0
Nigeria,MOH Supply Plan,"Medroxyprogesterone Acetate 150 mg/mL (1 mL) Vial, Intramuscular",Projected MOS,2028-03,0.0
Nigeria,MOH Supply Plan,"Medroxyprogesterone Acetate 150 mg/mL (1 mL) Vial, Intramuscular",Projected MOS,2028-04,0.0
Nigeria,MOH Supply Plan,"Medroxyprogesterone Acetate 150 mg/mL (1 mL) Vial, Intramuscular",Projected MOS,2028-05,0.0
Nigeria,MOH Supply Plan,"Medroxyprogesterone Acetate 150 mg/mL (1 mL) Vial, Intramuscular",Projected MOS,2028-06,0.0
Nigeria,MOH Supply Plan,"Medroxyprogesterone Acetate 150 mg/mL (1 mL) Vial, Intramuscular",Projected MOS,2028-07,0.0
Nigeria,MOH Supply Plan,"Medroxyprogesterone Acetate 150 mg/mL (1 mL) Vial, Intramuscular",Projected MOS,2028-08,0.0
Nigeria,MOH Supply Plan,"Medroxyprogesterone Acetate 150 mg/mL (1 mL) Vial, Intramuscular",Suggested Replenishment,2026-08,3816614.0
Nigeria,MOH Supply Plan,"Medroxyprogesterone Acetate 150 mg/mL (1 mL) Vial, Intramuscular",Suggested Replenishment,2026-09,0.0
Nigeria,MOH Supply Plan,"Medroxyprogesterone Acetate 150 mg/mL (1 mL) Vial, Intramuscular",Suggested Replenishment,2026-10,0.0
Nigeria,MOH Supply Plan,"Medroxyprogesterone Acetate 150 mg/mL (1 mL) Vial, Intramuscular",Suggested Replenishment,2026-11,0.0
Nigeria,MOH Supply Plan,"Medroxyprogesterone Acetate 150 mg/mL (1 mL) Vial, Intramuscular",Suggested Replenishment,2026-12,0.0
Nigeria,MOH Supply Plan,"Medroxyprogesterone Acetate 150 mg/mL (1 mL) Vial, Intramuscular",Suggested Replenishment,2027-01,0.0
Nigeria,MOH Supply Plan,"Medroxyprogesterone Acetate 150 mg/mL (1 mL) Vial, Intramuscular",Suggested Replenishment,2027-02,0.0
Nigeria,MOH Supply Plan,"Medroxyprogesterone Acetate 150 mg/mL (1 mL) Vial, Intramuscular",Suggested Replenishment,2027-03,0.0
Nigeria,MOH Supply Plan,"Medroxyprogesterone Acetate 150 mg/mL (1 mL) Vial, Intramuscular",Suggested Replenishment,2027-04,0.0
Nigeria,MOH Supply Plan,"Medroxyprogesterone Acetate 150 mg/mL (1 mL) Vial, Intramuscular",Suggested Replenishment,2027-05,0.0
Nigeria,MOH Supply Plan,"Medroxyprogesterone Acetate 150 mg/mL (1 mL) Vial, Intramuscular",Suggested Replenishment,2027-06,0.0
Nigeria,MOH Supply Plan,"Medroxyprogesterone Acetate 150 mg/mL (1 mL) Vial, Intramuscular",Suggested Replenishment,2027-07,0.0
Nigeria,MOH Supply Plan,"Medroxyprogesterone Acetate 150 mg/mL (1 mL) Vial, Intramuscular",Suggested Replenishment,2027-08,2194666.0
Nigeria,MOH Supply Plan,"Medroxyprogesterone Acetate 150 mg/mL (1 mL) Vial, Intramuscular",Suggested Replenishment,2027-09,0.0
Nigeria,MOH Supply Plan,"Medroxyprogesterone Acetate 150 mg/mL (1 mL) Vial, Intramuscular",Suggested Replenishment,2027-10,0.0
Nigeria,MOH Supply Plan,"Medroxyprogesterone Acetate 150 mg/mL (1 mL) Vial, Intramuscular",Suggested Replenishment,2027-11,0.0
Nigeria,MOH Supply Plan,"Medroxyprogesterone Acetate 150 mg/mL (1 mL) Vial, Intramuscular",Suggested Replenishment,2027-12,0.0
Nigeria,MOH Supply Plan,"Medroxyprogesterone Acetate 150 mg/mL (1 mL) Vial, Intramuscular",Suggested Replenishment,2028-01,0.0
Nigeria,MOH Supply Plan,"Medroxyprogesterone Acetate 150 mg/mL (1 mL) Vial, Intramuscular",Suggested Replenishment,2028-02,0.0
Nigeria,MOH Supply Plan,"Medroxyprogesterone Acetate 150 mg/mL (1 mL) Vial, Intramuscular",Suggested Replenishment,2028-03,2986417.0
Nigeria,MOH Supply Plan,"Medroxyprogesterone Acetate 150 mg/mL (1 mL) Vial, Intramuscular",Suggested Replenishment,2028-04,0.0
Nigeria,MOH Supply Plan,"Medroxyprogesterone Acetate 150 mg/mL (1 mL) Vial, Intramuscular",Suggested Replenishment,2028-05,0.0
Nigeria,MOH Supply Plan,"Medroxyprogesterone Acetate 150 mg/mL (1 mL) Vial, Intramuscular",Suggested Replenishment,2028-06,0.0
Nigeria,MOH Supply Plan,"Medroxyprogesterone Acetate 150 mg/mL (1 mL) Vial, Intramuscular",Suggested Replenishment,2028-07,0.0
Nigeria,MOH Supply Plan,"Medroxyprogesterone Acetate 150 mg/mL (1 mL) Vial, Intramuscular",Suggested Replenishment,2028-08,0.0
Nigeria,MOH Supply Plan,"Medroxyprogesterone Acetate 150 mg/mL (1 mL) Vial, Intramuscular",Projected MOS with Sugg Repl,2026-08,18.0
Nigeria,MOH Supply Plan,"Medroxyprogesterone Acetate 150 mg/mL (1 mL) Vial, Intramuscular",Projected MOS with Sugg Repl,2026-09,17.0
Nigeria,MOH Supply Plan,"Medroxyprogesterone Acetate 150 mg/mL (1 mL) Vial, Intramuscular",Projected MOS with Sugg Repl,2026-10,18.6
Nigeria,MOH Supply Plan,"Medroxyprogesterone Acetate 150 mg/mL (1 mL) Vial, Intramuscular",Projected MOS with Sugg Repl,2026-11,17.6
Nigeria,MOH Supply Plan,"Medroxyprogesterone Acetate 150 mg/mL (1 mL) Vial, Intramuscular",Projected MOS with Sugg Repl,2026-12,16.7
Nigeria,MOH Supply Plan,"Medroxyprogesterone Acetate 150 mg/mL (1 mL) Vial, Intramuscular",Projected MOS with Sugg Repl,2027-01,15.7
Nigeria,MOH Supply Plan,"Medroxyprogesterone Acetate 150 mg/mL (1 mL) Vial, Intramuscular",Projected MOS with Sugg Repl,2027-02,14.7
Nigeria,MOH Supply Plan,"Medroxyprogesterone Acetate 150 mg/mL (1 mL) Vial, Intramuscular",Projected MOS with Sugg Repl,2027-03,13.7
Nigeria,MOH Supply Plan,"Medroxyprogesterone Acetate 150 mg/mL (1 mL) Vial, Intramuscular",Projected MOS with Sugg Repl,2027-04,12.7
Nigeria,MOH Supply Plan,"Medroxyprogesterone Acetate 150 mg/mL (1 mL) Vial, Intramuscular",Projected MOS with Sugg Repl,2027-05,11.7
Nigeria,MOH Supply Plan,"Medroxyprogesterone Acetate 150 mg/mL (1 mL) Vial, Intramuscular",Projected MOS with Sugg Repl,2027-06,10.7
Nigeria,MOH Supply Plan,"Medroxyprogesterone Acetate 150 mg/mL (1 mL) Vial, Intramuscular",Projected MOS with Sugg Repl,2027-07,9.7
Nigeria,MOH Supply Plan,"Medroxyprogesterone Acetate 150 mg/mL (1 mL) Vial, Intramuscular",Projected MOS with Sugg Repl,2027-08,18.0
Nigeria,MOH Supply Plan,"Medroxyprogesterone Acetate 150 mg/mL (1 mL) Vial, Intramuscular",Projected MOS with Sugg Repl,2027-09,17.0
Nigeria,MOH Supply Plan,"Medroxyprogesterone Acetate 150 mg/mL (1 mL) Vial, Intramuscular",Projected MOS with Sugg Repl,2027-10,16.0
Nigeria,MOH Supply Plan,"Medroxyprogesterone Acetate 150 mg/mL (1 mL) Vial, Intramuscular",Projected MOS with Sugg Repl,2027-11,13.8
Nigeria,MOH Supply Plan,"Medroxyprogesterone Acetate 150 mg/mL (1 mL) Vial, Intramuscular",Projected MOS with Sugg Repl,2027-12,11.9
Nigeria,MOH Supply Plan,"Medroxyprogesterone Acetate 150 mg/mL (1 mL) Vial, Intramuscular",Projected MOS with Sugg Repl,2028-01,10.0
Nigeria,MOH Supply Plan,"Medroxyprogesterone Acetate 150 mg/mL (1 mL) Vial, Intramuscular",Projected MOS with Sugg Repl,2028-02,9.0
Nigeria,MOH Supply Plan,"Medroxyprogesterone Acetate 150 mg/mL (1 mL) Vial, Intramuscular",Projected MOS with Sugg Repl,2028-03,18.0
Nigeria,MOH Supply Plan,"Medroxyprogesterone Acetate 150 mg/mL (1 mL) Vial, Intramuscular",Projected MOS with Sugg Repl,2028-04,17.0
Nigeria,MOH Supply Plan,"Medroxyprogesterone Acetate 150 mg/mL (1 mL) Vial, Intramuscular",Projected MOS with Sugg Repl,2028-05,16.0
Nigeria,MOH Supply Plan,"Medroxyprogesterone Acetate 150 mg/mL (1 mL) Vial, Intramuscular",Projected MOS with Sugg Repl,2028-06,15.0
Nigeria,MOH Supply Plan,"Medroxyprogesterone Acetate 150 mg/mL (1 mL) Vial, Intramuscular",Projected MOS with Sugg Repl,2028-07,14.0
Nigeria,MOH Supply Plan,"Medroxyprogesterone Acetate 150 mg/mL (1 mL) Vial, Intramuscular",Projected MOS with Sugg Repl,2028-08,13.0
Nigeria,MOH Supply Plan,"Medroxyprogesterone Acetate 150 mg/mL (1 mL) Vial, Intramuscular",S1 - Monthly Consumption,2026-02,143122.0
Nigeria,MOH Supply Plan,"Medroxyprogesterone Acetate 150 mg/mL (1 mL) Vial, Intramuscular",S1 - Monthly Consumption,2026-03,136674.0
Nigeria,MOH Supply Plan,"Medroxyprogesterone Acetate 150 mg/mL (1 mL) Vial, Intramuscular",S1 - Monthly Consumption,2026-04,136674.0
Nigeria,MOH Supply Plan,"Medroxyprogesterone Acetate 150 mg/mL (1 mL) Vial, Intramuscular",S1 - Monthly Consumption,2026-05,148592.0
Nigeria,MOH Supply Plan,"Medroxyprogesterone Acetate 150 mg/mL (1 mL) Vial, Intramuscular",S1 - Monthly Consumption,2026-06,148592.0
Nigeria,MOH Supply Plan,"Medroxyprogesterone Acetate 150 mg/mL (1 mL) Vial, Intramuscular",S1 - Monthly Consumption,2026-07,236285.0
Nigeria,MOH Supply Plan,"Medroxyprogesterone Acetate 150 mg/mL (1 mL) Vial, Intramuscular",S1 - Monthly Consumption,2026-08,234800.0
Nigeria,MOH Supply Plan,"Medroxyprogesterone Acetate 150 mg/mL (1 mL) Vial, Intramuscular",S1 - Monthly Consumption,2026-09,231748.0
Nigeria,MOH Supply Plan,"Medroxyprogesterone Acetate 150 mg/mL (1 mL) Vial, Intramuscular",S1 - Monthly Consumption,2026-10,234413.0
Nigeria,MOH Supply Plan,"Medroxyprogesterone Acetate 150 mg/mL (1 mL) Vial, Intramuscular",S1 - Monthly Consumption,2026-11,237100.0
Nigeria,MOH Supply Plan,"Medroxyprogesterone Acetate 150 mg/mL (1 mL) Vial, Intramuscular",S1 - Monthly Consumption,2026-12,235829.0
Nigeria,MOH Supply Plan,"Medroxyprogesterone Acetate 150 mg/mL (1 mL) Vial, Intramuscular",S1 - Monthly Consumption,2027-01,235029.0
Nigeria,MOH Supply Plan,"Medroxyprogesterone Acetate 150 mg/mL (1 mL) Vial, Intramuscular",S1 - Monthly Consumption,2027-02,234820.0
Nigeria,MOH Supply Plan,"Medroxyprogesterone Acetate 150 mg/mL (1 mL) Vial, Intramuscular",S1 - Monthly Consumption,2027-03,234823.0
Nigeria,MOH Supply Plan,"Medroxyprogesterone Acetate 150 mg/mL (1 mL) Vial, Intramuscular",S1 - Monthly Consumption,2027-04,235335.0
Nigeria,MOH Supply Plan,"Medroxyprogesterone Acetate 150 mg/mL (1 mL) Vial, Intramuscular",S1 - Monthly Consumption,2027-05,235489.0
Nigeria,MOH Supply Plan,"Medroxyprogesterone Acetate 150 mg/mL (1 mL) Vial, Intramuscular",S1 - Monthly Consumption,2027-06,235221.0
Nigeria,MOH Supply Plan,"Medroxyprogesterone Acetate 150 mg/mL (1 mL) Vial, Intramuscular",S1 - Monthly Consumption,2027-07,235120.0
Nigeria,MOH Supply Plan,"Medroxyprogesterone Acetate 150 mg/mL (1 mL) Vial, Intramuscular",S1 - Monthly Consumption,2027-08,235135.0
Nigeria,MOH Supply Plan,"Medroxyprogesterone Acetate 150 mg/mL (1 mL) Vial, Intramuscular",S1 - Monthly Consumption,2027-09,235187.0
Nigeria,MOH Supply Plan,"Medroxyprogesterone Acetate 150 mg/mL (1 mL) Vial, Intramuscular",S1 - Monthly Consumption,2027-10,235248.0
Nigeria,MOH Supply Plan,"Medroxyprogesterone Acetate 150 mg/mL (1 mL) Vial, Intramuscular",S1 - Monthly Consumption,2027-11,235233.0
Nigeria,MOH Supply Plan,"Medroxyprogesterone Acetate 150 mg/mL (1 mL) Vial, Intramuscular",S1 - Monthly Consumption,2027-12,235191.0
Nigeria,MOH Supply Plan,"Medroxyprogesterone Acetate 150 mg/mL (1 mL) Vial, Intramuscular",S1 - Monthly Consumption,2028-01,299005.0
Nigeria,MOH Supply Plan,"Medroxyprogesterone Acetate 150 mg/mL (1 mL) Vial, Intramuscular",S1 - Monthly Consumption,2028-02,299000.0
Nigeria,MOH Supply Plan,"Medroxyprogesterone Acetate 150 mg/mL (1 mL) Vial, Intramuscular",S1 - Monthly Consumption,2028-03,298997.0
Nigeria,MOH Supply Plan,"Medroxyprogesterone Acetate 150 mg/mL (1 mL) Vial, Intramuscular",S1 - Monthly Consumption,2028-04,298998.0
Nigeria,MOH Supply Plan,"Medroxyprogesterone Acetate 150 mg/mL (1 mL) Vial, Intramuscular",S1 - Monthly Consumption,2028-05,299001.0
Nigeria,MOH Supply Plan,"Medroxyprogesterone Acetate 150 mg/mL (1 mL) Vial, Intramuscular",S1 - Monthly Consumption,2028-06,299001.0
Nigeria,MOH Supply Plan,"Medroxyprogesterone Acetate 150 mg/mL (1 mL) Vial, Intramuscular",S1 - Monthly Consumption,2028-07,299000.0
Nigeria,MOH Supply Plan,"Medroxyprogesterone Acetate 150 mg/mL (1 mL) Vial, Intramuscular",S1 - Monthly Consumption,2028-08,299000.0
Nigeria,MOH Supply Plan,"Medroxyprogesterone Acetate 150 mg/mL (1 mL) Vial, Intramuscular",S1 - Projected Supplies,2026-03,939800.0
Nigeria,MOH Supply Plan,"Medroxyprogesterone Acetate 150 mg/mL (1 mL) Vial, Intramuscular",S1 - Projected Supplies,2026-07,98900.0
Nigeria,MOH Supply Plan,"Medroxyprogesterone Acetate 150 mg/mL (1 mL) Vial, Intramuscular",S1 - Projected Supplies,2026-09,1577688.0
Nigeria,MOH Supply Plan,"Medroxyprogesterone Acetate 150 mg/mL (1 mL) Vial, Intramuscular",S1 - Projected Inventory,2026-02,0.0
Nigeria,MOH Supply Plan,"Medroxyprogesterone Acetate 150 mg/mL (1 mL) Vial, Intramuscular",S1 - Projected Inventory,2026-03,0.0
Nigeria,MOH Supply Plan,"Medroxyprogesterone Acetate 150 mg/mL (1 mL) Vial, Intramuscular",S1 - Projected Inventory,2026-04,0.0
Nigeria,MOH Supply Plan,"Medroxyprogesterone Acetate 150 mg/mL (1 mL) Vial, Intramuscular",S1 - Projected Inventory,2026-05,0.0
Nigeria,MOH Supply Plan,"Medroxyprogesterone Acetate 150 mg/mL (1 mL) Vial, Intramuscular",S1 - Projected Inventory,2026-06,745337.0
Nigeria,MOH Supply Plan,"Medroxyprogesterone Acetate 150 mg/mL (1 mL) Vial, Intramuscular",S1 - Projected Inventory,2026-07,607952.0
Nigeria,MOH Supply Plan,"Medroxyprogesterone Acetate 150 mg/mL (1 mL) Vial, Intramuscular",S1 - Projected Inventory,2026-08,373152.0
Nigeria,MOH Supply Plan,"Medroxyprogesterone Acetate 150 mg/mL (1 mL) Vial, Intramuscular",S1 - Projected Inventory,2026-09,1719092.0
Nigeria,MOH Supply Plan,"Medroxyprogesterone Acetate 150 mg/mL (1 mL) Vial, Intramuscular",S1 - Projected Inventory,2026-10,1484679.0
Nigeria,MOH Supply Plan,"Medroxyprogesterone Acetate 150 mg/mL (1 mL) Vial, Intramuscular",S1 - Projected Inventory,2026-11,1247579.0
Nigeria,MOH Supply Plan,"Medroxyprogesterone Acetate 150 mg/mL (1 mL) Vial, Intramuscular",S1 - Projected Inventory,2026-12,1011750.0
Nigeria,MOH Supply Plan,"Medroxyprogesterone Acetate 150 mg/mL (1 mL) Vial, Intramuscular",S1 - Projected Inventory,2027-01,776721.0
Nigeria,MOH Supply Plan,"Medroxyprogesterone Acetate 150 mg/mL (1 mL) Vial, Intramuscular",S1 - Projected Inventory,2027-02,541901.0
Nigeria,MOH Supply Plan,"Medroxyprogesterone Acetate 150 mg/mL (1 mL) Vial, Intramuscular",S1 - Projected Inventory,2027-03,307078.0
Nigeria,MOH Supply Plan,"Medroxyprogesterone Acetate 150 mg/mL (1 mL) Vial, Intramuscular",S1 - Projected Inventory,2027-04,71743.0
Nigeria,MOH Supply Plan,"Medroxyprogesterone Acetate 150 mg/mL (1 mL) Vial, Intramuscular",S1 - Projected Inventory,2027-05,0.0
Nigeria,MOH Supply Plan,"Medroxyprogesterone Acetate 150 mg/mL (1 mL) Vial, Intramuscular",S1 - Projected Inventory,2027-06,0.0
Nigeria,MOH Supply Plan,"Medroxyprogesterone Acetate 150 mg/mL (1 mL) Vial, Intramuscular",S1 - Projected Inventory,2027-07,0.0
Nigeria,MOH Supply Plan,"Medroxyprogesterone Acetate 150 mg/mL (1 mL) Vial, Intramuscular",S1 - Projected Inventory,2027-08,0.0
Nigeria,MOH Supply Plan,"Medroxyprogesterone Acetate 150 mg/mL (1 mL) Vial, Intramuscular",S1 - Projected Inventory,2027-09,0.0
Nigeria,MOH Supply Plan,"Medroxyprogesterone Acetate 150 mg/mL (1 mL) Vial, Intramuscular",S1 - Projected Inventory,2027-10,0.0
Nigeria,MOH Supply Plan,"Medroxyprogesterone Acetate 150 mg/mL (1 mL) Vial, Intramuscular",S1 - Projected Inventory,2027-11,0.0
Nigeria,MOH Supply Plan,"Medroxyprogesterone Acetate 150 mg/mL (1 mL) Vial, Intramuscular",S1 - Projected Inventory,2027-12,0.0
Nigeria,MOH Supply Plan,"Medroxyprogesterone Acetate 150 mg/mL (1 mL) Vial, Intramuscular",S1 - Projected Inventory,2028-01,0.0
Nigeria,MOH Supply Plan,"Medroxyprogesterone Acetate 150 mg/mL (1 mL) Vial, Intramuscular",S1 - Projected Inventory,2028-02,0.0
Nigeria,MOH Supply Plan,"Medroxyprogesterone Acetate 150 mg/mL (1 mL) Vial, Intramuscular",S1 - Projected Inventory,2028-03,0.0
Nigeria,MOH Supply Plan,"Medroxyprogesterone Acetate 150 mg/mL (1 mL) Vial, Intramuscular",S1 - Projected Inventory,2028-04,0.0
Nigeria,MOH Supply Plan,"Medroxyprogesterone Acetate 150 mg/mL (1 mL) Vial, Intramuscular",S1 - Projected Inventory,2028-05,0.0
Nigeria,MOH Supply Plan,"Medroxyprogesterone Acetate 150 mg/mL (1 mL) Vial, Intramuscular",S1 - Projected Inventory,2028-06,0.0
Nigeria,MOH Supply Plan,"Medroxyprogesterone Acetate 150 mg/mL (1 mL) Vial, Intramuscular",S1 - Projected Inventory,2028-07,0.0
Nigeria,MOH Supply Plan,"Medroxyprogesterone Acetate 150 mg/mL (1 mL) Vial, Intramuscular",S1 - Projected Inventory,2028-08,0.0
Nigeria,MOH Supply Plan,"Medroxyprogesterone Acetate 150 mg/mL (1 mL) Vial, Intramuscular",S1 - Projected MOS,2026-02,0.0
Nigeria,MOH Supply Plan,"Medroxyprogesterone Acetate 150 mg/mL (1 mL) Vial, Intramuscular",S1 - Projected MOS,2026-03,0.0
Nigeria,MOH Supply Plan,"Medroxyprogesterone Acetate 150 mg/mL (1 mL) Vial, Intramuscular",S1 - Projected MOS,2026-04,0.0
Nigeria,MOH Supply Plan,"Medroxyprogesterone Acetate 150 mg/mL (1 mL) Vial, Intramuscular",S1 - Projected MOS,2026-05,0.0
Nigeria,MOH Supply Plan,"Medroxyprogesterone Acetate 150 mg/mL (1 mL) Vial, Intramuscular",S1 - Projected MOS,2026-06,3.6
Nigeria,MOH Supply Plan,"Medroxyprogesterone Acetate 150 mg/mL (1 mL) Vial, Intramuscular",S1 - Projected MOS,2026-07,2.6
Nigeria,MOH Supply Plan,"Medroxyprogesterone Acetate 150 mg/mL (1 mL) Vial, Intramuscular",S1 - Projected MOS,2026-08,1.6
Nigeria,MOH Supply Plan,"Medroxyprogesterone Acetate 150 mg/mL (1 mL) Vial, Intramuscular",S1 - Projected MOS,2026-09,7.3
Nigeria,MOH Supply Plan,"Medroxyprogesterone Acetate 150 mg/mL (1 mL) Vial, Intramuscular",S1 - Projected MOS,2026-10,6.3
Nigeria,MOH Supply Plan,"Medroxyprogesterone Acetate 150 mg/mL (1 mL) Vial, Intramuscular",S1 - Projected MOS,2026-11,5.3
Nigeria,MOH Supply Plan,"Medroxyprogesterone Acetate 150 mg/mL (1 mL) Vial, Intramuscular",S1 - Projected MOS,2026-12,4.3
Nigeria,MOH Supply Plan,"Medroxyprogesterone Acetate 150 mg/mL (1 mL) Vial, Intramuscular",S1 - Projected MOS,2027-01,3.3
Nigeria,MOH Supply Plan,"Medroxyprogesterone Acetate 150 mg/mL (1 mL) Vial, Intramuscular",S1 - Projected MOS,2027-02,2.3
Nigeria,MOH Supply Plan,"Medroxyprogesterone Acetate 150 mg/mL (1 mL) Vial, Intramuscular",S1 - Projected MOS,2027-03,1.3
Nigeria,MOH Supply Plan,"Medroxyprogesterone Acetate 150 mg/mL (1 mL) Vial, Intramuscular",S1 - Projected MOS,2027-04,0.3
Nigeria,MOH Supply Plan,"Medroxyprogesterone Acetate 150 mg/mL (1 mL) Vial, Intramuscular",S1 - Projected MOS,2027-05,0.0
Nigeria,MOH Supply Plan,"Medroxyprogesterone Acetate 150 mg/mL (1 mL) Vial, Intramuscular",S1 - Projected MOS,2027-06,0.0
Nigeria,MOH Supply Plan,"Medroxyprogesterone Acetate 150 mg/mL (1 mL) Vial, Intramuscular",S1 - Projected MOS,2027-07,0.0
Nigeria,MOH Supply Plan,"Medroxyprogesterone Acetate 150 mg/mL (1 mL) Vial, Intramuscular",S1 - Projected MOS,2027-08,0.0
Nigeria,MOH Supply Plan,"Medroxyprogesterone Acetate 150 mg/mL (1 mL) Vial, Intramuscular",S1 - Projected MOS,2027-09,0.0
Nigeria,MOH Supply Plan,"Medroxyprogesterone Acetate 150 mg/mL (1 mL) Vial, Intramuscular",S1 - Projected MOS,2027-10,0.0
Nigeria,MOH Supply Plan,"Medroxyprogesterone Acetate 150 mg/mL (1 mL) Vial, Intramuscular",S1 - Projected MOS,2027-11,0.0
Nigeria,MOH Supply Plan,"Medroxyprogesterone Acetate 150 mg/mL (1 mL) Vial, Intramuscular",S1 - Projected MOS,2027-12,0.0
Nigeria,MOH Supply Plan,"Medroxyprogesterone Acetate 150 mg/mL (1 mL) Vial, Intramuscular",S1 - Projected MOS,2028-01,0.0
Nigeria,MOH Supply Plan,"Medroxyprogesterone Acetate 150 mg/mL (1 mL) Vial, Intramuscular",S1 - Projected MOS,2028-02,0.0
Nigeria,MOH Supply Plan,"Medroxyprogesterone Acetate 150 mg/mL (1 mL) Vial, Intramuscular",S1 - Projected MOS,2028-03,0.0
Nigeria,MOH Supply Plan,"Medroxyprogesterone Acetate 150 mg/mL (1 mL) Vial, Intramuscular",S1 - Projected MOS,2028-04,0.0
Nigeria,MOH Supply Plan,"Medroxyprogesterone Acetate 150 mg/mL (1 mL) Vial, Intramuscular",S1 - Projected MOS,2028-05,0.0
Nigeria,MOH Supply Plan,"Medroxyprogesterone Acetate 150 mg/mL (1 mL) Vial, Intramuscular",S1 - Projected MOS,2028-06,0.0
Nigeria,MOH Supply Plan,"Medroxyprogesterone Acetate 150 mg/mL (1 mL) Vial, Intramuscular",S1 - Projected MOS,2028-07,0.0
Nigeria,MOH Supply Plan,"Medroxyprogesterone Acetate 150 mg/mL (1 mL) Vial, Intramuscular",S1 - Projected MOS,2028-08,0.0
Nigeria,MOH Supply Plan,"Medroxyprogesterone Acetate 150 mg/mL (1 mL) Vial, Intramuscular",S2 - Monthly Consumption,2026-02,143122.0
Nigeria,MOH Supply Plan,"Medroxyprogesterone Acetate 150 mg/mL (1 mL) Vial, Intramuscular",S2 - Monthly Consumption,2026-03,136674.0
Nigeria,MOH Supply Plan,"Medroxyprogesterone Acetate 150 mg/mL (1 mL) Vial, Intramuscular",S2 - Monthly Consumption,2026-04,136674.0
Nigeria,MOH Supply Plan,"Medroxyprogesterone Acetate 150 mg/mL (1 mL) Vial, Intramuscular",S2 - Monthly Consumption,2026-05,148592.0
Nigeria,MOH Supply Plan,"Medroxyprogesterone Acetate 150 mg/mL (1 mL) Vial, Intramuscular",S2 - Monthly Consumption,2026-06,148592.0
Nigeria,MOH Supply Plan,"Medroxyprogesterone Acetate 150 mg/mL (1 mL) Vial, Intramuscular",S2 - Monthly Consumption,2026-07,236285.0
Nigeria,MOH Supply Plan,"Medroxyprogesterone Acetate 150 mg/mL (1 mL) Vial, Intramuscular",S2 - Monthly Consumption,2026-08,234800.0
Nigeria,MOH Supply Plan,"Medroxyprogesterone Acetate 150 mg/mL (1 mL) Vial, Intramuscular",S2 - Monthly Consumption,2026-09,231748.0
Nigeria,MOH Supply Plan,"Medroxyprogesterone Acetate 150 mg/mL (1 mL) Vial, Intramuscular",S2 - Monthly Consumption,2026-10,234413.0
Nigeria,MOH Supply Plan,"Medroxyprogesterone Acetate 150 mg/mL (1 mL) Vial, Intramuscular",S2 - Monthly Consumption,2026-11,237100.0
Nigeria,MOH Supply Plan,"Medroxyprogesterone Acetate 150 mg/mL (1 mL) Vial, Intramuscular",S2 - Monthly Consumption,2026-12,235829.0
Nigeria,MOH Supply Plan,"Medroxyprogesterone Acetate 150 mg/mL (1 mL) Vial, Intramuscular",S2 - Monthly Consumption,2027-01,235029.0
Nigeria,MOH Supply Plan,"Medroxyprogesterone Acetate 150 mg/mL (1 mL) Vial, Intramuscular",S2 - Monthly Consumption,2027-02,234820.0
Nigeria,MOH Supply Plan,"Medroxyprogesterone Acetate 150 mg/mL (1 mL) Vial, Intramuscular",S2 - Monthly Consumption,2027-03,234823.0
Nigeria,MOH Supply Plan,"Medroxyprogesterone Acetate 150 mg/mL (1 mL) Vial, Intramuscular",S2 - Monthly Consumption,2027-04,235335.0
Nigeria,MOH Supply Plan,"Medroxyprogesterone Acetate 150 mg/mL (1 mL) Vial, Intramuscular",S2 - Monthly Consumption,2027-05,235489.0
Nigeria,MOH Supply Plan,"Medroxyprogesterone Acetate 150 mg/mL (1 mL) Vial, Intramuscular",S2 - Monthly Consumption,2027-06,235221.0
Nigeria,MOH Supply Plan,"Medroxyprogesterone Acetate 150 mg/mL (1 mL) Vial, Intramuscular",S2 - Monthly Consumption,2027-07,235120.0
Nigeria,MOH Supply Plan,"Medroxyprogesterone Acetate 150 mg/mL (1 mL) Vial, Intramuscular",S2 - Monthly Consumption,2027-08,235135.0
Nigeria,MOH Supply Plan,"Medroxyprogesterone Acetate 150 mg/mL (1 mL) Vial, Intramuscular",S2 - Monthly Consumption,2027-09,235187.0
Nigeria,MOH Supply Plan,"Medroxyprogesterone Acetate 150 mg/mL (1 mL) Vial, Intramuscular",S2 - Monthly Consumption,2027-10,235248.0
Nigeria,MOH Supply Plan,"Medroxyprogesterone Acetate 150 mg/mL (1 mL) Vial, Intramuscular",S2 - Monthly Consumption,2027-11,235233.0
Nigeria,MOH Supply Plan,"Medroxyprogesterone Acetate 150 mg/mL (1 mL) Vial, Intramuscular",S2 - Monthly Consumption,2027-12,235191.0
Nigeria,MOH Supply Plan,"Medroxyprogesterone Acetate 150 mg/mL (1 mL) Vial, Intramuscular",S2 - Monthly Consumption,2028-01,299005.0
Nigeria,MOH Supply Plan,"Medroxyprogesterone Acetate 150 mg/mL (1 mL) Vial, Intramuscular",S2 - Monthly Consumption,2028-02,299000.0
Nigeria,MOH Supply Plan,"Medroxyprogesterone Acetate 150 mg/mL (1 mL) Vial, Intramuscular",S2 - Monthly Consumption,2028-03,298997.0
Nigeria,MOH Supply Plan,"Medroxyprogesterone Acetate 150 mg/mL (1 mL) Vial, Intramuscular",S2 - Monthly Consumption,2028-04,298998.0
Nigeria,MOH Supply Plan,"Medroxyprogesterone Acetate 150 mg/mL (1 mL) Vial, Intramuscular",S2 - Monthly Consumption,2028-05,299001.0
Nigeria,MOH Supply Plan,"Medroxyprogesterone Acetate 150 mg/mL (1 mL) Vial, Intramuscular",S2 - Monthly Consumption,2028-06,299001.0
Nigeria,MOH Supply Plan,"Medroxyprogesterone Acetate 150 mg/mL (1 mL) Vial, Intramuscular",S2 - Monthly Consumption,2028-07,299000.0
Nigeria,MOH Supply Plan,"Medroxyprogesterone Acetate 150 mg/mL (1 mL) Vial, Intramuscular",S2 - Monthly Consumption,2028-08,299000.0
Nigeria,MOH Supply Plan,"Medroxyprogesterone Acetate 150 mg/mL (1 mL) Vial, Intramuscular",S2 - Projected Supplies,2026-03,939800.0
Nigeria,MOH Supply Plan,"Medroxyprogesterone Acetate 150 mg/mL (1 mL) Vial, Intramuscular",S2 - Projected Supplies,2026-07,98900.0
Nigeria,MOH Supply Plan,"Medroxyprogesterone Acetate 150 mg/mL (1 mL) Vial, Intramuscular",S2 - Projected Supplies,2026-09,2997680.0
Nigeria,MOH Supply Plan,"Medroxyprogesterone Acetate 150 mg/mL (1 mL) Vial, Intramuscular",S2 - Projected Inventory,2026-02,0.0
Nigeria,MOH Supply Plan,"Medroxyprogesterone Acetate 150 mg/mL (1 mL) Vial, Intramuscular",S2 - Projected Inventory,2026-03,0.0
Nigeria,MOH Supply Plan,"Medroxyprogesterone Acetate 150 mg/mL (1 mL) Vial, Intramuscular",S2 - Projected Inventory,2026-04,0.0
Nigeria,MOH Supply Plan,"Medroxyprogesterone Acetate 150 mg/mL (1 mL) Vial, Intramuscular",S2 - Projected Inventory,2026-05,0.0
Nigeria,MOH Supply Plan,"Medroxyprogesterone Acetate 150 mg/mL (1 mL) Vial, Intramuscular",S2 - Projected Inventory,2026-06,745337.0
Nigeria,MOH Supply Plan,"Medroxyprogesterone Acetate 150 mg/mL (1 mL) Vial, Intramuscular",S2 - Projected Inventory,2026-07,607952.0
Nigeria,MOH Supply Plan,"Medroxyprogesterone Acetate 150 mg/mL (1 mL) Vial, Intramuscular",S2 - Projected Inventory,2026-08,373152.0
Nigeria,MOH Supply Plan,"Medroxyprogesterone Acetate 150 mg/mL (1 mL) Vial, Intramuscular",S2 - Projected Inventory,2026-09,3139084.0
Nigeria,MOH Supply Plan,"Medroxyprogesterone Acetate 150 mg/mL (1 mL) Vial, Intramuscular",S2 - Projected Inventory,2026-10,2904671.0
Nigeria,MOH Supply Plan,"Medroxyprogesterone Acetate 150 mg/mL (1 mL) Vial, Intramuscular",S2 - Projected Inventory,2026-11,2667571.0
Nigeria,MOH Supply Plan,"Medroxyprogesterone Acetate 150 mg/mL (1 mL) Vial, Intramuscular",S2 - Projected Inventory,2026-12,2431742.0
Nigeria,MOH Supply Plan,"Medroxyprogesterone Acetate 150 mg/mL (1 mL) Vial, Intramuscular",S2 - Projected Inventory,2027-01,2196713.0
Nigeria,MOH Supply Plan,"Medroxyprogesterone Acetate 150 mg/mL (1 mL) Vial, Intramuscular",S2 - Projected Inventory,2027-02,1961893.0
Nigeria,MOH Supply Plan,"Medroxyprogesterone Acetate 150 mg/mL (1 mL) Vial, Intramuscular",S2 - Projected Inventory,2027-03,1727070.0
Nigeria,MOH Supply Plan,"Medroxyprogesterone Acetate 150 mg/mL (1 mL) Vial, Intramuscular",S2 - Projected Inventory,2027-04,1491735.0
Nigeria,MOH Supply Plan,"Medroxyprogesterone Acetate 150 mg/mL (1 mL) Vial, Intramuscular",S2 - Projected Inventory,2027-05,1256246.0
Nigeria,MOH Supply Plan,"Medroxyprogesterone Acetate 150 mg/mL (1 mL) Vial, Intramuscular",S2 - Projected Inventory,2027-06,1021025.0
Nigeria,MOH Supply Plan,"Medroxyprogesterone Acetate 150 mg/mL (1 mL) Vial, Intramuscular",S2 - Projected Inventory,2027-07,785905.0
Nigeria,MOH Supply Plan,"Medroxyprogesterone Acetate 150 mg/mL (1 mL) Vial, Intramuscular",S2 - Projected Inventory,2027-08,550770.0
Nigeria,MOH Supply Plan,"Medroxyprogesterone Acetate 150 mg/mL (1 mL) Vial, Intramuscular",S2 - Projected Inventory,2027-09,315583.0
Nigeria,MOH Supply Plan,"Medroxyprogesterone Acetate 150 mg/mL (1 mL) Vial, Intramuscular",S2 - Projected Inventory,2027-10,80335.0
Nigeria,MOH Supply Plan,"Medroxyprogesterone Acetate 150 mg/mL (1 mL) Vial, Intramuscular",S2 - Projected Inventory,2027-11,0.0
Nigeria,MOH Supply Plan,"Medroxyprogesterone Acetate 150 mg/mL (1 mL) Vial, Intramuscular",S2 - Projected Inventory,2027-12,0.0
Nigeria,MOH Supply Plan,"Medroxyprogesterone Acetate 150 mg/mL (1 mL) Vial, Intramuscular",S2 - Projected Inventory,2028-01,0.0
Nigeria,MOH Supply Plan,"Medroxyprogesterone Acetate 150 mg/mL (1 mL) Vial, Intramuscular",S2 - Projected Inventory,2028-02,0.0
Nigeria,MOH Supply Plan,"Medroxyprogesterone Acetate 150 mg/mL (1 mL) Vial, Intramuscular",S2 - Projected Inventory,2028-03,0.0
Nigeria,MOH Supply Plan,"Medroxyprogesterone Acetate 150 mg/mL (1 mL) Vial, Intramuscular",S2 - Projected Inventory,2028-04,0.0
Nigeria,MOH Supply Plan,"Medroxyprogesterone Acetate 150 mg/mL (1 mL) Vial, Intramuscular",S2 - Projected Inventory,2028-05,0.0
Nigeria,MOH Supply Plan,"Medroxyprogesterone Acetate 150 mg/mL (1 mL) Vial, Intramuscular",S2 - Projected Inventory,2028-06,0.0
Nigeria,MOH Supply Plan,"Medroxyprogesterone Acetate 150 mg/mL (1 mL) Vial, Intramuscular",S2 - Projected Inventory,2028-07,0.0
Nigeria,MOH Supply Plan,"Medroxyprogesterone Acetate 150 mg/mL (1 mL) Vial, Intramuscular",S2 - Projected Inventory,2028-08,0.0
Nigeria,MOH Supply Plan,"Medroxyprogesterone Acetate 150 mg/mL (1 mL) Vial, Intramuscular",S2 - Projected MOS,2026-02,0.0
Nigeria,MOH Supply Plan,"Medroxyprogesterone Acetate 150 mg/mL (1 mL) Vial, Intramuscular",S2 - Projected MOS,2026-03,0.0
Nigeria,MOH Supply Plan,"Medroxyprogesterone Acetate 150 mg/mL (1 mL) Vial, Intramuscular",S2 - Projected MOS,2026-04,0.0
Nigeria,MOH Supply Plan,"Medroxyprogesterone Acetate 150 mg/mL (1 mL) Vial, Intramuscular",S2 - Projected MOS,2026-05,0.0
Nigeria,MOH Supply Plan,"Medroxyprogesterone Acetate 150 mg/mL (1 mL) Vial, Intramuscular",S2 - Projected MOS,2026-06,3.6
Nigeria,MOH Supply Plan,"Medroxyprogesterone Acetate 150 mg/mL (1 mL) Vial, Intramuscular",S2 - Projected MOS,2026-07,2.6
Nigeria,MOH Supply Plan,"Medroxyprogesterone Acetate 150 mg/mL (1 mL) Vial, Intramuscular",S2 - Projected MOS,2026-08,1.6
Nigeria,MOH Supply Plan,"Medroxyprogesterone Acetate 150 mg/mL (1 mL) Vial, Intramuscular",S2 - Projected MOS,2026-09,13.4
Nigeria,MOH Supply Plan,"Medroxyprogesterone Acetate 150 mg/mL (1 mL) Vial, Intramuscular",S2 - Projected MOS,2026-10,12.3
Nigeria,MOH Supply Plan,"Medroxyprogesterone Acetate 150 mg/mL (1 mL) Vial, Intramuscular",S2 - Projected MOS,2026-11,11.3
Nigeria,MOH Supply Plan,"Medroxyprogesterone Acetate 150 mg/mL (1 mL) Vial, Intramuscular",S2 - Projected MOS,2026-12,10.3
Nigeria,MOH Supply Plan,"Medroxyprogesterone Acetate 150 mg/mL (1 mL) Vial, Intramuscular",S2 - Projected MOS,2027-01,9.4
Nigeria,MOH Supply Plan,"Medroxyprogesterone Acetate 150 mg/mL (1 mL) Vial, Intramuscular",S2 - Projected MOS,2027-02,8.3
Nigeria,MOH Supply Plan,"Medroxyprogesterone Acetate 150 mg/mL (1 mL) Vial, Intramuscular",S2 - Projected MOS,2027-03,7.3
Nigeria,MOH Supply Plan,"Medroxyprogesterone Acetate 150 mg/mL (1 mL) Vial, Intramuscular",S2 - Projected MOS,2027-04,6.3
Nigeria,MOH Supply Plan,"Medroxyprogesterone Acetate 150 mg/mL (1 mL) Vial, Intramuscular",S2 - Projected MOS,2027-05,5.3
Nigeria,MOH Supply Plan,"Medroxyprogesterone Acetate 150 mg/mL (1 mL) Vial, Intramuscular",S2 - Projected MOS,2027-06,4.3
Nigeria,MOH Supply Plan,"Medroxyprogesterone Acetate 150 mg/mL (1 mL) Vial, Intramuscular",S2 - Projected MOS,2027-07,3.3
Nigeria,MOH Supply Plan,"Medroxyprogesterone Acetate 150 mg/mL (1 mL) Vial, Intramuscular",S2 - Projected MOS,2027-08,2.3
Nigeria,MOH Supply Plan,"Medroxyprogesterone Acetate 150 mg/mL (1 mL) Vial, Intramuscular",S2 - Projected MOS,2027-09,1.3
Nigeria,MOH Supply Plan,"Medroxyprogesterone Acetate 150 mg/mL (1 mL) Vial, Intramuscular",S2 - Projected MOS,2027-10,0.3
Nigeria,MOH Supply Plan,"Medroxyprogesterone Acetate 150 mg/mL (1 mL) Vial, Intramuscular",S2 - Projected MOS,2027-11,0.0
Nigeria,MOH Supply Plan,"Medroxyprogesterone Acetate 150 mg/mL (1 mL) Vial, Intramuscular",S2 - Projected MOS,2027-12,0.0
Nigeria,MOH Supply Plan,"Medroxyprogesterone Acetate 150 mg/mL (1 mL) Vial, Intramuscular",S2 - Projected MOS,2028-01,0.0
Nigeria,MOH Supply Plan,"Medroxyprogesterone Acetate 150 mg/mL (1 mL) Vial, Intramuscular",S2 - Projected MOS,2028-02,0.0
Nigeria,MOH Supply Plan,"Medroxyprogesterone Acetate 150 mg/mL (1 mL) Vial, Intramuscular",S2 - Projected MOS,2028-03,0.0
Nigeria,MOH Supply Plan,"Medroxyprogesterone Acetate 150 mg/mL (1 mL) Vial, Intramuscular",S2 - Projected MOS,2028-04,0.0
Nigeria,MOH Supply Plan,"Medroxyprogesterone Acetate 150 mg/mL (1 mL) Vial, Intramuscular",S2 - Projected MOS,2028-05,0.0
Nigeria,MOH Supply Plan,"Medroxyprogesterone Acetate 150 mg/mL (1 mL) Vial, Intramuscular",S2 - Projected MOS,2028-06,0.0
Nigeria,MOH Supply Plan,"Medroxyprogesterone Acetate 150 mg/mL (1 mL) Vial, Intramuscular",S2 - Projected MOS,2028-07,0.0
Nigeria,MOH Supply Plan,"Medroxyprogesterone Acetate 150 mg/mL (1 mL) Vial, Intramuscular",S2 - Projected MOS,2028-08,0.0
Nigeria,MOH Supply Plan,"Norethisterone Enantate/Estradiol Valerate 50/5 mg/mL (1 mL) Ampoule, Intramuscular",Projected Inventory,2026-02,0.0
Nigeria,MOH Supply Plan,"Norethisterone Enantate/Estradiol Valerate 50/5 mg/mL (1 mL) Ampoule, Intramuscular",Projected Inventory,2026-03,0.0
Nigeria,MOH Supply Plan,"Norethisterone Enantate/Estradiol Valerate 50/5 mg/mL (1 mL) Ampoule, Intramuscular",Projected Inventory,2026-04,0.0
Nigeria,MOH Supply Plan,"Norethisterone Enantate/Estradiol Valerate 50/5 mg/mL (1 mL) Ampoule, Intramuscular",Projected Inventory,2026-05,0.0
Nigeria,MOH Supply Plan,"Norethisterone Enantate/Estradiol Valerate 50/5 mg/mL (1 mL) Ampoule, Intramuscular",Projected Inventory,2026-06,0.0
Nigeria,MOH Supply Plan,"Norethisterone Enantate/Estradiol Valerate 50/5 mg/mL (1 mL) Ampoule, Intramuscular",Projected Inventory,2026-07,0.0
Nigeria,MOH Supply Plan,"Norethisterone Enantate/Estradiol Valerate 50/5 mg/mL (1 mL) Ampoule, Intramuscular",Projected Inventory,2026-08,0.0
Nigeria,MOH Supply Plan,"Norethisterone Enantate/Estradiol Valerate 50/5 mg/mL (1 mL) Ampoule, Intramuscular",Projected Inventory,2026-09,0.0
Nigeria,MOH Supply Plan,"Norethisterone Enantate/Estradiol Valerate 50/5 mg/mL (1 mL) Ampoule, Intramuscular",Projected Inventory,2026-10,0.0
Nigeria,MOH Supply Plan,"Norethisterone Enantate/Estradiol Valerate 50/5 mg/mL (1 mL) Ampoule, Intramuscular",Projected Inventory,2026-11,0.0
Nigeria,MOH Supply Plan,"Norethisterone Enantate/Estradiol Valerate 50/5 mg/mL (1 mL) Ampoule, Intramuscular",Projected Inventory,2026-12,0.0
Nigeria,MOH Supply Plan,"Norethisterone Enantate/Estradiol Valerate 50/5 mg/mL (1 mL) Ampoule, Intramuscular",Projected Inventory,2027-01,0.0
Nigeria,MOH Supply Plan,"Norethisterone Enantate/Estradiol Valerate 50/5 mg/mL (1 mL) Ampoule, Intramuscular",Projected Inventory,2027-02,0.0
Nigeria,MOH Supply Plan,"Norethisterone Enantate/Estradiol Valerate 50/5 mg/mL (1 mL) Ampoule, Intramuscular",Projected Inventory,2027-03,0.0
Nigeria,MOH Supply Plan,"Norethisterone Enantate/Estradiol Valerate 50/5 mg/mL (1 mL) Ampoule, Intramuscular",Projected Inventory,2027-04,0.0
Nigeria,MOH Supply Plan,"Norethisterone Enantate/Estradiol Valerate 50/5 mg/mL (1 mL) Ampoule, Intramuscular",Projected Inventory,2027-05,0.0
Nigeria,MOH Supply Plan,"Norethisterone Enantate/Estradiol Valerate 50/5 mg/mL (1 mL) Ampoule, Intramuscular",Projected Inventory,2027-06,0.0
Nigeria,MOH Supply Plan,"Norethisterone Enantate/Estradiol Valerate 50/5 mg/mL (1 mL) Ampoule, Intramuscular",Projected Inventory,2027-07,0.0
Nigeria,MOH Supply Plan,"Norethisterone Enantate/Estradiol Valerate 50/5 mg/mL (1 mL) Ampoule, Intramuscular",Projected Inventory,2027-08,0.0
Nigeria,MOH Supply Plan,"Norethisterone Enantate/Estradiol Valerate 50/5 mg/mL (1 mL) Ampoule, Intramuscular",Projected Inventory,2027-09,0.0
Nigeria,MOH Supply Plan,"Norethisterone Enantate/Estradiol Valerate 50/5 mg/mL (1 mL) Ampoule, Intramuscular",Projected Inventory,2027-10,0.0
Nigeria,MOH Supply Plan,"Norethisterone Enantate/Estradiol Valerate 50/5 mg/mL (1 mL) Ampoule, Intramuscular",Projected Inventory,2027-11,0.0
Nigeria,MOH Supply Plan,"Norethisterone Enantate/Estradiol Valerate 50/5 mg/mL (1 mL) Ampoule, Intramuscular",Projected Inventory,2027-12,0.0
Nigeria,MOH Supply Plan,"Norethisterone Enantate/Estradiol Valerate 50/5 mg/mL (1 mL) Ampoule, Intramuscular",Projected Inventory,2028-01,0.0
Nigeria,MOH Supply Plan,"Norethisterone Enantate/Estradiol Valerate 50/5 mg/mL (1 mL) Ampoule, Intramuscular",Projected Inventory,2028-02,0.0
Nigeria,MOH Supply Plan,"Norethisterone Enantate/Estradiol Valerate 50/5 mg/mL (1 mL) Ampoule, Intramuscular",Projected Inventory,2028-03,0.0
Nigeria,MOH Supply Plan,"Norethisterone Enantate/Estradiol Valerate 50/5 mg/mL (1 mL) Ampoule, Intramuscular",Projected Inventory,2028-04,0.0
Nigeria,MOH Supply Plan,"Norethisterone Enantate/Estradiol Valerate 50/5 mg/mL (1 mL) Ampoule, Intramuscular",Projected Inventory,2028-05,0.0
Nigeria,MOH Supply Plan,"Norethisterone Enantate/Estradiol Valerate 50/5 mg/mL (1 mL) Ampoule, Intramuscular",Projected Inventory,2028-06,0.0
Nigeria,MOH Supply Plan,"Norethisterone Enantate/Estradiol Valerate 50/5 mg/mL (1 mL) Ampoule, Intramuscular",Projected Inventory,2028-07,0.0
Nigeria,MOH Supply Plan,"Norethisterone Enantate/Estradiol Valerate 50/5 mg/mL (1 mL) Ampoule, Intramuscular",Projected Inventory,2028-08,0.0
Nigeria,MOH Supply Plan,"Norethisterone Enantate/Estradiol Valerate 50/5 mg/mL (1 mL) Ampoule, Intramuscular",Projected MOS below min MOS Alert,2026-02,0.0
Nigeria,MOH Supply Plan,"Norethisterone Enantate/Estradiol Valerate 50/5 mg/mL (1 mL) Ampoule, Intramuscular",Projected MOS below min MOS Alert,2026-03,0.0
Nigeria,MOH Supply Plan,"Norethisterone Enantate/Estradiol Valerate 50/5 mg/mL (1 mL) Ampoule, Intramuscular",Projected MOS below min MOS Alert,2026-04,0.0
Nigeria,MOH Supply Plan,"Norethisterone Enantate/Estradiol Valerate 50/5 mg/mL (1 mL) Ampoule, Intramuscular",Projected MOS below min MOS Alert,2026-05,0.0
Nigeria,MOH Supply Plan,"Norethisterone Enantate/Estradiol Valerate 50/5 mg/mL (1 mL) Ampoule, Intramuscular",Projected MOS below min MOS Alert,2026-06,0.0
Nigeria,MOH Supply Plan,"Norethisterone Enantate/Estradiol Valerate 50/5 mg/mL (1 mL) Ampoule, Intramuscular",Projected MOS below min MOS Alert,2026-07,0.0
Nigeria,MOH Supply Plan,"Norethisterone Enantate/Estradiol Valerate 50/5 mg/mL (1 mL) Ampoule, Intramuscular",Projected MOS below min MOS Alert,2026-08,0.0
Nigeria,MOH Supply Plan,"Norethisterone Enantate/Estradiol Valerate 50/5 mg/mL (1 mL) Ampoule, Intramuscular",Projected MOS below min MOS Alert,2026-09,0.0
Nigeria,MOH Supply Plan,"Norethisterone Enantate/Estradiol Valerate 50/5 mg/mL (1 mL) Ampoule, Intramuscular",Projected MOS below min MOS Alert,2026-10,0.0
Nigeria,MOH Supply Plan,"Norethisterone Enantate/Estradiol Valerate 50/5 mg/mL (1 mL) Ampoule, Intramuscular",Projected MOS below min MOS Alert,2026-11,0.0
Nigeria,MOH Supply Plan,"Norethisterone Enantate/Estradiol Valerate 50/5 mg/mL (1 mL) Ampoule, Intramuscular",Projected MOS below min MOS Alert,2026-12,0.0
Nigeria,MOH Supply Plan,"Norethisterone Enantate/Estradiol Valerate 50/5 mg/mL (1 mL) Ampoule, Intramuscular",Projected MOS below min MOS Alert,2027-01,0.0
Nigeria,MOH Supply Plan,"Norethisterone Enantate/Estradiol Valerate 50/5 mg/mL (1 mL) Ampoule, Intramuscular",Projected MOS below min MOS Alert,2027-02,0.0
Nigeria,MOH Supply Plan,"Norethisterone Enantate/Estradiol Valerate 50/5 mg/mL (1 mL) Ampoule, Intramuscular",Projected MOS below min MOS Alert,2027-03,0.0
Nigeria,MOH Supply Plan,"Norethisterone Enantate/Estradiol Valerate 50/5 mg/mL (1 mL) Ampoule, Intramuscular",Projected MOS below min MOS Alert,2027-04,0.0
Nigeria,MOH Supply Plan,"Norethisterone Enantate/Estradiol Valerate 50/5 mg/mL (1 mL) Ampoule, Intramuscular",Projected MOS below min MOS Alert,2027-05,0.0
Nigeria,MOH Supply Plan,"Norethisterone Enantate/Estradiol Valerate 50/5 mg/mL (1 mL) Ampoule, Intramuscular",Projected MOS below min MOS Alert,2027-06,0.0
Nigeria,MOH Supply Plan,"Norethisterone Enantate/Estradiol Valerate 50/5 mg/mL (1 mL) Ampoule, Intramuscular",Projected MOS below min MOS Alert,2027-07,0.0
Nigeria,MOH Supply Plan,"Norethisterone Enantate/Estradiol Valerate 50/5 mg/mL (1 mL) Ampoule, Intramuscular",Projected MOS below min MOS Alert,2027-08,0.0
Nigeria,MOH Supply Plan,"Norethisterone Enantate/Estradiol Valerate 50/5 mg/mL (1 mL) Ampoule, Intramuscular",Projected MOS below min MOS Alert,2027-09,0.0
Nigeria,MOH Supply Plan,"Norethisterone Enantate/Estradiol Valerate 50/5 mg/mL (1 mL) Ampoule, Intramuscular",Projected MOS below min MOS Alert,2027-10,0.0
Nigeria,MOH Supply Plan,"Norethisterone Enantate/Estradiol Valerate 50/5 mg/mL (1 mL) Ampoule, Intramuscular",Projected MOS below min MOS Alert,2027-11,0.0
Nigeria,MOH Supply Plan,"Norethisterone Enantate/Estradiol Valerate 50/5 mg/mL (1 mL) Ampoule, Intramuscular",Projected MOS below min MOS Alert,2027-12,0.0
Nigeria,MOH Supply Plan,"Norethisterone Enantate/Estradiol Valerate 50/5 mg/mL (1 mL) Ampoule, Intramuscular",Projected MOS below min MOS Alert,2028-01,0.0
Nigeria,MOH Supply Plan,"Norethisterone Enantate/Estradiol Valerate 50/5 mg/mL (1 mL) Ampoule, Intramuscular",Projected MOS below min MOS Alert,2028-02,0.0
Nigeria,MOH Supply Plan,"Norethisterone Enantate/Estradiol Valerate 50/5 mg/mL (1 mL) Ampoule, Intramuscular",Projected MOS below min MOS Alert,2028-03,0.0
Nigeria,MOH Supply Plan,"Norethisterone Enantate/Estradiol Valerate 50/5 mg/mL (1 mL) Ampoule, Intramuscular",Projected MOS below min MOS Alert,2028-04,0.0
Nigeria,MOH Supply Plan,"Norethisterone Enantate/Estradiol Valerate 50/5 mg/mL (1 mL) Ampoule, Intramuscular",Projected MOS below min MOS Alert,2028-05,0.0
Nigeria,MOH Supply Plan,"Norethisterone Enantate/Estradiol Valerate 50/5 mg/mL (1 mL) Ampoule, Intramuscular",Projected MOS below min MOS Alert,2028-06,0.0
Nigeria,MOH Supply Plan,"Norethisterone Enantate/Estradiol Valerate 50/5 mg/mL (1 mL) Ampoule, Intramuscular",Projected MOS below min MOS Alert,2028-07,0.0
Nigeria,MOH Supply Plan,"Norethisterone Enantate/Estradiol Valerate 50/5 mg/mL (1 mL) Ampoule, Intramuscular",Projected MOS below min MOS Alert,2028-08,0.0
Nigeria,MOH Supply Plan,"Norethisterone Enantate/Estradiol Valerate 50/5 mg/mL (1 mL) Ampoule, Intramuscular",Projected MOS above max MOS Alert,2026-02,0.0
Nigeria,MOH Supply Plan,"Norethisterone Enantate/Estradiol Valerate 50/5 mg/mL (1 mL) Ampoule, Intramuscular",Projected MOS above max MOS Alert,2026-03,0.0
Nigeria,MOH Supply Plan,"Norethisterone Enantate/Estradiol Valerate 50/5 mg/mL (1 mL) Ampoule, Intramuscular",Projected MOS above max MOS Alert,2026-04,0.0
Nigeria,MOH Supply Plan,"Norethisterone Enantate/Estradiol Valerate 50/5 mg/mL (1 mL) Ampoule, Intramuscular",Projected MOS above max MOS Alert,2026-05,0.0
Nigeria,MOH Supply Plan,"Norethisterone Enantate/Estradiol Valerate 50/5 mg/mL (1 mL) Ampoule, Intramuscular",Projected MOS above max MOS Alert,2026-06,0.0
Nigeria,MOH Supply Plan,"Norethisterone Enantate/Estradiol Valerate 50/5 mg/mL (1 mL) Ampoule, Intramuscular",Projected MOS above max MOS Alert,2026-07,0.0
Nigeria,MOH Supply Plan,"Norethisterone Enantate/Estradiol Valerate 50/5 mg/mL (1 mL) Ampoule, Intramuscular",Projected MOS above max MOS Alert,2026-08,0.0
Nigeria,MOH Supply Plan,"Norethisterone Enantate/Estradiol Valerate 50/5 mg/mL (1 mL) Ampoule, Intramuscular",Projected MOS above max MOS Alert,2026-09,0.0
Nigeria,MOH Supply Plan,"Norethisterone Enantate/Estradiol Valerate 50/5 mg/mL (1 mL) Ampoule, Intramuscular",Projected MOS above max MOS Alert,2026-10,0.0
Nigeria,MOH Supply Plan,"Norethisterone Enantate/Estradiol Valerate 50/5 mg/mL (1 mL) Ampoule, Intramuscular",Projected MOS above max MOS Alert,2026-11,0.0
Nigeria,MOH Supply Plan,"Norethisterone Enantate/Estradiol Valerate 50/5 mg/mL (1 mL) Ampoule, Intramuscular",Projected MOS above max MOS Alert,2026-12,0.0
Nigeria,MOH Supply Plan,"Norethisterone Enantate/Estradiol Valerate 50/5 mg/mL (1 mL) Ampoule, Intramuscular",Projected MOS above max MOS Alert,2027-01,0.0
Nigeria,MOH Supply Plan,"Norethisterone Enantate/Estradiol Valerate 50/5 mg/mL (1 mL) Ampoule, Intramuscular",Projected MOS above max MOS Alert,2027-02,0.0
Nigeria,MOH Supply Plan,"Norethisterone Enantate/Estradiol Valerate 50/5 mg/mL (1 mL) Ampoule, Intramuscular",Projected MOS above max MOS Alert,2027-03,0.0
Nigeria,MOH Supply Plan,"Norethisterone Enantate/Estradiol Valerate 50/5 mg/mL (1 mL) Ampoule, Intramuscular",Projected MOS above max MOS Alert,2027-04,0.0
Nigeria,MOH Supply Plan,"Norethisterone Enantate/Estradiol Valerate 50/5 mg/mL (1 mL) Ampoule, Intramuscular",Projected MOS above max MOS Alert,2027-05,0.0
Nigeria,MOH Supply Plan,"Norethisterone Enantate/Estradiol Valerate 50/5 mg/mL (1 mL) Ampoule, Intramuscular",Projected MOS above max MOS Alert,2027-06,0.0
Nigeria,MOH Supply Plan,"Norethisterone Enantate/Estradiol Valerate 50/5 mg/mL (1 mL) Ampoule, Intramuscular",Projected MOS above max MOS Alert,2027-07,0.0
Nigeria,MOH Supply Plan,"Norethisterone Enantate/Estradiol Valerate 50/5 mg/mL (1 mL) Ampoule, Intramuscular",Projected MOS above max MOS Alert,2027-08,0.0
Nigeria,MOH Supply Plan,"Norethisterone Enantate/Estradiol Valerate 50/5 mg/mL (1 mL) Ampoule, Intramuscular",Projected MOS above max MOS Alert,2027-09,0.0
Nigeria,MOH Supply Plan,"Norethisterone Enantate/Estradiol Valerate 50/5 mg/mL (1 mL) Ampoule, Intramuscular",Projected MOS above max MOS Alert,2027-10,0.0
Nigeria,MOH Supply Plan,"Norethisterone Enantate/Estradiol Valerate 50/5 mg/mL (1 mL) Ampoule, Intramuscular",Projected MOS above max MOS Alert,2027-11,0.0
Nigeria,MOH Supply Plan,"Norethisterone Enantate/Estradiol Valerate 50/5 mg/mL (1 mL) Ampoule, Intramuscular",Projected MOS above max MOS Alert,2027-12,0.0
Nigeria,MOH Supply Plan,"Norethisterone Enantate/Estradiol Valerate 50/5 mg/mL (1 mL) Ampoule, Intramuscular",Projected MOS above max MOS Alert,2028-01,0.0
Nigeria,MOH Supply Plan,"Norethisterone Enantate/Estradiol Valerate 50/5 mg/mL (1 mL) Ampoule, Intramuscular",Projected MOS above max MOS Alert,2028-02,0.0
Nigeria,MOH Supply Plan,"Norethisterone Enantate/Estradiol Valerate 50/5 mg/mL (1 mL) Ampoule, Intramuscular",Projected MOS above max MOS Alert,2028-03,0.0
Nigeria,MOH Supply Plan,"Norethisterone Enantate/Estradiol Valerate 50/5 mg/mL (1 mL) Ampoule, Intramuscular",Projected MOS above max MOS Alert,2028-04,0.0
Nigeria,MOH Supply Plan,"Norethisterone Enantate/Estradiol Valerate 50/5 mg/mL (1 mL) Ampoule, Intramuscular",Projected MOS above max MOS Alert,2028-05,0.0
Nigeria,MOH Supply Plan,"Norethisterone Enantate/Estradiol Valerate 50/5 mg/mL (1 mL) Ampoule, Intramuscular",Projected MOS above max MOS Alert,2028-06,0.0
Nigeria,MOH Supply Plan,"Norethisterone Enantate/Estradiol Valerate 50/5 mg/mL (1 mL) Ampoule, Intramuscular",Projected MOS above max MOS Alert,2028-07,0.0
Nigeria,MOH Supply Plan,"Norethisterone Enantate/Estradiol Valerate 50/5 mg/mL (1 mL) Ampoule, Intramuscular",Projected MOS above max MOS Alert,2028-08,0.0
Nigeria,MOH Supply Plan,"Norethisterone Enantate/Estradiol Valerate 50/5 mg/mL (1 mL) Ampoule, Intramuscular",S1 - Projected Inventory,2026-02,0.0
Nigeria,MOH Supply Plan,"Norethisterone Enantate/Estradiol Valerate 50/5 mg/mL (1 mL) Ampoule, Intramuscular",S1 - Projected Inventory,2026-03,0.0
Nigeria,MOH Supply Plan,"Norethisterone Enantate/Estradiol Valerate 50/5 mg/mL (1 mL) Ampoule, Intramuscular",S1 - Projected Inventory,2026-04,0.0
Nigeria,MOH Supply Plan,"Norethisterone Enantate/Estradiol Valerate 50/5 mg/mL (1 mL) Ampoule, Intramuscular",S1 - Projected Inventory,2026-05,0.0
Nigeria,MOH Supply Plan,"Norethisterone Enantate/Estradiol Valerate 50/5 mg/mL (1 mL) Ampoule, Intramuscular",S1 - Projected Inventory,2026-06,0.0
Nigeria,MOH Supply Plan,"Norethisterone Enantate/Estradiol Valerate 50/5 mg/mL (1 mL) Ampoule, Intramuscular",S1 - Projected Inventory,2026-07,0.0
Nigeria,MOH Supply Plan,"Norethisterone Enantate/Estradiol Valerate 50/5 mg/mL (1 mL) Ampoule, Intramuscular",S1 - Projected Inventory,2026-08,0.0
Nigeria,MOH Supply Plan,"Norethisterone Enantate/Estradiol Valerate 50/5 mg/mL (1 mL) Ampoule, Intramuscular",S1 - Projected Inventory,2026-09,0.0
Nigeria,MOH Supply Plan,"Norethisterone Enantate/Estradiol Valerate 50/5 mg/mL (1 mL) Ampoule, Intramuscular",S1 - Projected Inventory,2026-10,0.0
Nigeria,MOH Supply Plan,"Norethisterone Enantate/Estradiol Valerate 50/5 mg/mL (1 mL) Ampoule, Intramuscular",S1 - Projected Inventory,2026-11,0.0
Nigeria,MOH Supply Plan,"Norethisterone Enantate/Estradiol Valerate 50/5 mg/mL (1 mL) Ampoule, Intramuscular",S1 - Projected Inventory,2026-12,0.0
Nigeria,MOH Supply Plan,"Norethisterone Enantate/Estradiol Valerate 50/5 mg/mL (1 mL) Ampoule, Intramuscular",S1 - Projected Inventory,2027-01,0.0
Nigeria,MOH Supply Plan,"Norethisterone Enantate/Estradiol Valerate 50/5 mg/mL (1 mL) Ampoule, Intramuscular",S1 - Projected Inventory,2027-02,0.0
Nigeria,MOH Supply Plan,"Norethisterone Enantate/Estradiol Valerate 50/5 mg/mL (1 mL) Ampoule, Intramuscular",S1 - Projected Inventory,2027-03,0.0
Nigeria,MOH Supply Plan,"Norethisterone Enantate/Estradiol Valerate 50/5 mg/mL (1 mL) Ampoule, Intramuscular",S1 - Projected Inventory,2027-04,0.0
Nigeria,MOH Supply Plan,"Norethisterone Enantate/Estradiol Valerate 50/5 mg/mL (1 mL) Ampoule, Intramuscular",S1 - Projected Inventory,2027-05,0.0
Nigeria,MOH Supply Plan,"Norethisterone Enantate/Estradiol Valerate 50/5 mg/mL (1 mL) Ampoule, Intramuscular",S1 - Projected Inventory,2027-06,0.0
Nigeria,MOH Supply Plan,"Norethisterone Enantate/Estradiol Valerate 50/5 mg/mL (1 mL) Ampoule, Intramuscular",S1 - Projected Inventory,2027-07,0.0
Nigeria,MOH Supply Plan,"Norethisterone Enantate/Estradiol Valerate 50/5 mg/mL (1 mL) Ampoule, Intramuscular",S1 - Projected Inventory,2027-08,0.0
Nigeria,MOH Supply Plan,"Norethisterone Enantate/Estradiol Valerate 50/5 mg/mL (1 mL) Ampoule, Intramuscular",S1 - Projected Inventory,2027-09,0.0
Nigeria,MOH Supply Plan,"Norethisterone Enantate/Estradiol Valerate 50/5 mg/mL (1 mL) Ampoule, Intramuscular",S1 - Projected Inventory,2027-10,0.0
Nigeria,MOH Supply Plan,"Norethisterone Enantate/Estradiol Valerate 50/5 mg/mL (1 mL) Ampoule, Intramuscular",S1 - Projected Inventory,2027-11,0.0
Nigeria,MOH Supply Plan,"Norethisterone Enantate/Estradiol Valerate 50/5 mg/mL (1 mL) Ampoule, Intramuscular",S1 - Projected Inventory,2027-12,0.0
Nigeria,MOH Supply Plan,"Norethisterone Enantate/Estradiol Valerate 50/5 mg/mL (1 mL) Ampoule, Intramuscular",S1 - Projected Inventory,2028-01,0.0
Nigeria,MOH Supply Plan,"Norethisterone Enantate/Estradiol Valerate 50/5 mg/mL (1 mL) Ampoule, Intramuscular",S1 - Projected Inventory,2028-02,0.0
Nigeria,MOH Supply Plan,"Norethisterone Enantate/Estradiol Valerate 50/5 mg/mL (1 mL) Ampoule, Intramuscular",S1 - Projected Inventory,2028-03,0.0
Nigeria,MOH Supply Plan,"Norethisterone Enantate/Estradiol Valerate 50/5 mg/mL (1 mL) Ampoule, Intramuscular",S1 - Projected Inventory,2028-04,0.0
Nigeria,MOH Supply Plan,"Norethisterone Enantate/Estradiol Valerate 50/5 mg/mL (1 mL) Ampoule, Intramuscular",S1 - Projected Inventory,2028-05,0.0
Nigeria,MOH Supply Plan,"Norethisterone Enantate/Estradiol Valerate 50/5 mg/mL (1 mL) Ampoule, Intramuscular",S1 - Projected Inventory,2028-06,0.0
Nigeria,MOH Supply Plan,"Norethisterone Enantate/Estradiol Valerate 50/5 mg/mL (1 mL) Ampoule, Intramuscular",S1 - Projected Inventory,2028-07,0.0
Nigeria,MOH Supply Plan,"Norethisterone Enantate/Estradiol Valerate 50/5 mg/mL (1 mL) Ampoule, Intramuscular",S1 - Projected Inventory,2028-08,0.0
Nigeria,MOH Supply Plan,"Norethisterone Enantate/Estradiol Valerate 50/5 mg/mL (1 mL) Ampoule, Intramuscular",S2 - Projected Inventory,2026-02,0.0
Nigeria,MOH Supply Plan,"Norethisterone Enantate/Estradiol Valerate 50/5 mg/mL (1 mL) Ampoule, Intramuscular",S2 - Projected Inventory,2026-03,0.0
Nigeria,MOH Supply Plan,"Norethisterone Enantate/Estradiol Valerate 50/5 mg/mL (1 mL) Ampoule, Intramuscular",S2 - Projected Inventory,2026-04,0.0
Nigeria,MOH Supply Plan,"Norethisterone Enantate/Estradiol Valerate 50/5 mg/mL (1 mL) Ampoule, Intramuscular",S2 - Projected Inventory,2026-05,0.0
Nigeria,MOH Supply Plan,"Norethisterone Enantate/Estradiol Valerate 50/5 mg/mL (1 mL) Ampoule, Intramuscular",S2 - Projected Inventory,2026-06,0.0
Nigeria,MOH Supply Plan,"Norethisterone Enantate/Estradiol Valerate 50/5 mg/mL (1 mL) Ampoule, Intramuscular",S2 - Projected Inventory,2026-07,0.0
Nigeria,MOH Supply Plan,"Norethisterone Enantate/Estradiol Valerate 50/5 mg/mL (1 mL) Ampoule, Intramuscular",S2 - Projected Inventory,2026-08,0.0
Nigeria,MOH Supply Plan,"Norethisterone Enantate/Estradiol Valerate 50/5 mg/mL (1 mL) Ampoule, Intramuscular",S2 - Projected Inventory,2026-09,0.0
Nigeria,MOH Supply Plan,"Norethisterone Enantate/Estradiol Valerate 50/5 mg/mL (1 mL) Ampoule, Intramuscular",S2 - Projected Inventory,2026-10,0.0
Nigeria,MOH Supply Plan,"Norethisterone Enantate/Estradiol Valerate 50/5 mg/mL (1 mL) Ampoule, Intramuscular",S2 - Projected Inventory,2026-11,0.0
Nigeria,MOH Supply Plan,"Norethisterone Enantate/Estradiol Valerate 50/5 mg/mL (1 mL) Ampoule, Intramuscular",S2 - Projected Inventory,2026-12,0.0
Nigeria,MOH Supply Plan,"Norethisterone Enantate/Estradiol Valerate 50/5 mg/mL (1 mL) Ampoule, Intramuscular",S2 - Projected Inventory,2027-01,0.0
Nigeria,MOH Supply Plan,"Norethisterone Enantate/Estradiol Valerate 50/5 mg/mL (1 mL) Ampoule, Intramuscular",S2 - Projected Inventory,2027-02,0.0
Nigeria,MOH Supply Plan,"Norethisterone Enantate/Estradiol Valerate 50/5 mg/mL (1 mL) Ampoule, Intramuscular",S2 - Projected Inventory,2027-03,0.0
Nigeria,MOH Supply Plan,"Norethisterone Enantate/Estradiol Valerate 50/5 mg/mL (1 mL) Ampoule, Intramuscular",S2 - Projected Inventory,2027-04,0.0
Nigeria,MOH Supply Plan,"Norethisterone Enantate/Estradiol Valerate 50/5 mg/mL (1 mL) Ampoule, Intramuscular",S2 - Projected Inventory,2027-05,0.0
Nigeria,MOH Supply Plan,"Norethisterone Enantate/Estradiol Valerate 50/5 mg/mL (1 mL) Ampoule, Intramuscular",S2 - Projected Inventory,2027-06,0.0
Nigeria,MOH Supply Plan,"Norethisterone Enantate/Estradiol Valerate 50/5 mg/mL (1 mL) Ampoule, Intramuscular",S2 - Projected Inventory,2027-07,0.0
Nigeria,MOH Supply Plan,"Norethisterone Enantate/Estradiol Valerate 50/5 mg/mL (1 mL) Ampoule, Intramuscular",S2 - Projected Inventory,2027-08,0.0
Nigeria,MOH Supply Plan,"Norethisterone Enantate/Estradiol Valerate 50/5 mg/mL (1 mL) Ampoule, Intramuscular",S2 - Projected Inventory,2027-09,0.0
Nigeria,MOH Supply Plan,"Norethisterone Enantate/Estradiol Valerate 50/5 mg/mL (1 mL) Ampoule, Intramuscular",S2 - Projected Inventory,2027-10,0.0
Nigeria,MOH Supply Plan,"Norethisterone Enantate/Estradiol Valerate 50/5 mg/mL (1 mL) Ampoule, Intramuscular",S2 - Projected Inventory,2027-11,0.0
Nigeria,MOH Supply Plan,"Norethisterone Enantate/Estradiol Valerate 50/5 mg/mL (1 mL) Ampoule, Intramuscular",S2 - Projected Inventory,2027-12,0.0
Nigeria,MOH Supply Plan,"Norethisterone Enantate/Estradiol Valerate 50/5 mg/mL (1 mL) Ampoule, Intramuscular",S2 - Projected Inventory,2028-01,0.0
Nigeria,MOH Supply Plan,"Norethisterone Enantate/Estradiol Valerate 50/5 mg/mL (1 mL) Ampoule, Intramuscular",S2 - Projected Inventory,2028-02,0.0
Nigeria,MOH Supply Plan,"Norethisterone Enantate/Estradiol Valerate 50/5 mg/mL (1 mL) Ampoule, Intramuscular",S2 - Projected Inventory,2028-03,0.0
Nigeria,MOH Supply Plan,"Norethisterone Enantate/Estradiol Valerate 50/5 mg/mL (1 mL) Ampoule, Intramuscular",S2 - Projected Inventory,2028-04,0.0
Nigeria,MOH Supply Plan,"Norethisterone Enantate/Estradiol Valerate 50/5 mg/mL (1 mL) Ampoule, Intramuscular",S2 - Projected Inventory,2028-05,0.0
Nigeria,MOH Supply Plan,"Norethisterone Enantate/Estradiol Valerate 50/5 mg/mL (1 mL) Ampoule, Intramuscular",S2 - Projected Inventory,2028-06,0.0
Nigeria,MOH Supply Plan,"Norethisterone Enantate/Estradiol Valerate 50/5 mg/mL (1 mL) Ampoule, Intramuscular",S2 - Projected Inventory,2028-07,0.0
Nigeria,MOH Supply Plan,"Norethisterone Enantate/Estradiol Valerate 50/5 mg/mL (1 mL) Ampoule, Intramuscular",S2 - Projected Inventory,2028-08,0.0
Nigeria,SFH [PSI] Supply Plan,"Medroxyprogesterone Acetate 104 mg/0.65 mL, Subcutaneous, Pre-Filled Device",Projected Inventory,2026-02,0.0
Nigeria,SFH [PSI] Supply Plan,"Medroxyprogesterone Acetate 104 mg/0.65 mL, Subcutaneous, Pre-Filled Device",Projected Inventory,2026-03,0.0
Nigeria,SFH [PSI] Supply Plan,"Medroxyprogesterone Acetate 104 mg/0.65 mL, Subcutaneous, Pre-Filled Device",Projected Inventory,2026-04,0.0
Nigeria,SFH [PSI] Supply Plan,"Medroxyprogesterone Acetate 104 mg/0.65 mL, Subcutaneous, Pre-Filled Device",Projected Inventory,2026-05,0.0
Nigeria,SFH [PSI] Supply Plan,"Medroxyprogesterone Acetate 104 mg/0.65 mL, Subcutaneous, Pre-Filled Device",Projected Inventory,2026-06,0.0
Nigeria,SFH [PSI] Supply Plan,"Medroxyprogesterone Acetate 104 mg/0.65 mL, Subcutaneous, Pre-Filled Device",Projected Inventory,2026-07,0.0
Nigeria,SFH [PSI] Supply Plan,"Medroxyprogesterone Acetate 104 mg/0.65 mL, Subcutaneous, Pre-Filled Device",Projected Inventory,2026-08,0.0
Nigeria,SFH [PSI] Supply Plan,"Medroxyprogesterone Acetate 104 mg/0.65 mL, Subcutaneous, Pre-Filled Device",Projected Inventory,2026-09,0.0
Nigeria,SFH [PSI] Supply Plan,"Medroxyprogesterone Acetate 104 mg/0.65 mL, Subcutaneous, Pre-Filled Device",Projected Inventory,2026-10,0.0
Nigeria,SFH [PSI] Supply Plan,"Medroxyprogesterone Acetate 104 mg/0.65 mL, Subcutaneous, Pre-Filled Device",Projected Inventory,2026-11,0.0
Nigeria,SFH [PSI] Supply Plan,"Medroxyprogesterone Acetate 104 mg/0.65 mL, Subcutaneous, Pre-Filled Device",Projected Inventory,2026-12,0.0
Nigeria,SFH [PSI] Supply Plan,"Medroxyprogesterone Acetate 104 mg/0.65 mL, Subcutaneous, Pre-Filled Device",Projected Inventory,2027-01,0.0
Nigeria,SFH [PSI] Supply Plan,"Medroxyprogesterone Acetate 104 mg/0.65 mL, Subcutaneous, Pre-Filled Device",Projected Inventory,2027-02,0.0
Nigeria,SFH [PSI] Supply Plan,"Medroxyprogesterone Acetate 104 mg/0.65 mL, Subcutaneous, Pre-Filled Device",Projected Inventory,2027-03,0.0
Nigeria,SFH [PSI] Supply Plan,"Medroxyprogesterone Acetate 104 mg/0.65 mL, Subcutaneous, Pre-Filled Device",Projected Inventory,2027-04,0.0
Nigeria,SFH [PSI] Supply Plan,"Medroxyprogesterone Acetate 104 mg/0.65 mL, Subcutaneous, Pre-Filled Device",Projected Inventory,2027-05,0.0
Nigeria,SFH [PSI] Supply Plan,"Medroxyprogesterone Acetate 104 mg/0.65 mL, Subcutaneous, Pre-Filled Device",Projected Inventory,2027-06,0.0
Nigeria,SFH [PSI] Supply Plan,"Medroxyprogesterone Acetate 104 mg/0.65 mL, Subcutaneous, Pre-Filled Device",Projected Inventory,2027-07,0.0
Nigeria,SFH [PSI] Supply Plan,"Medroxyprogesterone Acetate 104 mg/0.65 mL, Subcutaneous, Pre-Filled Device",Projected Inventory,2027-08,0.0
Nigeria,SFH [PSI] Supply Plan,"Medroxyprogesterone Acetate 104 mg/0.65 mL, Subcutaneous, Pre-Filled Device",Projected Inventory,2027-09,0.0
Nigeria,SFH [PSI] Supply Plan,"Medroxyprogesterone Acetate 104 mg/0.65 mL, Subcutaneous, Pre-Filled Device",Projected Inventory,2027-10,0.0
Nigeria,SFH [PSI] Supply Plan,"Medroxyprogesterone Acetate 104 mg/0.65 mL, Subcutaneous, Pre-Filled Device",Projected Inventory,2027-11,0.0
Nigeria,SFH [PSI] Supply Plan,"Medroxyprogesterone Acetate 104 mg/0.65 mL, Subcutaneous, Pre-Filled Device",Projected Inventory,2027-12,0.0
Nigeria,SFH [PSI] Supply Plan,"Medroxyprogesterone Acetate 104 mg/0.65 mL, Subcutaneous, Pre-Filled Device",Projected Inventory,2028-01,0.0
Nigeria,SFH [PSI] Supply Plan,"Medroxyprogesterone Acetate 104 mg/0.65 mL, Subcutaneous, Pre-Filled Device",Projected Inventory,2028-02,0.0
Nigeria,SFH [PSI] Supply Plan,"Medroxyprogesterone Acetate 104 mg/0.65 mL, Subcutaneous, Pre-Filled Device",Projected Inventory,2028-03,0.0
Nigeria,SFH [PSI] Supply Plan,"Medroxyprogesterone Acetate 104 mg/0.65 mL, Subcutaneous, Pre-Filled Device",Projected Inventory,2028-04,0.0
Nigeria,SFH [PSI] Supply Plan,"Medroxyprogesterone Acetate 104 mg/0.65 mL, Subcutaneous, Pre-Filled Device",Projected Inventory,2028-05,0.0
Nigeria,SFH [PSI] Supply Plan,"Medroxyprogesterone Acetate 104 mg/0.65 mL, Subcutaneous, Pre-Filled Device",Projected Inventory,2028-06,0.0
Nigeria,SFH [PSI] Supply Plan,"Medroxyprogesterone Acetate 104 mg/0.65 mL, Subcutaneous, Pre-Filled Device",Projected Inventory,2028-07,0.0
Nigeria,SFH [PSI] Supply Plan,"Medroxyprogesterone Acetate 104 mg/0.65 mL, Subcutaneous, Pre-Filled Device",Projected Inventory,2028-08,0.0
Nigeria,SFH [PSI] Supply Plan,"Medroxyprogesterone Acetate 104 mg/0.65 mL, Subcutaneous, Pre-Filled Device",Projected MOS below min MOS Alert,2026-02,0.0
Nigeria,SFH [PSI] Supply Plan,"Medroxyprogesterone Acetate 104 mg/0.65 mL, Subcutaneous, Pre-Filled Device",Projected MOS below min MOS Alert,2026-03,0.0
Nigeria,SFH [PSI] Supply Plan,"Medroxyprogesterone Acetate 104 mg/0.65 mL, Subcutaneous, Pre-Filled Device",Projected MOS below min MOS Alert,2026-04,0.0
Nigeria,SFH [PSI] Supply Plan,"Medroxyprogesterone Acetate 104 mg/0.65 mL, Subcutaneous, Pre-Filled Device",Projected MOS below min MOS Alert,2026-05,0.0
Nigeria,SFH [PSI] Supply Plan,"Medroxyprogesterone Acetate 104 mg/0.65 mL, Subcutaneous, Pre-Filled Device",Projected MOS below min MOS Alert,2026-06,0.0
Nigeria,SFH [PSI] Supply Plan,"Medroxyprogesterone Acetate 104 mg/0.65 mL, Subcutaneous, Pre-Filled Device",Projected MOS below min MOS Alert,2026-07,0.0
Nigeria,SFH [PSI] Supply Plan,"Medroxyprogesterone Acetate 104 mg/0.65 mL, Subcutaneous, Pre-Filled Device",Projected MOS below min MOS Alert,2026-08,0.0
Nigeria,SFH [PSI] Supply Plan,"Medroxyprogesterone Acetate 104 mg/0.65 mL, Subcutaneous, Pre-Filled Device",Projected MOS below min MOS Alert,2026-09,0.0
Nigeria,SFH [PSI] Supply Plan,"Medroxyprogesterone Acetate 104 mg/0.65 mL, Subcutaneous, Pre-Filled Device",Projected MOS below min MOS Alert,2026-10,0.0
Nigeria,SFH [PSI] Supply Plan,"Medroxyprogesterone Acetate 104 mg/0.65 mL, Subcutaneous, Pre-Filled Device",Projected MOS below min MOS Alert,2026-11,0.0
Nigeria,SFH [PSI] Supply Plan,"Medroxyprogesterone Acetate 104 mg/0.65 mL, Subcutaneous, Pre-Filled Device",Projected MOS below min MOS Alert,2026-12,0.0
Nigeria,SFH [PSI] Supply Plan,"Medroxyprogesterone Acetate 104 mg/0.65 mL, Subcutaneous, Pre-Filled Device",Projected MOS below min MOS Alert,2027-01,0.0
Nigeria,SFH [PSI] Supply Plan,"Medroxyprogesterone Acetate 104 mg/0.65 mL, Subcutaneous, Pre-Filled Device",Projected MOS below min MOS Alert,2027-02,0.0
Nigeria,SFH [PSI] Supply Plan,"Medroxyprogesterone Acetate 104 mg/0.65 mL, Subcutaneous, Pre-Filled Device",Projected MOS below min MOS Alert,2027-03,0.0
Nigeria,SFH [PSI] Supply Plan,"Medroxyprogesterone Acetate 104 mg/0.65 mL, Subcutaneous, Pre-Filled Device",Projected MOS below min MOS Alert,2027-04,0.0
Nigeria,SFH [PSI] Supply Plan,"Medroxyprogesterone Acetate 104 mg/0.65 mL, Subcutaneous, Pre-Filled Device",Projected MOS below min MOS Alert,2027-05,0.0
Nigeria,SFH [PSI] Supply Plan,"Medroxyprogesterone Acetate 104 mg/0.65 mL, Subcutaneous, Pre-Filled Device",Projected MOS below min MOS Alert,2027-06,0.0
Nigeria,SFH [PSI] Supply Plan,"Medroxyprogesterone Acetate 104 mg/0.65 mL, Subcutaneous, Pre-Filled Device",Projected MOS below min MOS Alert,2027-07,0.0
Nigeria,SFH [PSI] Supply Plan,"Medroxyprogesterone Acetate 104 mg/0.65 mL, Subcutaneous, Pre-Filled Device",Projected MOS below min MOS Alert,2027-08,0.0
Nigeria,SFH [PSI] Supply Plan,"Medroxyprogesterone Acetate 104 mg/0.65 mL, Subcutaneous, Pre-Filled Device",Projected MOS below min MOS Alert,2027-09,0.0
Nigeria,SFH [PSI] Supply Plan,"Medroxyprogesterone Acetate 104 mg/0.65 mL, Subcutaneous, Pre-Filled Device",Projected MOS below min MOS Alert,2027-10,0.0
Nigeria,SFH [PSI] Supply Plan,"Medroxyprogesterone Acetate 104 mg/0.65 mL, Subcutaneous, Pre-Filled Device",Projected MOS below min MOS Alert,2027-11,0.0
Nigeria,SFH [PSI] Supply Plan,"Medroxyprogesterone Acetate 104 mg/0.65 mL, Subcutaneous, Pre-Filled Device",Projected MOS below min MOS Alert,2027-12,0.0
Nigeria,SFH [PSI] Supply Plan,"Medroxyprogesterone Acetate 104 mg/0.65 mL, Subcutaneous, Pre-Filled Device",Projected MOS below min MOS Alert,2028-01,0.0
Nigeria,SFH [PSI] Supply Plan,"Medroxyprogesterone Acetate 104 mg/0.65 mL, Subcutaneous, Pre-Filled Device",Projected MOS below min MOS Alert,2028-02,0.0
Nigeria,SFH [PSI] Supply Plan,"Medroxyprogesterone Acetate 104 mg/0.65 mL, Subcutaneous, Pre-Filled Device",Projected MOS below min MOS Alert,2028-03,0.0
Nigeria,SFH [PSI] Supply Plan,"Medroxyprogesterone Acetate 104 mg/0.65 mL, Subcutaneous, Pre-Filled Device",Projected MOS below min MOS Alert,2028-04,0.0
Nigeria,SFH [PSI] Supply Plan,"Medroxyprogesterone Acetate 104 mg/0.65 mL, Subcutaneous, Pre-Filled Device",Projected MOS below min MOS Alert,2028-05,0.0
Nigeria,SFH [PSI] Supply Plan,"Medroxyprogesterone Acetate 104 mg/0.65 mL, Subcutaneous, Pre-Filled Device",Projected MOS below min MOS Alert,2028-06,0.0
Nigeria,SFH [PSI] Supply Plan,"Medroxyprogesterone Acetate 104 mg/0.65 mL, Subcutaneous, Pre-Filled Device",Projected MOS below min MOS Alert,2028-07,0.0
Nigeria,SFH [PSI] Supply Plan,"Medroxyprogesterone Acetate 104 mg/0.65 mL, Subcutaneous, Pre-Filled Device",Projected MOS below min MOS Alert,2028-08,0.0
Nigeria,SFH [PSI] Supply Plan,"Medroxyprogesterone Acetate 104 mg/0.65 mL, Subcutaneous, Pre-Filled Device",Projected MOS above max MOS Alert,2026-02,0.0
Nigeria,SFH [PSI] Supply Plan,"Medroxyprogesterone Acetate 104 mg/0.65 mL, Subcutaneous, Pre-Filled Device",Projected MOS above max MOS Alert,2026-03,0.0
Nigeria,SFH [PSI] Supply Plan,"Medroxyprogesterone Acetate 104 mg/0.65 mL, Subcutaneous, Pre-Filled Device",Projected MOS above max MOS Alert,2026-04,0.0
Nigeria,SFH [PSI] Supply Plan,"Medroxyprogesterone Acetate 104 mg/0.65 mL, Subcutaneous, Pre-Filled Device",Projected MOS above max MOS Alert,2026-05,0.0
Nigeria,SFH [PSI] Supply Plan,"Medroxyprogesterone Acetate 104 mg/0.65 mL, Subcutaneous, Pre-Filled Device",Projected MOS above max MOS Alert,2026-06,0.0
Nigeria,SFH [PSI] Supply Plan,"Medroxyprogesterone Acetate 104 mg/0.65 mL, Subcutaneous, Pre-Filled Device",Projected MOS above max MOS Alert,2026-07,0.0
Nigeria,SFH [PSI] Supply Plan,"Medroxyprogesterone Acetate 104 mg/0.65 mL, Subcutaneous, Pre-Filled Device",Projected MOS above max MOS Alert,2026-08,0.0
Nigeria,SFH [PSI] Supply Plan,"Medroxyprogesterone Acetate 104 mg/0.65 mL, Subcutaneous, Pre-Filled Device",Projected MOS above max MOS Alert,2026-09,0.0
Nigeria,SFH [PSI] Supply Plan,"Medroxyprogesterone Acetate 104 mg/0.65 mL, Subcutaneous, Pre-Filled Device",Projected MOS above max MOS Alert,2026-10,0.0
Nigeria,SFH [PSI] Supply Plan,"Medroxyprogesterone Acetate 104 mg/0.65 mL, Subcutaneous, Pre-Filled Device",Projected MOS above max MOS Alert,2026-11,0.0
Nigeria,SFH [PSI] Supply Plan,"Medroxyprogesterone Acetate 104 mg/0.65 mL, Subcutaneous, Pre-Filled Device",Projected MOS above max MOS Alert,2026-12,0.0
Nigeria,SFH [PSI] Supply Plan,"Medroxyprogesterone Acetate 104 mg/0.65 mL, Subcutaneous, Pre-Filled Device",Projected MOS above max MOS Alert,2027-01,0.0
Nigeria,SFH [PSI] Supply Plan,"Medroxyprogesterone Acetate 104 mg/0.65 mL, Subcutaneous, Pre-Filled Device",Projected MOS above max MOS Alert,2027-02,0.0
Nigeria,SFH [PSI] Supply Plan,"Medroxyprogesterone Acetate 104 mg/0.65 mL, Subcutaneous, Pre-Filled Device",Projected MOS above max MOS Alert,2027-03,0.0
Nigeria,SFH [PSI] Supply Plan,"Medroxyprogesterone Acetate 104 mg/0.65 mL, Subcutaneous, Pre-Filled Device",Projected MOS above max MOS Alert,2027-04,0.0
Nigeria,SFH [PSI] Supply Plan,"Medroxyprogesterone Acetate 104 mg/0.65 mL, Subcutaneous, Pre-Filled Device",Projected MOS above max MOS Alert,2027-05,0.0
Nigeria,SFH [PSI] Supply Plan,"Medroxyprogesterone Acetate 104 mg/0.65 mL, Subcutaneous, Pre-Filled Device",Projected MOS above max MOS Alert,2027-06,0.0
Nigeria,SFH [PSI] Supply Plan,"Medroxyprogesterone Acetate 104 mg/0.65 mL, Subcutaneous, Pre-Filled Device",Projected MOS above max MOS Alert,2027-07,0.0
Nigeria,SFH [PSI] Supply Plan,"Medroxyprogesterone Acetate 104 mg/0.65 mL, Subcutaneous, Pre-Filled Device",Projected MOS above max MOS Alert,2027-08,0.0
Nigeria,SFH [PSI] Supply Plan,"Medroxyprogesterone Acetate 104 mg/0.65 mL, Subcutaneous, Pre-Filled Device",Projected MOS above max MOS Alert,2027-09,0.0
Nigeria,SFH [PSI] Supply Plan,"Medroxyprogesterone Acetate 104 mg/0.65 mL, Subcutaneous, Pre-Filled Device",Projected MOS above max MOS Alert,2027-10,0.0
Nigeria,SFH [PSI] Supply Plan,"Medroxyprogesterone Acetate 104 mg/0.65 mL, Subcutaneous, Pre-Filled Device",Projected MOS above max MOS Alert,2027-11,0.0
Nigeria,SFH [PSI] Supply Plan,"Medroxyprogesterone Acetate 104 mg/0.65 mL, Subcutaneous, Pre-Filled Device",Projected MOS above max MOS Alert,2027-12,0.0
Nigeria,SFH [PSI] Supply Plan,"Medroxyprogesterone Acetate 104 mg/0.65 mL, Subcutaneous, Pre-Filled Device",Projected MOS above max MOS Alert,2028-01,0.0
Nigeria,SFH [PSI] Supply Plan,"Medroxyprogesterone Acetate 104 mg/0.65 mL, Subcutaneous, Pre-Filled Device",Projected MOS above max MOS Alert,2028-02,0.0
Nigeria,SFH [PSI] Supply Plan,"Medroxyprogesterone Acetate 104 mg/0.65 mL, Subcutaneous, Pre-Filled Device",Projected MOS above max MOS Alert,2028-03,0.0
Nigeria,SFH [PSI] Supply Plan,"Medroxyprogesterone Acetate 104 mg/0.65 mL, Subcutaneous, Pre-Filled Device",Projected MOS above max MOS Alert,2028-04,0.0
Nigeria,SFH [PSI] Supply Plan,"Medroxyprogesterone Acetate 104 mg/0.65 mL, Subcutaneous, Pre-Filled Device",Projected MOS above max MOS Alert,2028-05,0.0
Nigeria,SFH [PSI] Supply Plan,"Medroxyprogesterone Acetate 104 mg/0.65 mL, Subcutaneous, Pre-Filled Device",Projected MOS above max MOS Alert,2028-06,0.0
Nigeria,SFH [PSI] Supply Plan,"Medroxyprogesterone Acetate 104 mg/0.65 mL, Subcutaneous, Pre-Filled Device",Projected MOS above max MOS Alert,2028-07,0.0
Nigeria,SFH [PSI] Supply Plan,"Medroxyprogesterone Acetate 104 mg/0.65 mL, Subcutaneous, Pre-Filled Device",Projected MOS above max MOS Alert,2028-08,0.0
Nigeria,SFH [PSI] Supply Plan,"Medroxyprogesterone Acetate 104 mg/0.65 mL, Subcutaneous, Pre-Filled Device",S1 - Projected Inventory,2026-02,0.0
Nigeria,SFH [PSI] Supply Plan,"Medroxyprogesterone Acetate 104 mg/0.65 mL, Subcutaneous, Pre-Filled Device",S1 - Projected Inventory,2026-03,0.0
Nigeria,SFH [PSI] Supply Plan,"Medroxyprogesterone Acetate 104 mg/0.65 mL, Subcutaneous, Pre-Filled Device",S1 - Projected Inventory,2026-04,0.0
Nigeria,SFH [PSI] Supply Plan,"Medroxyprogesterone Acetate 104 mg/0.65 mL, Subcutaneous, Pre-Filled Device",S1 - Projected Inventory,2026-05,0.0
Nigeria,SFH [PSI] Supply Plan,"Medroxyprogesterone Acetate 104 mg/0.65 mL, Subcutaneous, Pre-Filled Device",S1 - Projected Inventory,2026-06,0.0
Nigeria,SFH [PSI] Supply Plan,"Medroxyprogesterone Acetate 104 mg/0.65 mL, Subcutaneous, Pre-Filled Device",S1 - Projected Inventory,2026-07,0.0
Nigeria,SFH [PSI] Supply Plan,"Medroxyprogesterone Acetate 104 mg/0.65 mL, Subcutaneous, Pre-Filled Device",S1 - Projected Inventory,2026-08,0.0
Nigeria,SFH [PSI] Supply Plan,"Medroxyprogesterone Acetate 104 mg/0.65 mL, Subcutaneous, Pre-Filled Device",S1 - Projected Inventory,2026-09,0.0
Nigeria,SFH [PSI] Supply Plan,"Medroxyprogesterone Acetate 104 mg/0.65 mL, Subcutaneous, Pre-Filled Device",S1 - Projected Inventory,2026-10,0.0
Nigeria,SFH [PSI] Supply Plan,"Medroxyprogesterone Acetate 104 mg/0.65 mL, Subcutaneous, Pre-Filled Device",S1 - Projected Inventory,2026-11,0.0
Nigeria,SFH [PSI] Supply Plan,"Medroxyprogesterone Acetate 104 mg/0.65 mL, Subcutaneous, Pre-Filled Device",S1 - Projected Inventory,2026-12,0.0
Nigeria,SFH [PSI] Supply Plan,"Medroxyprogesterone Acetate 104 mg/0.65 mL, Subcutaneous, Pre-Filled Device",S1 - Projected Inventory,2027-01,0.0
Nigeria,SFH [PSI] Supply Plan,"Medroxyprogesterone Acetate 104 mg/0.65 mL, Subcutaneous, Pre-Filled Device",S1 - Projected Inventory,2027-02,0.0
Nigeria,SFH [PSI] Supply Plan,"Medroxyprogesterone Acetate 104 mg/0.65 mL, Subcutaneous, Pre-Filled Device",S1 - Projected Inventory,2027-03,0.0
Nigeria,SFH [PSI] Supply Plan,"Medroxyprogesterone Acetate 104 mg/0.65 mL, Subcutaneous, Pre-Filled Device",S1 - Projected Inventory,2027-04,0.0
Nigeria,SFH [PSI] Supply Plan,"Medroxyprogesterone Acetate 104 mg/0.65 mL, Subcutaneous, Pre-Filled Device",S1 - Projected Inventory,2027-05,0.0
Nigeria,SFH [PSI] Supply Plan,"Medroxyprogesterone Acetate 104 mg/0.65 mL, Subcutaneous, Pre-Filled Device",S1 - Projected Inventory,2027-06,0.0
Nigeria,SFH [PSI] Supply Plan,"Medroxyprogesterone Acetate 104 mg/0.65 mL, Subcutaneous, Pre-Filled Device",S1 - Projected Inventory,2027-07,0.0
Nigeria,SFH [PSI] Supply Plan,"Medroxyprogesterone Acetate 104 mg/0.65 mL, Subcutaneous, Pre-Filled Device",S1 - Projected Inventory,2027-08,0.0
Nigeria,SFH [PSI] Supply Plan,"Medroxyprogesterone Acetate 104 mg/0.65 mL, Subcutaneous, Pre-Filled Device",S1 - Projected Inventory,2027-09,0.0
Nigeria,SFH [PSI] Supply Plan,"Medroxyprogesterone Acetate 104 mg/0.65 mL, Subcutaneous, Pre-Filled Device",S1 - Projected Inventory,2027-10,0.0
Nigeria,SFH [PSI] Supply Plan,"Medroxyprogesterone Acetate 104 mg/0.65 mL, Subcutaneous, Pre-Filled Device",S1 - Projected Inventory,2027-11,0.0
Nigeria,SFH [PSI] Supply Plan,"Medroxyprogesterone Acetate 104 mg/0.65 mL, Subcutaneous, Pre-Filled Device",S1 - Projected Inventory,2027-12,0.0
Nigeria,SFH [PSI] Supply Plan,"Medroxyprogesterone Acetate 104 mg/0.65 mL, Subcutaneous, Pre-Filled Device",S1 - Projected Inventory,2028-01,0.0
Nigeria,SFH [PSI] Supply Plan,"Medroxyprogesterone Acetate 104 mg/0.65 mL, Subcutaneous, Pre-Filled Device",S1 - Projected Inventory,2028-02,0.0
Nigeria,SFH [PSI] Supply Plan,"Medroxyprogesterone Acetate 104 mg/0.65 mL, Subcutaneous, Pre-Filled Device",S1 - Projected Inventory,2028-03,0.0
Nigeria,SFH [PSI] Supply Plan,"Medroxyprogesterone Acetate 104 mg/0.65 mL, Subcutaneous, Pre-Filled Device",S1 - Projected Inventory,2028-04,0.0
Nigeria,SFH [PSI] Supply Plan,"Medroxyprogesterone Acetate 104 mg/0.65 mL, Subcutaneous, Pre-Filled Device",S1 - Projected Inventory,2028-05,0.0
Nigeria,SFH [PSI] Supply Plan,"Medroxyprogesterone Acetate 104 mg/0.65 mL, Subcutaneous, Pre-Filled Device",S1 - Projected Inventory,2028-06,0.0
Nigeria,SFH [PSI] Supply Plan,"Medroxyprogesterone Acetate 104 mg/0.65 mL, Subcutaneous, Pre-Filled Device",S1 - Projected Inventory,2028-07,0.0
Nigeria,SFH [PSI] Supply Plan,"Medroxyprogesterone Acetate 104 mg/0.65 mL, Subcutaneous, Pre-Filled Device",S1 - Projected Inventory,2028-08,0.0
Nigeria,SFH [PSI] Supply Plan,"Medroxyprogesterone Acetate 104 mg/0.65 mL, Subcutaneous, Pre-Filled Device",S2 - Projected Inventory,2026-02,0.0
Nigeria,SFH [PSI] Supply Plan,"Medroxyprogesterone Acetate 104 mg/0.65 mL, Subcutaneous, Pre-Filled Device",S2 - Projected Inventory,2026-03,0.0
Nigeria,SFH [PSI] Supply Plan,"Medroxyprogesterone Acetate 104 mg/0.65 mL, Subcutaneous, Pre-Filled Device",S2 - Projected Inventory,2026-04,0.0
Nigeria,SFH [PSI] Supply Plan,"Medroxyprogesterone Acetate 104 mg/0.65 mL, Subcutaneous, Pre-Filled Device",S2 - Projected Inventory,2026-05,0.0
Nigeria,SFH [PSI] Supply Plan,"Medroxyprogesterone Acetate 104 mg/0.65 mL, Subcutaneous, Pre-Filled Device",S2 - Projected Inventory,2026-06,0.0
Nigeria,SFH [PSI] Supply Plan,"Medroxyprogesterone Acetate 104 mg/0.65 mL, Subcutaneous, Pre-Filled Device",S2 - Projected Inventory,2026-07,0.0
Nigeria,SFH [PSI] Supply Plan,"Medroxyprogesterone Acetate 104 mg/0.65 mL, Subcutaneous, Pre-Filled Device",S2 - Projected Inventory,2026-08,0.0
Nigeria,SFH [PSI] Supply Plan,"Medroxyprogesterone Acetate 104 mg/0.65 mL, Subcutaneous, Pre-Filled Device",S2 - Projected Inventory,2026-09,0.0
Nigeria,SFH [PSI] Supply Plan,"Medroxyprogesterone Acetate 104 mg/0.65 mL, Subcutaneous, Pre-Filled Device",S2 - Projected Inventory,2026-10,0.0
Nigeria,SFH [PSI] Supply Plan,"Medroxyprogesterone Acetate 104 mg/0.65 mL, Subcutaneous, Pre-Filled Device",S2 - Projected Inventory,2026-11,0.0
Nigeria,SFH [PSI] Supply Plan,"Medroxyprogesterone Acetate 104 mg/0.65 mL, Subcutaneous, Pre-Filled Device",S2 - Projected Inventory,2026-12,0.0
Nigeria,SFH [PSI] Supply Plan,"Medroxyprogesterone Acetate 104 mg/0.65 mL, Subcutaneous, Pre-Filled Device",S2 - Projected Inventory,2027-01,0.0
Nigeria,SFH [PSI] Supply Plan,"Medroxyprogesterone Acetate 104 mg/0.65 mL, Subcutaneous, Pre-Filled Device",S2 - Projected Inventory,2027-02,0.0
Nigeria,SFH [PSI] Supply Plan,"Medroxyprogesterone Acetate 104 mg/0.65 mL, Subcutaneous, Pre-Filled Device",S2 - Projected Inventory,2027-03,0.0
Nigeria,SFH [PSI] Supply Plan,"Medroxyprogesterone Acetate 104 mg/0.65 mL, Subcutaneous, Pre-Filled Device",S2 - Projected Inventory,2027-04,0.0
Nigeria,SFH [PSI] Supply Plan,"Medroxyprogesterone Acetate 104 mg/0.65 mL, Subcutaneous, Pre-Filled Device",S2 - Projected Inventory,2027-05,0.0
Nigeria,SFH [PSI] Supply Plan,"Medroxyprogesterone Acetate 104 mg/0.65 mL, Subcutaneous, Pre-Filled Device",S2 - Projected Inventory,2027-06,0.0
Nigeria,SFH [PSI] Supply Plan,"Medroxyprogesterone Acetate 104 mg/0.65 mL, Subcutaneous, Pre-Filled Device",S2 - Projected Inventory,2027-07,0.0
Nigeria,SFH [PSI] Supply Plan,"Medroxyprogesterone Acetate 104 mg/0.65 mL, Subcutaneous, Pre-Filled Device",S2 - Projected Inventory,2027-08,0.0
Nigeria,SFH [PSI] Supply Plan,"Medroxyprogesterone Acetate 104 mg/0.65 mL, Subcutaneous, Pre-Filled Device",S2 - Projected Inventory,2027-09,0.0
Nigeria,SFH [PSI] Supply Plan,"Medroxyprogesterone Acetate 104 mg/0.65 mL, Subcutaneous, Pre-Filled Device",S2 - Projected Inventory,2027-10,0.0
Nigeria,SFH [PSI] Supply Plan,"Medroxyprogesterone Acetate 104 mg/0.65 mL, Subcutaneous, Pre-Filled Device",S2 - Projected Inventory,2027-11,0.0
Nigeria,SFH [PSI] Supply Plan,"Medroxyprogesterone Acetate 104 mg/0.65 mL, Subcutaneous, Pre-Filled Device",S2 - Projected Inventory,2027-12,0.0
Nigeria,SFH [PSI] Supply Plan,"Medroxyprogesterone Acetate 104 mg/0.65 mL, Subcutaneous, Pre-Filled Device",S2 - Projected Inventory,2028-01,0.0
Nigeria,SFH [PSI] Supply Plan,"Medroxyprogesterone Acetate 104 mg/0.65 mL, Subcutaneous, Pre-Filled Device",S2 - Projected Inventory,2028-02,0.0
Nigeria,SFH [PSI] Supply Plan,"Medroxyprogesterone Acetate 104 mg/0.65 mL, Subcutaneous, Pre-Filled Device",S2 - Projected Inventory,2028-03,0.0
Nigeria,SFH [PSI] Supply Plan,"Medroxyprogesterone Acetate 104 mg/0.65 mL, Subcutaneous, Pre-Filled Device",S2 - Projected Inventory,2028-04,0.0
Nigeria,SFH [PSI] Supply Plan,"Medroxyprogesterone Acetate 104 mg/0.65 mL, Subcutaneous, Pre-Filled Device",S2 - Projected Inventory,2028-05,0.0
Nigeria,SFH [PSI] Supply Plan,"Medroxyprogesterone Acetate 104 mg/0.65 mL, Subcutaneous, Pre-Filled Device",S2 - Projected Inventory,2028-06,0.0
Nigeria,SFH [PSI] Supply Plan,"Medroxyprogesterone Acetate 104 mg/0.65 mL, Subcutaneous, Pre-Filled Device",S2 - Projected Inventory,2028-07,0.0
Nigeria,SFH [PSI] Supply Plan,"Medroxyprogesterone Acetate 104 mg/0.65 mL, Subcutaneous, Pre-Filled Device",S2 - Projected Inventory,2028-08,0.0
Nigeria,SFH [PSI] Supply Plan,"Medroxyprogesterone Acetate 150 mg/mL (1 mL) Vial, Intramuscular",Projected Inventory,2026-02,0.0
Nigeria,SFH [PSI] Supply Plan,"Medroxyprogesterone Acetate 150 mg/mL (1 mL) Vial, Intramuscular",Projected Inventory,2026-03,0.0
Nigeria,SFH [PSI] Supply Plan,"Medroxyprogesterone Acetate 150 mg/mL (1 mL) Vial, Intramuscular",Projected Inventory,2026-04,0.0
Nigeria,SFH [PSI] Supply Plan,"Medroxyprogesterone Acetate 150 mg/mL (1 mL) Vial, Intramuscular",Projected Inventory,2026-05,0.0
Nigeria,SFH [PSI] Supply Plan,"Medroxyprogesterone Acetate 150 mg/mL (1 mL) Vial, Intramuscular",Projected Inventory,2026-06,0.0
Nigeria,SFH [PSI] Supply Plan,"Medroxyprogesterone Acetate 150 mg/mL (1 mL) Vial, Intramuscular",Projected Inventory,2026-07,0.0
Nigeria,SFH [PSI] Supply Plan,"Medroxyprogesterone Acetate 150 mg/mL (1 mL) Vial, Intramuscular",Projected Inventory,2026-08,0.0
Nigeria,SFH [PSI] Supply Plan,"Medroxyprogesterone Acetate 150 mg/mL (1 mL) Vial, Intramuscular",Projected Inventory,2026-09,0.0
Nigeria,SFH [PSI] Supply Plan,"Medroxyprogesterone Acetate 150 mg/mL (1 mL) Vial, Intramuscular",Projected Inventory,2026-10,0.0
Nigeria,SFH [PSI] Supply Plan,"Medroxyprogesterone Acetate 150 mg/mL (1 mL) Vial, Intramuscular",Projected Inventory,2026-11,0.0
Nigeria,SFH [PSI] Supply Plan,"Medroxyprogesterone Acetate 150 mg/mL (1 mL) Vial, Intramuscular",Projected Inventory,2026-12,0.0
Nigeria,SFH [PSI] Supply Plan,"Medroxyprogesterone Acetate 150 mg/mL (1 mL) Vial, Intramuscular",Projected Inventory,2027-01,0.0
Nigeria,SFH [PSI] Supply Plan,"Medroxyprogesterone Acetate 150 mg/mL (1 mL) Vial, Intramuscular",Projected Inventory,2027-02,0.0
Nigeria,SFH [PSI] Supply Plan,"Medroxyprogesterone Acetate 150 mg/mL (1 mL) Vial, Intramuscular",Projected Inventory,2027-03,0.0
Nigeria,SFH [PSI] Supply Plan,"Medroxyprogesterone Acetate 150 mg/mL (1 mL) Vial, Intramuscular",Projected Inventory,2027-04,0.0
Nigeria,SFH [PSI] Supply Plan,"Medroxyprogesterone Acetate 150 mg/mL (1 mL) Vial, Intramuscular",Projected Inventory,2027-05,0.0
Nigeria,SFH [PSI] Supply Plan,"Medroxyprogesterone Acetate 150 mg/mL (1 mL) Vial, Intramuscular",Projected Inventory,2027-06,0.0
Nigeria,SFH [PSI] Supply Plan,"Medroxyprogesterone Acetate 150 mg/mL (1 mL) Vial, Intramuscular",Projected Inventory,2027-07,0.0
Nigeria,SFH [PSI] Supply Plan,"Medroxyprogesterone Acetate 150 mg/mL (1 mL) Vial, Intramuscular",Projected Inventory,2027-08,0.0
Nigeria,SFH [PSI] Supply Plan,"Medroxyprogesterone Acetate 150 mg/mL (1 mL) Vial, Intramuscular",Projected Inventory,2027-09,0.0
Nigeria,SFH [PSI] Supply Plan,"Medroxyprogesterone Acetate 150 mg/mL (1 mL) Vial, Intramuscular",Projected Inventory,2027-10,0.0
Nigeria,SFH [PSI] Supply Plan,"Medroxyprogesterone Acetate 150 mg/mL (1 mL) Vial, Intramuscular",Projected Inventory,2027-11,0.0
Nigeria,SFH [PSI] Supply Plan,"Medroxyprogesterone Acetate 150 mg/mL (1 mL) Vial, Intramuscular",Projected Inventory,2027-12,0.0
Nigeria,SFH [PSI] Supply Plan,"Medroxyprogesterone Acetate 150 mg/mL (1 mL) Vial, Intramuscular",Projected Inventory,2028-01,0.0
Nigeria,SFH [PSI] Supply Plan,"Medroxyprogesterone Acetate 150 mg/mL (1 mL) Vial, Intramuscular",Projected Inventory,2028-02,0.0
Nigeria,SFH [PSI] Supply Plan,"Medroxyprogesterone Acetate 150 mg/mL (1 mL) Vial, Intramuscular",Projected Inventory,2028-03,0.0
Nigeria,SFH [PSI] Supply Plan,"Medroxyprogesterone Acetate 150 mg/mL (1 mL) Vial, Intramuscular",Projected Inventory,2028-04,0.0
Nigeria,SFH [PSI] Supply Plan,"Medroxyprogesterone Acetate 150 mg/mL (1 mL) Vial, Intramuscular",Projected Inventory,2028-05,0.0
Nigeria,SFH [PSI] Supply Plan,"Medroxyprogesterone Acetate 150 mg/mL (1 mL) Vial, Intramuscular",Projected Inventory,2028-06,0.0
Nigeria,SFH [PSI] Supply Plan,"Medroxyprogesterone Acetate 150 mg/mL (1 mL) Vial, Intramuscular",Projected Inventory,2028-07,0.0
Nigeria,SFH [PSI] Supply Plan,"Medroxyprogesterone Acetate 150 mg/mL (1 mL) Vial, Intramuscular",Projected Inventory,2028-08,0.0
Nigeria,SFH [PSI] Supply Plan,"Medroxyprogesterone Acetate 150 mg/mL (1 mL) Vial, Intramuscular",Projected MOS below min MOS Alert,2026-02,0.0
Nigeria,SFH [PSI] Supply Plan,"Medroxyprogesterone Acetate 150 mg/mL (1 mL) Vial, Intramuscular",Projected MOS below min MOS Alert,2026-03,0.0
Nigeria,SFH [PSI] Supply Plan,"Medroxyprogesterone Acetate 150 mg/mL (1 mL) Vial, Intramuscular",Projected MOS below min MOS Alert,2026-04,0.0
Nigeria,SFH [PSI] Supply Plan,"Medroxyprogesterone Acetate 150 mg/mL (1 mL) Vial, Intramuscular",Projected MOS below min MOS Alert,2026-05,0.0
Nigeria,SFH [PSI] Supply Plan,"Medroxyprogesterone Acetate 150 mg/mL (1 mL) Vial, Intramuscular",Projected MOS below min MOS Alert,2026-06,0.0
Nigeria,SFH [PSI] Supply Plan,"Medroxyprogesterone Acetate 150 mg/mL (1 mL) Vial, Intramuscular",Projected MOS below min MOS Alert,2026-07,0.0
Nigeria,SFH [PSI] Supply Plan,"Medroxyprogesterone Acetate 150 mg/mL (1 mL) Vial, Intramuscular",Projected MOS below min MOS Alert,2026-08,0.0
Nigeria,SFH [PSI] Supply Plan,"Medroxyprogesterone Acetate 150 mg/mL (1 mL) Vial, Intramuscular",Projected MOS below min MOS Alert,2026-09,0.0
Nigeria,SFH [PSI] Supply Plan,"Medroxyprogesterone Acetate 150 mg/mL (1 mL) Vial, Intramuscular",Projected MOS below min MOS Alert,2026-10,0.0
Nigeria,SFH [PSI] Supply Plan,"Medroxyprogesterone Acetate 150 mg/mL (1 mL) Vial, Intramuscular",Projected MOS below min MOS Alert,2026-11,0.0
Nigeria,SFH [PSI] Supply Plan,"Medroxyprogesterone Acetate 150 mg/mL (1 mL) Vial, Intramuscular",Projected MOS below min MOS Alert,2026-12,0.0
Nigeria,SFH [PSI] Supply Plan,"Medroxyprogesterone Acetate 150 mg/mL (1 mL) Vial, Intramuscular",Projected MOS below min MOS Alert,2027-01,0.0
Nigeria,SFH [PSI] Supply Plan,"Medroxyprogesterone Acetate 150 mg/mL (1 mL) Vial, Intramuscular",Projected MOS below min MOS Alert,2027-02,0.0
Nigeria,SFH [PSI] Supply Plan,"Medroxyprogesterone Acetate 150 mg/mL (1 mL) Vial, Intramuscular",Projected MOS below min MOS Alert,2027-03,0.0
Nigeria,SFH [PSI] Supply Plan,"Medroxyprogesterone Acetate 150 mg/mL (1 mL) Vial, Intramuscular",Projected MOS below min MOS Alert,2027-04,0.0
Nigeria,SFH [PSI] Supply Plan,"Medroxyprogesterone Acetate 150 mg/mL (1 mL) Vial, Intramuscular",Projected MOS below min MOS Alert,2027-05,0.0
Nigeria,SFH [PSI] Supply Plan,"Medroxyprogesterone Acetate 150 mg/mL (1 mL) Vial, Intramuscular",Projected MOS below min MOS Alert,2027-06,0.0
Nigeria,SFH [PSI] Supply Plan,"Medroxyprogesterone Acetate 150 mg/mL (1 mL) Vial, Intramuscular",Projected MOS below min MOS Alert,2027-07,0.0
Nigeria,SFH [PSI] Supply Plan,"Medroxyprogesterone Acetate 150 mg/mL (1 mL) Vial, Intramuscular",Projected MOS below min MOS Alert,2027-08,0.0
Nigeria,SFH [PSI] Supply Plan,"Medroxyprogesterone Acetate 150 mg/mL (1 mL) Vial, Intramuscular",Projected MOS below min MOS Alert,2027-09,0.0
Nigeria,SFH [PSI] Supply Plan,"Medroxyprogesterone Acetate 150 mg/mL (1 mL) Vial, Intramuscular",Projected MOS below min MOS Alert,2027-10,0.0
Nigeria,SFH [PSI] Supply Plan,"Medroxyprogesterone Acetate 150 mg/mL (1 mL) Vial, Intramuscular",Projected MOS below min MOS Alert,2027-11,0.0
Nigeria,SFH [PSI] Supply Plan,"Medroxyprogesterone Acetate 150 mg/mL (1 mL) Vial, Intramuscular",Projected MOS below min MOS Alert,2027-12,0.0
Nigeria,SFH [PSI] Supply Plan,"Medroxyprogesterone Acetate 150 mg/mL (1 mL) Vial, Intramuscular",Projected MOS below min MOS Alert,2028-01,0.0
Nigeria,SFH [PSI] Supply Plan,"Medroxyprogesterone Acetate 150 mg/mL (1 mL) Vial, Intramuscular",Projected MOS below min MOS Alert,2028-02,0.0
Nigeria,SFH [PSI] Supply Plan,"Medroxyprogesterone Acetate 150 mg/mL (1 mL) Vial, Intramuscular",Projected MOS below min MOS Alert,2028-03,0.0
Nigeria,SFH [PSI] Supply Plan,"Medroxyprogesterone Acetate 150 mg/mL (1 mL) Vial, Intramuscular",Projected MOS below min MOS Alert,2028-04,0.0
Nigeria,SFH [PSI] Supply Plan,"Medroxyprogesterone Acetate 150 mg/mL (1 mL) Vial, Intramuscular",Projected MOS below min MOS Alert,2028-05,0.0
Nigeria,SFH [PSI] Supply Plan,"Medroxyprogesterone Acetate 150 mg/mL (1 mL) Vial, Intramuscular",Projected MOS below min MOS Alert,2028-06,0.0
Nigeria,SFH [PSI] Supply Plan,"Medroxyprogesterone Acetate 150 mg/mL (1 mL) Vial, Intramuscular",Projected MOS below min MOS Alert,2028-07,0.0
Nigeria,SFH [PSI] Supply Plan,"Medroxyprogesterone Acetate 150 mg/mL (1 mL) Vial, Intramuscular",Projected MOS below min MOS Alert,2028-08,0.0
Nigeria,SFH [PSI] Supply Plan,"Medroxyprogesterone Acetate 150 mg/mL (1 mL) Vial, Intramuscular",Projected MOS above max MOS Alert,2026-02,0.0
Nigeria,SFH [PSI] Supply Plan,"Medroxyprogesterone Acetate 150 mg/mL (1 mL) Vial, Intramuscular",Projected MOS above max MOS Alert,2026-03,0.0
Nigeria,SFH [PSI] Supply Plan,"Medroxyprogesterone Acetate 150 mg/mL (1 mL) Vial, Intramuscular",Projected MOS above max MOS Alert,2026-04,0.0
Nigeria,SFH [PSI] Supply Plan,"Medroxyprogesterone Acetate 150 mg/mL (1 mL) Vial, Intramuscular",Projected MOS above max MOS Alert,2026-05,0.0
Nigeria,SFH [PSI] Supply Plan,"Medroxyprogesterone Acetate 150 mg/mL (1 mL) Vial, Intramuscular",Projected MOS above max MOS Alert,2026-06,0.0
Nigeria,SFH [PSI] Supply Plan,"Medroxyprogesterone Acetate 150 mg/mL (1 mL) Vial, Intramuscular",Projected MOS above max MOS Alert,2026-07,0.0
Nigeria,SFH [PSI] Supply Plan,"Medroxyprogesterone Acetate 150 mg/mL (1 mL) Vial, Intramuscular",Projected MOS above max MOS Alert,2026-08,0.0
Nigeria,SFH [PSI] Supply Plan,"Medroxyprogesterone Acetate 150 mg/mL (1 mL) Vial, Intramuscular",Projected MOS above max MOS Alert,2026-09,0.0
Nigeria,SFH [PSI] Supply Plan,"Medroxyprogesterone Acetate 150 mg/mL (1 mL) Vial, Intramuscular",Projected MOS above max MOS Alert,2026-10,0.0
Nigeria,SFH [PSI] Supply Plan,"Medroxyprogesterone Acetate 150 mg/mL (1 mL) Vial, Intramuscular",Projected MOS above max MOS Alert,2026-11,0.0
Nigeria,SFH [PSI] Supply Plan,"Medroxyprogesterone Acetate 150 mg/mL (1 mL) Vial, Intramuscular",Projected MOS above max MOS Alert,2026-12,0.0
Nigeria,SFH [PSI] Supply Plan,"Medroxyprogesterone Acetate 150 mg/mL (1 mL) Vial, Intramuscular",Projected MOS above max MOS Alert,2027-01,0.0
Nigeria,SFH [PSI] Supply Plan,"Medroxyprogesterone Acetate 150 mg/mL (1 mL) Vial, Intramuscular",Projected MOS above max MOS Alert,2027-02,0.0
Nigeria,SFH [PSI] Supply Plan,"Medroxyprogesterone Acetate 150 mg/mL (1 mL) Vial, Intramuscular",Projected MOS above max MOS Alert,2027-03,0.0
Nigeria,SFH [PSI] Supply Plan,"Medroxyprogesterone Acetate 150 mg/mL (1 mL) Vial, Intramuscular",Projected MOS above max MOS Alert,2027-04,0.0
Nigeria,SFH [PSI] Supply Plan,"Medroxyprogesterone Acetate 150 mg/mL (1 mL) Vial, Intramuscular",Projected MOS above max MOS Alert,2027-05,0.0
Nigeria,SFH [PSI] Supply Plan,"Medroxyprogesterone Acetate 150 mg/mL (1 mL) Vial, Intramuscular",Projected MOS above max MOS Alert,2027-06,0.0
Nigeria,SFH [PSI] Supply Plan,"Medroxyprogesterone Acetate 150 mg/mL (1 mL) Vial, Intramuscular",Projected MOS above max MOS Alert,2027-07,0.0
Nigeria,SFH [PSI] Supply Plan,"Medroxyprogesterone Acetate 150 mg/mL (1 mL) Vial, Intramuscular",Projected MOS above max MOS Alert,2027-08,0.0
Nigeria,SFH [PSI] Supply Plan,"Medroxyprogesterone Acetate 150 mg/mL (1 mL) Vial, Intramuscular",Projected MOS above max MOS Alert,2027-09,0.0
Nigeria,SFH [PSI] Supply Plan,"Medroxyprogesterone Acetate 150 mg/mL (1 mL) Vial, Intramuscular",Projected MOS above max MOS Alert,2027-10,0.0
Nigeria,SFH [PSI] Supply Plan,"Medroxyprogesterone Acetate 150 mg/mL (1 mL) Vial, Intramuscular",Projected MOS above max MOS Alert,2027-11,0.0
Nigeria,SFH [PSI] Supply Plan,"Medroxyprogesterone Acetate 150 mg/mL (1 mL) Vial, Intramuscular",Projected MOS above max MOS Alert,2027-12,0.0
Nigeria,SFH [PSI] Supply Plan,"Medroxyprogesterone Acetate 150 mg/mL (1 mL) Vial, Intramuscular",Projected MOS above max MOS Alert,2028-01,0.0
Nigeria,SFH [PSI] Supply Plan,"Medroxyprogesterone Acetate 150 mg/mL (1 mL) Vial, Intramuscular",Projected MOS above max MOS Alert,2028-02,0.0
Nigeria,SFH [PSI] Supply Plan,"Medroxyprogesterone Acetate 150 mg/mL (1 mL) Vial, Intramuscular",Projected MOS above max MOS Alert,2028-03,0.0
Nigeria,SFH [PSI] Supply Plan,"Medroxyprogesterone Acetate 150 mg/mL (1 mL) Vial, Intramuscular",Projected MOS above max MOS Alert,2028-04,0.0
Nigeria,SFH [PSI] Supply Plan,"Medroxyprogesterone Acetate 150 mg/mL (1 mL) Vial, Intramuscular",Projected MOS above max MOS Alert,2028-05,0.0
Nigeria,SFH [PSI] Supply Plan,"Medroxyprogesterone Acetate 150 mg/mL (1 mL) Vial, Intramuscular",Projected MOS above max MOS Alert,2028-06,0.0
Nigeria,SFH [PSI] Supply Plan,"Medroxyprogesterone Acetate 150 mg/mL (1 mL) Vial, Intramuscular",Projected MOS above max MOS Alert,2028-07,0.0
Nigeria,SFH [PSI] Supply Plan,"Medroxyprogesterone Acetate 150 mg/mL (1 mL) Vial, Intramuscular",Projected MOS above max MOS Alert,2028-08,0.0
Nigeria,SFH [PSI] Supply Plan,"Medroxyprogesterone Acetate 150 mg/mL (1 mL) Vial, Intramuscular",S1 - Projected Inventory,2026-02,0.0
Nigeria,SFH [PSI] Supply Plan,"Medroxyprogesterone Acetate 150 mg/mL (1 mL) Vial, Intramuscular",S1 - Projected Inventory,2026-03,0.0
Nigeria,SFH [PSI] Supply Plan,"Medroxyprogesterone Acetate 150 mg/mL (1 mL) Vial, Intramuscular",S1 - Projected Inventory,2026-04,0.0
Nigeria,SFH [PSI] Supply Plan,"Medroxyprogesterone Acetate 150 mg/mL (1 mL) Vial, Intramuscular",S1 - Projected Inventory,2026-05,0.0
Nigeria,SFH [PSI] Supply Plan,"Medroxyprogesterone Acetate 150 mg/mL (1 mL) Vial, Intramuscular",S1 - Projected Inventory,2026-06,0.0
Nigeria,SFH [PSI] Supply Plan,"Medroxyprogesterone Acetate 150 mg/mL (1 mL) Vial, Intramuscular",S1 - Projected Inventory,2026-07,0.0
Nigeria,SFH [PSI] Supply Plan,"Medroxyprogesterone Acetate 150 mg/mL (1 mL) Vial, Intramuscular",S1 - Projected Inventory,2026-08,0.0
Nigeria,SFH [PSI] Supply Plan,"Medroxyprogesterone Acetate 150 mg/mL (1 mL) Vial, Intramuscular",S1 - Projected Inventory,2026-09,0.0
Nigeria,SFH [PSI] Supply Plan,"Medroxyprogesterone Acetate 150 mg/mL (1 mL) Vial, Intramuscular",S1 - Projected Inventory,2026-10,0.0
Nigeria,SFH [PSI] Supply Plan,"Medroxyprogesterone Acetate 150 mg/mL (1 mL) Vial, Intramuscular",S1 - Projected Inventory,2026-11,0.0
Nigeria,SFH [PSI] Supply Plan,"Medroxyprogesterone Acetate 150 mg/mL (1 mL) Vial, Intramuscular",S1 - Projected Inventory,2026-12,0.0
Nigeria,SFH [PSI] Supply Plan,"Medroxyprogesterone Acetate 150 mg/mL (1 mL) Vial, Intramuscular",S1 - Projected Inventory,2027-01,0.0
Nigeria,SFH [PSI] Supply Plan,"Medroxyprogesterone Acetate 150 mg/mL (1 mL) Vial, Intramuscular",S1 - Projected Inventory,2027-02,0.0
Nigeria,SFH [PSI] Supply Plan,"Medroxyprogesterone Acetate 150 mg/mL (1 mL) Vial, Intramuscular",S1 - Projected Inventory,2027-03,0.0
Nigeria,SFH [PSI] Supply Plan,"Medroxyprogesterone Acetate 150 mg/mL (1 mL) Vial, Intramuscular",S1 - Projected Inventory,2027-04,0.0
Nigeria,SFH [PSI] Supply Plan,"Medroxyprogesterone Acetate 150 mg/mL (1 mL) Vial, Intramuscular",S1 - Projected Inventory,2027-05,0.0
Nigeria,SFH [PSI] Supply Plan,"Medroxyprogesterone Acetate 150 mg/mL (1 mL) Vial, Intramuscular",S1 - Projected Inventory,2027-06,0.0
Nigeria,SFH [PSI] Supply Plan,"Medroxyprogesterone Acetate 150 mg/mL (1 mL) Vial, Intramuscular",S1 - Projected Inventory,2027-07,0.0
Nigeria,SFH [PSI] Supply Plan,"Medroxyprogesterone Acetate 150 mg/mL (1 mL) Vial, Intramuscular",S1 - Projected Inventory,2027-08,0.0
Nigeria,SFH [PSI] Supply Plan,"Medroxyprogesterone Acetate 150 mg/mL (1 mL) Vial, Intramuscular",S1 - Projected Inventory,2027-09,0.0
Nigeria,SFH [PSI] Supply Plan,"Medroxyprogesterone Acetate 150 mg/mL (1 mL) Vial, Intramuscular",S1 - Projected Inventory,2027-10,0.0
Nigeria,SFH [PSI] Supply Plan,"Medroxyprogesterone Acetate 150 mg/mL (1 mL) Vial, Intramuscular",S1 - Projected Inventory,2027-11,0.0
Nigeria,SFH [PSI] Supply Plan,"Medroxyprogesterone Acetate 150 mg/mL (1 mL) Vial, Intramuscular",S1 - Projected Inventory,2027-12,0.0
Nigeria,SFH [PSI] Supply Plan,"Medroxyprogesterone Acetate 150 mg/mL (1 mL) Vial, Intramuscular",S1 - Projected Inventory,2028-01,0.0
Nigeria,SFH [PSI] Supply Plan,"Medroxyprogesterone Acetate 150 mg/mL (1 mL) Vial, Intramuscular",S1 - Projected Inventory,2028-02,0.0
Nigeria,SFH [PSI] Supply Plan,"Medroxyprogesterone Acetate 150 mg/mL (1 mL) Vial, Intramuscular",S1 - Projected Inventory,2028-03,0.0
Nigeria,SFH [PSI] Supply Plan,"Medroxyprogesterone Acetate 150 mg/mL (1 mL) Vial, Intramuscular",S1 - Projected Inventory,2028-04,0.0
Nigeria,SFH [PSI] Supply Plan,"Medroxyprogesterone Acetate 150 mg/mL (1 mL) Vial, Intramuscular",S1 - Projected Inventory,2028-05,0.0
Nigeria,SFH [PSI] Supply Plan,"Medroxyprogesterone Acetate 150 mg/mL (1 mL) Vial, Intramuscular",S1 - Projected Inventory,2028-06,0.0
Nigeria,SFH [PSI] Supply Plan,"Medroxyprogesterone Acetate 150 mg/mL (1 mL) Vial, Intramuscular",S1 - Projected Inventory,2028-07,0.0
Nigeria,SFH [PSI] Supply Plan,"Medroxyprogesterone Acetate 150 mg/mL (1 mL) Vial, Intramuscular",S1 - Projected Inventory,2028-08,0.0
Nigeria,SFH [PSI] Supply Plan,"Medroxyprogesterone Acetate 150 mg/mL (1 mL) Vial, Intramuscular",S2 - Projected Inventory,2026-02,0.0
Nigeria,SFH [PSI] Supply Plan,"Medroxyprogesterone Acetate 150 mg/mL (1 mL) Vial, Intramuscular",S2 - Projected Inventory,2026-03,0.0
Nigeria,SFH [PSI] Supply Plan,"Medroxyprogesterone Acetate 150 mg/mL (1 mL) Vial, Intramuscular",S2 - Projected Inventory,2026-04,0.0
Nigeria,SFH [PSI] Supply Plan,"Medroxyprogesterone Acetate 150 mg/mL (1 mL) Vial, Intramuscular",S2 - Projected Inventory,2026-05,0.0
Nigeria,SFH [PSI] Supply Plan,"Medroxyprogesterone Acetate 150 mg/mL (1 mL) Vial, Intramuscular",S2 - Projected Inventory,2026-06,0.0
Nigeria,SFH [PSI] Supply Plan,"Medroxyprogesterone Acetate 150 mg/mL (1 mL) Vial, Intramuscular",S2 - Projected Inventory,2026-07,0.0
Nigeria,SFH [PSI] Supply Plan,"Medroxyprogesterone Acetate 150 mg/mL (1 mL) Vial, Intramuscular",S2 - Projected Inventory,2026-08,0.0
Nigeria,SFH [PSI] Supply Plan,"Medroxyprogesterone Acetate 150 mg/mL (1 mL) Vial, Intramuscular",S2 - Projected Inventory,2026-09,0.0
Nigeria,SFH [PSI] Supply Plan,"Medroxyprogesterone Acetate 150 mg/mL (1 mL) Vial, Intramuscular",S2 - Projected Inventory,2026-10,0.0
Nigeria,SFH [PSI] Supply Plan,"Medroxyprogesterone Acetate 150 mg/mL (1 mL) Vial, Intramuscular",S2 - Projected Inventory,2026-11,0.0
Nigeria,SFH [PSI] Supply Plan,"Medroxyprogesterone Acetate 150 mg/mL (1 mL) Vial, Intramuscular",S2 - Projected Inventory,2026-12,0.0
Nigeria,SFH [PSI] Supply Plan,"Medroxyprogesterone Acetate 150 mg/mL (1 mL) Vial, Intramuscular",S2 - Projected Inventory,2027-01,0.0
Nigeria,SFH [PSI] Supply Plan,"Medroxyprogesterone Acetate 150 mg/mL (1 mL) Vial, Intramuscular",S2 - Projected Inventory,2027-02,0.0
Nigeria,SFH [PSI] Supply Plan,"Medroxyprogesterone Acetate 150 mg/mL (1 mL) Vial, Intramuscular",S2 - Projected Inventory,2027-03,0.0
Nigeria,SFH [PSI] Supply Plan,"Medroxyprogesterone Acetate 150 mg/mL (1 mL) Vial, Intramuscular",S2 - Projected Inventory,2027-04,0.0
Nigeria,SFH [PSI] Supply Plan,"Medroxyprogesterone Acetate 150 mg/mL (1 mL) Vial, Intramuscular",S2 - Projected Inventory,2027-05,0.0
Nigeria,SFH [PSI] Supply Plan,"Medroxyprogesterone Acetate 150 mg/mL (1 mL) Vial, Intramuscular",S2 - Projected Inventory,2027-06,0.0
Nigeria,SFH [PSI] Supply Plan,"Medroxyprogesterone Acetate 150 mg/mL (1 mL) Vial, Intramuscular",S2 - Projected Inventory,2027-07,0.0
Nigeria,SFH [PSI] Supply Plan,"Medroxyprogesterone Acetate 150 mg/mL (1 mL) Vial, Intramuscular",S2 - Projected Inventory,2027-08,0.0
Nigeria,SFH [PSI] Supply Plan,"Medroxyprogesterone Acetate 150 mg/mL (1 mL) Vial, Intramuscular",S2 - Projected Inventory,2027-09,0.0
Nigeria,SFH [PSI] Supply Plan,"Medroxyprogesterone Acetate 150 mg/mL (1 mL) Vial, Intramuscular",S2 - Projected Inventory,2027-10,0.0
Nigeria,SFH [PSI] Supply Plan,"Medroxyprogesterone Acetate 150 mg/mL (1 mL) Vial, Intramuscular",S2 - Projected Inventory,2027-11,0.0
Nigeria,SFH [PSI] Supply Plan,"Medroxyprogesterone Acetate 150 mg/mL (1 mL) Vial, Intramuscular",S2 - Projected Inventory,2027-12,0.0
Nigeria,SFH [PSI] Supply Plan,"Medroxyprogesterone Acetate 150 mg/mL (1 mL) Vial, Intramuscular",S2 - Projected Inventory,2028-01,0.0
Nigeria,SFH [PSI] Supply Plan,"Medroxyprogesterone Acetate 150 mg/mL (1 mL) Vial, Intramuscular",S2 - Projected Inventory,2028-02,0.0
Nigeria,SFH [PSI] Supply Plan,"Medroxyprogesterone Acetate 150 mg/mL (1 mL) Vial, Intramuscular",S2 - Projected Inventory,2028-03,0.0
Nigeria,SFH [PSI] Supply Plan,"Medroxyprogesterone Acetate 150 mg/mL (1 mL) Vial, Intramuscular",S2 - Projected Inventory,2028-04,0.0
Nigeria,SFH [PSI] Supply Plan,"Medroxyprogesterone Acetate 150 mg/mL (1 mL) Vial, Intramuscular",S2 - Projected Inventory,2028-05,0.0
Nigeria,SFH [PSI] Supply Plan,"Medroxyprogesterone Acetate 150 mg/mL (1 mL) Vial, Intramuscular",S2 - Projected Inventory,2028-06,0.0
Nigeria,SFH [PSI] Supply Plan,"Medroxyprogesterone Acetate 150 mg/mL (1 mL) Vial, Intramuscular",S2 - Projected Inventory,2028-07,0.0
Nigeria,SFH [PSI] Supply Plan,"Medroxyprogesterone Acetate 150 mg/mL (1 mL) Vial, Intramuscular",S2 - Projected Inventory,2028-08,0.0
