Country Name,Supply Plan Bucket Description,L5 - Product,DataMeasure,Period,Value
Zambia,MOH Supply Plan,"Medroxyprogesterone Acetate 104 mg/0.65 mL, Subcutaneous, Pre-Filled Device",Monthly Consumption,2026-02,339400.0
Zambia,MOH Supply Plan,"Medroxyprogesterone Acetate 104 mg/0.65 mL, Subcutaneous, Pre-Filled Device",Monthly Consumption,2026-03,205400.0
Zambia,MOH Supply Plan,"Medroxyprogesterone Acetate 104 mg/0.65 mL, Subcutaneous, Pre-Filled Device",Monthly Consumption,2026-04,255685.0
Zambia,MOH Supply Plan,"Medroxyprogesterone Acetate 104 mg/0.65 mL, Subcutaneous, Pre-Filled Device",Monthly Consumption,2026-05,256984.0
Zambia,MOH Supply Plan,"Medroxyprogesterone Acetate 104 mg/0.65 mL, Subcutaneous, Pre-Filled Device",Monthly Consumption,2026-06,258286.0
Zambia,MOH Supply Plan,"Medroxyprogesterone Acetate 104 mg/0.65 mL, Subcutaneous, Pre-Filled Device",Monthly Consumption,2026-07,259591.0
Zambia,MOH Supply Plan,"Medroxyprogesterone Acetate 104 mg/0.65 mL, Subcutaneous, Pre-Filled Device",Monthly Consumption,2026-08,260901.0
Zambia,MOH Supply Plan,"Medroxyprogesterone Acetate 104 mg/0.65 mL, Subcutaneous, Pre-Filled Device",Monthly Consumption,2026-09,262212.0
Zambia,MOH Supply Plan,"Medroxyprogesterone Acetate 104 mg/0.65 mL, Subcutaneous, Pre-Filled Device",Monthly Consumption,2026-10,263527.0
Zambia,MOH Supply Plan,"Medroxyprogesterone Acetate 104 mg/0.65 mL, Subcutaneous, Pre-Filled Device",Monthly Consumption,2026-11,264846.0
Zambia,MOH Supply Plan,"Medroxyprogesterone Acetate 104 mg/0.65 mL, Subcutaneous, Pre-Filled Device",Monthly Consumption,2026-12,266168.0
Zambia,MOH Supply Plan,"Medroxyprogesterone Acetate 104 mg/0.65 mL, Subcutaneous, Pre-Filled Device",Monthly Consumption,2027-01,267493.0
Zambia,MOH Supply Plan,"Medroxyprogesterone Acetate 104 mg/0.65 mL, Subcutaneous, Pre-Filled Device",Monthly Consumption,2027-02,268821.0
Zambia,MOH Supply Plan,"Medroxyprogesterone Acetate 104 mg/0.65 mL, Subcutaneous, Pre-Filled Device",Monthly Consumption,2027-03,270153.0
Zambia,MOH Supply Plan,"Medroxyprogesterone Acetate 104 mg/0.65 mL, Subcutaneous, Pre-Filled Device",Monthly Consumption,2027-04,271487.0
Zambia,MOH Supply Plan,"Medroxyprogesterone Acetate 104 mg/0.65 mL, Subcutaneous, Pre-Filled Device",Monthly Consumption,2027-05,272825.0
Zambia,MOH Supply Plan,"Medroxyprogesterone Acetate 104 mg/0.65 mL, Subcutaneous, Pre-Filled Device",Monthly Consumption,2027-06,274167.0
Zambia,MOH Supply Plan,"Medroxyprogesterone Acetate 104 mg/0.65 mL, Subcutaneous, Pre-Filled Device",Monthly Consumption,2027-07,275511.0
Zambia,MOH Supply Plan,"Medroxyprogesterone Acetate 104 mg/0.65 mL, Subcutaneous, Pre-Filled Device",Monthly Consumption,2027-08,276859.0
Zambia,MOH Supply Plan,"Medroxyprogesterone Acetate 104 mg/0.65 mL, Subcutaneous, Pre-Filled Device",Monthly Consumption,2027-09,278211.0
Zambia,MOH Supply Plan,"Medroxyprogesterone Acetate 104 mg/0.65 mL, Subcutaneous, Pre-Filled Device",Monthly Consumption,2027-10,279564.0
Zambia,MOH Supply Plan,"Medroxyprogesterone Acetate 104 mg/0.65 mL, Subcutaneous, Pre-Filled Device",Monthly Consumption,2027-11,280922.0
Zambia,MOH Supply Plan,"Medroxyprogesterone Acetate 104 mg/0.65 mL, Subcutaneous, Pre-Filled Device",Monthly Consumption,2027-12,282283.0
Zambia,MOH Supply Plan,"Medroxyprogesterone Acetate 104 mg/0.65 mL, Subcutaneous, Pre-Filled Device",Monthly Consumption,2028-01,283647.0
Zambia,MOH Supply Plan,"Medroxyprogesterone Acetate 104 mg/0.65 mL, Subcutaneous, Pre-Filled Device",Monthly Consumption,2028-02,285014.0
Zambia,MOH Supply Plan,"Medroxyprogesterone Acetate 104 mg/0.65 mL, Subcutaneous, Pre-Filled Device",Monthly Consumption,2028-03,286385.0
Zambia,MOH Supply Plan,"Medroxyprogesterone Acetate 104 mg/0.65 mL, Subcutaneous, Pre-Filled Device",Monthly Consumption,2028-04,287758.0
Zambia,MOH Supply Plan,"Medroxyprogesterone Acetate 104 mg/0.65 mL, Subcutaneous, Pre-Filled Device",Monthly Consumption,2028-05,289136.0
Zambia,MOH Supply Plan,"Medroxyprogesterone Acetate 104 mg/0.65 mL, Subcutaneous, Pre-Filled Device",Monthly Consumption,2028-06,290516.0
Zambia,MOH Supply Plan,"Medroxyprogesterone Acetate 104 mg/0.65 mL, Subcutaneous, Pre-Filled Device",Monthly Consumption,2028-07,291900.0
Zambia,MOH Supply Plan,"Medroxyprogesterone Acetate 104 mg/0.65 mL, Subcutaneous, Pre-Filled Device",Monthly Consumption,2028-08,293287.0
Zambia,MOH Supply Plan,"Medroxyprogesterone Acetate 104 mg/0.65 mL, Subcutaneous, Pre-Filled Device",Prev. Monthly Consumption,2026-02,253097.0
Zambia,MOH Supply Plan,"Medroxyprogesterone Acetate 104 mg/0.65 mL, Subcutaneous, Pre-Filled Device",Prev. Monthly Consumption,2026-03,254389.0
Zambia,MOH Supply Plan,"Medroxyprogesterone Acetate 104 mg/0.65 mL, Subcutaneous, Pre-Filled Device",Prev. Monthly Consumption,2026-04,255685.0
Zambia,MOH Supply Plan,"Medroxyprogesterone Acetate 104 mg/0.65 mL, Subcutaneous, Pre-Filled Device",Prev. Monthly Consumption,2026-05,256984.0
Zambia,MOH Supply Plan,"Medroxyprogesterone Acetate 104 mg/0.65 mL, Subcutaneous, Pre-Filled Device",Prev. Monthly Consumption,2026-06,258286.0
Zambia,MOH Supply Plan,"Medroxyprogesterone Acetate 104 mg/0.65 mL, Subcutaneous, Pre-Filled Device",Prev. Monthly Consumption,2026-07,259591.0
Zambia,MOH Supply Plan,"Medroxyprogesterone Acetate 104 mg/0.65 mL, Subcutaneous, Pre-Filled Device",Prev. Monthly Consumption,2026-08,260901.0
Zambia,MOH Supply Plan,"Medroxyprogesterone Acetate 104 mg/0.65 mL, Subcutaneous, Pre-Filled Device",Prev. Monthly Consumption,2026-09,262212.0
Zambia,MOH Supply Plan,"Medroxyprogesterone Acetate 104 mg/0.65 mL, Subcutaneous, Pre-Filled Device",Prev. Monthly Consumption,2026-10,263527.0
Zambia,MOH Supply Plan,"Medroxyprogesterone Acetate 104 mg/0.65 mL, Subcutaneous, Pre-Filled Device",Prev. Monthly Consumption,2026-11,264846.0
Zambia,MOH Supply Plan,"Medroxyprogesterone Acetate 104 mg/0.65 mL, Subcutaneous, Pre-Filled Device",Prev. Monthly Consumption,2026-12,266168.0
Zambia,MOH Supply Plan,"Medroxyprogesterone Acetate 104 mg/0.65 mL, Subcutaneous, Pre-Filled Device",Prev. Monthly Consumption,2027-01,267493.0
Zambia,MOH Supply Plan,"Medroxyprogesterone Acetate 104 mg/0.65 mL, Subcutaneous, Pre-Filled Device",Prev. Monthly Consumption,2027-02,268821.0
Zambia,MOH Supply Plan,"Medroxyprogesterone Acetate 104 mg/0.65 mL, Subcutaneous, Pre-Filled Device",Prev. Monthly Consumption,2027-03,270153.0
Zambia,MOH Supply Plan,"Medroxyprogesterone Acetate 104 mg/0.65 mL, Subcutaneous, Pre-Filled Device",Prev. Monthly Consumption,2027-04,271487.0
Zambia,MOH Supply Plan,"Medroxyprogesterone Acetate 104 mg/0.65 mL, Subcutaneous, Pre-Filled Device",Prev. Monthly Consumption,2027-05,272825.0
Zambia,MOH Supply Plan,"Medroxyprogesterone Acetate 104 mg/0.65 mL, Subcutaneous, Pre-Filled Device",Prev. Monthly Consumption,2027-06,274167.0
Zambia,MOH Supply Plan,"Medroxyprogesterone Acetate 104 mg/0.65 mL, Subcutaneous, Pre-Filled Device",Prev. Monthly Consumption,2027-07,275511.0
Zambia,MOH Supply Plan,"Medroxyprogesterone Acetate 104 mg/0.65 mL, Subcutaneous, Pre-Filled Device",Prev. Monthly Consumption,2027-08,276859.0
Zambia,MOH Supply Plan,"Medroxyprogesterone Acetate 104 mg/0.65 mL, Subcutaneous, Pre-Filled Device",Prev. Monthly Consumption,2027-09,278211.0
Zambia,MOH Supply Plan,"Medroxyprogesterone Acetate 104 mg/0.65 mL, Subcutaneous, Pre-Filled Device",Prev. Monthly Consumption,2027-10,279564.0
Zambia,MOH Supply Plan,"Medroxyprogesterone Acetate 104 mg/0.65 mL, Subcutaneous, Pre-Filled Device",Prev. Monthly Consumption,2027-11,280922.0
Zambia,MOH Supply Plan,"Medroxyprogesterone Acetate 104 mg/0.65 mL, Subcutaneous, Pre-Filled Device",Prev. Monthly Consumption,2027-12,282283.0
Zambia,MOH Supply Plan,"Medroxyprogesterone Acetate 104 mg/0.65 mL, Subcutaneous, Pre-Filled Device",Prev. Monthly Consumption,2028-01,283647.0
Zambia,MOH Supply Plan,"Medroxyprogesterone Acetate 104 mg/0.65 mL, Subcutaneous, Pre-Filled Device",Prev. Monthly Consumption,2028-02,285014.0
Zambia,MOH Supply Plan,"Medroxyprogesterone Acetate 104 mg/0.65 mL, Subcutaneous, Pre-Filled Device",Prev. Monthly Consumption,2028-03,286385.0
Zambia,MOH Supply Plan,"Medroxyprogesterone Acetate 104 mg/0.65 mL, Subcutaneous, Pre-Filled Device",Prev. Monthly Consumption,2028-04,287758.0
Zambia,MOH Supply Plan,"Medroxyprogesterone Acetate 104 mg/0.65 mL, Subcutaneous, Pre-Filled Device",Prev. Monthly Consumption,2028-05,289136.0
Zambia,MOH Supply Plan,"Medroxyprogesterone Acetate 104 mg/0.65 mL, Subcutaneous, Pre-Filled Device",Prev. Monthly Consumption,2028-06,290516.0
Zambia,MOH Supply Plan,"Medroxyprogesterone Acetate 104 mg/0.65 mL, Subcutaneous, Pre-Filled Device",Prev. Monthly Consumption,2028-07,291900.0
Zambia,MOH Supply Plan,"Medroxyprogesterone Acetate 104 mg/0.65 mL, Subcutaneous, Pre-Filled Device",Prev. Monthly Consumption,2028-08,293287.0
Zambia,MOH Supply Plan,"Medroxyprogesterone Acetate 104 mg/0.65 mL, Subcutaneous, Pre-Filled Device",Supply Plan Inventory,2026-02,332800.0
Zambia,MOH Supply Plan,"Medroxyprogesterone Acetate 104 mg/0.65 mL, Subcutaneous, Pre-Filled Device",Supply Plan Inventory,2026-03,564000.0
Zambia,MOH Supply Plan,"Medroxyprogesterone Acetate 104 mg/0.65 mL, Subcutaneous, Pre-Filled Device",Supply Plan Inventory,2026-04,1588315.0
Zambia,MOH Supply Plan,"Medroxyprogesterone Acetate 104 mg/0.65 mL, Subcutaneous, Pre-Filled Device",Supply Plan Inventory,2026-05,2131331.0
Zambia,MOH Supply Plan,"Medroxyprogesterone Acetate 104 mg/0.65 mL, Subcutaneous, Pre-Filled Device",Supply Plan Inventory,2026-06,1873045.0
Zambia,MOH Supply Plan,"Medroxyprogesterone Acetate 104 mg/0.65 mL, Subcutaneous, Pre-Filled Device",Supply Plan Inventory,2026-07,1613454.0
Zambia,MOH Supply Plan,"Medroxyprogesterone Acetate 104 mg/0.65 mL, Subcutaneous, Pre-Filled Device",Supply Plan Inventory,2026-08,1352553.0
Zambia,MOH Supply Plan,"Medroxyprogesterone Acetate 104 mg/0.65 mL, Subcutaneous, Pre-Filled Device",Supply Plan Inventory,2026-09,1922528.0
Zambia,MOH Supply Plan,"Medroxyprogesterone Acetate 104 mg/0.65 mL, Subcutaneous, Pre-Filled Device",Supply Plan Inventory,2026-10,1659001.0
Zambia,MOH Supply Plan,"Medroxyprogesterone Acetate 104 mg/0.65 mL, Subcutaneous, Pre-Filled Device",Supply Plan Inventory,2026-11,1394155.0
Zambia,MOH Supply Plan,"Medroxyprogesterone Acetate 104 mg/0.65 mL, Subcutaneous, Pre-Filled Device",Supply Plan Inventory,2026-12,1939094.0
Zambia,MOH Supply Plan,"Medroxyprogesterone Acetate 104 mg/0.65 mL, Subcutaneous, Pre-Filled Device",Supply Plan Inventory,2027-01,1671601.0
Zambia,MOH Supply Plan,"Medroxyprogesterone Acetate 104 mg/0.65 mL, Subcutaneous, Pre-Filled Device",Supply Plan Inventory,2027-02,1402780.0
Zambia,MOH Supply Plan,"Medroxyprogesterone Acetate 104 mg/0.65 mL, Subcutaneous, Pre-Filled Device",Supply Plan Inventory,2027-03,1612477.0
Zambia,MOH Supply Plan,"Medroxyprogesterone Acetate 104 mg/0.65 mL, Subcutaneous, Pre-Filled Device",Supply Plan Inventory,2027-04,1340990.0
Zambia,MOH Supply Plan,"Medroxyprogesterone Acetate 104 mg/0.65 mL, Subcutaneous, Pre-Filled Device",Supply Plan Inventory,2027-05,1068165.0
Zambia,MOH Supply Plan,"Medroxyprogesterone Acetate 104 mg/0.65 mL, Subcutaneous, Pre-Filled Device",Supply Plan Inventory,2027-06,1638051.0
Zambia,MOH Supply Plan,"Medroxyprogesterone Acetate 104 mg/0.65 mL, Subcutaneous, Pre-Filled Device",Supply Plan Inventory,2027-07,1362540.0
Zambia,MOH Supply Plan,"Medroxyprogesterone Acetate 104 mg/0.65 mL, Subcutaneous, Pre-Filled Device",Supply Plan Inventory,2027-08,1085681.0
Zambia,MOH Supply Plan,"Medroxyprogesterone Acetate 104 mg/0.65 mL, Subcutaneous, Pre-Filled Device",Supply Plan Inventory,2027-09,1660013.0
Zambia,MOH Supply Plan,"Medroxyprogesterone Acetate 104 mg/0.65 mL, Subcutaneous, Pre-Filled Device",Supply Plan Inventory,2027-10,1380449.0
Zambia,MOH Supply Plan,"Medroxyprogesterone Acetate 104 mg/0.65 mL, Subcutaneous, Pre-Filled Device",Supply Plan Inventory,2027-11,1099527.0
Zambia,MOH Supply Plan,"Medroxyprogesterone Acetate 104 mg/0.65 mL, Subcutaneous, Pre-Filled Device",Supply Plan Inventory,2027-12,1683017.0
Zambia,MOH Supply Plan,"Medroxyprogesterone Acetate 104 mg/0.65 mL, Subcutaneous, Pre-Filled Device",Supply Plan Inventory,2028-01,1399370.0
Zambia,MOH Supply Plan,"Medroxyprogesterone Acetate 104 mg/0.65 mL, Subcutaneous, Pre-Filled Device",Supply Plan Inventory,2028-02,1114356.0
Zambia,MOH Supply Plan,"Medroxyprogesterone Acetate 104 mg/0.65 mL, Subcutaneous, Pre-Filled Device",Supply Plan Inventory,2028-03,1708980.0
Zambia,MOH Supply Plan,"Medroxyprogesterone Acetate 104 mg/0.65 mL, Subcutaneous, Pre-Filled Device",Supply Plan Inventory,2028-04,1421222.0
Zambia,MOH Supply Plan,"Medroxyprogesterone Acetate 104 mg/0.65 mL, Subcutaneous, Pre-Filled Device",Supply Plan Inventory,2028-05,1132086.0
Zambia,MOH Supply Plan,"Medroxyprogesterone Acetate 104 mg/0.65 mL, Subcutaneous, Pre-Filled Device",Supply Plan Inventory,2028-06,1733708.0
Zambia,MOH Supply Plan,"Medroxyprogesterone Acetate 104 mg/0.65 mL, Subcutaneous, Pre-Filled Device",Supply Plan Inventory,2028-07,1441808.0
Zambia,MOH Supply Plan,"Medroxyprogesterone Acetate 104 mg/0.65 mL, Subcutaneous, Pre-Filled Device",Supply Plan Inventory,2028-08,1148521.0
Zambia,MOH Supply Plan,"Medroxyprogesterone Acetate 104 mg/0.65 mL, Subcutaneous, Pre-Filled Device",Monthly Inventory,2026-02,332800.0
Zambia,MOH Supply Plan,"Medroxyprogesterone Acetate 104 mg/0.65 mL, Subcutaneous, Pre-Filled Device",Monthly Inventory,2026-03,564000.0
Zambia,MOH Supply Plan,"Medroxyprogesterone Acetate 104 mg/0.65 mL, Subcutaneous, Pre-Filled Device",Monthly Inventory,2026-04,1483000.0
Zambia,MOH Supply Plan,"Medroxyprogesterone Acetate 104 mg/0.65 mL, Subcutaneous, Pre-Filled Device",Monthly Inventory,2026-05,1202400.0
Zambia,MOH Supply Plan,"Medroxyprogesterone Acetate 104 mg/0.65 mL, Subcutaneous, Pre-Filled Device",Monthly Inventory,2026-07,537400.0
Zambia,MOH Supply Plan,"Medroxyprogesterone Acetate 104 mg/0.65 mL, Subcutaneous, Pre-Filled Device",Projected Inventory Adjustment,2026-02,73000.0
Zambia,MOH Supply Plan,"Medroxyprogesterone Acetate 104 mg/0.65 mL, Subcutaneous, Pre-Filled Device",Projected Inventory Adjustment,2026-03,95000.0
Zambia,MOH Supply Plan,"Medroxyprogesterone Acetate 104 mg/0.65 mL, Subcutaneous, Pre-Filled Device",Projected Inventory Adjustment,2026-04,0.0
Zambia,MOH Supply Plan,"Medroxyprogesterone Acetate 104 mg/0.65 mL, Subcutaneous, Pre-Filled Device",Projected Inventory Adjustment,2026-05,0.0
Zambia,MOH Supply Plan,"Medroxyprogesterone Acetate 104 mg/0.65 mL, Subcutaneous, Pre-Filled Device",Projected Inventory Adjustment,2026-06,0.0
Zambia,MOH Supply Plan,"Medroxyprogesterone Acetate 104 mg/0.65 mL, Subcutaneous, Pre-Filled Device",Projected Inventory Adjustment,2026-07,0.0
Zambia,MOH Supply Plan,"Medroxyprogesterone Acetate 104 mg/0.65 mL, Subcutaneous, Pre-Filled Device",Projected Inventory Adjustment,2026-08,0.0
Zambia,MOH Supply Plan,"Medroxyprogesterone Acetate 104 mg/0.65 mL, Subcutaneous, Pre-Filled Device",Projected Inventory Adjustment,2026-09,0.0
Zambia,MOH Supply Plan,"Medroxyprogesterone Acetate 104 mg/0.65 mL, Subcutaneous, Pre-Filled Device",Projected Inventory Adjustment,2026-10,0.0
Zambia,MOH Supply Plan,"Medroxyprogesterone Acetate 104 mg/0.65 mL, Subcutaneous, Pre-Filled Device",Projected Inventory Adjustment,2026-11,0.0
Zambia,MOH Supply Plan,"Medroxyprogesterone Acetate 104 mg/0.65 mL, Subcutaneous, Pre-Filled Device",Projected Inventory Adjustment,2026-12,0.0
Zambia,MOH Supply Plan,"Medroxyprogesterone Acetate 104 mg/0.65 mL, Subcutaneous, Pre-Filled Device",Projected Inventory Adjustment,2027-01,0.0
Zambia,MOH Supply Plan,"Medroxyprogesterone Acetate 104 mg/0.65 mL, Subcutaneous, Pre-Filled Device",Projected Inventory Adjustment,2027-02,0.0
Zambia,MOH Supply Plan,"Medroxyprogesterone Acetate 104 mg/0.65 mL, Subcutaneous, Pre-Filled Device",Projected Inventory Adjustment,2027-03,0.0
Zambia,MOH Supply Plan,"Medroxyprogesterone Acetate 104 mg/0.65 mL, Subcutaneous, Pre-Filled Device",Projected Inventory Adjustment,2027-04,0.0
Zambia,MOH Supply Plan,"Medroxyprogesterone Acetate 104 mg/0.65 mL, Subcutaneous, Pre-Filled Device",Projected Inventory Adjustment,2027-05,0.0
Zambia,MOH Supply Plan,"Medroxyprogesterone Acetate 104 mg/0.65 mL, Subcutaneous, Pre-Filled Device",Projected Inventory Adjustment,2027-06,0.0
Zambia,MOH Supply Plan,"Medroxyprogesterone Acetate 104 mg/0.65 mL, Subcutaneous, Pre-Filled Device",Projected Inventory Adjustment,2027-07,0.0
Zambia,MOH Supply Plan,"Medroxyprogesterone Acetate 104 mg/0.65 mL, Subcutaneous, Pre-Filled Device",Projected Inventory Adjustment,2027-08,0.0
Zambia,MOH Supply Plan,"Medroxyprogesterone Acetate 104 mg/0.65 mL, Subcutaneous, Pre-Filled Device",Projected Inventory Adjustment,2027-09,0.0
Zambia,MOH Supply Plan,"Medroxyprogesterone Acetate 104 mg/0.65 mL, Subcutaneous, Pre-Filled Device",Projected Inventory Adjustment,2027-10,0.0
Zambia,MOH Supply Plan,"Medroxyprogesterone Acetate 104 mg/0.65 mL, Subcutaneous, Pre-Filled Device",Projected Inventory Adjustment,2027-11,0.0
Zambia,MOH Supply Plan,"Medroxyprogesterone Acetate 104 mg/0.65 mL, Subcutaneous, Pre-Filled Device",Projected Inventory Adjustment,2027-12,0.0
Zambia,MOH Supply Plan,"Medroxyprogesterone Acetate 104 mg/0.65 mL, Subcutaneous, Pre-Filled Device",Projected Inventory Adjustment,2028-01,0.0
Zambia,MOH Supply Plan,"Medroxyprogesterone Acetate 104 mg/0.65 mL, Subcutaneous, Pre-Filled Device",Projected Inventory Adjustment,2028-02,0.0
Zambia,MOH Supply Plan,"Medroxyprogesterone Acetate 104 mg/0.65 mL, Subcutaneous, Pre-Filled Device",Projected Inventory Adjustment,2028-03,0.0
Zambia,MOH Supply Plan,"Medroxyprogesterone Acetate 104 mg/0.65 mL, Subcutaneous, Pre-Filled Device",Projected Inventory Adjustment,2028-04,0.0
Zambia,MOH Supply Plan,"Medroxyprogesterone Acetate 104 mg/0.65 mL, Subcutaneous, Pre-Filled Device",Projected Inventory Adjustment,2028-05,0.0
Zambia,MOH Supply Plan,"Medroxyprogesterone Acetate 104 mg/0.65 mL, Subcutaneous, Pre-Filled Device",Projected Inventory Adjustment,2028-06,0.0
Zambia,MOH Supply Plan,"Medroxyprogesterone Acetate 104 mg/0.65 mL, Subcutaneous, Pre-Filled Device",Projected Inventory Adjustment,2028-07,0.0
Zambia,MOH Supply Plan,"Medroxyprogesterone Acetate 104 mg/0.65 mL, Subcutaneous, Pre-Filled Device",Projected Inventory Adjustment,2028-08,0.0
Zambia,MOH Supply Plan,"Medroxyprogesterone Acetate 104 mg/0.65 mL, Subcutaneous, Pre-Filled Device",Expected Requirements,2026-03,341600.0
Zambia,MOH Supply Plan,"Medroxyprogesterone Acetate 104 mg/0.65 mL, Subcutaneous, Pre-Filled Device",Expected Requirements,2026-04,1280000.0
Zambia,MOH Supply Plan,"Medroxyprogesterone Acetate 104 mg/0.65 mL, Subcutaneous, Pre-Filled Device",Expected Requirements,2026-05,800000.0
Zambia,MOH Supply Plan,"Medroxyprogesterone Acetate 104 mg/0.65 mL, Subcutaneous, Pre-Filled Device",Expected Requirements,2026-09,832187.0
Zambia,MOH Supply Plan,"Medroxyprogesterone Acetate 104 mg/0.65 mL, Subcutaneous, Pre-Filled Device",Expected Requirements,2026-12,811107.0
Zambia,MOH Supply Plan,"Medroxyprogesterone Acetate 104 mg/0.65 mL, Subcutaneous, Pre-Filled Device",Expected Requirements,2027-03,479850.0
Zambia,MOH Supply Plan,"Medroxyprogesterone Acetate 104 mg/0.65 mL, Subcutaneous, Pre-Filled Device",Expected Requirements,2027-06,844053.0
Zambia,MOH Supply Plan,"Medroxyprogesterone Acetate 104 mg/0.65 mL, Subcutaneous, Pre-Filled Device",Expected Requirements,2027-09,852543.0
Zambia,MOH Supply Plan,"Medroxyprogesterone Acetate 104 mg/0.65 mL, Subcutaneous, Pre-Filled Device",Expected Requirements,2027-12,865773.0
Zambia,MOH Supply Plan,"Medroxyprogesterone Acetate 104 mg/0.65 mL, Subcutaneous, Pre-Filled Device",Expected Requirements,2028-03,881009.0
Zambia,MOH Supply Plan,"Medroxyprogesterone Acetate 104 mg/0.65 mL, Subcutaneous, Pre-Filled Device",Expected Requirements,2028-06,892138.0
Zambia,MOH Supply Plan,"Medroxyprogesterone Acetate 104 mg/0.65 mL, Subcutaneous, Pre-Filled Device",Un-Shipped Orders,2026-12,1100000.0
Zambia,MOH Supply Plan,"Medroxyprogesterone Acetate 104 mg/0.65 mL, Subcutaneous, Pre-Filled Device",In-Transit Shipments,2026-05,800000.0
Zambia,MOH Supply Plan,"Medroxyprogesterone Acetate 104 mg/0.65 mL, Subcutaneous, Pre-Filled Device",Received Shipments,2026-03,341600.0
Zambia,MOH Supply Plan,"Medroxyprogesterone Acetate 104 mg/0.65 mL, Subcutaneous, Pre-Filled Device",Received Shipments,2026-04,1280000.0
Zambia,MOH Supply Plan,"Medroxyprogesterone Acetate 104 mg/0.65 mL, Subcutaneous, Pre-Filled Device",Manual Adjustment,2026-08,800000.0
Zambia,MOH Supply Plan,"Medroxyprogesterone Acetate 104 mg/0.65 mL, Subcutaneous, Pre-Filled Device",Manual Adjustment,2026-10,1665890.0
Zambia,MOH Supply Plan,"Medroxyprogesterone Acetate 104 mg/0.65 mL, Subcutaneous, Pre-Filled Device",Manual Adjustment,2026-12,801550.0
Zambia,MOH Supply Plan,"Medroxyprogesterone Acetate 104 mg/0.65 mL, Subcutaneous, Pre-Filled Device",Projected Inventory,2026-02,0.0
Zambia,MOH Supply Plan,"Medroxyprogesterone Acetate 104 mg/0.65 mL, Subcutaneous, Pre-Filled Device",Projected Inventory,2026-03,0.0
Zambia,MOH Supply Plan,"Medroxyprogesterone Acetate 104 mg/0.65 mL, Subcutaneous, Pre-Filled Device",Projected Inventory,2026-04,0.0
Zambia,MOH Supply Plan,"Medroxyprogesterone Acetate 104 mg/0.65 mL, Subcutaneous, Pre-Filled Device",Projected Inventory,2026-05,0.0
Zambia,MOH Supply Plan,"Medroxyprogesterone Acetate 104 mg/0.65 mL, Subcutaneous, Pre-Filled Device",Projected Inventory,2026-06,0.0
Zambia,MOH Supply Plan,"Medroxyprogesterone Acetate 104 mg/0.65 mL, Subcutaneous, Pre-Filled Device",Projected Inventory,2026-07,537400.0
Zambia,MOH Supply Plan,"Medroxyprogesterone Acetate 104 mg/0.65 mL, Subcutaneous, Pre-Filled Device",Projected Inventory,2026-08,1076499.0
Zambia,MOH Supply Plan,"Medroxyprogesterone Acetate 104 mg/0.65 mL, Subcutaneous, Pre-Filled Device",Projected Inventory,2026-09,814287.0
Zambia,MOH Supply Plan,"Medroxyprogesterone Acetate 104 mg/0.65 mL, Subcutaneous, Pre-Filled Device",Projected Inventory,2026-10,2216650.0
Zambia,MOH Supply Plan,"Medroxyprogesterone Acetate 104 mg/0.65 mL, Subcutaneous, Pre-Filled Device",Projected Inventory,2026-11,1951804.0
Zambia,MOH Supply Plan,"Medroxyprogesterone Acetate 104 mg/0.65 mL, Subcutaneous, Pre-Filled Device",Projected Inventory,2026-12,3587186.0
Zambia,MOH Supply Plan,"Medroxyprogesterone Acetate 104 mg/0.65 mL, Subcutaneous, Pre-Filled Device",Projected Inventory,2027-01,3319693.0
Zambia,MOH Supply Plan,"Medroxyprogesterone Acetate 104 mg/0.65 mL, Subcutaneous, Pre-Filled Device",Projected Inventory,2027-02,3050872.0
Zambia,MOH Supply Plan,"Medroxyprogesterone Acetate 104 mg/0.65 mL, Subcutaneous, Pre-Filled Device",Projected Inventory,2027-03,2780719.0
Zambia,MOH Supply Plan,"Medroxyprogesterone Acetate 104 mg/0.65 mL, Subcutaneous, Pre-Filled Device",Projected Inventory,2027-04,2509232.0
Zambia,MOH Supply Plan,"Medroxyprogesterone Acetate 104 mg/0.65 mL, Subcutaneous, Pre-Filled Device",Projected Inventory,2027-05,2236407.0
Zambia,MOH Supply Plan,"Medroxyprogesterone Acetate 104 mg/0.65 mL, Subcutaneous, Pre-Filled Device",Projected Inventory,2027-06,1962240.0
Zambia,MOH Supply Plan,"Medroxyprogesterone Acetate 104 mg/0.65 mL, Subcutaneous, Pre-Filled Device",Projected Inventory,2027-07,1686729.0
Zambia,MOH Supply Plan,"Medroxyprogesterone Acetate 104 mg/0.65 mL, Subcutaneous, Pre-Filled Device",Projected Inventory,2027-08,1409870.0
Zambia,MOH Supply Plan,"Medroxyprogesterone Acetate 104 mg/0.65 mL, Subcutaneous, Pre-Filled Device",Projected Inventory,2027-09,1131659.0
Zambia,MOH Supply Plan,"Medroxyprogesterone Acetate 104 mg/0.65 mL, Subcutaneous, Pre-Filled Device",Projected Inventory,2027-10,852095.0
Zambia,MOH Supply Plan,"Medroxyprogesterone Acetate 104 mg/0.65 mL, Subcutaneous, Pre-Filled Device",Projected Inventory,2027-11,571173.0
Zambia,MOH Supply Plan,"Medroxyprogesterone Acetate 104 mg/0.65 mL, Subcutaneous, Pre-Filled Device",Projected Inventory,2027-12,288890.0
Zambia,MOH Supply Plan,"Medroxyprogesterone Acetate 104 mg/0.65 mL, Subcutaneous, Pre-Filled Device",Projected Inventory,2028-01,5243.0
Zambia,MOH Supply Plan,"Medroxyprogesterone Acetate 104 mg/0.65 mL, Subcutaneous, Pre-Filled Device",Projected Inventory,2028-02,0.0
Zambia,MOH Supply Plan,"Medroxyprogesterone Acetate 104 mg/0.65 mL, Subcutaneous, Pre-Filled Device",Projected Inventory,2028-03,0.0
Zambia,MOH Supply Plan,"Medroxyprogesterone Acetate 104 mg/0.65 mL, Subcutaneous, Pre-Filled Device",Projected Inventory,2028-04,0.0
Zambia,MOH Supply Plan,"Medroxyprogesterone Acetate 104 mg/0.65 mL, Subcutaneous, Pre-Filled Device",Projected Inventory,2028-05,0.0
Zambia,MOH Supply Plan,"Medroxyprogesterone Acetate 104 mg/0.65 mL, Subcutaneous, Pre-Filled Device",Projected Inventory,2028-06,0.0
Zambia,MOH Supply Plan,"Medroxyprogesterone Acetate 104 mg/0.65 mL, Subcutaneous, Pre-Filled Device",Projected Inventory,2028-07,0.0
Zambia,MOH Supply Plan,"Medroxyprogesterone Acetate 104 mg/0.65 mL, Subcutaneous, Pre-Filled Device",Projected Inventory,2028-08,0.0
Zambia,MOH Supply Plan,"Medroxyprogesterone Acetate 104 mg/0.65 mL, Subcutaneous, Pre-Filled Device",Projected MOS,2026-02,0.0
Zambia,MOH Supply Plan,"Medroxyprogesterone Acetate 104 mg/0.65 mL, Subcutaneous, Pre-Filled Device",Projected MOS,2026-03,0.0
Zambia,MOH Supply Plan,"Medroxyprogesterone Acetate 104 mg/0.65 mL, Subcutaneous, Pre-Filled Device",Projected MOS,2026-04,0.0
Zambia,MOH Supply Plan,"Medroxyprogesterone Acetate 104 mg/0.65 mL, Subcutaneous, Pre-Filled Device",Projected MOS,2026-05,0.0
Zambia,MOH Supply Plan,"Medroxyprogesterone Acetate 104 mg/0.65 mL, Subcutaneous, Pre-Filled Device",Projected MOS,2026-06,0.0
Zambia,MOH Supply Plan,"Medroxyprogesterone Acetate 104 mg/0.65 mL, Subcutaneous, Pre-Filled Device",Projected MOS,2026-07,2.1
Zambia,MOH Supply Plan,"Medroxyprogesterone Acetate 104 mg/0.65 mL, Subcutaneous, Pre-Filled Device",Projected MOS,2026-08,4.1
Zambia,MOH Supply Plan,"Medroxyprogesterone Acetate 104 mg/0.65 mL, Subcutaneous, Pre-Filled Device",Projected MOS,2026-09,3.1
Zambia,MOH Supply Plan,"Medroxyprogesterone Acetate 104 mg/0.65 mL, Subcutaneous, Pre-Filled Device",Projected MOS,2026-10,8.4
Zambia,MOH Supply Plan,"Medroxyprogesterone Acetate 104 mg/0.65 mL, Subcutaneous, Pre-Filled Device",Projected MOS,2026-11,7.3
Zambia,MOH Supply Plan,"Medroxyprogesterone Acetate 104 mg/0.65 mL, Subcutaneous, Pre-Filled Device",Projected MOS,2026-12,13.4
Zambia,MOH Supply Plan,"Medroxyprogesterone Acetate 104 mg/0.65 mL, Subcutaneous, Pre-Filled Device",Projected MOS,2027-01,12.3
Zambia,MOH Supply Plan,"Medroxyprogesterone Acetate 104 mg/0.65 mL, Subcutaneous, Pre-Filled Device",Projected MOS,2027-02,11.3
Zambia,MOH Supply Plan,"Medroxyprogesterone Acetate 104 mg/0.65 mL, Subcutaneous, Pre-Filled Device",Projected MOS,2027-03,10.2
Zambia,MOH Supply Plan,"Medroxyprogesterone Acetate 104 mg/0.65 mL, Subcutaneous, Pre-Filled Device",Projected MOS,2027-04,9.2
Zambia,MOH Supply Plan,"Medroxyprogesterone Acetate 104 mg/0.65 mL, Subcutaneous, Pre-Filled Device",Projected MOS,2027-05,8.2
Zambia,MOH Supply Plan,"Medroxyprogesterone Acetate 104 mg/0.65 mL, Subcutaneous, Pre-Filled Device",Projected MOS,2027-06,7.1
Zambia,MOH Supply Plan,"Medroxyprogesterone Acetate 104 mg/0.65 mL, Subcutaneous, Pre-Filled Device",Projected MOS,2027-07,6.1
Zambia,MOH Supply Plan,"Medroxyprogesterone Acetate 104 mg/0.65 mL, Subcutaneous, Pre-Filled Device",Projected MOS,2027-08,5.1
Zambia,MOH Supply Plan,"Medroxyprogesterone Acetate 104 mg/0.65 mL, Subcutaneous, Pre-Filled Device",Projected MOS,2027-09,4.0
Zambia,MOH Supply Plan,"Medroxyprogesterone Acetate 104 mg/0.65 mL, Subcutaneous, Pre-Filled Device",Projected MOS,2027-10,3.0
Zambia,MOH Supply Plan,"Medroxyprogesterone Acetate 104 mg/0.65 mL, Subcutaneous, Pre-Filled Device",Projected MOS,2027-11,2.0
Zambia,MOH Supply Plan,"Medroxyprogesterone Acetate 104 mg/0.65 mL, Subcutaneous, Pre-Filled Device",Projected MOS,2027-12,1.0
Zambia,MOH Supply Plan,"Medroxyprogesterone Acetate 104 mg/0.65 mL, Subcutaneous, Pre-Filled Device",Projected MOS,2028-01,0.0
Zambia,MOH Supply Plan,"Medroxyprogesterone Acetate 104 mg/0.65 mL, Subcutaneous, Pre-Filled Device",Projected MOS,2028-02,0.0
Zambia,MOH Supply Plan,"Medroxyprogesterone Acetate 104 mg/0.65 mL, Subcutaneous, Pre-Filled Device",Projected MOS,2028-03,0.0
Zambia,MOH Supply Plan,"Medroxyprogesterone Acetate 104 mg/0.65 mL, Subcutaneous, Pre-Filled Device",Projected MOS,2028-04,0.0
Zambia,MOH Supply Plan,"Medroxyprogesterone Acetate 104 mg/0.65 mL, Subcutaneous, Pre-Filled Device",Projected MOS,2028-05,0.0
Zambia,MOH Supply Plan,"Medroxyprogesterone Acetate 104 mg/0.65 mL, Subcutaneous, Pre-Filled Device",Projected MOS,2028-06,0.0
Zambia,MOH Supply Plan,"Medroxyprogesterone Acetate 104 mg/0.65 mL, Subcutaneous, Pre-Filled Device",Projected MOS,2028-07,0.0
Zambia,MOH Supply Plan,"Medroxyprogesterone Acetate 104 mg/0.65 mL, Subcutaneous, Pre-Filled Device",Projected MOS,2028-08,0.0
Zambia,MOH Supply Plan,"Medroxyprogesterone Acetate 104 mg/0.65 mL, Subcutaneous, Pre-Filled Device",Suggested Replenishment,2026-08,0.0
Zambia,MOH Supply Plan,"Medroxyprogesterone Acetate 104 mg/0.65 mL, Subcutaneous, Pre-Filled Device",Suggested Replenishment,2026-09,0.0
Zambia,MOH Supply Plan,"Medroxyprogesterone Acetate 104 mg/0.65 mL, Subcutaneous, Pre-Filled Device",Suggested Replenishment,2026-10,0.0
Zambia,MOH Supply Plan,"Medroxyprogesterone Acetate 104 mg/0.65 mL, Subcutaneous, Pre-Filled Device",Suggested Replenishment,2026-11,0.0
Zambia,MOH Supply Plan,"Medroxyprogesterone Acetate 104 mg/0.65 mL, Subcutaneous, Pre-Filled Device",Suggested Replenishment,2026-12,0.0
Zambia,MOH Supply Plan,"Medroxyprogesterone Acetate 104 mg/0.65 mL, Subcutaneous, Pre-Filled Device",Suggested Replenishment,2027-01,0.0
Zambia,MOH Supply Plan,"Medroxyprogesterone Acetate 104 mg/0.65 mL, Subcutaneous, Pre-Filled Device",Suggested Replenishment,2027-02,0.0
Zambia,MOH Supply Plan,"Medroxyprogesterone Acetate 104 mg/0.65 mL, Subcutaneous, Pre-Filled Device",Suggested Replenishment,2027-03,0.0
Zambia,MOH Supply Plan,"Medroxyprogesterone Acetate 104 mg/0.65 mL, Subcutaneous, Pre-Filled Device",Suggested Replenishment,2027-04,0.0
Zambia,MOH Supply Plan,"Medroxyprogesterone Acetate 104 mg/0.65 mL, Subcutaneous, Pre-Filled Device",Suggested Replenishment,2027-05,0.0
Zambia,MOH Supply Plan,"Medroxyprogesterone Acetate 104 mg/0.65 mL, Subcutaneous, Pre-Filled Device",Suggested Replenishment,2027-06,0.0
Zambia,MOH Supply Plan,"Medroxyprogesterone Acetate 104 mg/0.65 mL, Subcutaneous, Pre-Filled Device",Suggested Replenishment,2027-07,0.0
Zambia,MOH Supply Plan,"Medroxyprogesterone Acetate 104 mg/0.65 mL, Subcutaneous, Pre-Filled Device",Suggested Replenishment,2027-08,0.0
Zambia,MOH Supply Plan,"Medroxyprogesterone Acetate 104 mg/0.65 mL, Subcutaneous, Pre-Filled Device",Suggested Replenishment,2027-09,0.0
Zambia,MOH Supply Plan,"Medroxyprogesterone Acetate 104 mg/0.65 mL, Subcutaneous, Pre-Filled Device",Suggested Replenishment,2027-10,0.0
Zambia,MOH Supply Plan,"Medroxyprogesterone Acetate 104 mg/0.65 mL, Subcutaneous, Pre-Filled Device",Suggested Replenishment,2027-11,1122531.0
Zambia,MOH Supply Plan,"Medroxyprogesterone Acetate 104 mg/0.65 mL, Subcutaneous, Pre-Filled Device",Suggested Replenishment,2027-12,0.0
Zambia,MOH Supply Plan,"Medroxyprogesterone Acetate 104 mg/0.65 mL, Subcutaneous, Pre-Filled Device",Suggested Replenishment,2028-01,0.0
Zambia,MOH Supply Plan,"Medroxyprogesterone Acetate 104 mg/0.65 mL, Subcutaneous, Pre-Filled Device",Suggested Replenishment,2028-02,875554.0
Zambia,MOH Supply Plan,"Medroxyprogesterone Acetate 104 mg/0.65 mL, Subcutaneous, Pre-Filled Device",Suggested Replenishment,2028-03,0.0
Zambia,MOH Supply Plan,"Medroxyprogesterone Acetate 104 mg/0.65 mL, Subcutaneous, Pre-Filled Device",Suggested Replenishment,2028-04,0.0
Zambia,MOH Supply Plan,"Medroxyprogesterone Acetate 104 mg/0.65 mL, Subcutaneous, Pre-Filled Device",Suggested Replenishment,2028-05,888069.0
Zambia,MOH Supply Plan,"Medroxyprogesterone Acetate 104 mg/0.65 mL, Subcutaneous, Pre-Filled Device",Suggested Replenishment,2028-06,0.0
Zambia,MOH Supply Plan,"Medroxyprogesterone Acetate 104 mg/0.65 mL, Subcutaneous, Pre-Filled Device",Suggested Replenishment,2028-07,0.0
Zambia,MOH Supply Plan,"Medroxyprogesterone Acetate 104 mg/0.65 mL, Subcutaneous, Pre-Filled Device",Suggested Replenishment,2028-08,900667.0
Zambia,MOH Supply Plan,"Medroxyprogesterone Acetate 104 mg/0.65 mL, Subcutaneous, Pre-Filled Device",Projected MOS with Sugg Repl,2026-08,4.1
Zambia,MOH Supply Plan,"Medroxyprogesterone Acetate 104 mg/0.65 mL, Subcutaneous, Pre-Filled Device",Projected MOS with Sugg Repl,2026-09,3.1
Zambia,MOH Supply Plan,"Medroxyprogesterone Acetate 104 mg/0.65 mL, Subcutaneous, Pre-Filled Device",Projected MOS with Sugg Repl,2026-10,8.4
Zambia,MOH Supply Plan,"Medroxyprogesterone Acetate 104 mg/0.65 mL, Subcutaneous, Pre-Filled Device",Projected MOS with Sugg Repl,2026-11,7.3
Zambia,MOH Supply Plan,"Medroxyprogesterone Acetate 104 mg/0.65 mL, Subcutaneous, Pre-Filled Device",Projected MOS with Sugg Repl,2026-12,13.4
Zambia,MOH Supply Plan,"Medroxyprogesterone Acetate 104 mg/0.65 mL, Subcutaneous, Pre-Filled Device",Projected MOS with Sugg Repl,2027-01,12.3
Zambia,MOH Supply Plan,"Medroxyprogesterone Acetate 104 mg/0.65 mL, Subcutaneous, Pre-Filled Device",Projected MOS with Sugg Repl,2027-02,11.3
Zambia,MOH Supply Plan,"Medroxyprogesterone Acetate 104 mg/0.65 mL, Subcutaneous, Pre-Filled Device",Projected MOS with Sugg Repl,2027-03,10.2
Zambia,MOH Supply Plan,"Medroxyprogesterone Acetate 104 mg/0.65 mL, Subcutaneous, Pre-Filled Device",Projected MOS with Sugg Repl,2027-04,9.2
Zambia,MOH Supply Plan,"Medroxyprogesterone Acetate 104 mg/0.65 mL, Subcutaneous, Pre-Filled Device",Projected MOS with Sugg Repl,2027-05,8.2
Zambia,MOH Supply Plan,"Medroxyprogesterone Acetate 104 mg/0.65 mL, Subcutaneous, Pre-Filled Device",Projected MOS with Sugg Repl,2027-06,7.1
Zambia,MOH Supply Plan,"Medroxyprogesterone Acetate 104 mg/0.65 mL, Subcutaneous, Pre-Filled Device",Projected MOS with Sugg Repl,2027-07,6.1
Zambia,MOH Supply Plan,"Medroxyprogesterone Acetate 104 mg/0.65 mL, Subcutaneous, Pre-Filled Device",Projected MOS with Sugg Repl,2027-08,5.1
Zambia,MOH Supply Plan,"Medroxyprogesterone Acetate 104 mg/0.65 mL, Subcutaneous, Pre-Filled Device",Projected MOS with Sugg Repl,2027-09,4.0
Zambia,MOH Supply Plan,"Medroxyprogesterone Acetate 104 mg/0.65 mL, Subcutaneous, Pre-Filled Device",Projected MOS with Sugg Repl,2027-10,3.0
Zambia,MOH Supply Plan,"Medroxyprogesterone Acetate 104 mg/0.65 mL, Subcutaneous, Pre-Filled Device",Projected MOS with Sugg Repl,2027-11,6.0
Zambia,MOH Supply Plan,"Medroxyprogesterone Acetate 104 mg/0.65 mL, Subcutaneous, Pre-Filled Device",Projected MOS with Sugg Repl,2027-12,5.0
Zambia,MOH Supply Plan,"Medroxyprogesterone Acetate 104 mg/0.65 mL, Subcutaneous, Pre-Filled Device",Projected MOS with Sugg Repl,2028-01,4.0
Zambia,MOH Supply Plan,"Medroxyprogesterone Acetate 104 mg/0.65 mL, Subcutaneous, Pre-Filled Device",Projected MOS with Sugg Repl,2028-02,6.0
Zambia,MOH Supply Plan,"Medroxyprogesterone Acetate 104 mg/0.65 mL, Subcutaneous, Pre-Filled Device",Projected MOS with Sugg Repl,2028-03,5.0
Zambia,MOH Supply Plan,"Medroxyprogesterone Acetate 104 mg/0.65 mL, Subcutaneous, Pre-Filled Device",Projected MOS with Sugg Repl,2028-04,4.0
Zambia,MOH Supply Plan,"Medroxyprogesterone Acetate 104 mg/0.65 mL, Subcutaneous, Pre-Filled Device",Projected MOS with Sugg Repl,2028-05,6.0
Zambia,MOH Supply Plan,"Medroxyprogesterone Acetate 104 mg/0.65 mL, Subcutaneous, Pre-Filled Device",Projected MOS with Sugg Repl,2028-06,5.0
Zambia,MOH Supply Plan,"Medroxyprogesterone Acetate 104 mg/0.65 mL, Subcutaneous, Pre-Filled Device",Projected MOS with Sugg Repl,2028-07,4.0
Zambia,MOH Supply Plan,"Medroxyprogesterone Acetate 104 mg/0.65 mL, Subcutaneous, Pre-Filled Device",Projected MOS with Sugg Repl,2028-08,6.0
Zambia,MOH Supply Plan,"Medroxyprogesterone Acetate 104 mg/0.65 mL, Subcutaneous, Pre-Filled Device",S1 - Monthly Consumption,2026-02,339400.0
Zambia,MOH Supply Plan,"Medroxyprogesterone Acetate 104 mg/0.65 mL, Subcutaneous, Pre-Filled Device",S1 - Monthly Consumption,2026-03,205400.0
Zambia,MOH Supply Plan,"Medroxyprogesterone Acetate 104 mg/0.65 mL, Subcutaneous, Pre-Filled Device",S1 - Monthly Consumption,2026-04,255685.0
Zambia,MOH Supply Plan,"Medroxyprogesterone Acetate 104 mg/0.65 mL, Subcutaneous, Pre-Filled Device",S1 - Monthly Consumption,2026-05,256984.0
Zambia,MOH Supply Plan,"Medroxyprogesterone Acetate 104 mg/0.65 mL, Subcutaneous, Pre-Filled Device",S1 - Monthly Consumption,2026-06,258286.0
Zambia,MOH Supply Plan,"Medroxyprogesterone Acetate 104 mg/0.65 mL, Subcutaneous, Pre-Filled Device",S1 - Monthly Consumption,2026-07,259591.0
Zambia,MOH Supply Plan,"Medroxyprogesterone Acetate 104 mg/0.65 mL, Subcutaneous, Pre-Filled Device",S1 - Monthly Consumption,2026-08,260901.0
Zambia,MOH Supply Plan,"Medroxyprogesterone Acetate 104 mg/0.65 mL, Subcutaneous, Pre-Filled Device",S1 - Monthly Consumption,2026-09,262212.0
Zambia,MOH Supply Plan,"Medroxyprogesterone Acetate 104 mg/0.65 mL, Subcutaneous, Pre-Filled Device",S1 - Monthly Consumption,2026-10,263527.0
Zambia,MOH Supply Plan,"Medroxyprogesterone Acetate 104 mg/0.65 mL, Subcutaneous, Pre-Filled Device",S1 - Monthly Consumption,2026-11,264846.0
Zambia,MOH Supply Plan,"Medroxyprogesterone Acetate 104 mg/0.65 mL, Subcutaneous, Pre-Filled Device",S1 - Monthly Consumption,2026-12,266168.0
Zambia,MOH Supply Plan,"Medroxyprogesterone Acetate 104 mg/0.65 mL, Subcutaneous, Pre-Filled Device",S1 - Monthly Consumption,2027-01,267493.0
Zambia,MOH Supply Plan,"Medroxyprogesterone Acetate 104 mg/0.65 mL, Subcutaneous, Pre-Filled Device",S1 - Monthly Consumption,2027-02,268821.0
Zambia,MOH Supply Plan,"Medroxyprogesterone Acetate 104 mg/0.65 mL, Subcutaneous, Pre-Filled Device",S1 - Monthly Consumption,2027-03,270153.0
Zambia,MOH Supply Plan,"Medroxyprogesterone Acetate 104 mg/0.65 mL, Subcutaneous, Pre-Filled Device",S1 - Monthly Consumption,2027-04,271487.0
Zambia,MOH Supply Plan,"Medroxyprogesterone Acetate 104 mg/0.65 mL, Subcutaneous, Pre-Filled Device",S1 - Monthly Consumption,2027-05,272825.0
Zambia,MOH Supply Plan,"Medroxyprogesterone Acetate 104 mg/0.65 mL, Subcutaneous, Pre-Filled Device",S1 - Monthly Consumption,2027-06,274167.0
Zambia,MOH Supply Plan,"Medroxyprogesterone Acetate 104 mg/0.65 mL, Subcutaneous, Pre-Filled Device",S1 - Monthly Consumption,2027-07,275511.0
Zambia,MOH Supply Plan,"Medroxyprogesterone Acetate 104 mg/0.65 mL, Subcutaneous, Pre-Filled Device",S1 - Monthly Consumption,2027-08,276859.0
Zambia,MOH Supply Plan,"Medroxyprogesterone Acetate 104 mg/0.65 mL, Subcutaneous, Pre-Filled Device",S1 - Monthly Consumption,2027-09,278211.0
Zambia,MOH Supply Plan,"Medroxyprogesterone Acetate 104 mg/0.65 mL, Subcutaneous, Pre-Filled Device",S1 - Monthly Consumption,2027-10,279564.0
Zambia,MOH Supply Plan,"Medroxyprogesterone Acetate 104 mg/0.65 mL, Subcutaneous, Pre-Filled Device",S1 - Monthly Consumption,2027-11,280922.0
Zambia,MOH Supply Plan,"Medroxyprogesterone Acetate 104 mg/0.65 mL, Subcutaneous, Pre-Filled Device",S1 - Monthly Consumption,2027-12,282283.0
Zambia,MOH Supply Plan,"Medroxyprogesterone Acetate 104 mg/0.65 mL, Subcutaneous, Pre-Filled Device",S1 - Monthly Consumption,2028-01,283647.0
Zambia,MOH Supply Plan,"Medroxyprogesterone Acetate 104 mg/0.65 mL, Subcutaneous, Pre-Filled Device",S1 - Monthly Consumption,2028-02,285014.0
Zambia,MOH Supply Plan,"Medroxyprogesterone Acetate 104 mg/0.65 mL, Subcutaneous, Pre-Filled Device",S1 - Monthly Consumption,2028-03,286385.0
Zambia,MOH Supply Plan,"Medroxyprogesterone Acetate 104 mg/0.65 mL, Subcutaneous, Pre-Filled Device",S1 - Monthly Consumption,2028-04,287758.0
Zambia,MOH Supply Plan,"Medroxyprogesterone Acetate 104 mg/0.65 mL, Subcutaneous, Pre-Filled Device",S1 - Monthly Consumption,2028-05,289136.0
Zambia,MOH Supply Plan,"Medroxyprogesterone Acetate 104 mg/0.65 mL, Subcutaneous, Pre-Filled Device",S1 - Monthly Consumption,2028-06,290516.0
Zambia,MOH Supply Plan,"Medroxyprogesterone Acetate 104 mg/0.65 mL, Subcutaneous, Pre-Filled Device",S1 - Monthly Consumption,2028-07,291900.0
Zambia,MOH Supply Plan,"Medroxyprogesterone Acetate 104 mg/0.65 mL, Subcutaneous, Pre-Filled Device",S1 - Monthly Consumption,2028-08,293287.0
Zambia,MOH Supply Plan,"Medroxyprogesterone Acetate 104 mg/0.65 mL, Subcutaneous, Pre-Filled Device",S1 - Projected Supplies,2026-04,1280000.0
Zambia,MOH Supply Plan,"Medroxyprogesterone Acetate 104 mg/0.65 mL, Subcutaneous, Pre-Filled Device",S1 - Projected Supplies,2026-05,800000.0
Zambia,MOH Supply Plan,"Medroxyprogesterone Acetate 104 mg/0.65 mL, Subcutaneous, Pre-Filled Device",S1 - Projected Supplies,2026-12,1331223.0
Zambia,MOH Supply Plan,"Medroxyprogesterone Acetate 104 mg/0.65 mL, Subcutaneous, Pre-Filled Device",S1 - Projected Inventory,2026-02,0.0
Zambia,MOH Supply Plan,"Medroxyprogesterone Acetate 104 mg/0.65 mL, Subcutaneous, Pre-Filled Device",S1 - Projected Inventory,2026-03,0.0
Zambia,MOH Supply Plan,"Medroxyprogesterone Acetate 104 mg/0.65 mL, Subcutaneous, Pre-Filled Device",S1 - Projected Inventory,2026-04,0.0
Zambia,MOH Supply Plan,"Medroxyprogesterone Acetate 104 mg/0.65 mL, Subcutaneous, Pre-Filled Device",S1 - Projected Inventory,2026-05,0.0
Zambia,MOH Supply Plan,"Medroxyprogesterone Acetate 104 mg/0.65 mL, Subcutaneous, Pre-Filled Device",S1 - Projected Inventory,2026-06,0.0
Zambia,MOH Supply Plan,"Medroxyprogesterone Acetate 104 mg/0.65 mL, Subcutaneous, Pre-Filled Device",S1 - Projected Inventory,2026-07,537400.0
Zambia,MOH Supply Plan,"Medroxyprogesterone Acetate 104 mg/0.65 mL, Subcutaneous, Pre-Filled Device",S1 - Projected Inventory,2026-08,276499.0
Zambia,MOH Supply Plan,"Medroxyprogesterone Acetate 104 mg/0.65 mL, Subcutaneous, Pre-Filled Device",S1 - Projected Inventory,2026-09,14287.0
Zambia,MOH Supply Plan,"Medroxyprogesterone Acetate 104 mg/0.65 mL, Subcutaneous, Pre-Filled Device",S1 - Projected Inventory,2026-10,0.0
Zambia,MOH Supply Plan,"Medroxyprogesterone Acetate 104 mg/0.65 mL, Subcutaneous, Pre-Filled Device",S1 - Projected Inventory,2026-11,0.0
Zambia,MOH Supply Plan,"Medroxyprogesterone Acetate 104 mg/0.65 mL, Subcutaneous, Pre-Filled Device",S1 - Projected Inventory,2026-12,1065055.0
Zambia,MOH Supply Plan,"Medroxyprogesterone Acetate 104 mg/0.65 mL, Subcutaneous, Pre-Filled Device",S1 - Projected Inventory,2027-01,797562.0
Zambia,MOH Supply Plan,"Medroxyprogesterone Acetate 104 mg/0.65 mL, Subcutaneous, Pre-Filled Device",S1 - Projected Inventory,2027-02,528741.0
Zambia,MOH Supply Plan,"Medroxyprogesterone Acetate 104 mg/0.65 mL, Subcutaneous, Pre-Filled Device",S1 - Projected Inventory,2027-03,258588.0
Zambia,MOH Supply Plan,"Medroxyprogesterone Acetate 104 mg/0.65 mL, Subcutaneous, Pre-Filled Device",S1 - Projected Inventory,2027-04,0.0
Zambia,MOH Supply Plan,"Medroxyprogesterone Acetate 104 mg/0.65 mL, Subcutaneous, Pre-Filled Device",S1 - Projected Inventory,2027-05,0.0
Zambia,MOH Supply Plan,"Medroxyprogesterone Acetate 104 mg/0.65 mL, Subcutaneous, Pre-Filled Device",S1 - Projected Inventory,2027-06,0.0
Zambia,MOH Supply Plan,"Medroxyprogesterone Acetate 104 mg/0.65 mL, Subcutaneous, Pre-Filled Device",S1 - Projected Inventory,2027-07,0.0
Zambia,MOH Supply Plan,"Medroxyprogesterone Acetate 104 mg/0.65 mL, Subcutaneous, Pre-Filled Device",S1 - Projected Inventory,2027-08,0.0
Zambia,MOH Supply Plan,"Medroxyprogesterone Acetate 104 mg/0.65 mL, Subcutaneous, Pre-Filled Device",S1 - Projected Inventory,2027-09,0.0
Zambia,MOH Supply Plan,"Medroxyprogesterone Acetate 104 mg/0.65 mL, Subcutaneous, Pre-Filled Device",S1 - Projected Inventory,2027-10,0.0
Zambia,MOH Supply Plan,"Medroxyprogesterone Acetate 104 mg/0.65 mL, Subcutaneous, Pre-Filled Device",S1 - Projected Inventory,2027-11,0.0
Zambia,MOH Supply Plan,"Medroxyprogesterone Acetate 104 mg/0.65 mL, Subcutaneous, Pre-Filled Device",S1 - Projected Inventory,2027-12,0.0
Zambia,MOH Supply Plan,"Medroxyprogesterone Acetate 104 mg/0.65 mL, Subcutaneous, Pre-Filled Device",S1 - Projected Inventory,2028-01,0.0
Zambia,MOH Supply Plan,"Medroxyprogesterone Acetate 104 mg/0.65 mL, Subcutaneous, Pre-Filled Device",S1 - Projected Inventory,2028-02,0.0
Zambia,MOH Supply Plan,"Medroxyprogesterone Acetate 104 mg/0.65 mL, Subcutaneous, Pre-Filled Device",S1 - Projected Inventory,2028-03,0.0
Zambia,MOH Supply Plan,"Medroxyprogesterone Acetate 104 mg/0.65 mL, Subcutaneous, Pre-Filled Device",S1 - Projected Inventory,2028-04,0.0
Zambia,MOH Supply Plan,"Medroxyprogesterone Acetate 104 mg/0.65 mL, Subcutaneous, Pre-Filled Device",S1 - Projected Inventory,2028-05,0.0
Zambia,MOH Supply Plan,"Medroxyprogesterone Acetate 104 mg/0.65 mL, Subcutaneous, Pre-Filled Device",S1 - Projected Inventory,2028-06,0.0
Zambia,MOH Supply Plan,"Medroxyprogesterone Acetate 104 mg/0.65 mL, Subcutaneous, Pre-Filled Device",S1 - Projected Inventory,2028-07,0.0
Zambia,MOH Supply Plan,"Medroxyprogesterone Acetate 104 mg/0.65 mL, Subcutaneous, Pre-Filled Device",S1 - Projected Inventory,2028-08,0.0
Zambia,MOH Supply Plan,"Medroxyprogesterone Acetate 104 mg/0.65 mL, Subcutaneous, Pre-Filled Device",S1 - Projected MOS,2026-02,0.0
Zambia,MOH Supply Plan,"Medroxyprogesterone Acetate 104 mg/0.65 mL, Subcutaneous, Pre-Filled Device",S1 - Projected MOS,2026-03,0.0
Zambia,MOH Supply Plan,"Medroxyprogesterone Acetate 104 mg/0.65 mL, Subcutaneous, Pre-Filled Device",S1 - Projected MOS,2026-04,0.0
Zambia,MOH Supply Plan,"Medroxyprogesterone Acetate 104 mg/0.65 mL, Subcutaneous, Pre-Filled Device",S1 - Projected MOS,2026-05,0.0
Zambia,MOH Supply Plan,"Medroxyprogesterone Acetate 104 mg/0.65 mL, Subcutaneous, Pre-Filled Device",S1 - Projected MOS,2026-06,0.0
Zambia,MOH Supply Plan,"Medroxyprogesterone Acetate 104 mg/0.65 mL, Subcutaneous, Pre-Filled Device",S1 - Projected MOS,2026-07,2.1
Zambia,MOH Supply Plan,"Medroxyprogesterone Acetate 104 mg/0.65 mL, Subcutaneous, Pre-Filled Device",S1 - Projected MOS,2026-08,1.1
Zambia,MOH Supply Plan,"Medroxyprogesterone Acetate 104 mg/0.65 mL, Subcutaneous, Pre-Filled Device",S1 - Projected MOS,2026-09,0.1
Zambia,MOH Supply Plan,"Medroxyprogesterone Acetate 104 mg/0.65 mL, Subcutaneous, Pre-Filled Device",S1 - Projected MOS,2026-10,0.0
Zambia,MOH Supply Plan,"Medroxyprogesterone Acetate 104 mg/0.65 mL, Subcutaneous, Pre-Filled Device",S1 - Projected MOS,2026-11,0.0
Zambia,MOH Supply Plan,"Medroxyprogesterone Acetate 104 mg/0.65 mL, Subcutaneous, Pre-Filled Device",S1 - Projected MOS,2026-12,4.0
Zambia,MOH Supply Plan,"Medroxyprogesterone Acetate 104 mg/0.65 mL, Subcutaneous, Pre-Filled Device",S1 - Projected MOS,2027-01,3.0
Zambia,MOH Supply Plan,"Medroxyprogesterone Acetate 104 mg/0.65 mL, Subcutaneous, Pre-Filled Device",S1 - Projected MOS,2027-02,2.0
Zambia,MOH Supply Plan,"Medroxyprogesterone Acetate 104 mg/0.65 mL, Subcutaneous, Pre-Filled Device",S1 - Projected MOS,2027-03,1.0
Zambia,MOH Supply Plan,"Medroxyprogesterone Acetate 104 mg/0.65 mL, Subcutaneous, Pre-Filled Device",S1 - Projected MOS,2027-04,0.0
Zambia,MOH Supply Plan,"Medroxyprogesterone Acetate 104 mg/0.65 mL, Subcutaneous, Pre-Filled Device",S1 - Projected MOS,2027-05,0.0
Zambia,MOH Supply Plan,"Medroxyprogesterone Acetate 104 mg/0.65 mL, Subcutaneous, Pre-Filled Device",S1 - Projected MOS,2027-06,0.0
Zambia,MOH Supply Plan,"Medroxyprogesterone Acetate 104 mg/0.65 mL, Subcutaneous, Pre-Filled Device",S1 - Projected MOS,2027-07,0.0
Zambia,MOH Supply Plan,"Medroxyprogesterone Acetate 104 mg/0.65 mL, Subcutaneous, Pre-Filled Device",S1 - Projected MOS,2027-08,0.0
Zambia,MOH Supply Plan,"Medroxyprogesterone Acetate 104 mg/0.65 mL, Subcutaneous, Pre-Filled Device",S1 - Projected MOS,2027-09,0.0
Zambia,MOH Supply Plan,"Medroxyprogesterone Acetate 104 mg/0.65 mL, Subcutaneous, Pre-Filled Device",S1 - Projected MOS,2027-10,0.0
Zambia,MOH Supply Plan,"Medroxyprogesterone Acetate 104 mg/0.65 mL, Subcutaneous, Pre-Filled Device",S1 - Projected MOS,2027-11,0.0
Zambia,MOH Supply Plan,"Medroxyprogesterone Acetate 104 mg/0.65 mL, Subcutaneous, Pre-Filled Device",S1 - Projected MOS,2027-12,0.0
Zambia,MOH Supply Plan,"Medroxyprogesterone Acetate 104 mg/0.65 mL, Subcutaneous, Pre-Filled Device",S1 - Projected MOS,2028-01,0.0
Zambia,MOH Supply Plan,"Medroxyprogesterone Acetate 104 mg/0.65 mL, Subcutaneous, Pre-Filled Device",S1 - Projected MOS,2028-02,0.0
Zambia,MOH Supply Plan,"Medroxyprogesterone Acetate 104 mg/0.65 mL, Subcutaneous, Pre-Filled Device",S1 - Projected MOS,2028-03,0.0
Zambia,MOH Supply Plan,"Medroxyprogesterone Acetate 104 mg/0.65 mL, Subcutaneous, Pre-Filled Device",S1 - Projected MOS,2028-04,0.0
Zambia,MOH Supply Plan,"Medroxyprogesterone Acetate 104 mg/0.65 mL, Subcutaneous, Pre-Filled Device",S1 - Projected MOS,2028-05,0.0
Zambia,MOH Supply Plan,"Medroxyprogesterone Acetate 104 mg/0.65 mL, Subcutaneous, Pre-Filled Device",S1 - Projected MOS,2028-06,0.0
Zambia,MOH Supply Plan,"Medroxyprogesterone Acetate 104 mg/0.65 mL, Subcutaneous, Pre-Filled Device",S1 - Projected MOS,2028-07,0.0
Zambia,MOH Supply Plan,"Medroxyprogesterone Acetate 104 mg/0.65 mL, Subcutaneous, Pre-Filled Device",S1 - Projected MOS,2028-08,0.0
Zambia,MOH Supply Plan,"Medroxyprogesterone Acetate 104 mg/0.65 mL, Subcutaneous, Pre-Filled Device",S2 - Monthly Consumption,2026-02,339400.0
Zambia,MOH Supply Plan,"Medroxyprogesterone Acetate 104 mg/0.65 mL, Subcutaneous, Pre-Filled Device",S2 - Monthly Consumption,2026-03,205400.0
Zambia,MOH Supply Plan,"Medroxyprogesterone Acetate 104 mg/0.65 mL, Subcutaneous, Pre-Filled Device",S2 - Monthly Consumption,2026-04,255685.0
Zambia,MOH Supply Plan,"Medroxyprogesterone Acetate 104 mg/0.65 mL, Subcutaneous, Pre-Filled Device",S2 - Monthly Consumption,2026-05,256984.0
Zambia,MOH Supply Plan,"Medroxyprogesterone Acetate 104 mg/0.65 mL, Subcutaneous, Pre-Filled Device",S2 - Monthly Consumption,2026-06,258286.0
Zambia,MOH Supply Plan,"Medroxyprogesterone Acetate 104 mg/0.65 mL, Subcutaneous, Pre-Filled Device",S2 - Monthly Consumption,2026-07,259591.0
Zambia,MOH Supply Plan,"Medroxyprogesterone Acetate 104 mg/0.65 mL, Subcutaneous, Pre-Filled Device",S2 - Monthly Consumption,2026-08,260901.0
Zambia,MOH Supply Plan,"Medroxyprogesterone Acetate 104 mg/0.65 mL, Subcutaneous, Pre-Filled Device",S2 - Monthly Consumption,2026-09,262212.0
Zambia,MOH Supply Plan,"Medroxyprogesterone Acetate 104 mg/0.65 mL, Subcutaneous, Pre-Filled Device",S2 - Monthly Consumption,2026-10,263527.0
Zambia,MOH Supply Plan,"Medroxyprogesterone Acetate 104 mg/0.65 mL, Subcutaneous, Pre-Filled Device",S2 - Monthly Consumption,2026-11,264846.0
Zambia,MOH Supply Plan,"Medroxyprogesterone Acetate 104 mg/0.65 mL, Subcutaneous, Pre-Filled Device",S2 - Monthly Consumption,2026-12,266168.0
Zambia,MOH Supply Plan,"Medroxyprogesterone Acetate 104 mg/0.65 mL, Subcutaneous, Pre-Filled Device",S2 - Monthly Consumption,2027-01,267493.0
Zambia,MOH Supply Plan,"Medroxyprogesterone Acetate 104 mg/0.65 mL, Subcutaneous, Pre-Filled Device",S2 - Monthly Consumption,2027-02,268821.0
Zambia,MOH Supply Plan,"Medroxyprogesterone Acetate 104 mg/0.65 mL, Subcutaneous, Pre-Filled Device",S2 - Monthly Consumption,2027-03,270153.0
Zambia,MOH Supply Plan,"Medroxyprogesterone Acetate 104 mg/0.65 mL, Subcutaneous, Pre-Filled Device",S2 - Monthly Consumption,2027-04,271487.0
Zambia,MOH Supply Plan,"Medroxyprogesterone Acetate 104 mg/0.65 mL, Subcutaneous, Pre-Filled Device",S2 - Monthly Consumption,2027-05,272825.0
Zambia,MOH Supply Plan,"Medroxyprogesterone Acetate 104 mg/0.65 mL, Subcutaneous, Pre-Filled Device",S2 - Monthly Consumption,2027-06,274167.0
Zambia,MOH Supply Plan,"Medroxyprogesterone Acetate 104 mg/0.65 mL, Subcutaneous, Pre-Filled Device",S2 - Monthly Consumption,2027-07,275511.0
Zambia,MOH Supply Plan,"Medroxyprogesterone Acetate 104 mg/0.65 mL, Subcutaneous, Pre-Filled Device",S2 - Monthly Consumption,2027-08,276859.0
Zambia,MOH Supply Plan,"Medroxyprogesterone Acetate 104 mg/0.65 mL, Subcutaneous, Pre-Filled Device",S2 - Monthly Consumption,2027-09,278211.0
Zambia,MOH Supply Plan,"Medroxyprogesterone Acetate 104 mg/0.65 mL, Subcutaneous, Pre-Filled Device",S2 - Monthly Consumption,2027-10,279564.0
Zambia,MOH Supply Plan,"Medroxyprogesterone Acetate 104 mg/0.65 mL, Subcutaneous, Pre-Filled Device",S2 - Monthly Consumption,2027-11,280922.0
Zambia,MOH Supply Plan,"Medroxyprogesterone Acetate 104 mg/0.65 mL, Subcutaneous, Pre-Filled Device",S2 - Monthly Consumption,2027-12,282283.0
Zambia,MOH Supply Plan,"Medroxyprogesterone Acetate 104 mg/0.65 mL, Subcutaneous, Pre-Filled Device",S2 - Monthly Consumption,2028-01,283647.0
Zambia,MOH Supply Plan,"Medroxyprogesterone Acetate 104 mg/0.65 mL, Subcutaneous, Pre-Filled Device",S2 - Monthly Consumption,2028-02,285014.0
Zambia,MOH Supply Plan,"Medroxyprogesterone Acetate 104 mg/0.65 mL, Subcutaneous, Pre-Filled Device",S2 - Monthly Consumption,2028-03,286385.0
Zambia,MOH Supply Plan,"Medroxyprogesterone Acetate 104 mg/0.65 mL, Subcutaneous, Pre-Filled Device",S2 - Monthly Consumption,2028-04,287758.0
Zambia,MOH Supply Plan,"Medroxyprogesterone Acetate 104 mg/0.65 mL, Subcutaneous, Pre-Filled Device",S2 - Monthly Consumption,2028-05,289136.0
Zambia,MOH Supply Plan,"Medroxyprogesterone Acetate 104 mg/0.65 mL, Subcutaneous, Pre-Filled Device",S2 - Monthly Consumption,2028-06,290516.0
Zambia,MOH Supply Plan,"Medroxyprogesterone Acetate 104 mg/0.65 mL, Subcutaneous, Pre-Filled Device",S2 - Monthly Consumption,2028-07,291900.0
Zambia,MOH Supply Plan,"Medroxyprogesterone Acetate 104 mg/0.65 mL, Subcutaneous, Pre-Filled Device",S2 - Monthly Consumption,2028-08,293287.0
Zambia,MOH Supply Plan,"Medroxyprogesterone Acetate 104 mg/0.65 mL, Subcutaneous, Pre-Filled Device",S2 - Projected Supplies,2026-07,888000.0
Zambia,MOH Supply Plan,"Medroxyprogesterone Acetate 104 mg/0.65 mL, Subcutaneous, Pre-Filled Device",S2 - Projected Supplies,2026-10,1566815.0
Zambia,MOH Supply Plan,"Medroxyprogesterone Acetate 104 mg/0.65 mL, Subcutaneous, Pre-Filled Device",S2 - Projected Inventory,2026-02,0.0
Zambia,MOH Supply Plan,"Medroxyprogesterone Acetate 104 mg/0.65 mL, Subcutaneous, Pre-Filled Device",S2 - Projected Inventory,2026-03,0.0
Zambia,MOH Supply Plan,"Medroxyprogesterone Acetate 104 mg/0.65 mL, Subcutaneous, Pre-Filled Device",S2 - Projected Inventory,2026-04,0.0
Zambia,MOH Supply Plan,"Medroxyprogesterone Acetate 104 mg/0.65 mL, Subcutaneous, Pre-Filled Device",S2 - Projected Inventory,2026-05,0.0
Zambia,MOH Supply Plan,"Medroxyprogesterone Acetate 104 mg/0.65 mL, Subcutaneous, Pre-Filled Device",S2 - Projected Inventory,2026-06,0.0
Zambia,MOH Supply Plan,"Medroxyprogesterone Acetate 104 mg/0.65 mL, Subcutaneous, Pre-Filled Device",S2 - Projected Inventory,2026-07,537400.0
Zambia,MOH Supply Plan,"Medroxyprogesterone Acetate 104 mg/0.65 mL, Subcutaneous, Pre-Filled Device",S2 - Projected Inventory,2026-08,276499.0
Zambia,MOH Supply Plan,"Medroxyprogesterone Acetate 104 mg/0.65 mL, Subcutaneous, Pre-Filled Device",S2 - Projected Inventory,2026-09,14287.0
Zambia,MOH Supply Plan,"Medroxyprogesterone Acetate 104 mg/0.65 mL, Subcutaneous, Pre-Filled Device",S2 - Projected Inventory,2026-10,1317575.0
Zambia,MOH Supply Plan,"Medroxyprogesterone Acetate 104 mg/0.65 mL, Subcutaneous, Pre-Filled Device",S2 - Projected Inventory,2026-11,1052729.0
Zambia,MOH Supply Plan,"Medroxyprogesterone Acetate 104 mg/0.65 mL, Subcutaneous, Pre-Filled Device",S2 - Projected Inventory,2026-12,786561.0
Zambia,MOH Supply Plan,"Medroxyprogesterone Acetate 104 mg/0.65 mL, Subcutaneous, Pre-Filled Device",S2 - Projected Inventory,2027-01,519068.0
Zambia,MOH Supply Plan,"Medroxyprogesterone Acetate 104 mg/0.65 mL, Subcutaneous, Pre-Filled Device",S2 - Projected Inventory,2027-02,250247.0
Zambia,MOH Supply Plan,"Medroxyprogesterone Acetate 104 mg/0.65 mL, Subcutaneous, Pre-Filled Device",S2 - Projected Inventory,2027-03,0.0
Zambia,MOH Supply Plan,"Medroxyprogesterone Acetate 104 mg/0.65 mL, Subcutaneous, Pre-Filled Device",S2 - Projected Inventory,2027-04,0.0
Zambia,MOH Supply Plan,"Medroxyprogesterone Acetate 104 mg/0.65 mL, Subcutaneous, Pre-Filled Device",S2 - Projected Inventory,2027-05,0.0
Zambia,MOH Supply Plan,"Medroxyprogesterone Acetate 104 mg/0.65 mL, Subcutaneous, Pre-Filled Device",S2 - Projected Inventory,2027-06,0.0
Zambia,MOH Supply Plan,"Medroxyprogesterone Acetate 104 mg/0.65 mL, Subcutaneous, Pre-Filled Device",S2 - Projected Inventory,2027-07,0.0
Zambia,MOH Supply Plan,"Medroxyprogesterone Acetate 104 mg/0.65 mL, Subcutaneous, Pre-Filled Device",S2 - Projected Inventory,2027-08,0.0
Zambia,MOH Supply Plan,"Medroxyprogesterone Acetate 104 mg/0.65 mL, Subcutaneous, Pre-Filled Device",S2 - Projected Inventory,2027-09,0.0
Zambia,MOH Supply Plan,"Medroxyprogesterone Acetate 104 mg/0.65 mL, Subcutaneous, Pre-Filled Device",S2 - Projected Inventory,2027-10,0.0
Zambia,MOH Supply Plan,"Medroxyprogesterone Acetate 104 mg/0.65 mL, Subcutaneous, Pre-Filled Device",S2 - Projected Inventory,2027-11,0.0
Zambia,MOH Supply Plan,"Medroxyprogesterone Acetate 104 mg/0.65 mL, Subcutaneous, Pre-Filled Device",S2 - Projected Inventory,2027-12,0.0
Zambia,MOH Supply Plan,"Medroxyprogesterone Acetate 104 mg/0.65 mL, Subcutaneous, Pre-Filled Device",S2 - Projected Inventory,2028-01,0.0
Zambia,MOH Supply Plan,"Medroxyprogesterone Acetate 104 mg/0.65 mL, Subcutaneous, Pre-Filled Device",S2 - Projected Inventory,2028-02,0.0
Zambia,MOH Supply Plan,"Medroxyprogesterone Acetate 104 mg/0.65 mL, Subcutaneous, Pre-Filled Device",S2 - Projected Inventory,2028-03,0.0
Zambia,MOH Supply Plan,"Medroxyprogesterone Acetate 104 mg/0.65 mL, Subcutaneous, Pre-Filled Device",S2 - Projected Inventory,2028-04,0.0
Zambia,MOH Supply Plan,"Medroxyprogesterone Acetate 104 mg/0.65 mL, Subcutaneous, Pre-Filled Device",S2 - Projected Inventory,2028-05,0.0
Zambia,MOH Supply Plan,"Medroxyprogesterone Acetate 104 mg/0.65 mL, Subcutaneous, Pre-Filled Device",S2 - Projected Inventory,2028-06,0.0
Zambia,MOH Supply Plan,"Medroxyprogesterone Acetate 104 mg/0.65 mL, Subcutaneous, Pre-Filled Device",S2 - Projected Inventory,2028-07,0.0
Zambia,MOH Supply Plan,"Medroxyprogesterone Acetate 104 mg/0.65 mL, Subcutaneous, Pre-Filled Device",S2 - Projected Inventory,2028-08,0.0
Zambia,MOH Supply Plan,"Medroxyprogesterone Acetate 104 mg/0.65 mL, Subcutaneous, Pre-Filled Device",S2 - Projected MOS,2026-02,0.0
Zambia,MOH Supply Plan,"Medroxyprogesterone Acetate 104 mg/0.65 mL, Subcutaneous, Pre-Filled Device",S2 - Projected MOS,2026-03,0.0
Zambia,MOH Supply Plan,"Medroxyprogesterone Acetate 104 mg/0.65 mL, Subcutaneous, Pre-Filled Device",S2 - Projected MOS,2026-04,0.0
Zambia,MOH Supply Plan,"Medroxyprogesterone Acetate 104 mg/0.65 mL, Subcutaneous, Pre-Filled Device",S2 - Projected MOS,2026-05,0.0
Zambia,MOH Supply Plan,"Medroxyprogesterone Acetate 104 mg/0.65 mL, Subcutaneous, Pre-Filled Device",S2 - Projected MOS,2026-06,0.0
Zambia,MOH Supply Plan,"Medroxyprogesterone Acetate 104 mg/0.65 mL, Subcutaneous, Pre-Filled Device",S2 - Projected MOS,2026-07,2.1
Zambia,MOH Supply Plan,"Medroxyprogesterone Acetate 104 mg/0.65 mL, Subcutaneous, Pre-Filled Device",S2 - Projected MOS,2026-08,1.1
Zambia,MOH Supply Plan,"Medroxyprogesterone Acetate 104 mg/0.65 mL, Subcutaneous, Pre-Filled Device",S2 - Projected MOS,2026-09,0.1
Zambia,MOH Supply Plan,"Medroxyprogesterone Acetate 104 mg/0.65 mL, Subcutaneous, Pre-Filled Device",S2 - Projected MOS,2026-10,5.0
Zambia,MOH Supply Plan,"Medroxyprogesterone Acetate 104 mg/0.65 mL, Subcutaneous, Pre-Filled Device",S2 - Projected MOS,2026-11,4.0
Zambia,MOH Supply Plan,"Medroxyprogesterone Acetate 104 mg/0.65 mL, Subcutaneous, Pre-Filled Device",S2 - Projected MOS,2026-12,2.9
Zambia,MOH Supply Plan,"Medroxyprogesterone Acetate 104 mg/0.65 mL, Subcutaneous, Pre-Filled Device",S2 - Projected MOS,2027-01,1.9
Zambia,MOH Supply Plan,"Medroxyprogesterone Acetate 104 mg/0.65 mL, Subcutaneous, Pre-Filled Device",S2 - Projected MOS,2027-02,0.9
Zambia,MOH Supply Plan,"Medroxyprogesterone Acetate 104 mg/0.65 mL, Subcutaneous, Pre-Filled Device",S2 - Projected MOS,2027-03,0.0
Zambia,MOH Supply Plan,"Medroxyprogesterone Acetate 104 mg/0.65 mL, Subcutaneous, Pre-Filled Device",S2 - Projected MOS,2027-04,0.0
Zambia,MOH Supply Plan,"Medroxyprogesterone Acetate 104 mg/0.65 mL, Subcutaneous, Pre-Filled Device",S2 - Projected MOS,2027-05,0.0
Zambia,MOH Supply Plan,"Medroxyprogesterone Acetate 104 mg/0.65 mL, Subcutaneous, Pre-Filled Device",S2 - Projected MOS,2027-06,0.0
Zambia,MOH Supply Plan,"Medroxyprogesterone Acetate 104 mg/0.65 mL, Subcutaneous, Pre-Filled Device",S2 - Projected MOS,2027-07,0.0
Zambia,MOH Supply Plan,"Medroxyprogesterone Acetate 104 mg/0.65 mL, Subcutaneous, Pre-Filled Device",S2 - Projected MOS,2027-08,0.0
Zambia,MOH Supply Plan,"Medroxyprogesterone Acetate 104 mg/0.65 mL, Subcutaneous, Pre-Filled Device",S2 - Projected MOS,2027-09,0.0
Zambia,MOH Supply Plan,"Medroxyprogesterone Acetate 104 mg/0.65 mL, Subcutaneous, Pre-Filled Device",S2 - Projected MOS,2027-10,0.0
Zambia,MOH Supply Plan,"Medroxyprogesterone Acetate 104 mg/0.65 mL, Subcutaneous, Pre-Filled Device",S2 - Projected MOS,2027-11,0.0
Zambia,MOH Supply Plan,"Medroxyprogesterone Acetate 104 mg/0.65 mL, Subcutaneous, Pre-Filled Device",S2 - Projected MOS,2027-12,0.0
Zambia,MOH Supply Plan,"Medroxyprogesterone Acetate 104 mg/0.65 mL, Subcutaneous, Pre-Filled Device",S2 - Projected MOS,2028-01,0.0
Zambia,MOH Supply Plan,"Medroxyprogesterone Acetate 104 mg/0.65 mL, Subcutaneous, Pre-Filled Device",S2 - Projected MOS,2028-02,0.0
Zambia,MOH Supply Plan,"Medroxyprogesterone Acetate 104 mg/0.65 mL, Subcutaneous, Pre-Filled Device",S2 - Projected MOS,2028-03,0.0
Zambia,MOH Supply Plan,"Medroxyprogesterone Acetate 104 mg/0.65 mL, Subcutaneous, Pre-Filled Device",S2 - Projected MOS,2028-04,0.0
Zambia,MOH Supply Plan,"Medroxyprogesterone Acetate 104 mg/0.65 mL, Subcutaneous, Pre-Filled Device",S2 - Projected MOS,2028-05,0.0
Zambia,MOH Supply Plan,"Medroxyprogesterone Acetate 104 mg/0.65 mL, Subcutaneous, Pre-Filled Device",S2 - Projected MOS,2028-06,0.0
Zambia,MOH Supply Plan,"Medroxyprogesterone Acetate 104 mg/0.65 mL, Subcutaneous, Pre-Filled Device",S2 - Projected MOS,2028-07,0.0
Zambia,MOH Supply Plan,"Medroxyprogesterone Acetate 104 mg/0.65 mL, Subcutaneous, Pre-Filled Device",S2 - Projected MOS,2028-08,0.0
Zambia,MOH Supply Plan,"Medroxyprogesterone Acetate 104 mg/0.65 mL, Subcutaneous, Pre-Filled Device",S2 - Suggested Replenishment,2026-08,0.0
Zambia,MOH Supply Plan,"Medroxyprogesterone Acetate 104 mg/0.65 mL, Subcutaneous, Pre-Filled Device",S2 - Suggested Replenishment,2026-09,1566883.0
Zambia,MOH Supply Plan,"Medroxyprogesterone Acetate 104 mg/0.65 mL, Subcutaneous, Pre-Filled Device",S2 - Suggested Replenishment,2026-10,0.0
Zambia,MOH Supply Plan,"Medroxyprogesterone Acetate 104 mg/0.65 mL, Subcutaneous, Pre-Filled Device",S2 - Suggested Replenishment,2026-11,0.0
Zambia,MOH Supply Plan,"Medroxyprogesterone Acetate 104 mg/0.65 mL, Subcutaneous, Pre-Filled Device",S2 - Suggested Replenishment,2026-12,0.0
Zambia,MOH Supply Plan,"Medroxyprogesterone Acetate 104 mg/0.65 mL, Subcutaneous, Pre-Filled Device",S2 - Suggested Replenishment,2027-01,0.0
Zambia,MOH Supply Plan,"Medroxyprogesterone Acetate 104 mg/0.65 mL, Subcutaneous, Pre-Filled Device",S2 - Suggested Replenishment,2027-02,0.0
Zambia,MOH Supply Plan,"Medroxyprogesterone Acetate 104 mg/0.65 mL, Subcutaneous, Pre-Filled Device",S2 - Suggested Replenishment,2027-03,0.0
Zambia,MOH Supply Plan,"Medroxyprogesterone Acetate 104 mg/0.65 mL, Subcutaneous, Pre-Filled Device",S2 - Suggested Replenishment,2027-04,0.0
Zambia,MOH Supply Plan,"Medroxyprogesterone Acetate 104 mg/0.65 mL, Subcutaneous, Pre-Filled Device",S2 - Suggested Replenishment,2027-05,0.0
Zambia,MOH Supply Plan,"Medroxyprogesterone Acetate 104 mg/0.65 mL, Subcutaneous, Pre-Filled Device",S2 - Suggested Replenishment,2027-06,0.0
Zambia,MOH Supply Plan,"Medroxyprogesterone Acetate 104 mg/0.65 mL, Subcutaneous, Pre-Filled Device",S2 - Suggested Replenishment,2027-07,0.0
Zambia,MOH Supply Plan,"Medroxyprogesterone Acetate 104 mg/0.65 mL, Subcutaneous, Pre-Filled Device",S2 - Suggested Replenishment,2027-08,1493140.0
Zambia,MOH Supply Plan,"Medroxyprogesterone Acetate 104 mg/0.65 mL, Subcutaneous, Pre-Filled Device",S2 - Suggested Replenishment,2027-09,0.0
Zambia,MOH Supply Plan,"Medroxyprogesterone Acetate 104 mg/0.65 mL, Subcutaneous, Pre-Filled Device",S2 - Suggested Replenishment,2027-10,0.0
Zambia,MOH Supply Plan,"Medroxyprogesterone Acetate 104 mg/0.65 mL, Subcutaneous, Pre-Filled Device",S2 - Suggested Replenishment,2027-11,0.0
Zambia,MOH Supply Plan,"Medroxyprogesterone Acetate 104 mg/0.65 mL, Subcutaneous, Pre-Filled Device",S2 - Suggested Replenishment,2027-12,0.0
Zambia,MOH Supply Plan,"Medroxyprogesterone Acetate 104 mg/0.65 mL, Subcutaneous, Pre-Filled Device",S2 - Suggested Replenishment,2028-01,1445451.0
Zambia,MOH Supply Plan,"Medroxyprogesterone Acetate 104 mg/0.65 mL, Subcutaneous, Pre-Filled Device",S2 - Suggested Replenishment,2028-02,0.0
Zambia,MOH Supply Plan,"Medroxyprogesterone Acetate 104 mg/0.65 mL, Subcutaneous, Pre-Filled Device",S2 - Suggested Replenishment,2028-03,0.0
Zambia,MOH Supply Plan,"Medroxyprogesterone Acetate 104 mg/0.65 mL, Subcutaneous, Pre-Filled Device",S2 - Suggested Replenishment,2028-04,0.0
Zambia,MOH Supply Plan,"Medroxyprogesterone Acetate 104 mg/0.65 mL, Subcutaneous, Pre-Filled Device",S2 - Suggested Replenishment,2028-05,0.0
Zambia,MOH Supply Plan,"Medroxyprogesterone Acetate 104 mg/0.65 mL, Subcutaneous, Pre-Filled Device",S2 - Suggested Replenishment,2028-06,1480123.0
Zambia,MOH Supply Plan,"Medroxyprogesterone Acetate 104 mg/0.65 mL, Subcutaneous, Pre-Filled Device",S2 - Suggested Replenishment,2028-07,0.0
Zambia,MOH Supply Plan,"Medroxyprogesterone Acetate 104 mg/0.65 mL, Subcutaneous, Pre-Filled Device",S2 - Suggested Replenishment,2028-08,0.0
Zambia,MOH Supply Plan,"Medroxyprogesterone Acetate 104 mg/0.65 mL, Subcutaneous, Pre-Filled Device",S2 - Projected MOS with Sugg Repl,2026-08,1.1
Zambia,MOH Supply Plan,"Medroxyprogesterone Acetate 104 mg/0.65 mL, Subcutaneous, Pre-Filled Device",S2 - Projected MOS with Sugg Repl,2026-09,6.0
Zambia,MOH Supply Plan,"Medroxyprogesterone Acetate 104 mg/0.65 mL, Subcutaneous, Pre-Filled Device",S2 - Projected MOS with Sugg Repl,2026-10,10.9
Zambia,MOH Supply Plan,"Medroxyprogesterone Acetate 104 mg/0.65 mL, Subcutaneous, Pre-Filled Device",S2 - Projected MOS with Sugg Repl,2026-11,9.8
Zambia,MOH Supply Plan,"Medroxyprogesterone Acetate 104 mg/0.65 mL, Subcutaneous, Pre-Filled Device",S2 - Projected MOS with Sugg Repl,2026-12,8.8
Zambia,MOH Supply Plan,"Medroxyprogesterone Acetate 104 mg/0.65 mL, Subcutaneous, Pre-Filled Device",S2 - Projected MOS with Sugg Repl,2027-01,7.8
Zambia,MOH Supply Plan,"Medroxyprogesterone Acetate 104 mg/0.65 mL, Subcutaneous, Pre-Filled Device",S2 - Projected MOS with Sugg Repl,2027-02,6.7
Zambia,MOH Supply Plan,"Medroxyprogesterone Acetate 104 mg/0.65 mL, Subcutaneous, Pre-Filled Device",S2 - Projected MOS with Sugg Repl,2027-03,5.7
Zambia,MOH Supply Plan,"Medroxyprogesterone Acetate 104 mg/0.65 mL, Subcutaneous, Pre-Filled Device",S2 - Projected MOS with Sugg Repl,2027-04,4.7
Zambia,MOH Supply Plan,"Medroxyprogesterone Acetate 104 mg/0.65 mL, Subcutaneous, Pre-Filled Device",S2 - Projected MOS with Sugg Repl,2027-05,3.7
Zambia,MOH Supply Plan,"Medroxyprogesterone Acetate 104 mg/0.65 mL, Subcutaneous, Pre-Filled Device",S2 - Projected MOS with Sugg Repl,2027-06,2.6
Zambia,MOH Supply Plan,"Medroxyprogesterone Acetate 104 mg/0.65 mL, Subcutaneous, Pre-Filled Device",S2 - Projected MOS with Sugg Repl,2027-07,1.6
Zambia,MOH Supply Plan,"Medroxyprogesterone Acetate 104 mg/0.65 mL, Subcutaneous, Pre-Filled Device",S2 - Projected MOS with Sugg Repl,2027-08,6.0
Zambia,MOH Supply Plan,"Medroxyprogesterone Acetate 104 mg/0.65 mL, Subcutaneous, Pre-Filled Device",S2 - Projected MOS with Sugg Repl,2027-09,5.0
Zambia,MOH Supply Plan,"Medroxyprogesterone Acetate 104 mg/0.65 mL, Subcutaneous, Pre-Filled Device",S2 - Projected MOS with Sugg Repl,2027-10,4.0
Zambia,MOH Supply Plan,"Medroxyprogesterone Acetate 104 mg/0.65 mL, Subcutaneous, Pre-Filled Device",S2 - Projected MOS with Sugg Repl,2027-11,2.9
Zambia,MOH Supply Plan,"Medroxyprogesterone Acetate 104 mg/0.65 mL, Subcutaneous, Pre-Filled Device",S2 - Projected MOS with Sugg Repl,2027-12,1.9
Zambia,MOH Supply Plan,"Medroxyprogesterone Acetate 104 mg/0.65 mL, Subcutaneous, Pre-Filled Device",S2 - Projected MOS with Sugg Repl,2028-01,6.0
Zambia,MOH Supply Plan,"Medroxyprogesterone Acetate 104 mg/0.65 mL, Subcutaneous, Pre-Filled Device",S2 - Projected MOS with Sugg Repl,2028-02,5.0
Zambia,MOH Supply Plan,"Medroxyprogesterone Acetate 104 mg/0.65 mL, Subcutaneous, Pre-Filled Device",S2 - Projected MOS with Sugg Repl,2028-03,4.0
Zambia,MOH Supply Plan,"Medroxyprogesterone Acetate 104 mg/0.65 mL, Subcutaneous, Pre-Filled Device",S2 - Projected MOS with Sugg Repl,2028-04,2.9
Zambia,MOH Supply Plan,"Medroxyprogesterone Acetate 104 mg/0.65 mL, Subcutaneous, Pre-Filled Device",S2 - Projected MOS with Sugg Repl,2028-05,1.9
Zambia,MOH Supply Plan,"Medroxyprogesterone Acetate 104 mg/0.65 mL, Subcutaneous, Pre-Filled Device",S2 - Projected MOS with Sugg Repl,2028-06,6.0
Zambia,MOH Supply Plan,"Medroxyprogesterone Acetate 104 mg/0.65 mL, Subcutaneous, Pre-Filled Device",S2 - Projected MOS with Sugg Repl,2028-07,5.0
Zambia,MOH Supply Plan,"Medroxyprogesterone Acetate 104 mg/0.65 mL, Subcutaneous, Pre-Filled Device",S2 - Projected MOS with Sugg Repl,2028-08,4.0
Zambia,MOH Supply Plan,"Medroxyprogesterone Acetate 150 mg/mL (1 mL) Vial, Intramuscular",Monthly Consumption,2026-02,136515.0
Zambia,MOH Supply Plan,"Medroxyprogesterone Acetate 150 mg/mL (1 mL) Vial, Intramuscular",Monthly Consumption,2026-03,115850.0
Zambia,MOH Supply Plan,"Medroxyprogesterone Acetate 150 mg/mL (1 mL) Vial, Intramuscular",Monthly Consumption,2026-04,137942.0
Zambia,MOH Supply Plan,"Medroxyprogesterone Acetate 150 mg/mL (1 mL) Vial, Intramuscular",Monthly Consumption,2026-05,139087.0
Zambia,MOH Supply Plan,"Medroxyprogesterone Acetate 150 mg/mL (1 mL) Vial, Intramuscular",Monthly Consumption,2026-06,140230.0
Zambia,MOH Supply Plan,"Medroxyprogesterone Acetate 150 mg/mL (1 mL) Vial, Intramuscular",Monthly Consumption,2026-07,141375.0
Zambia,MOH Supply Plan,"Medroxyprogesterone Acetate 150 mg/mL (1 mL) Vial, Intramuscular",Monthly Consumption,2026-08,142519.0
Zambia,MOH Supply Plan,"Medroxyprogesterone Acetate 150 mg/mL (1 mL) Vial, Intramuscular",Monthly Consumption,2026-09,143664.0
Zambia,MOH Supply Plan,"Medroxyprogesterone Acetate 150 mg/mL (1 mL) Vial, Intramuscular",Monthly Consumption,2026-10,144807.0
Zambia,MOH Supply Plan,"Medroxyprogesterone Acetate 150 mg/mL (1 mL) Vial, Intramuscular",Monthly Consumption,2026-11,145952.0
Zambia,MOH Supply Plan,"Medroxyprogesterone Acetate 150 mg/mL (1 mL) Vial, Intramuscular",Monthly Consumption,2026-12,147097.0
Zambia,MOH Supply Plan,"Medroxyprogesterone Acetate 150 mg/mL (1 mL) Vial, Intramuscular",Monthly Consumption,2027-01,148240.0
Zambia,MOH Supply Plan,"Medroxyprogesterone Acetate 150 mg/mL (1 mL) Vial, Intramuscular",Monthly Consumption,2027-02,149385.0
Zambia,MOH Supply Plan,"Medroxyprogesterone Acetate 150 mg/mL (1 mL) Vial, Intramuscular",Monthly Consumption,2027-03,150529.0
Zambia,MOH Supply Plan,"Medroxyprogesterone Acetate 150 mg/mL (1 mL) Vial, Intramuscular",Monthly Consumption,2027-04,151673.0
Zambia,MOH Supply Plan,"Medroxyprogesterone Acetate 150 mg/mL (1 mL) Vial, Intramuscular",Monthly Consumption,2027-05,152818.0
Zambia,MOH Supply Plan,"Medroxyprogesterone Acetate 150 mg/mL (1 mL) Vial, Intramuscular",Monthly Consumption,2027-06,153962.0
Zambia,MOH Supply Plan,"Medroxyprogesterone Acetate 150 mg/mL (1 mL) Vial, Intramuscular",Monthly Consumption,2027-07,155106.0
Zambia,MOH Supply Plan,"Medroxyprogesterone Acetate 150 mg/mL (1 mL) Vial, Intramuscular",Monthly Consumption,2027-08,156250.0
Zambia,MOH Supply Plan,"Medroxyprogesterone Acetate 150 mg/mL (1 mL) Vial, Intramuscular",Monthly Consumption,2027-09,157395.0
Zambia,MOH Supply Plan,"Medroxyprogesterone Acetate 150 mg/mL (1 mL) Vial, Intramuscular",Monthly Consumption,2027-10,158539.0
Zambia,MOH Supply Plan,"Medroxyprogesterone Acetate 150 mg/mL (1 mL) Vial, Intramuscular",Monthly Consumption,2027-11,159683.0
Zambia,MOH Supply Plan,"Medroxyprogesterone Acetate 150 mg/mL (1 mL) Vial, Intramuscular",Monthly Consumption,2027-12,160827.0
Zambia,MOH Supply Plan,"Medroxyprogesterone Acetate 150 mg/mL (1 mL) Vial, Intramuscular",Monthly Consumption,2028-01,161972.0
Zambia,MOH Supply Plan,"Medroxyprogesterone Acetate 150 mg/mL (1 mL) Vial, Intramuscular",Monthly Consumption,2028-02,163116.0
Zambia,MOH Supply Plan,"Medroxyprogesterone Acetate 150 mg/mL (1 mL) Vial, Intramuscular",Monthly Consumption,2028-03,164260.0
Zambia,MOH Supply Plan,"Medroxyprogesterone Acetate 150 mg/mL (1 mL) Vial, Intramuscular",Monthly Consumption,2028-04,165405.0
Zambia,MOH Supply Plan,"Medroxyprogesterone Acetate 150 mg/mL (1 mL) Vial, Intramuscular",Monthly Consumption,2028-05,166549.0
Zambia,MOH Supply Plan,"Medroxyprogesterone Acetate 150 mg/mL (1 mL) Vial, Intramuscular",Monthly Consumption,2028-06,167693.0
Zambia,MOH Supply Plan,"Medroxyprogesterone Acetate 150 mg/mL (1 mL) Vial, Intramuscular",Monthly Consumption,2028-07,168837.0
Zambia,MOH Supply Plan,"Medroxyprogesterone Acetate 150 mg/mL (1 mL) Vial, Intramuscular",Monthly Consumption,2028-08,169982.0
Zambia,MOH Supply Plan,"Medroxyprogesterone Acetate 150 mg/mL (1 mL) Vial, Intramuscular",Prev. Monthly Consumption,2026-02,135653.0
Zambia,MOH Supply Plan,"Medroxyprogesterone Acetate 150 mg/mL (1 mL) Vial, Intramuscular",Prev. Monthly Consumption,2026-03,136798.0
Zambia,MOH Supply Plan,"Medroxyprogesterone Acetate 150 mg/mL (1 mL) Vial, Intramuscular",Prev. Monthly Consumption,2026-04,137942.0
Zambia,MOH Supply Plan,"Medroxyprogesterone Acetate 150 mg/mL (1 mL) Vial, Intramuscular",Prev. Monthly Consumption,2026-05,139087.0
Zambia,MOH Supply Plan,"Medroxyprogesterone Acetate 150 mg/mL (1 mL) Vial, Intramuscular",Prev. Monthly Consumption,2026-06,140230.0
Zambia,MOH Supply Plan,"Medroxyprogesterone Acetate 150 mg/mL (1 mL) Vial, Intramuscular",Prev. Monthly Consumption,2026-07,141375.0
Zambia,MOH Supply Plan,"Medroxyprogesterone Acetate 150 mg/mL (1 mL) Vial, Intramuscular",Prev. Monthly Consumption,2026-08,142519.0
Zambia,MOH Supply Plan,"Medroxyprogesterone Acetate 150 mg/mL (1 mL) Vial, Intramuscular",Prev. Monthly Consumption,2026-09,143664.0
Zambia,MOH Supply Plan,"Medroxyprogesterone Acetate 150 mg/mL (1 mL) Vial, Intramuscular",Prev. Monthly Consumption,2026-10,144807.0
Zambia,MOH Supply Plan,"Medroxyprogesterone Acetate 150 mg/mL (1 mL) Vial, Intramuscular",Prev. Monthly Consumption,2026-11,145952.0
Zambia,MOH Supply Plan,"Medroxyprogesterone Acetate 150 mg/mL (1 mL) Vial, Intramuscular",Prev. Monthly Consumption,2026-12,147097.0
Zambia,MOH Supply Plan,"Medroxyprogesterone Acetate 150 mg/mL (1 mL) Vial, Intramuscular",Prev. Monthly Consumption,2027-01,148240.0
Zambia,MOH Supply Plan,"Medroxyprogesterone Acetate 150 mg/mL (1 mL) Vial, Intramuscular",Prev. Monthly Consumption,2027-02,149385.0
Zambia,MOH Supply Plan,"Medroxyprogesterone Acetate 150 mg/mL (1 mL) Vial, Intramuscular",Prev. Monthly Consumption,2027-03,150529.0
Zambia,MOH Supply Plan,"Medroxyprogesterone Acetate 150 mg/mL (1 mL) Vial, Intramuscular",Prev. Monthly Consumption,2027-04,151673.0
Zambia,MOH Supply Plan,"Medroxyprogesterone Acetate 150 mg/mL (1 mL) Vial, Intramuscular",Prev. Monthly Consumption,2027-05,152818.0
Zambia,MOH Supply Plan,"Medroxyprogesterone Acetate 150 mg/mL (1 mL) Vial, Intramuscular",Prev. Monthly Consumption,2027-06,153962.0
Zambia,MOH Supply Plan,"Medroxyprogesterone Acetate 150 mg/mL (1 mL) Vial, Intramuscular",Prev. Monthly Consumption,2027-07,155106.0
Zambia,MOH Supply Plan,"Medroxyprogesterone Acetate 150 mg/mL (1 mL) Vial, Intramuscular",Prev. Monthly Consumption,2027-08,156250.0
Zambia,MOH Supply Plan,"Medroxyprogesterone Acetate 150 mg/mL (1 mL) Vial, Intramuscular",Prev. Monthly Consumption,2027-09,157395.0
Zambia,MOH Supply Plan,"Medroxyprogesterone Acetate 150 mg/mL (1 mL) Vial, Intramuscular",Prev. Monthly Consumption,2027-10,158539.0
Zambia,MOH Supply Plan,"Medroxyprogesterone Acetate 150 mg/mL (1 mL) Vial, Intramuscular",Prev. Monthly Consumption,2027-11,159683.0
Zambia,MOH Supply Plan,"Medroxyprogesterone Acetate 150 mg/mL (1 mL) Vial, Intramuscular",Prev. Monthly Consumption,2027-12,160827.0
Zambia,MOH Supply Plan,"Medroxyprogesterone Acetate 150 mg/mL (1 mL) Vial, Intramuscular",Prev. Monthly Consumption,2028-01,161972.0
Zambia,MOH Supply Plan,"Medroxyprogesterone Acetate 150 mg/mL (1 mL) Vial, Intramuscular",Prev. Monthly Consumption,2028-02,163116.0
Zambia,MOH Supply Plan,"Medroxyprogesterone Acetate 150 mg/mL (1 mL) Vial, Intramuscular",Prev. Monthly Consumption,2028-03,164260.0
Zambia,MOH Supply Plan,"Medroxyprogesterone Acetate 150 mg/mL (1 mL) Vial, Intramuscular",Prev. Monthly Consumption,2028-04,165405.0
Zambia,MOH Supply Plan,"Medroxyprogesterone Acetate 150 mg/mL (1 mL) Vial, Intramuscular",Prev. Monthly Consumption,2028-05,166549.0
Zambia,MOH Supply Plan,"Medroxyprogesterone Acetate 150 mg/mL (1 mL) Vial, Intramuscular",Prev. Monthly Consumption,2028-06,167693.0
Zambia,MOH Supply Plan,"Medroxyprogesterone Acetate 150 mg/mL (1 mL) Vial, Intramuscular",Prev. Monthly Consumption,2028-07,168837.0
Zambia,MOH Supply Plan,"Medroxyprogesterone Acetate 150 mg/mL (1 mL) Vial, Intramuscular",Prev. Monthly Consumption,2028-08,169982.0
Zambia,MOH Supply Plan,"Medroxyprogesterone Acetate 150 mg/mL (1 mL) Vial, Intramuscular",Supply Plan Inventory,2026-02,1557925.0
Zambia,MOH Supply Plan,"Medroxyprogesterone Acetate 150 mg/mL (1 mL) Vial, Intramuscular",Supply Plan Inventory,2026-03,1421540.0
Zambia,MOH Supply Plan,"Medroxyprogesterone Acetate 150 mg/mL (1 mL) Vial, Intramuscular",Supply Plan Inventory,2026-04,1283598.0
Zambia,MOH Supply Plan,"Medroxyprogesterone Acetate 150 mg/mL (1 mL) Vial, Intramuscular",Supply Plan Inventory,2026-05,1144511.0
Zambia,MOH Supply Plan,"Medroxyprogesterone Acetate 150 mg/mL (1 mL) Vial, Intramuscular",Supply Plan Inventory,2026-06,1004281.0
Zambia,MOH Supply Plan,"Medroxyprogesterone Acetate 150 mg/mL (1 mL) Vial, Intramuscular",Supply Plan Inventory,2026-07,862906.0
Zambia,MOH Supply Plan,"Medroxyprogesterone Acetate 150 mg/mL (1 mL) Vial, Intramuscular",Supply Plan Inventory,2026-08,720387.0
Zambia,MOH Supply Plan,"Medroxyprogesterone Acetate 150 mg/mL (1 mL) Vial, Intramuscular",Supply Plan Inventory,2026-09,576723.0
Zambia,MOH Supply Plan,"Medroxyprogesterone Acetate 150 mg/mL (1 mL) Vial, Intramuscular",Supply Plan Inventory,2026-10,635676.0
Zambia,MOH Supply Plan,"Medroxyprogesterone Acetate 150 mg/mL (1 mL) Vial, Intramuscular",Supply Plan Inventory,2026-11,489724.0
Zambia,MOH Supply Plan,"Medroxyprogesterone Acetate 150 mg/mL (1 mL) Vial, Intramuscular",Supply Plan Inventory,2026-12,875459.0
Zambia,MOH Supply Plan,"Medroxyprogesterone Acetate 150 mg/mL (1 mL) Vial, Intramuscular",Supply Plan Inventory,2027-01,727219.0
Zambia,MOH Supply Plan,"Medroxyprogesterone Acetate 150 mg/mL (1 mL) Vial, Intramuscular",Supply Plan Inventory,2027-02,577834.0
Zambia,MOH Supply Plan,"Medroxyprogesterone Acetate 150 mg/mL (1 mL) Vial, Intramuscular",Supply Plan Inventory,2027-03,896055.0
Zambia,MOH Supply Plan,"Medroxyprogesterone Acetate 150 mg/mL (1 mL) Vial, Intramuscular",Supply Plan Inventory,2027-04,744382.0
Zambia,MOH Supply Plan,"Medroxyprogesterone Acetate 150 mg/mL (1 mL) Vial, Intramuscular",Supply Plan Inventory,2027-05,591564.0
Zambia,MOH Supply Plan,"Medroxyprogesterone Acetate 150 mg/mL (1 mL) Vial, Intramuscular",Supply Plan Inventory,2027-06,916653.0
Zambia,MOH Supply Plan,"Medroxyprogesterone Acetate 150 mg/mL (1 mL) Vial, Intramuscular",Supply Plan Inventory,2027-07,761547.0
Zambia,MOH Supply Plan,"Medroxyprogesterone Acetate 150 mg/mL (1 mL) Vial, Intramuscular",Supply Plan Inventory,2027-08,605297.0
Zambia,MOH Supply Plan,"Medroxyprogesterone Acetate 150 mg/mL (1 mL) Vial, Intramuscular",Supply Plan Inventory,2027-09,937249.0
Zambia,MOH Supply Plan,"Medroxyprogesterone Acetate 150 mg/mL (1 mL) Vial, Intramuscular",Supply Plan Inventory,2027-10,778710.0
Zambia,MOH Supply Plan,"Medroxyprogesterone Acetate 150 mg/mL (1 mL) Vial, Intramuscular",Supply Plan Inventory,2027-11,619027.0
Zambia,MOH Supply Plan,"Medroxyprogesterone Acetate 150 mg/mL (1 mL) Vial, Intramuscular",Supply Plan Inventory,2027-12,957845.0
Zambia,MOH Supply Plan,"Medroxyprogesterone Acetate 150 mg/mL (1 mL) Vial, Intramuscular",Supply Plan Inventory,2028-01,795873.0
Zambia,MOH Supply Plan,"Medroxyprogesterone Acetate 150 mg/mL (1 mL) Vial, Intramuscular",Supply Plan Inventory,2028-02,632757.0
Zambia,MOH Supply Plan,"Medroxyprogesterone Acetate 150 mg/mL (1 mL) Vial, Intramuscular",Supply Plan Inventory,2028-03,978443.0
Zambia,MOH Supply Plan,"Medroxyprogesterone Acetate 150 mg/mL (1 mL) Vial, Intramuscular",Supply Plan Inventory,2028-04,813038.0
Zambia,MOH Supply Plan,"Medroxyprogesterone Acetate 150 mg/mL (1 mL) Vial, Intramuscular",Supply Plan Inventory,2028-05,646489.0
Zambia,MOH Supply Plan,"Medroxyprogesterone Acetate 150 mg/mL (1 mL) Vial, Intramuscular",Supply Plan Inventory,2028-06,999041.0
Zambia,MOH Supply Plan,"Medroxyprogesterone Acetate 150 mg/mL (1 mL) Vial, Intramuscular",Supply Plan Inventory,2028-07,830204.0
Zambia,MOH Supply Plan,"Medroxyprogesterone Acetate 150 mg/mL (1 mL) Vial, Intramuscular",Supply Plan Inventory,2028-08,660222.0
Zambia,MOH Supply Plan,"Medroxyprogesterone Acetate 150 mg/mL (1 mL) Vial, Intramuscular",Monthly Inventory,2026-02,1557925.0
Zambia,MOH Supply Plan,"Medroxyprogesterone Acetate 150 mg/mL (1 mL) Vial, Intramuscular",Monthly Inventory,2026-03,1421540.0
Zambia,MOH Supply Plan,"Medroxyprogesterone Acetate 150 mg/mL (1 mL) Vial, Intramuscular",Monthly Inventory,2026-04,1202255.0
Zambia,MOH Supply Plan,"Medroxyprogesterone Acetate 150 mg/mL (1 mL) Vial, Intramuscular",Monthly Inventory,2026-05,1032040.0
Zambia,MOH Supply Plan,"Medroxyprogesterone Acetate 150 mg/mL (1 mL) Vial, Intramuscular",Monthly Inventory,2026-07,733800.0
Zambia,MOH Supply Plan,"Medroxyprogesterone Acetate 150 mg/mL (1 mL) Vial, Intramuscular",Projected Inventory Adjustment,2026-02,35225.0
Zambia,MOH Supply Plan,"Medroxyprogesterone Acetate 150 mg/mL (1 mL) Vial, Intramuscular",Projected Inventory Adjustment,2026-03,-20535.0
Zambia,MOH Supply Plan,"Medroxyprogesterone Acetate 150 mg/mL (1 mL) Vial, Intramuscular",Projected Inventory Adjustment,2026-04,0.0
Zambia,MOH Supply Plan,"Medroxyprogesterone Acetate 150 mg/mL (1 mL) Vial, Intramuscular",Projected Inventory Adjustment,2026-05,0.0
Zambia,MOH Supply Plan,"Medroxyprogesterone Acetate 150 mg/mL (1 mL) Vial, Intramuscular",Projected Inventory Adjustment,2026-06,0.0
Zambia,MOH Supply Plan,"Medroxyprogesterone Acetate 150 mg/mL (1 mL) Vial, Intramuscular",Projected Inventory Adjustment,2026-07,0.0
Zambia,MOH Supply Plan,"Medroxyprogesterone Acetate 150 mg/mL (1 mL) Vial, Intramuscular",Projected Inventory Adjustment,2026-08,0.0
Zambia,MOH Supply Plan,"Medroxyprogesterone Acetate 150 mg/mL (1 mL) Vial, Intramuscular",Projected Inventory Adjustment,2026-09,0.0
Zambia,MOH Supply Plan,"Medroxyprogesterone Acetate 150 mg/mL (1 mL) Vial, Intramuscular",Projected Inventory Adjustment,2026-10,0.0
Zambia,MOH Supply Plan,"Medroxyprogesterone Acetate 150 mg/mL (1 mL) Vial, Intramuscular",Projected Inventory Adjustment,2026-11,0.0
Zambia,MOH Supply Plan,"Medroxyprogesterone Acetate 150 mg/mL (1 mL) Vial, Intramuscular",Projected Inventory Adjustment,2026-12,0.0
Zambia,MOH Supply Plan,"Medroxyprogesterone Acetate 150 mg/mL (1 mL) Vial, Intramuscular",Projected Inventory Adjustment,2027-01,0.0
Zambia,MOH Supply Plan,"Medroxyprogesterone Acetate 150 mg/mL (1 mL) Vial, Intramuscular",Projected Inventory Adjustment,2027-02,0.0
Zambia,MOH Supply Plan,"Medroxyprogesterone Acetate 150 mg/mL (1 mL) Vial, Intramuscular",Projected Inventory Adjustment,2027-03,0.0
Zambia,MOH Supply Plan,"Medroxyprogesterone Acetate 150 mg/mL (1 mL) Vial, Intramuscular",Projected Inventory Adjustment,2027-04,0.0
Zambia,MOH Supply Plan,"Medroxyprogesterone Acetate 150 mg/mL (1 mL) Vial, Intramuscular",Projected Inventory Adjustment,2027-05,0.0
Zambia,MOH Supply Plan,"Medroxyprogesterone Acetate 150 mg/mL (1 mL) Vial, Intramuscular",Projected Inventory Adjustment,2027-06,0.0
Zambia,MOH Supply Plan,"Medroxyprogesterone Acetate 150 mg/mL (1 mL) Vial, Intramuscular",Projected Inventory Adjustment,2027-07,0.0
Zambia,MOH Supply Plan,"Medroxyprogesterone Acetate 150 mg/mL (1 mL) Vial, Intramuscular",Projected Inventory Adjustment,2027-08,0.0
Zambia,MOH Supply Plan,"Medroxyprogesterone Acetate 150 mg/mL (1 mL) Vial, Intramuscular",Projected Inventory Adjustment,2027-09,0.0
Zambia,MOH Supply Plan,"Medroxyprogesterone Acetate 150 mg/mL (1 mL) Vial, Intramuscular",Projected Inventory Adjustment,2027-10,0.0
Zambia,MOH Supply Plan,"Medroxyprogesterone Acetate 150 mg/mL (1 mL) Vial, Intramuscular",Projected Inventory Adjustment,2027-11,0.0
Zambia,MOH Supply Plan,"Medroxyprogesterone Acetate 150 mg/mL (1 mL) Vial, Intramuscular",Projected Inventory Adjustment,2027-12,0.0
Zambia,MOH Supply Plan,"Medroxyprogesterone Acetate 150 mg/mL (1 mL) Vial, Intramuscular",Projected Inventory Adjustment,2028-01,0.0
Zambia,MOH Supply Plan,"Medroxyprogesterone Acetate 150 mg/mL (1 mL) Vial, Intramuscular",Projected Inventory Adjustment,2028-02,0.0
Zambia,MOH Supply Plan,"Medroxyprogesterone Acetate 150 mg/mL (1 mL) Vial, Intramuscular",Projected Inventory Adjustment,2028-03,0.0
Zambia,MOH Supply Plan,"Medroxyprogesterone Acetate 150 mg/mL (1 mL) Vial, Intramuscular",Projected Inventory Adjustment,2028-04,0.0
Zambia,MOH Supply Plan,"Medroxyprogesterone Acetate 150 mg/mL (1 mL) Vial, Intramuscular",Projected Inventory Adjustment,2028-05,0.0
Zambia,MOH Supply Plan,"Medroxyprogesterone Acetate 150 mg/mL (1 mL) Vial, Intramuscular",Projected Inventory Adjustment,2028-06,0.0
Zambia,MOH Supply Plan,"Medroxyprogesterone Acetate 150 mg/mL (1 mL) Vial, Intramuscular",Projected Inventory Adjustment,2028-07,0.0
Zambia,MOH Supply Plan,"Medroxyprogesterone Acetate 150 mg/mL (1 mL) Vial, Intramuscular",Projected Inventory Adjustment,2028-08,0.0
Zambia,MOH Supply Plan,"Medroxyprogesterone Acetate 150 mg/mL (1 mL) Vial, Intramuscular",Expected Requirements,2026-02,400000.0
Zambia,MOH Supply Plan,"Medroxyprogesterone Acetate 150 mg/mL (1 mL) Vial, Intramuscular",Expected Requirements,2026-10,203760.0
Zambia,MOH Supply Plan,"Medroxyprogesterone Acetate 150 mg/mL (1 mL) Vial, Intramuscular",Expected Requirements,2026-12,532832.0
Zambia,MOH Supply Plan,"Medroxyprogesterone Acetate 150 mg/mL (1 mL) Vial, Intramuscular",Expected Requirements,2027-03,468750.0
Zambia,MOH Supply Plan,"Medroxyprogesterone Acetate 150 mg/mL (1 mL) Vial, Intramuscular",Expected Requirements,2027-06,479051.0
Zambia,MOH Supply Plan,"Medroxyprogesterone Acetate 150 mg/mL (1 mL) Vial, Intramuscular",Expected Requirements,2027-09,489347.0
Zambia,MOH Supply Plan,"Medroxyprogesterone Acetate 150 mg/mL (1 mL) Vial, Intramuscular",Expected Requirements,2027-12,499645.0
Zambia,MOH Supply Plan,"Medroxyprogesterone Acetate 150 mg/mL (1 mL) Vial, Intramuscular",Expected Requirements,2028-03,509946.0
Zambia,MOH Supply Plan,"Medroxyprogesterone Acetate 150 mg/mL (1 mL) Vial, Intramuscular",Expected Requirements,2028-06,520245.0
Zambia,MOH Supply Plan,"Medroxyprogesterone Acetate 150 mg/mL (1 mL) Vial, Intramuscular",In-Transit Shipments,2026-07,203760.0
Zambia,MOH Supply Plan,"Medroxyprogesterone Acetate 150 mg/mL (1 mL) Vial, Intramuscular",Received Shipments,2026-02,400000.0
Zambia,MOH Supply Plan,"Medroxyprogesterone Acetate 150 mg/mL (1 mL) Vial, Intramuscular",Manual Adjustment,2026-10,203760.0
Zambia,MOH Supply Plan,"Medroxyprogesterone Acetate 150 mg/mL (1 mL) Vial, Intramuscular",Projected Inventory,2026-02,0.0
Zambia,MOH Supply Plan,"Medroxyprogesterone Acetate 150 mg/mL (1 mL) Vial, Intramuscular",Projected Inventory,2026-03,0.0
Zambia,MOH Supply Plan,"Medroxyprogesterone Acetate 150 mg/mL (1 mL) Vial, Intramuscular",Projected Inventory,2026-04,0.0
Zambia,MOH Supply Plan,"Medroxyprogesterone Acetate 150 mg/mL (1 mL) Vial, Intramuscular",Projected Inventory,2026-05,0.0
Zambia,MOH Supply Plan,"Medroxyprogesterone Acetate 150 mg/mL (1 mL) Vial, Intramuscular",Projected Inventory,2026-06,0.0
Zambia,MOH Supply Plan,"Medroxyprogesterone Acetate 150 mg/mL (1 mL) Vial, Intramuscular",Projected Inventory,2026-07,733800.0
Zambia,MOH Supply Plan,"Medroxyprogesterone Acetate 150 mg/mL (1 mL) Vial, Intramuscular",Projected Inventory,2026-08,591281.0
Zambia,MOH Supply Plan,"Medroxyprogesterone Acetate 150 mg/mL (1 mL) Vial, Intramuscular",Projected Inventory,2026-09,447617.0
Zambia,MOH Supply Plan,"Medroxyprogesterone Acetate 150 mg/mL (1 mL) Vial, Intramuscular",Projected Inventory,2026-10,506570.0
Zambia,MOH Supply Plan,"Medroxyprogesterone Acetate 150 mg/mL (1 mL) Vial, Intramuscular",Projected Inventory,2026-11,360618.0
Zambia,MOH Supply Plan,"Medroxyprogesterone Acetate 150 mg/mL (1 mL) Vial, Intramuscular",Projected Inventory,2026-12,213521.0
Zambia,MOH Supply Plan,"Medroxyprogesterone Acetate 150 mg/mL (1 mL) Vial, Intramuscular",Projected Inventory,2027-01,65281.0
Zambia,MOH Supply Plan,"Medroxyprogesterone Acetate 150 mg/mL (1 mL) Vial, Intramuscular",Projected Inventory,2027-02,0.0
Zambia,MOH Supply Plan,"Medroxyprogesterone Acetate 150 mg/mL (1 mL) Vial, Intramuscular",Projected Inventory,2027-03,0.0
Zambia,MOH Supply Plan,"Medroxyprogesterone Acetate 150 mg/mL (1 mL) Vial, Intramuscular",Projected Inventory,2027-04,0.0
Zambia,MOH Supply Plan,"Medroxyprogesterone Acetate 150 mg/mL (1 mL) Vial, Intramuscular",Projected Inventory,2027-05,0.0
Zambia,MOH Supply Plan,"Medroxyprogesterone Acetate 150 mg/mL (1 mL) Vial, Intramuscular",Projected Inventory,2027-06,0.0
Zambia,MOH Supply Plan,"Medroxyprogesterone Acetate 150 mg/mL (1 mL) Vial, Intramuscular",Projected Inventory,2027-07,0.0
Zambia,MOH Supply Plan,"Medroxyprogesterone Acetate 150 mg/mL (1 mL) Vial, Intramuscular",Projected Inventory,2027-08,0.0
Zambia,MOH Supply Plan,"Medroxyprogesterone Acetate 150 mg/mL (1 mL) Vial, Intramuscular",Projected Inventory,2027-09,0.0
Zambia,MOH Supply Plan,"Medroxyprogesterone Acetate 150 mg/mL (1 mL) Vial, Intramuscular",Projected Inventory,2027-10,0.0
Zambia,MOH Supply Plan,"Medroxyprogesterone Acetate 150 mg/mL (1 mL) Vial, Intramuscular",Projected Inventory,2027-11,0.0
Zambia,MOH Supply Plan,"Medroxyprogesterone Acetate 150 mg/mL (1 mL) Vial, Intramuscular",Projected Inventory,2027-12,0.0
Zambia,MOH Supply Plan,"Medroxyprogesterone Acetate 150 mg/mL (1 mL) Vial, Intramuscular",Projected Inventory,2028-01,0.0
Zambia,MOH Supply Plan,"Medroxyprogesterone Acetate 150 mg/mL (1 mL) Vial, Intramuscular",Projected Inventory,2028-02,0.0
Zambia,MOH Supply Plan,"Medroxyprogesterone Acetate 150 mg/mL (1 mL) Vial, Intramuscular",Projected Inventory,2028-03,0.0
Zambia,MOH Supply Plan,"Medroxyprogesterone Acetate 150 mg/mL (1 mL) Vial, Intramuscular",Projected Inventory,2028-04,0.0
Zambia,MOH Supply Plan,"Medroxyprogesterone Acetate 150 mg/mL (1 mL) Vial, Intramuscular",Projected Inventory,2028-05,0.0
Zambia,MOH Supply Plan,"Medroxyprogesterone Acetate 150 mg/mL (1 mL) Vial, Intramuscular",Projected Inventory,2028-06,0.0
Zambia,MOH Supply Plan,"Medroxyprogesterone Acetate 150 mg/mL (1 mL) Vial, Intramuscular",Projected Inventory,2028-07,0.0
Zambia,MOH Supply Plan,"Medroxyprogesterone Acetate 150 mg/mL (1 mL) Vial, Intramuscular",Projected Inventory,2028-08,0.0
Zambia,MOH Supply Plan,"Medroxyprogesterone Acetate 150 mg/mL (1 mL) Vial, Intramuscular",Projected MOS,2026-02,0.0
Zambia,MOH Supply Plan,"Medroxyprogesterone Acetate 150 mg/mL (1 mL) Vial, Intramuscular",Projected MOS,2026-03,0.0
Zambia,MOH Supply Plan,"Medroxyprogesterone Acetate 150 mg/mL (1 mL) Vial, Intramuscular",Projected MOS,2026-04,0.0
Zambia,MOH Supply Plan,"Medroxyprogesterone Acetate 150 mg/mL (1 mL) Vial, Intramuscular",Projected MOS,2026-05,0.0
Zambia,MOH Supply Plan,"Medroxyprogesterone Acetate 150 mg/mL (1 mL) Vial, Intramuscular",Projected MOS,2026-06,0.0
Zambia,MOH Supply Plan,"Medroxyprogesterone Acetate 150 mg/mL (1 mL) Vial, Intramuscular",Projected MOS,2026-07,5.1
Zambia,MOH Supply Plan,"Medroxyprogesterone Acetate 150 mg/mL (1 mL) Vial, Intramuscular",Projected MOS,2026-08,4.1
Zambia,MOH Supply Plan,"Medroxyprogesterone Acetate 150 mg/mL (1 mL) Vial, Intramuscular",Projected MOS,2026-09,3.1
Zambia,MOH Supply Plan,"Medroxyprogesterone Acetate 150 mg/mL (1 mL) Vial, Intramuscular",Projected MOS,2026-10,3.5
Zambia,MOH Supply Plan,"Medroxyprogesterone Acetate 150 mg/mL (1 mL) Vial, Intramuscular",Projected MOS,2026-11,2.5
Zambia,MOH Supply Plan,"Medroxyprogesterone Acetate 150 mg/mL (1 mL) Vial, Intramuscular",Projected MOS,2026-12,1.4
Zambia,MOH Supply Plan,"Medroxyprogesterone Acetate 150 mg/mL (1 mL) Vial, Intramuscular",Projected MOS,2027-01,0.4
Zambia,MOH Supply Plan,"Medroxyprogesterone Acetate 150 mg/mL (1 mL) Vial, Intramuscular",Projected MOS,2027-02,0.0
Zambia,MOH Supply Plan,"Medroxyprogesterone Acetate 150 mg/mL (1 mL) Vial, Intramuscular",Projected MOS,2027-03,0.0
Zambia,MOH Supply Plan,"Medroxyprogesterone Acetate 150 mg/mL (1 mL) Vial, Intramuscular",Projected MOS,2027-04,0.0
Zambia,MOH Supply Plan,"Medroxyprogesterone Acetate 150 mg/mL (1 mL) Vial, Intramuscular",Projected MOS,2027-05,0.0
Zambia,MOH Supply Plan,"Medroxyprogesterone Acetate 150 mg/mL (1 mL) Vial, Intramuscular",Projected MOS,2027-06,0.0
Zambia,MOH Supply Plan,"Medroxyprogesterone Acetate 150 mg/mL (1 mL) Vial, Intramuscular",Projected MOS,2027-07,0.0
Zambia,MOH Supply Plan,"Medroxyprogesterone Acetate 150 mg/mL (1 mL) Vial, Intramuscular",Projected MOS,2027-08,0.0
Zambia,MOH Supply Plan,"Medroxyprogesterone Acetate 150 mg/mL (1 mL) Vial, Intramuscular",Projected MOS,2027-09,0.0
Zambia,MOH Supply Plan,"Medroxyprogesterone Acetate 150 mg/mL (1 mL) Vial, Intramuscular",Projected MOS,2027-10,0.0
Zambia,MOH Supply Plan,"Medroxyprogesterone Acetate 150 mg/mL (1 mL) Vial, Intramuscular",Projected MOS,2027-11,0.0
Zambia,MOH Supply Plan,"Medroxyprogesterone Acetate 150 mg/mL (1 mL) Vial, Intramuscular",Projected MOS,2027-12,0.0
Zambia,MOH Supply Plan,"Medroxyprogesterone Acetate 150 mg/mL (1 mL) Vial, Intramuscular",Projected MOS,2028-01,0.0
Zambia,MOH Supply Plan,"Medroxyprogesterone Acetate 150 mg/mL (1 mL) Vial, Intramuscular",Projected MOS,2028-02,0.0
Zambia,MOH Supply Plan,"Medroxyprogesterone Acetate 150 mg/mL (1 mL) Vial, Intramuscular",Projected MOS,2028-03,0.0
Zambia,MOH Supply Plan,"Medroxyprogesterone Acetate 150 mg/mL (1 mL) Vial, Intramuscular",Projected MOS,2028-04,0.0
Zambia,MOH Supply Plan,"Medroxyprogesterone Acetate 150 mg/mL (1 mL) Vial, Intramuscular",Projected MOS,2028-05,0.0
Zambia,MOH Supply Plan,"Medroxyprogesterone Acetate 150 mg/mL (1 mL) Vial, Intramuscular",Projected MOS,2028-06,0.0
Zambia,MOH Supply Plan,"Medroxyprogesterone Acetate 150 mg/mL (1 mL) Vial, Intramuscular",Projected MOS,2028-07,0.0
Zambia,MOH Supply Plan,"Medroxyprogesterone Acetate 150 mg/mL (1 mL) Vial, Intramuscular",Projected MOS,2028-08,0.0
Zambia,MOH Supply Plan,"Medroxyprogesterone Acetate 150 mg/mL (1 mL) Vial, Intramuscular",Suggested Replenishment,2026-08,0.0
Zambia,MOH Supply Plan,"Medroxyprogesterone Acetate 150 mg/mL (1 mL) Vial, Intramuscular",Suggested Replenishment,2026-09,0.0
Zambia,MOH Supply Plan,"Medroxyprogesterone Acetate 150 mg/mL (1 mL) Vial, Intramuscular",Suggested Replenishment,2026-10,0.0
Zambia,MOH Supply Plan,"Medroxyprogesterone Acetate 150 mg/mL (1 mL) Vial, Intramuscular",Suggested Replenishment,2026-11,521960.0
Zambia,MOH Supply Plan,"Medroxyprogesterone Acetate 150 mg/mL (1 mL) Vial, Intramuscular",Suggested Replenishment,2026-12,0.0
Zambia,MOH Supply Plan,"Medroxyprogesterone Acetate 150 mg/mL (1 mL) Vial, Intramuscular",Suggested Replenishment,2027-01,0.0
Zambia,MOH Supply Plan,"Medroxyprogesterone Acetate 150 mg/mL (1 mL) Vial, Intramuscular",Suggested Replenishment,2027-02,465318.0
Zambia,MOH Supply Plan,"Medroxyprogesterone Acetate 150 mg/mL (1 mL) Vial, Intramuscular",Suggested Replenishment,2027-03,0.0
Zambia,MOH Supply Plan,"Medroxyprogesterone Acetate 150 mg/mL (1 mL) Vial, Intramuscular",Suggested Replenishment,2027-04,0.0
Zambia,MOH Supply Plan,"Medroxyprogesterone Acetate 150 mg/mL (1 mL) Vial, Intramuscular",Suggested Replenishment,2027-05,475618.0
Zambia,MOH Supply Plan,"Medroxyprogesterone Acetate 150 mg/mL (1 mL) Vial, Intramuscular",Suggested Replenishment,2027-06,0.0
Zambia,MOH Supply Plan,"Medroxyprogesterone Acetate 150 mg/mL (1 mL) Vial, Intramuscular",Suggested Replenishment,2027-07,0.0
Zambia,MOH Supply Plan,"Medroxyprogesterone Acetate 150 mg/mL (1 mL) Vial, Intramuscular",Suggested Replenishment,2027-08,485914.0
Zambia,MOH Supply Plan,"Medroxyprogesterone Acetate 150 mg/mL (1 mL) Vial, Intramuscular",Suggested Replenishment,2027-09,0.0
Zambia,MOH Supply Plan,"Medroxyprogesterone Acetate 150 mg/mL (1 mL) Vial, Intramuscular",Suggested Replenishment,2027-10,0.0
Zambia,MOH Supply Plan,"Medroxyprogesterone Acetate 150 mg/mL (1 mL) Vial, Intramuscular",Suggested Replenishment,2027-11,496213.0
Zambia,MOH Supply Plan,"Medroxyprogesterone Acetate 150 mg/mL (1 mL) Vial, Intramuscular",Suggested Replenishment,2027-12,0.0
Zambia,MOH Supply Plan,"Medroxyprogesterone Acetate 150 mg/mL (1 mL) Vial, Intramuscular",Suggested Replenishment,2028-01,0.0
Zambia,MOH Supply Plan,"Medroxyprogesterone Acetate 150 mg/mL (1 mL) Vial, Intramuscular",Suggested Replenishment,2028-02,506513.0
Zambia,MOH Supply Plan,"Medroxyprogesterone Acetate 150 mg/mL (1 mL) Vial, Intramuscular",Suggested Replenishment,2028-03,0.0
Zambia,MOH Supply Plan,"Medroxyprogesterone Acetate 150 mg/mL (1 mL) Vial, Intramuscular",Suggested Replenishment,2028-04,0.0
Zambia,MOH Supply Plan,"Medroxyprogesterone Acetate 150 mg/mL (1 mL) Vial, Intramuscular",Suggested Replenishment,2028-05,516810.0
Zambia,MOH Supply Plan,"Medroxyprogesterone Acetate 150 mg/mL (1 mL) Vial, Intramuscular",Suggested Replenishment,2028-06,0.0
Zambia,MOH Supply Plan,"Medroxyprogesterone Acetate 150 mg/mL (1 mL) Vial, Intramuscular",Suggested Replenishment,2028-07,0.0
Zambia,MOH Supply Plan,"Medroxyprogesterone Acetate 150 mg/mL (1 mL) Vial, Intramuscular",Suggested Replenishment,2028-08,527110.0
Zambia,MOH Supply Plan,"Medroxyprogesterone Acetate 150 mg/mL (1 mL) Vial, Intramuscular",Projected MOS with Sugg Repl,2026-08,4.1
Zambia,MOH Supply Plan,"Medroxyprogesterone Acetate 150 mg/mL (1 mL) Vial, Intramuscular",Projected MOS with Sugg Repl,2026-09,3.1
Zambia,MOH Supply Plan,"Medroxyprogesterone Acetate 150 mg/mL (1 mL) Vial, Intramuscular",Projected MOS with Sugg Repl,2026-10,3.5
Zambia,MOH Supply Plan,"Medroxyprogesterone Acetate 150 mg/mL (1 mL) Vial, Intramuscular",Projected MOS with Sugg Repl,2026-11,6.0
Zambia,MOH Supply Plan,"Medroxyprogesterone Acetate 150 mg/mL (1 mL) Vial, Intramuscular",Projected MOS with Sugg Repl,2026-12,5.0
Zambia,MOH Supply Plan,"Medroxyprogesterone Acetate 150 mg/mL (1 mL) Vial, Intramuscular",Projected MOS with Sugg Repl,2027-01,3.9
Zambia,MOH Supply Plan,"Medroxyprogesterone Acetate 150 mg/mL (1 mL) Vial, Intramuscular",Projected MOS with Sugg Repl,2027-02,6.0
Zambia,MOH Supply Plan,"Medroxyprogesterone Acetate 150 mg/mL (1 mL) Vial, Intramuscular",Projected MOS with Sugg Repl,2027-03,5.0
Zambia,MOH Supply Plan,"Medroxyprogesterone Acetate 150 mg/mL (1 mL) Vial, Intramuscular",Projected MOS with Sugg Repl,2027-04,3.9
Zambia,MOH Supply Plan,"Medroxyprogesterone Acetate 150 mg/mL (1 mL) Vial, Intramuscular",Projected MOS with Sugg Repl,2027-05,6.0
Zambia,MOH Supply Plan,"Medroxyprogesterone Acetate 150 mg/mL (1 mL) Vial, Intramuscular",Projected MOS with Sugg Repl,2027-06,5.0
Zambia,MOH Supply Plan,"Medroxyprogesterone Acetate 150 mg/mL (1 mL) Vial, Intramuscular",Projected MOS with Sugg Repl,2027-07,3.9
Zambia,MOH Supply Plan,"Medroxyprogesterone Acetate 150 mg/mL (1 mL) Vial, Intramuscular",Projected MOS with Sugg Repl,2027-08,6.0
Zambia,MOH Supply Plan,"Medroxyprogesterone Acetate 150 mg/mL (1 mL) Vial, Intramuscular",Projected MOS with Sugg Repl,2027-09,5.0
Zambia,MOH Supply Plan,"Medroxyprogesterone Acetate 150 mg/mL (1 mL) Vial, Intramuscular",Projected MOS with Sugg Repl,2027-10,3.9
Zambia,MOH Supply Plan,"Medroxyprogesterone Acetate 150 mg/mL (1 mL) Vial, Intramuscular",Projected MOS with Sugg Repl,2027-11,6.0
Zambia,MOH Supply Plan,"Medroxyprogesterone Acetate 150 mg/mL (1 mL) Vial, Intramuscular",Projected MOS with Sugg Repl,2027-12,5.0
Zambia,MOH Supply Plan,"Medroxyprogesterone Acetate 150 mg/mL (1 mL) Vial, Intramuscular",Projected MOS with Sugg Repl,2028-01,3.9
Zambia,MOH Supply Plan,"Medroxyprogesterone Acetate 150 mg/mL (1 mL) Vial, Intramuscular",Projected MOS with Sugg Repl,2028-02,6.0
Zambia,MOH Supply Plan,"Medroxyprogesterone Acetate 150 mg/mL (1 mL) Vial, Intramuscular",Projected MOS with Sugg Repl,2028-03,5.0
Zambia,MOH Supply Plan,"Medroxyprogesterone Acetate 150 mg/mL (1 mL) Vial, Intramuscular",Projected MOS with Sugg Repl,2028-04,3.9
Zambia,MOH Supply Plan,"Medroxyprogesterone Acetate 150 mg/mL (1 mL) Vial, Intramuscular",Projected MOS with Sugg Repl,2028-05,6.0
Zambia,MOH Supply Plan,"Medroxyprogesterone Acetate 150 mg/mL (1 mL) Vial, Intramuscular",Projected MOS with Sugg Repl,2028-06,5.0
Zambia,MOH Supply Plan,"Medroxyprogesterone Acetate 150 mg/mL (1 mL) Vial, Intramuscular",Projected MOS with Sugg Repl,2028-07,3.9
Zambia,MOH Supply Plan,"Medroxyprogesterone Acetate 150 mg/mL (1 mL) Vial, Intramuscular",Projected MOS with Sugg Repl,2028-08,6.0
Zambia,MOH Supply Plan,"Medroxyprogesterone Acetate 150 mg/mL (1 mL) Vial, Intramuscular",S1 - Monthly Consumption,2026-02,136515.0
Zambia,MOH Supply Plan,"Medroxyprogesterone Acetate 150 mg/mL (1 mL) Vial, Intramuscular",S1 - Monthly Consumption,2026-03,115850.0
Zambia,MOH Supply Plan,"Medroxyprogesterone Acetate 150 mg/mL (1 mL) Vial, Intramuscular",S1 - Monthly Consumption,2026-04,137942.0
Zambia,MOH Supply Plan,"Medroxyprogesterone Acetate 150 mg/mL (1 mL) Vial, Intramuscular",S1 - Monthly Consumption,2026-05,139087.0
Zambia,MOH Supply Plan,"Medroxyprogesterone Acetate 150 mg/mL (1 mL) Vial, Intramuscular",S1 - Monthly Consumption,2026-06,140230.0
Zambia,MOH Supply Plan,"Medroxyprogesterone Acetate 150 mg/mL (1 mL) Vial, Intramuscular",S1 - Monthly Consumption,2026-07,141375.0
Zambia,MOH Supply Plan,"Medroxyprogesterone Acetate 150 mg/mL (1 mL) Vial, Intramuscular",S1 - Monthly Consumption,2026-08,142519.0
Zambia,MOH Supply Plan,"Medroxyprogesterone Acetate 150 mg/mL (1 mL) Vial, Intramuscular",S1 - Monthly Consumption,2026-09,143664.0
Zambia,MOH Supply Plan,"Medroxyprogesterone Acetate 150 mg/mL (1 mL) Vial, Intramuscular",S1 - Monthly Consumption,2026-10,144807.0
Zambia,MOH Supply Plan,"Medroxyprogesterone Acetate 150 mg/mL (1 mL) Vial, Intramuscular",S1 - Monthly Consumption,2026-11,145952.0
Zambia,MOH Supply Plan,"Medroxyprogesterone Acetate 150 mg/mL (1 mL) Vial, Intramuscular",S1 - Monthly Consumption,2026-12,147097.0
Zambia,MOH Supply Plan,"Medroxyprogesterone Acetate 150 mg/mL (1 mL) Vial, Intramuscular",S1 - Monthly Consumption,2027-01,148240.0
Zambia,MOH Supply Plan,"Medroxyprogesterone Acetate 150 mg/mL (1 mL) Vial, Intramuscular",S1 - Monthly Consumption,2027-02,149385.0
Zambia,MOH Supply Plan,"Medroxyprogesterone Acetate 150 mg/mL (1 mL) Vial, Intramuscular",S1 - Monthly Consumption,2027-03,150529.0
Zambia,MOH Supply Plan,"Medroxyprogesterone Acetate 150 mg/mL (1 mL) Vial, Intramuscular",S1 - Monthly Consumption,2027-04,151673.0
Zambia,MOH Supply Plan,"Medroxyprogesterone Acetate 150 mg/mL (1 mL) Vial, Intramuscular",S1 - Monthly Consumption,2027-05,152818.0
Zambia,MOH Supply Plan,"Medroxyprogesterone Acetate 150 mg/mL (1 mL) Vial, Intramuscular",S1 - Monthly Consumption,2027-06,153962.0
Zambia,MOH Supply Plan,"Medroxyprogesterone Acetate 150 mg/mL (1 mL) Vial, Intramuscular",S1 - Monthly Consumption,2027-07,155106.0
Zambia,MOH Supply Plan,"Medroxyprogesterone Acetate 150 mg/mL (1 mL) Vial, Intramuscular",S1 - Monthly Consumption,2027-08,156250.0
Zambia,MOH Supply Plan,"Medroxyprogesterone Acetate 150 mg/mL (1 mL) Vial, Intramuscular",S1 - Monthly Consumption,2027-09,157395.0
Zambia,MOH Supply Plan,"Medroxyprogesterone Acetate 150 mg/mL (1 mL) Vial, Intramuscular",S1 - Monthly Consumption,2027-10,158539.0
Zambia,MOH Supply Plan,"Medroxyprogesterone Acetate 150 mg/mL (1 mL) Vial, Intramuscular",S1 - Monthly Consumption,2027-11,159683.0
Zambia,MOH Supply Plan,"Medroxyprogesterone Acetate 150 mg/mL (1 mL) Vial, Intramuscular",S1 - Monthly Consumption,2027-12,160827.0
Zambia,MOH Supply Plan,"Medroxyprogesterone Acetate 150 mg/mL (1 mL) Vial, Intramuscular",S1 - Monthly Consumption,2028-01,161972.0
Zambia,MOH Supply Plan,"Medroxyprogesterone Acetate 150 mg/mL (1 mL) Vial, Intramuscular",S1 - Monthly Consumption,2028-02,163116.0
Zambia,MOH Supply Plan,"Medroxyprogesterone Acetate 150 mg/mL (1 mL) Vial, Intramuscular",S1 - Monthly Consumption,2028-03,164260.0
Zambia,MOH Supply Plan,"Medroxyprogesterone Acetate 150 mg/mL (1 mL) Vial, Intramuscular",S1 - Monthly Consumption,2028-04,165405.0
Zambia,MOH Supply Plan,"Medroxyprogesterone Acetate 150 mg/mL (1 mL) Vial, Intramuscular",S1 - Monthly Consumption,2028-05,166549.0
Zambia,MOH Supply Plan,"Medroxyprogesterone Acetate 150 mg/mL (1 mL) Vial, Intramuscular",S1 - Monthly Consumption,2028-06,167693.0
Zambia,MOH Supply Plan,"Medroxyprogesterone Acetate 150 mg/mL (1 mL) Vial, Intramuscular",S1 - Monthly Consumption,2028-07,168837.0
Zambia,MOH Supply Plan,"Medroxyprogesterone Acetate 150 mg/mL (1 mL) Vial, Intramuscular",S1 - Monthly Consumption,2028-08,169982.0
Zambia,MOH Supply Plan,"Medroxyprogesterone Acetate 150 mg/mL (1 mL) Vial, Intramuscular",S1 - Projected Supplies,2026-05,203760.0
Zambia,MOH Supply Plan,"Medroxyprogesterone Acetate 150 mg/mL (1 mL) Vial, Intramuscular",S1 - Projected Supplies,2026-12,549258.0
Zambia,MOH Supply Plan,"Medroxyprogesterone Acetate 150 mg/mL (1 mL) Vial, Intramuscular",S1 - Projected Inventory,2026-02,0.0
Zambia,MOH Supply Plan,"Medroxyprogesterone Acetate 150 mg/mL (1 mL) Vial, Intramuscular",S1 - Projected Inventory,2026-03,0.0
Zambia,MOH Supply Plan,"Medroxyprogesterone Acetate 150 mg/mL (1 mL) Vial, Intramuscular",S1 - Projected Inventory,2026-04,0.0
Zambia,MOH Supply Plan,"Medroxyprogesterone Acetate 150 mg/mL (1 mL) Vial, Intramuscular",S1 - Projected Inventory,2026-05,0.0
Zambia,MOH Supply Plan,"Medroxyprogesterone Acetate 150 mg/mL (1 mL) Vial, Intramuscular",S1 - Projected Inventory,2026-06,0.0
Zambia,MOH Supply Plan,"Medroxyprogesterone Acetate 150 mg/mL (1 mL) Vial, Intramuscular",S1 - Projected Inventory,2026-07,733800.0
Zambia,MOH Supply Plan,"Medroxyprogesterone Acetate 150 mg/mL (1 mL) Vial, Intramuscular",S1 - Projected Inventory,2026-08,591281.0
Zambia,MOH Supply Plan,"Medroxyprogesterone Acetate 150 mg/mL (1 mL) Vial, Intramuscular",S1 - Projected Inventory,2026-09,447617.0
Zambia,MOH Supply Plan,"Medroxyprogesterone Acetate 150 mg/mL (1 mL) Vial, Intramuscular",S1 - Projected Inventory,2026-10,302810.0
Zambia,MOH Supply Plan,"Medroxyprogesterone Acetate 150 mg/mL (1 mL) Vial, Intramuscular",S1 - Projected Inventory,2026-11,156858.0
Zambia,MOH Supply Plan,"Medroxyprogesterone Acetate 150 mg/mL (1 mL) Vial, Intramuscular",S1 - Projected Inventory,2026-12,559019.0
Zambia,MOH Supply Plan,"Medroxyprogesterone Acetate 150 mg/mL (1 mL) Vial, Intramuscular",S1 - Projected Inventory,2027-01,410779.0
Zambia,MOH Supply Plan,"Medroxyprogesterone Acetate 150 mg/mL (1 mL) Vial, Intramuscular",S1 - Projected Inventory,2027-02,261394.0
Zambia,MOH Supply Plan,"Medroxyprogesterone Acetate 150 mg/mL (1 mL) Vial, Intramuscular",S1 - Projected Inventory,2027-03,110865.0
Zambia,MOH Supply Plan,"Medroxyprogesterone Acetate 150 mg/mL (1 mL) Vial, Intramuscular",S1 - Projected Inventory,2027-04,0.0
Zambia,MOH Supply Plan,"Medroxyprogesterone Acetate 150 mg/mL (1 mL) Vial, Intramuscular",S1 - Projected Inventory,2027-05,0.0
Zambia,MOH Supply Plan,"Medroxyprogesterone Acetate 150 mg/mL (1 mL) Vial, Intramuscular",S1 - Projected Inventory,2027-06,0.0
Zambia,MOH Supply Plan,"Medroxyprogesterone Acetate 150 mg/mL (1 mL) Vial, Intramuscular",S1 - Projected Inventory,2027-07,0.0
Zambia,MOH Supply Plan,"Medroxyprogesterone Acetate 150 mg/mL (1 mL) Vial, Intramuscular",S1 - Projected Inventory,2027-08,0.0
Zambia,MOH Supply Plan,"Medroxyprogesterone Acetate 150 mg/mL (1 mL) Vial, Intramuscular",S1 - Projected Inventory,2027-09,0.0
Zambia,MOH Supply Plan,"Medroxyprogesterone Acetate 150 mg/mL (1 mL) Vial, Intramuscular",S1 - Projected Inventory,2027-10,0.0
Zambia,MOH Supply Plan,"Medroxyprogesterone Acetate 150 mg/mL (1 mL) Vial, Intramuscular",S1 - Projected Inventory,2027-11,0.0
Zambia,MOH Supply Plan,"Medroxyprogesterone Acetate 150 mg/mL (1 mL) Vial, Intramuscular",S1 - Projected Inventory,2027-12,0.0
Zambia,MOH Supply Plan,"Medroxyprogesterone Acetate 150 mg/mL (1 mL) Vial, Intramuscular",S1 - Projected Inventory,2028-01,0.0
Zambia,MOH Supply Plan,"Medroxyprogesterone Acetate 150 mg/mL (1 mL) Vial, Intramuscular",S1 - Projected Inventory,2028-02,0.0
Zambia,MOH Supply Plan,"Medroxyprogesterone Acetate 150 mg/mL (1 mL) Vial, Intramuscular",S1 - Projected Inventory,2028-03,0.0
Zambia,MOH Supply Plan,"Medroxyprogesterone Acetate 150 mg/mL (1 mL) Vial, Intramuscular",S1 - Projected Inventory,2028-04,0.0
Zambia,MOH Supply Plan,"Medroxyprogesterone Acetate 150 mg/mL (1 mL) Vial, Intramuscular",S1 - Projected Inventory,2028-05,0.0
Zambia,MOH Supply Plan,"Medroxyprogesterone Acetate 150 mg/mL (1 mL) Vial, Intramuscular",S1 - Projected Inventory,2028-06,0.0
Zambia,MOH Supply Plan,"Medroxyprogesterone Acetate 150 mg/mL (1 mL) Vial, Intramuscular",S1 - Projected Inventory,2028-07,0.0
Zambia,MOH Supply Plan,"Medroxyprogesterone Acetate 150 mg/mL (1 mL) Vial, Intramuscular",S1 - Projected Inventory,2028-08,0.0
Zambia,MOH Supply Plan,"Medroxyprogesterone Acetate 150 mg/mL (1 mL) Vial, Intramuscular",S1 - Projected MOS,2026-02,0.0
Zambia,MOH Supply Plan,"Medroxyprogesterone Acetate 150 mg/mL (1 mL) Vial, Intramuscular",S1 - Projected MOS,2026-03,0.0
Zambia,MOH Supply Plan,"Medroxyprogesterone Acetate 150 mg/mL (1 mL) Vial, Intramuscular",S1 - Projected MOS,2026-04,0.0
Zambia,MOH Supply Plan,"Medroxyprogesterone Acetate 150 mg/mL (1 mL) Vial, Intramuscular",S1 - Projected MOS,2026-05,0.0
Zambia,MOH Supply Plan,"Medroxyprogesterone Acetate 150 mg/mL (1 mL) Vial, Intramuscular",S1 - Projected MOS,2026-06,0.0
Zambia,MOH Supply Plan,"Medroxyprogesterone Acetate 150 mg/mL (1 mL) Vial, Intramuscular",S1 - Projected MOS,2026-07,5.1
Zambia,MOH Supply Plan,"Medroxyprogesterone Acetate 150 mg/mL (1 mL) Vial, Intramuscular",S1 - Projected MOS,2026-08,4.1
Zambia,MOH Supply Plan,"Medroxyprogesterone Acetate 150 mg/mL (1 mL) Vial, Intramuscular",S1 - Projected MOS,2026-09,3.1
Zambia,MOH Supply Plan,"Medroxyprogesterone Acetate 150 mg/mL (1 mL) Vial, Intramuscular",S1 - Projected MOS,2026-10,2.1
Zambia,MOH Supply Plan,"Medroxyprogesterone Acetate 150 mg/mL (1 mL) Vial, Intramuscular",S1 - Projected MOS,2026-11,1.1
Zambia,MOH Supply Plan,"Medroxyprogesterone Acetate 150 mg/mL (1 mL) Vial, Intramuscular",S1 - Projected MOS,2026-12,3.8
Zambia,MOH Supply Plan,"Medroxyprogesterone Acetate 150 mg/mL (1 mL) Vial, Intramuscular",S1 - Projected MOS,2027-01,2.7
Zambia,MOH Supply Plan,"Medroxyprogesterone Acetate 150 mg/mL (1 mL) Vial, Intramuscular",S1 - Projected MOS,2027-02,1.7
Zambia,MOH Supply Plan,"Medroxyprogesterone Acetate 150 mg/mL (1 mL) Vial, Intramuscular",S1 - Projected MOS,2027-03,0.7
Zambia,MOH Supply Plan,"Medroxyprogesterone Acetate 150 mg/mL (1 mL) Vial, Intramuscular",S1 - Projected MOS,2027-04,0.0
Zambia,MOH Supply Plan,"Medroxyprogesterone Acetate 150 mg/mL (1 mL) Vial, Intramuscular",S1 - Projected MOS,2027-05,0.0
Zambia,MOH Supply Plan,"Medroxyprogesterone Acetate 150 mg/mL (1 mL) Vial, Intramuscular",S1 - Projected MOS,2027-06,0.0
Zambia,MOH Supply Plan,"Medroxyprogesterone Acetate 150 mg/mL (1 mL) Vial, Intramuscular",S1 - Projected MOS,2027-07,0.0
Zambia,MOH Supply Plan,"Medroxyprogesterone Acetate 150 mg/mL (1 mL) Vial, Intramuscular",S1 - Projected MOS,2027-08,0.0
Zambia,MOH Supply Plan,"Medroxyprogesterone Acetate 150 mg/mL (1 mL) Vial, Intramuscular",S1 - Projected MOS,2027-09,0.0
Zambia,MOH Supply Plan,"Medroxyprogesterone Acetate 150 mg/mL (1 mL) Vial, Intramuscular",S1 - Projected MOS,2027-10,0.0
Zambia,MOH Supply Plan,"Medroxyprogesterone Acetate 150 mg/mL (1 mL) Vial, Intramuscular",S1 - Projected MOS,2027-11,0.0
Zambia,MOH Supply Plan,"Medroxyprogesterone Acetate 150 mg/mL (1 mL) Vial, Intramuscular",S1 - Projected MOS,2027-12,0.0
Zambia,MOH Supply Plan,"Medroxyprogesterone Acetate 150 mg/mL (1 mL) Vial, Intramuscular",S1 - Projected MOS,2028-01,0.0
Zambia,MOH Supply Plan,"Medroxyprogesterone Acetate 150 mg/mL (1 mL) Vial, Intramuscular",S1 - Projected MOS,2028-02,0.0
Zambia,MOH Supply Plan,"Medroxyprogesterone Acetate 150 mg/mL (1 mL) Vial, Intramuscular",S1 - Projected MOS,2028-03,0.0
Zambia,MOH Supply Plan,"Medroxyprogesterone Acetate 150 mg/mL (1 mL) Vial, Intramuscular",S1 - Projected MOS,2028-04,0.0
Zambia,MOH Supply Plan,"Medroxyprogesterone Acetate 150 mg/mL (1 mL) Vial, Intramuscular",S1 - Projected MOS,2028-05,0.0
Zambia,MOH Supply Plan,"Medroxyprogesterone Acetate 150 mg/mL (1 mL) Vial, Intramuscular",S1 - Projected MOS,2028-06,0.0
Zambia,MOH Supply Plan,"Medroxyprogesterone Acetate 150 mg/mL (1 mL) Vial, Intramuscular",S1 - Projected MOS,2028-07,0.0
Zambia,MOH Supply Plan,"Medroxyprogesterone Acetate 150 mg/mL (1 mL) Vial, Intramuscular",S1 - Projected MOS,2028-08,0.0
Zambia,MOH Supply Plan,"Medroxyprogesterone Acetate 150 mg/mL (1 mL) Vial, Intramuscular",S2 - Monthly Consumption,2026-02,136515.0
Zambia,MOH Supply Plan,"Medroxyprogesterone Acetate 150 mg/mL (1 mL) Vial, Intramuscular",S2 - Monthly Consumption,2026-03,115850.0
Zambia,MOH Supply Plan,"Medroxyprogesterone Acetate 150 mg/mL (1 mL) Vial, Intramuscular",S2 - Monthly Consumption,2026-04,137942.0
Zambia,MOH Supply Plan,"Medroxyprogesterone Acetate 150 mg/mL (1 mL) Vial, Intramuscular",S2 - Monthly Consumption,2026-05,139087.0
Zambia,MOH Supply Plan,"Medroxyprogesterone Acetate 150 mg/mL (1 mL) Vial, Intramuscular",S2 - Monthly Consumption,2026-06,140230.0
Zambia,MOH Supply Plan,"Medroxyprogesterone Acetate 150 mg/mL (1 mL) Vial, Intramuscular",S2 - Monthly Consumption,2026-07,141375.0
Zambia,MOH Supply Plan,"Medroxyprogesterone Acetate 150 mg/mL (1 mL) Vial, Intramuscular",S2 - Monthly Consumption,2026-08,142519.0
Zambia,MOH Supply Plan,"Medroxyprogesterone Acetate 150 mg/mL (1 mL) Vial, Intramuscular",S2 - Monthly Consumption,2026-09,143664.0
Zambia,MOH Supply Plan,"Medroxyprogesterone Acetate 150 mg/mL (1 mL) Vial, Intramuscular",S2 - Monthly Consumption,2026-10,144807.0
Zambia,MOH Supply Plan,"Medroxyprogesterone Acetate 150 mg/mL (1 mL) Vial, Intramuscular",S2 - Monthly Consumption,2026-11,145952.0
Zambia,MOH Supply Plan,"Medroxyprogesterone Acetate 150 mg/mL (1 mL) Vial, Intramuscular",S2 - Monthly Consumption,2026-12,147097.0
Zambia,MOH Supply Plan,"Medroxyprogesterone Acetate 150 mg/mL (1 mL) Vial, Intramuscular",S2 - Monthly Consumption,2027-01,148240.0
Zambia,MOH Supply Plan,"Medroxyprogesterone Acetate 150 mg/mL (1 mL) Vial, Intramuscular",S2 - Monthly Consumption,2027-02,149385.0
Zambia,MOH Supply Plan,"Medroxyprogesterone Acetate 150 mg/mL (1 mL) Vial, Intramuscular",S2 - Monthly Consumption,2027-03,150529.0
Zambia,MOH Supply Plan,"Medroxyprogesterone Acetate 150 mg/mL (1 mL) Vial, Intramuscular",S2 - Monthly Consumption,2027-04,151673.0
Zambia,MOH Supply Plan,"Medroxyprogesterone Acetate 150 mg/mL (1 mL) Vial, Intramuscular",S2 - Monthly Consumption,2027-05,152818.0
Zambia,MOH Supply Plan,"Medroxyprogesterone Acetate 150 mg/mL (1 mL) Vial, Intramuscular",S2 - Monthly Consumption,2027-06,153962.0
Zambia,MOH Supply Plan,"Medroxyprogesterone Acetate 150 mg/mL (1 mL) Vial, Intramuscular",S2 - Monthly Consumption,2027-07,155106.0
Zambia,MOH Supply Plan,"Medroxyprogesterone Acetate 150 mg/mL (1 mL) Vial, Intramuscular",S2 - Monthly Consumption,2027-08,156250.0
Zambia,MOH Supply Plan,"Medroxyprogesterone Acetate 150 mg/mL (1 mL) Vial, Intramuscular",S2 - Monthly Consumption,2027-09,157395.0
Zambia,MOH Supply Plan,"Medroxyprogesterone Acetate 150 mg/mL (1 mL) Vial, Intramuscular",S2 - Monthly Consumption,2027-10,158539.0
Zambia,MOH Supply Plan,"Medroxyprogesterone Acetate 150 mg/mL (1 mL) Vial, Intramuscular",S2 - Monthly Consumption,2027-11,159683.0
Zambia,MOH Supply Plan,"Medroxyprogesterone Acetate 150 mg/mL (1 mL) Vial, Intramuscular",S2 - Monthly Consumption,2027-12,160827.0
Zambia,MOH Supply Plan,"Medroxyprogesterone Acetate 150 mg/mL (1 mL) Vial, Intramuscular",S2 - Monthly Consumption,2028-01,161972.0
Zambia,MOH Supply Plan,"Medroxyprogesterone Acetate 150 mg/mL (1 mL) Vial, Intramuscular",S2 - Monthly Consumption,2028-02,163116.0
Zambia,MOH Supply Plan,"Medroxyprogesterone Acetate 150 mg/mL (1 mL) Vial, Intramuscular",S2 - Monthly Consumption,2028-03,164260.0
Zambia,MOH Supply Plan,"Medroxyprogesterone Acetate 150 mg/mL (1 mL) Vial, Intramuscular",S2 - Monthly Consumption,2028-04,165405.0
Zambia,MOH Supply Plan,"Medroxyprogesterone Acetate 150 mg/mL (1 mL) Vial, Intramuscular",S2 - Monthly Consumption,2028-05,166549.0
Zambia,MOH Supply Plan,"Medroxyprogesterone Acetate 150 mg/mL (1 mL) Vial, Intramuscular",S2 - Monthly Consumption,2028-06,167693.0
Zambia,MOH Supply Plan,"Medroxyprogesterone Acetate 150 mg/mL (1 mL) Vial, Intramuscular",S2 - Monthly Consumption,2028-07,168837.0
Zambia,MOH Supply Plan,"Medroxyprogesterone Acetate 150 mg/mL (1 mL) Vial, Intramuscular",S2 - Monthly Consumption,2028-08,169982.0
Zambia,MOH Supply Plan,"Medroxyprogesterone Acetate 150 mg/mL (1 mL) Vial, Intramuscular",S2 - Projected Inventory,2026-02,0.0
Zambia,MOH Supply Plan,"Medroxyprogesterone Acetate 150 mg/mL (1 mL) Vial, Intramuscular",S2 - Projected Inventory,2026-03,0.0
Zambia,MOH Supply Plan,"Medroxyprogesterone Acetate 150 mg/mL (1 mL) Vial, Intramuscular",S2 - Projected Inventory,2026-04,0.0
Zambia,MOH Supply Plan,"Medroxyprogesterone Acetate 150 mg/mL (1 mL) Vial, Intramuscular",S2 - Projected Inventory,2026-05,0.0
Zambia,MOH Supply Plan,"Medroxyprogesterone Acetate 150 mg/mL (1 mL) Vial, Intramuscular",S2 - Projected Inventory,2026-06,0.0
Zambia,MOH Supply Plan,"Medroxyprogesterone Acetate 150 mg/mL (1 mL) Vial, Intramuscular",S2 - Projected Inventory,2026-07,733800.0
Zambia,MOH Supply Plan,"Medroxyprogesterone Acetate 150 mg/mL (1 mL) Vial, Intramuscular",S2 - Projected Inventory,2026-08,591281.0
Zambia,MOH Supply Plan,"Medroxyprogesterone Acetate 150 mg/mL (1 mL) Vial, Intramuscular",S2 - Projected Inventory,2026-09,447617.0
Zambia,MOH Supply Plan,"Medroxyprogesterone Acetate 150 mg/mL (1 mL) Vial, Intramuscular",S2 - Projected Inventory,2026-10,302810.0
Zambia,MOH Supply Plan,"Medroxyprogesterone Acetate 150 mg/mL (1 mL) Vial, Intramuscular",S2 - Projected Inventory,2026-11,156858.0
Zambia,MOH Supply Plan,"Medroxyprogesterone Acetate 150 mg/mL (1 mL) Vial, Intramuscular",S2 - Projected Inventory,2026-12,9761.0
Zambia,MOH Supply Plan,"Medroxyprogesterone Acetate 150 mg/mL (1 mL) Vial, Intramuscular",S2 - Projected Inventory,2027-01,0.0
Zambia,MOH Supply Plan,"Medroxyprogesterone Acetate 150 mg/mL (1 mL) Vial, Intramuscular",S2 - Projected Inventory,2027-02,0.0
Zambia,MOH Supply Plan,"Medroxyprogesterone Acetate 150 mg/mL (1 mL) Vial, Intramuscular",S2 - Projected Inventory,2027-03,0.0
Zambia,MOH Supply Plan,"Medroxyprogesterone Acetate 150 mg/mL (1 mL) Vial, Intramuscular",S2 - Projected Inventory,2027-04,0.0
Zambia,MOH Supply Plan,"Medroxyprogesterone Acetate 150 mg/mL (1 mL) Vial, Intramuscular",S2 - Projected Inventory,2027-05,0.0
Zambia,MOH Supply Plan,"Medroxyprogesterone Acetate 150 mg/mL (1 mL) Vial, Intramuscular",S2 - Projected Inventory,2027-06,0.0
Zambia,MOH Supply Plan,"Medroxyprogesterone Acetate 150 mg/mL (1 mL) Vial, Intramuscular",S2 - Projected Inventory,2027-07,0.0
Zambia,MOH Supply Plan,"Medroxyprogesterone Acetate 150 mg/mL (1 mL) Vial, Intramuscular",S2 - Projected Inventory,2027-08,0.0
Zambia,MOH Supply Plan,"Medroxyprogesterone Acetate 150 mg/mL (1 mL) Vial, Intramuscular",S2 - Projected Inventory,2027-09,0.0
Zambia,MOH Supply Plan,"Medroxyprogesterone Acetate 150 mg/mL (1 mL) Vial, Intramuscular",S2 - Projected Inventory,2027-10,0.0
Zambia,MOH Supply Plan,"Medroxyprogesterone Acetate 150 mg/mL (1 mL) Vial, Intramuscular",S2 - Projected Inventory,2027-11,0.0
Zambia,MOH Supply Plan,"Medroxyprogesterone Acetate 150 mg/mL (1 mL) Vial, Intramuscular",S2 - Projected Inventory,2027-12,0.0
Zambia,MOH Supply Plan,"Medroxyprogesterone Acetate 150 mg/mL (1 mL) Vial, Intramuscular",S2 - Projected Inventory,2028-01,0.0
Zambia,MOH Supply Plan,"Medroxyprogesterone Acetate 150 mg/mL (1 mL) Vial, Intramuscular",S2 - Projected Inventory,2028-02,0.0
Zambia,MOH Supply Plan,"Medroxyprogesterone Acetate 150 mg/mL (1 mL) Vial, Intramuscular",S2 - Projected Inventory,2028-03,0.0
Zambia,MOH Supply Plan,"Medroxyprogesterone Acetate 150 mg/mL (1 mL) Vial, Intramuscular",S2 - Projected Inventory,2028-04,0.0
Zambia,MOH Supply Plan,"Medroxyprogesterone Acetate 150 mg/mL (1 mL) Vial, Intramuscular",S2 - Projected Inventory,2028-05,0.0
Zambia,MOH Supply Plan,"Medroxyprogesterone Acetate 150 mg/mL (1 mL) Vial, Intramuscular",S2 - Projected Inventory,2028-06,0.0
Zambia,MOH Supply Plan,"Medroxyprogesterone Acetate 150 mg/mL (1 mL) Vial, Intramuscular",S2 - Projected Inventory,2028-07,0.0
Zambia,MOH Supply Plan,"Medroxyprogesterone Acetate 150 mg/mL (1 mL) Vial, Intramuscular",S2 - Projected Inventory,2028-08,0.0
Zambia,MOH Supply Plan,"Medroxyprogesterone Acetate 150 mg/mL (1 mL) Vial, Intramuscular",S2 - Projected MOS,2026-02,0.0
Zambia,MOH Supply Plan,"Medroxyprogesterone Acetate 150 mg/mL (1 mL) Vial, Intramuscular",S2 - Projected MOS,2026-03,0.0
Zambia,MOH Supply Plan,"Medroxyprogesterone Acetate 150 mg/mL (1 mL) Vial, Intramuscular",S2 - Projected MOS,2026-04,0.0
Zambia,MOH Supply Plan,"Medroxyprogesterone Acetate 150 mg/mL (1 mL) Vial, Intramuscular",S2 - Projected MOS,2026-05,0.0
Zambia,MOH Supply Plan,"Medroxyprogesterone Acetate 150 mg/mL (1 mL) Vial, Intramuscular",S2 - Projected MOS,2026-06,0.0
Zambia,MOH Supply Plan,"Medroxyprogesterone Acetate 150 mg/mL (1 mL) Vial, Intramuscular",S2 - Projected MOS,2026-07,5.1
Zambia,MOH Supply Plan,"Medroxyprogesterone Acetate 150 mg/mL (1 mL) Vial, Intramuscular",S2 - Projected MOS,2026-08,4.1
Zambia,MOH Supply Plan,"Medroxyprogesterone Acetate 150 mg/mL (1 mL) Vial, Intramuscular",S2 - Projected MOS,2026-09,3.1
Zambia,MOH Supply Plan,"Medroxyprogesterone Acetate 150 mg/mL (1 mL) Vial, Intramuscular",S2 - Projected MOS,2026-10,2.1
Zambia,MOH Supply Plan,"Medroxyprogesterone Acetate 150 mg/mL (1 mL) Vial, Intramuscular",S2 - Projected MOS,2026-11,1.1
Zambia,MOH Supply Plan,"Medroxyprogesterone Acetate 150 mg/mL (1 mL) Vial, Intramuscular",S2 - Projected MOS,2026-12,0.1
Zambia,MOH Supply Plan,"Medroxyprogesterone Acetate 150 mg/mL (1 mL) Vial, Intramuscular",S2 - Projected MOS,2027-01,0.0
Zambia,MOH Supply Plan,"Medroxyprogesterone Acetate 150 mg/mL (1 mL) Vial, Intramuscular",S2 - Projected MOS,2027-02,0.0
Zambia,MOH Supply Plan,"Medroxyprogesterone Acetate 150 mg/mL (1 mL) Vial, Intramuscular",S2 - Projected MOS,2027-03,0.0
Zambia,MOH Supply Plan,"Medroxyprogesterone Acetate 150 mg/mL (1 mL) Vial, Intramuscular",S2 - Projected MOS,2027-04,0.0
Zambia,MOH Supply Plan,"Medroxyprogesterone Acetate 150 mg/mL (1 mL) Vial, Intramuscular",S2 - Projected MOS,2027-05,0.0
Zambia,MOH Supply Plan,"Medroxyprogesterone Acetate 150 mg/mL (1 mL) Vial, Intramuscular",S2 - Projected MOS,2027-06,0.0
Zambia,MOH Supply Plan,"Medroxyprogesterone Acetate 150 mg/mL (1 mL) Vial, Intramuscular",S2 - Projected MOS,2027-07,0.0
Zambia,MOH Supply Plan,"Medroxyprogesterone Acetate 150 mg/mL (1 mL) Vial, Intramuscular",S2 - Projected MOS,2027-08,0.0
Zambia,MOH Supply Plan,"Medroxyprogesterone Acetate 150 mg/mL (1 mL) Vial, Intramuscular",S2 - Projected MOS,2027-09,0.0
Zambia,MOH Supply Plan,"Medroxyprogesterone Acetate 150 mg/mL (1 mL) Vial, Intramuscular",S2 - Projected MOS,2027-10,0.0
Zambia,MOH Supply Plan,"Medroxyprogesterone Acetate 150 mg/mL (1 mL) Vial, Intramuscular",S2 - Projected MOS,2027-11,0.0
Zambia,MOH Supply Plan,"Medroxyprogesterone Acetate 150 mg/mL (1 mL) Vial, Intramuscular",S2 - Projected MOS,2027-12,0.0
Zambia,MOH Supply Plan,"Medroxyprogesterone Acetate 150 mg/mL (1 mL) Vial, Intramuscular",S2 - Projected MOS,2028-01,0.0
Zambia,MOH Supply Plan,"Medroxyprogesterone Acetate 150 mg/mL (1 mL) Vial, Intramuscular",S2 - Projected MOS,2028-02,0.0
Zambia,MOH Supply Plan,"Medroxyprogesterone Acetate 150 mg/mL (1 mL) Vial, Intramuscular",S2 - Projected MOS,2028-03,0.0
Zambia,MOH Supply Plan,"Medroxyprogesterone Acetate 150 mg/mL (1 mL) Vial, Intramuscular",S2 - Projected MOS,2028-04,0.0
Zambia,MOH Supply Plan,"Medroxyprogesterone Acetate 150 mg/mL (1 mL) Vial, Intramuscular",S2 - Projected MOS,2028-05,0.0
Zambia,MOH Supply Plan,"Medroxyprogesterone Acetate 150 mg/mL (1 mL) Vial, Intramuscular",S2 - Projected MOS,2028-06,0.0
Zambia,MOH Supply Plan,"Medroxyprogesterone Acetate 150 mg/mL (1 mL) Vial, Intramuscular",S2 - Projected MOS,2028-07,0.0
Zambia,MOH Supply Plan,"Medroxyprogesterone Acetate 150 mg/mL (1 mL) Vial, Intramuscular",S2 - Projected MOS,2028-08,0.0
Zambia,MOH Supply Plan,"Medroxyprogesterone Acetate 150 mg/mL (1 mL) Vial, Intramuscular",S2 - Suggested Replenishment,2026-08,0.0
Zambia,MOH Supply Plan,"Medroxyprogesterone Acetate 150 mg/mL (1 mL) Vial, Intramuscular",S2 - Suggested Replenishment,2026-09,0.0
Zambia,MOH Supply Plan,"Medroxyprogesterone Acetate 150 mg/mL (1 mL) Vial, Intramuscular",S2 - Suggested Replenishment,2026-10,0.0
Zambia,MOH Supply Plan,"Medroxyprogesterone Acetate 150 mg/mL (1 mL) Vial, Intramuscular",S2 - Suggested Replenishment,2026-11,0.0
Zambia,MOH Supply Plan,"Medroxyprogesterone Acetate 150 mg/mL (1 mL) Vial, Intramuscular",S2 - Suggested Replenishment,2026-12,879683.0
Zambia,MOH Supply Plan,"Medroxyprogesterone Acetate 150 mg/mL (1 mL) Vial, Intramuscular",S2 - Suggested Replenishment,2027-01,0.0
Zambia,MOH Supply Plan,"Medroxyprogesterone Acetate 150 mg/mL (1 mL) Vial, Intramuscular",S2 - Suggested Replenishment,2027-02,0.0
Zambia,MOH Supply Plan,"Medroxyprogesterone Acetate 150 mg/mL (1 mL) Vial, Intramuscular",S2 - Suggested Replenishment,2027-03,0.0
Zambia,MOH Supply Plan,"Medroxyprogesterone Acetate 150 mg/mL (1 mL) Vial, Intramuscular",S2 - Suggested Replenishment,2027-04,0.0
Zambia,MOH Supply Plan,"Medroxyprogesterone Acetate 150 mg/mL (1 mL) Vial, Intramuscular",S2 - Suggested Replenishment,2027-05,786973.0
Zambia,MOH Supply Plan,"Medroxyprogesterone Acetate 150 mg/mL (1 mL) Vial, Intramuscular",S2 - Suggested Replenishment,2027-06,0.0
Zambia,MOH Supply Plan,"Medroxyprogesterone Acetate 150 mg/mL (1 mL) Vial, Intramuscular",S2 - Suggested Replenishment,2027-07,0.0
Zambia,MOH Supply Plan,"Medroxyprogesterone Acetate 150 mg/mL (1 mL) Vial, Intramuscular",S2 - Suggested Replenishment,2027-08,0.0
Zambia,MOH Supply Plan,"Medroxyprogesterone Acetate 150 mg/mL (1 mL) Vial, Intramuscular",S2 - Suggested Replenishment,2027-09,0.0
Zambia,MOH Supply Plan,"Medroxyprogesterone Acetate 150 mg/mL (1 mL) Vial, Intramuscular",S2 - Suggested Replenishment,2027-10,815578.0
Zambia,MOH Supply Plan,"Medroxyprogesterone Acetate 150 mg/mL (1 mL) Vial, Intramuscular",S2 - Suggested Replenishment,2027-11,0.0
Zambia,MOH Supply Plan,"Medroxyprogesterone Acetate 150 mg/mL (1 mL) Vial, Intramuscular",S2 - Suggested Replenishment,2027-12,0.0
Zambia,MOH Supply Plan,"Medroxyprogesterone Acetate 150 mg/mL (1 mL) Vial, Intramuscular",S2 - Suggested Replenishment,2028-01,0.0
Zambia,MOH Supply Plan,"Medroxyprogesterone Acetate 150 mg/mL (1 mL) Vial, Intramuscular",S2 - Suggested Replenishment,2028-02,0.0
Zambia,MOH Supply Plan,"Medroxyprogesterone Acetate 150 mg/mL (1 mL) Vial, Intramuscular",S2 - Suggested Replenishment,2028-03,844188.0
Zambia,MOH Supply Plan,"Medroxyprogesterone Acetate 150 mg/mL (1 mL) Vial, Intramuscular",S2 - Suggested Replenishment,2028-04,0.0
Zambia,MOH Supply Plan,"Medroxyprogesterone Acetate 150 mg/mL (1 mL) Vial, Intramuscular",S2 - Suggested Replenishment,2028-05,0.0
Zambia,MOH Supply Plan,"Medroxyprogesterone Acetate 150 mg/mL (1 mL) Vial, Intramuscular",S2 - Suggested Replenishment,2028-06,0.0
Zambia,MOH Supply Plan,"Medroxyprogesterone Acetate 150 mg/mL (1 mL) Vial, Intramuscular",S2 - Suggested Replenishment,2028-07,0.0
Zambia,MOH Supply Plan,"Medroxyprogesterone Acetate 150 mg/mL (1 mL) Vial, Intramuscular",S2 - Suggested Replenishment,2028-08,872794.0
Zambia,MOH Supply Plan,"Medroxyprogesterone Acetate 150 mg/mL (1 mL) Vial, Intramuscular",S2 - Projected MOS with Sugg Repl,2026-08,4.1
Zambia,MOH Supply Plan,"Medroxyprogesterone Acetate 150 mg/mL (1 mL) Vial, Intramuscular",S2 - Projected MOS with Sugg Repl,2026-09,3.1
Zambia,MOH Supply Plan,"Medroxyprogesterone Acetate 150 mg/mL (1 mL) Vial, Intramuscular",S2 - Projected MOS with Sugg Repl,2026-10,2.1
Zambia,MOH Supply Plan,"Medroxyprogesterone Acetate 150 mg/mL (1 mL) Vial, Intramuscular",S2 - Projected MOS with Sugg Repl,2026-11,1.1
Zambia,MOH Supply Plan,"Medroxyprogesterone Acetate 150 mg/mL (1 mL) Vial, Intramuscular",S2 - Projected MOS with Sugg Repl,2026-12,6.0
Zambia,MOH Supply Plan,"Medroxyprogesterone Acetate 150 mg/mL (1 mL) Vial, Intramuscular",S2 - Projected MOS with Sugg Repl,2027-01,5.0
Zambia,MOH Supply Plan,"Medroxyprogesterone Acetate 150 mg/mL (1 mL) Vial, Intramuscular",S2 - Projected MOS with Sugg Repl,2027-02,3.9
Zambia,MOH Supply Plan,"Medroxyprogesterone Acetate 150 mg/mL (1 mL) Vial, Intramuscular",S2 - Projected MOS with Sugg Repl,2027-03,2.9
Zambia,MOH Supply Plan,"Medroxyprogesterone Acetate 150 mg/mL (1 mL) Vial, Intramuscular",S2 - Projected MOS with Sugg Repl,2027-04,1.9
Zambia,MOH Supply Plan,"Medroxyprogesterone Acetate 150 mg/mL (1 mL) Vial, Intramuscular",S2 - Projected MOS with Sugg Repl,2027-05,6.0
Zambia,MOH Supply Plan,"Medroxyprogesterone Acetate 150 mg/mL (1 mL) Vial, Intramuscular",S2 - Projected MOS with Sugg Repl,2027-06,5.0
Zambia,MOH Supply Plan,"Medroxyprogesterone Acetate 150 mg/mL (1 mL) Vial, Intramuscular",S2 - Projected MOS with Sugg Repl,2027-07,3.9
Zambia,MOH Supply Plan,"Medroxyprogesterone Acetate 150 mg/mL (1 mL) Vial, Intramuscular",S2 - Projected MOS with Sugg Repl,2027-08,2.9
Zambia,MOH Supply Plan,"Medroxyprogesterone Acetate 150 mg/mL (1 mL) Vial, Intramuscular",S2 - Projected MOS with Sugg Repl,2027-09,1.9
Zambia,MOH Supply Plan,"Medroxyprogesterone Acetate 150 mg/mL (1 mL) Vial, Intramuscular",S2 - Projected MOS with Sugg Repl,2027-10,6.0
Zambia,MOH Supply Plan,"Medroxyprogesterone Acetate 150 mg/mL (1 mL) Vial, Intramuscular",S2 - Projected MOS with Sugg Repl,2027-11,5.0
Zambia,MOH Supply Plan,"Medroxyprogesterone Acetate 150 mg/mL (1 mL) Vial, Intramuscular",S2 - Projected MOS with Sugg Repl,2027-12,3.9
Zambia,MOH Supply Plan,"Medroxyprogesterone Acetate 150 mg/mL (1 mL) Vial, Intramuscular",S2 - Projected MOS with Sugg Repl,2028-01,2.9
Zambia,MOH Supply Plan,"Medroxyprogesterone Acetate 150 mg/mL (1 mL) Vial, Intramuscular",S2 - Projected MOS with Sugg Repl,2028-02,1.9
Zambia,MOH Supply Plan,"Medroxyprogesterone Acetate 150 mg/mL (1 mL) Vial, Intramuscular",S2 - Projected MOS with Sugg Repl,2028-03,6.0
Zambia,MOH Supply Plan,"Medroxyprogesterone Acetate 150 mg/mL (1 mL) Vial, Intramuscular",S2 - Projected MOS with Sugg Repl,2028-04,5.0
Zambia,MOH Supply Plan,"Medroxyprogesterone Acetate 150 mg/mL (1 mL) Vial, Intramuscular",S2 - Projected MOS with Sugg Repl,2028-05,3.9
Zambia,MOH Supply Plan,"Medroxyprogesterone Acetate 150 mg/mL (1 mL) Vial, Intramuscular",S2 - Projected MOS with Sugg Repl,2028-06,2.9
Zambia,MOH Supply Plan,"Medroxyprogesterone Acetate 150 mg/mL (1 mL) Vial, Intramuscular",S2 - Projected MOS with Sugg Repl,2028-07,1.9
Zambia,MOH Supply Plan,"Medroxyprogesterone Acetate 150 mg/mL (1 mL) Vial, Intramuscular",S2 - Projected MOS with Sugg Repl,2028-08,6.0
Zambia,MOH Supply Plan,"Norethisterone Enantate/Estradiol Valerate 50/5 mg/mL (1 mL) Ampoule, Intramuscular",Projected Inventory,2026-02,0.0
Zambia,MOH Supply Plan,"Norethisterone Enantate/Estradiol Valerate 50/5 mg/mL (1 mL) Ampoule, Intramuscular",Projected Inventory,2026-03,0.0
Zambia,MOH Supply Plan,"Norethisterone Enantate/Estradiol Valerate 50/5 mg/mL (1 mL) Ampoule, Intramuscular",Projected Inventory,2026-04,0.0
Zambia,MOH Supply Plan,"Norethisterone Enantate/Estradiol Valerate 50/5 mg/mL (1 mL) Ampoule, Intramuscular",Projected Inventory,2026-05,0.0
Zambia,MOH Supply Plan,"Norethisterone Enantate/Estradiol Valerate 50/5 mg/mL (1 mL) Ampoule, Intramuscular",Projected Inventory,2026-06,0.0
Zambia,MOH Supply Plan,"Norethisterone Enantate/Estradiol Valerate 50/5 mg/mL (1 mL) Ampoule, Intramuscular",Projected Inventory,2026-07,0.0
Zambia,MOH Supply Plan,"Norethisterone Enantate/Estradiol Valerate 50/5 mg/mL (1 mL) Ampoule, Intramuscular",Projected Inventory,2026-08,0.0
Zambia,MOH Supply Plan,"Norethisterone Enantate/Estradiol Valerate 50/5 mg/mL (1 mL) Ampoule, Intramuscular",Projected Inventory,2026-09,0.0
Zambia,MOH Supply Plan,"Norethisterone Enantate/Estradiol Valerate 50/5 mg/mL (1 mL) Ampoule, Intramuscular",Projected Inventory,2026-10,0.0
Zambia,MOH Supply Plan,"Norethisterone Enantate/Estradiol Valerate 50/5 mg/mL (1 mL) Ampoule, Intramuscular",Projected Inventory,2026-11,0.0
Zambia,MOH Supply Plan,"Norethisterone Enantate/Estradiol Valerate 50/5 mg/mL (1 mL) Ampoule, Intramuscular",Projected Inventory,2026-12,0.0
Zambia,MOH Supply Plan,"Norethisterone Enantate/Estradiol Valerate 50/5 mg/mL (1 mL) Ampoule, Intramuscular",Projected Inventory,2027-01,0.0
Zambia,MOH Supply Plan,"Norethisterone Enantate/Estradiol Valerate 50/5 mg/mL (1 mL) Ampoule, Intramuscular",Projected Inventory,2027-02,0.0
Zambia,MOH Supply Plan,"Norethisterone Enantate/Estradiol Valerate 50/5 mg/mL (1 mL) Ampoule, Intramuscular",Projected Inventory,2027-03,0.0
Zambia,MOH Supply Plan,"Norethisterone Enantate/Estradiol Valerate 50/5 mg/mL (1 mL) Ampoule, Intramuscular",Projected Inventory,2027-04,0.0
Zambia,MOH Supply Plan,"Norethisterone Enantate/Estradiol Valerate 50/5 mg/mL (1 mL) Ampoule, Intramuscular",Projected Inventory,2027-05,0.0
Zambia,MOH Supply Plan,"Norethisterone Enantate/Estradiol Valerate 50/5 mg/mL (1 mL) Ampoule, Intramuscular",Projected Inventory,2027-06,0.0
Zambia,MOH Supply Plan,"Norethisterone Enantate/Estradiol Valerate 50/5 mg/mL (1 mL) Ampoule, Intramuscular",Projected Inventory,2027-07,0.0
Zambia,MOH Supply Plan,"Norethisterone Enantate/Estradiol Valerate 50/5 mg/mL (1 mL) Ampoule, Intramuscular",Projected Inventory,2027-08,0.0
Zambia,MOH Supply Plan,"Norethisterone Enantate/Estradiol Valerate 50/5 mg/mL (1 mL) Ampoule, Intramuscular",Projected Inventory,2027-09,0.0
Zambia,MOH Supply Plan,"Norethisterone Enantate/Estradiol Valerate 50/5 mg/mL (1 mL) Ampoule, Intramuscular",Projected Inventory,2027-10,0.0
Zambia,MOH Supply Plan,"Norethisterone Enantate/Estradiol Valerate 50/5 mg/mL (1 mL) Ampoule, Intramuscular",Projected Inventory,2027-11,0.0
Zambia,MOH Supply Plan,"Norethisterone Enantate/Estradiol Valerate 50/5 mg/mL (1 mL) Ampoule, Intramuscular",Projected Inventory,2027-12,0.0
Zambia,MOH Supply Plan,"Norethisterone Enantate/Estradiol Valerate 50/5 mg/mL (1 mL) Ampoule, Intramuscular",Projected Inventory,2028-01,0.0
Zambia,MOH Supply Plan,"Norethisterone Enantate/Estradiol Valerate 50/5 mg/mL (1 mL) Ampoule, Intramuscular",Projected Inventory,2028-02,0.0
Zambia,MOH Supply Plan,"Norethisterone Enantate/Estradiol Valerate 50/5 mg/mL (1 mL) Ampoule, Intramuscular",Projected Inventory,2028-03,0.0
Zambia,MOH Supply Plan,"Norethisterone Enantate/Estradiol Valerate 50/5 mg/mL (1 mL) Ampoule, Intramuscular",Projected Inventory,2028-04,0.0
Zambia,MOH Supply Plan,"Norethisterone Enantate/Estradiol Valerate 50/5 mg/mL (1 mL) Ampoule, Intramuscular",Projected Inventory,2028-05,0.0
Zambia,MOH Supply Plan,"Norethisterone Enantate/Estradiol Valerate 50/5 mg/mL (1 mL) Ampoule, Intramuscular",Projected Inventory,2028-06,0.0
Zambia,MOH Supply Plan,"Norethisterone Enantate/Estradiol Valerate 50/5 mg/mL (1 mL) Ampoule, Intramuscular",Projected Inventory,2028-07,0.0
Zambia,MOH Supply Plan,"Norethisterone Enantate/Estradiol Valerate 50/5 mg/mL (1 mL) Ampoule, Intramuscular",Projected Inventory,2028-08,0.0
Zambia,MOH Supply Plan,"Norethisterone Enantate/Estradiol Valerate 50/5 mg/mL (1 mL) Ampoule, Intramuscular",Projected MOS below min MOS Alert,2026-02,0.0
Zambia,MOH Supply Plan,"Norethisterone Enantate/Estradiol Valerate 50/5 mg/mL (1 mL) Ampoule, Intramuscular",Projected MOS below min MOS Alert,2026-03,0.0
Zambia,MOH Supply Plan,"Norethisterone Enantate/Estradiol Valerate 50/5 mg/mL (1 mL) Ampoule, Intramuscular",Projected MOS below min MOS Alert,2026-04,0.0
Zambia,MOH Supply Plan,"Norethisterone Enantate/Estradiol Valerate 50/5 mg/mL (1 mL) Ampoule, Intramuscular",Projected MOS below min MOS Alert,2026-05,0.0
Zambia,MOH Supply Plan,"Norethisterone Enantate/Estradiol Valerate 50/5 mg/mL (1 mL) Ampoule, Intramuscular",Projected MOS below min MOS Alert,2026-06,0.0
Zambia,MOH Supply Plan,"Norethisterone Enantate/Estradiol Valerate 50/5 mg/mL (1 mL) Ampoule, Intramuscular",Projected MOS below min MOS Alert,2026-07,0.0
Zambia,MOH Supply Plan,"Norethisterone Enantate/Estradiol Valerate 50/5 mg/mL (1 mL) Ampoule, Intramuscular",Projected MOS below min MOS Alert,2026-08,0.0
Zambia,MOH Supply Plan,"Norethisterone Enantate/Estradiol Valerate 50/5 mg/mL (1 mL) Ampoule, Intramuscular",Projected MOS below min MOS Alert,2026-09,0.0
Zambia,MOH Supply Plan,"Norethisterone Enantate/Estradiol Valerate 50/5 mg/mL (1 mL) Ampoule, Intramuscular",Projected MOS below min MOS Alert,2026-10,0.0
Zambia,MOH Supply Plan,"Norethisterone Enantate/Estradiol Valerate 50/5 mg/mL (1 mL) Ampoule, Intramuscular",Projected MOS below min MOS Alert,2026-11,0.0
Zambia,MOH Supply Plan,"Norethisterone Enantate/Estradiol Valerate 50/5 mg/mL (1 mL) Ampoule, Intramuscular",Projected MOS below min MOS Alert,2026-12,0.0
Zambia,MOH Supply Plan,"Norethisterone Enantate/Estradiol Valerate 50/5 mg/mL (1 mL) Ampoule, Intramuscular",Projected MOS below min MOS Alert,2027-01,0.0
Zambia,MOH Supply Plan,"Norethisterone Enantate/Estradiol Valerate 50/5 mg/mL (1 mL) Ampoule, Intramuscular",Projected MOS below min MOS Alert,2027-02,0.0
Zambia,MOH Supply Plan,"Norethisterone Enantate/Estradiol Valerate 50/5 mg/mL (1 mL) Ampoule, Intramuscular",Projected MOS below min MOS Alert,2027-03,0.0
Zambia,MOH Supply Plan,"Norethisterone Enantate/Estradiol Valerate 50/5 mg/mL (1 mL) Ampoule, Intramuscular",Projected MOS below min MOS Alert,2027-04,0.0
Zambia,MOH Supply Plan,"Norethisterone Enantate/Estradiol Valerate 50/5 mg/mL (1 mL) Ampoule, Intramuscular",Projected MOS below min MOS Alert,2027-05,0.0
Zambia,MOH Supply Plan,"Norethisterone Enantate/Estradiol Valerate 50/5 mg/mL (1 mL) Ampoule, Intramuscular",Projected MOS below min MOS Alert,2027-06,0.0
Zambia,MOH Supply Plan,"Norethisterone Enantate/Estradiol Valerate 50/5 mg/mL (1 mL) Ampoule, Intramuscular",Projected MOS below min MOS Alert,2027-07,0.0
Zambia,MOH Supply Plan,"Norethisterone Enantate/Estradiol Valerate 50/5 mg/mL (1 mL) Ampoule, Intramuscular",Projected MOS below min MOS Alert,2027-08,0.0
Zambia,MOH Supply Plan,"Norethisterone Enantate/Estradiol Valerate 50/5 mg/mL (1 mL) Ampoule, Intramuscular",Projected MOS below min MOS Alert,2027-09,0.0
Zambia,MOH Supply Plan,"Norethisterone Enantate/Estradiol Valerate 50/5 mg/mL (1 mL) Ampoule, Intramuscular",Projected MOS below min MOS Alert,2027-10,0.0
Zambia,MOH Supply Plan,"Norethisterone Enantate/Estradiol Valerate 50/5 mg/mL (1 mL) Ampoule, Intramuscular",Projected MOS below min MOS Alert,2027-11,0.0
Zambia,MOH Supply Plan,"Norethisterone Enantate/Estradiol Valerate 50/5 mg/mL (1 mL) Ampoule, Intramuscular",Projected MOS below min MOS Alert,2027-12,0.0
Zambia,MOH Supply Plan,"Norethisterone Enantate/Estradiol Valerate 50/5 mg/mL (1 mL) Ampoule, Intramuscular",Projected MOS below min MOS Alert,2028-01,0.0
Zambia,MOH Supply Plan,"Norethisterone Enantate/Estradiol Valerate 50/5 mg/mL (1 mL) Ampoule, Intramuscular",Projected MOS below min MOS Alert,2028-02,0.0
Zambia,MOH Supply Plan,"Norethisterone Enantate/Estradiol Valerate 50/5 mg/mL (1 mL) Ampoule, Intramuscular",Projected MOS below min MOS Alert,2028-03,0.0
Zambia,MOH Supply Plan,"Norethisterone Enantate/Estradiol Valerate 50/5 mg/mL (1 mL) Ampoule, Intramuscular",Projected MOS below min MOS Alert,2028-04,0.0
Zambia,MOH Supply Plan,"Norethisterone Enantate/Estradiol Valerate 50/5 mg/mL (1 mL) Ampoule, Intramuscular",Projected MOS below min MOS Alert,2028-05,0.0
Zambia,MOH Supply Plan,"Norethisterone Enantate/Estradiol Valerate 50/5 mg/mL (1 mL) Ampoule, Intramuscular",Projected MOS below min MOS Alert,2028-06,0.0
Zambia,MOH Supply Plan,"Norethisterone Enantate/Estradiol Valerate 50/5 mg/mL (1 mL) Ampoule, Intramuscular",Projected MOS below min MOS Alert,2028-07,0.0
Zambia,MOH Supply Plan,"Norethisterone Enantate/Estradiol Valerate 50/5 mg/mL (1 mL) Ampoule, Intramuscular",Projected MOS below min MOS Alert,2028-08,0.0
Zambia,MOH Supply Plan,"Norethisterone Enantate/Estradiol Valerate 50/5 mg/mL (1 mL) Ampoule, Intramuscular",Projected MOS above max MOS Alert,2026-02,0.0
Zambia,MOH Supply Plan,"Norethisterone Enantate/Estradiol Valerate 50/5 mg/mL (1 mL) Ampoule, Intramuscular",Projected MOS above max MOS Alert,2026-03,0.0
Zambia,MOH Supply Plan,"Norethisterone Enantate/Estradiol Valerate 50/5 mg/mL (1 mL) Ampoule, Intramuscular",Projected MOS above max MOS Alert,2026-04,0.0
Zambia,MOH Supply Plan,"Norethisterone Enantate/Estradiol Valerate 50/5 mg/mL (1 mL) Ampoule, Intramuscular",Projected MOS above max MOS Alert,2026-05,0.0
Zambia,MOH Supply Plan,"Norethisterone Enantate/Estradiol Valerate 50/5 mg/mL (1 mL) Ampoule, Intramuscular",Projected MOS above max MOS Alert,2026-06,0.0
Zambia,MOH Supply Plan,"Norethisterone Enantate/Estradiol Valerate 50/5 mg/mL (1 mL) Ampoule, Intramuscular",Projected MOS above max MOS Alert,2026-07,0.0
Zambia,MOH Supply Plan,"Norethisterone Enantate/Estradiol Valerate 50/5 mg/mL (1 mL) Ampoule, Intramuscular",Projected MOS above max MOS Alert,2026-08,0.0
Zambia,MOH Supply Plan,"Norethisterone Enantate/Estradiol Valerate 50/5 mg/mL (1 mL) Ampoule, Intramuscular",Projected MOS above max MOS Alert,2026-09,0.0
Zambia,MOH Supply Plan,"Norethisterone Enantate/Estradiol Valerate 50/5 mg/mL (1 mL) Ampoule, Intramuscular",Projected MOS above max MOS Alert,2026-10,0.0
Zambia,MOH Supply Plan,"Norethisterone Enantate/Estradiol Valerate 50/5 mg/mL (1 mL) Ampoule, Intramuscular",Projected MOS above max MOS Alert,2026-11,0.0
Zambia,MOH Supply Plan,"Norethisterone Enantate/Estradiol Valerate 50/5 mg/mL (1 mL) Ampoule, Intramuscular",Projected MOS above max MOS Alert,2026-12,0.0
Zambia,MOH Supply Plan,"Norethisterone Enantate/Estradiol Valerate 50/5 mg/mL (1 mL) Ampoule, Intramuscular",Projected MOS above max MOS Alert,2027-01,0.0
Zambia,MOH Supply Plan,"Norethisterone Enantate/Estradiol Valerate 50/5 mg/mL (1 mL) Ampoule, Intramuscular",Projected MOS above max MOS Alert,2027-02,0.0
Zambia,MOH Supply Plan,"Norethisterone Enantate/Estradiol Valerate 50/5 mg/mL (1 mL) Ampoule, Intramuscular",Projected MOS above max MOS Alert,2027-03,0.0
Zambia,MOH Supply Plan,"Norethisterone Enantate/Estradiol Valerate 50/5 mg/mL (1 mL) Ampoule, Intramuscular",Projected MOS above max MOS Alert,2027-04,0.0
Zambia,MOH Supply Plan,"Norethisterone Enantate/Estradiol Valerate 50/5 mg/mL (1 mL) Ampoule, Intramuscular",Projected MOS above max MOS Alert,2027-05,0.0
Zambia,MOH Supply Plan,"Norethisterone Enantate/Estradiol Valerate 50/5 mg/mL (1 mL) Ampoule, Intramuscular",Projected MOS above max MOS Alert,2027-06,0.0
Zambia,MOH Supply Plan,"Norethisterone Enantate/Estradiol Valerate 50/5 mg/mL (1 mL) Ampoule, Intramuscular",Projected MOS above max MOS Alert,2027-07,0.0
Zambia,MOH Supply Plan,"Norethisterone Enantate/Estradiol Valerate 50/5 mg/mL (1 mL) Ampoule, Intramuscular",Projected MOS above max MOS Alert,2027-08,0.0
Zambia,MOH Supply Plan,"Norethisterone Enantate/Estradiol Valerate 50/5 mg/mL (1 mL) Ampoule, Intramuscular",Projected MOS above max MOS Alert,2027-09,0.0
Zambia,MOH Supply Plan,"Norethisterone Enantate/Estradiol Valerate 50/5 mg/mL (1 mL) Ampoule, Intramuscular",Projected MOS above max MOS Alert,2027-10,0.0
Zambia,MOH Supply Plan,"Norethisterone Enantate/Estradiol Valerate 50/5 mg/mL (1 mL) Ampoule, Intramuscular",Projected MOS above max MOS Alert,2027-11,0.0
Zambia,MOH Supply Plan,"Norethisterone Enantate/Estradiol Valerate 50/5 mg/mL (1 mL) Ampoule, Intramuscular",Projected MOS above max MOS Alert,2027-12,0.0
Zambia,MOH Supply Plan,"Norethisterone Enantate/Estradiol Valerate 50/5 mg/mL (1 mL) Ampoule, Intramuscular",Projected MOS above max MOS Alert,2028-01,0.0
Zambia,MOH Supply Plan,"Norethisterone Enantate/Estradiol Valerate 50/5 mg/mL (1 mL) Ampoule, Intramuscular",Projected MOS above max MOS Alert,2028-02,0.0
Zambia,MOH Supply Plan,"Norethisterone Enantate/Estradiol Valerate 50/5 mg/mL (1 mL) Ampoule, Intramuscular",Projected MOS above max MOS Alert,2028-03,0.0
Zambia,MOH Supply Plan,"Norethisterone Enantate/Estradiol Valerate 50/5 mg/mL (1 mL) Ampoule, Intramuscular",Projected MOS above max MOS Alert,2028-04,0.0
Zambia,MOH Supply Plan,"Norethisterone Enantate/Estradiol Valerate 50/5 mg/mL (1 mL) Ampoule, Intramuscular",Projected MOS above max MOS Alert,2028-05,0.0
Zambia,MOH Supply Plan,"Norethisterone Enantate/Estradiol Valerate 50/5 mg/mL (1 mL) Ampoule, Intramuscular",Projected MOS above max MOS Alert,2028-06,0.0
Zambia,MOH Supply Plan,"Norethisterone Enantate/Estradiol Valerate 50/5 mg/mL (1 mL) Ampoule, Intramuscular",Projected MOS above max MOS Alert,2028-07,0.0
Zambia,MOH Supply Plan,"Norethisterone Enantate/Estradiol Valerate 50/5 mg/mL (1 mL) Ampoule, Intramuscular",Projected MOS above max MOS Alert,2028-08,0.0
Zambia,MOH Supply Plan,"Norethisterone Enantate/Estradiol Valerate 50/5 mg/mL (1 mL) Ampoule, Intramuscular",S1 - Projected Inventory,2026-02,0.0
Zambia,MOH Supply Plan,"Norethisterone Enantate/Estradiol Valerate 50/5 mg/mL (1 mL) Ampoule, Intramuscular",S1 - Projected Inventory,2026-03,0.0
Zambia,MOH Supply Plan,"Norethisterone Enantate/Estradiol Valerate 50/5 mg/mL (1 mL) Ampoule, Intramuscular",S1 - Projected Inventory,2026-04,0.0
Zambia,MOH Supply Plan,"Norethisterone Enantate/Estradiol Valerate 50/5 mg/mL (1 mL) Ampoule, Intramuscular",S1 - Projected Inventory,2026-05,0.0
Zambia,MOH Supply Plan,"Norethisterone Enantate/Estradiol Valerate 50/5 mg/mL (1 mL) Ampoule, Intramuscular",S1 - Projected Inventory,2026-06,0.0
Zambia,MOH Supply Plan,"Norethisterone Enantate/Estradiol Valerate 50/5 mg/mL (1 mL) Ampoule, Intramuscular",S1 - Projected Inventory,2026-07,0.0
Zambia,MOH Supply Plan,"Norethisterone Enantate/Estradiol Valerate 50/5 mg/mL (1 mL) Ampoule, Intramuscular",S1 - Projected Inventory,2026-08,0.0
Zambia,MOH Supply Plan,"Norethisterone Enantate/Estradiol Valerate 50/5 mg/mL (1 mL) Ampoule, Intramuscular",S1 - Projected Inventory,2026-09,0.0
Zambia,MOH Supply Plan,"Norethisterone Enantate/Estradiol Valerate 50/5 mg/mL (1 mL) Ampoule, Intramuscular",S1 - Projected Inventory,2026-10,0.0
Zambia,MOH Supply Plan,"Norethisterone Enantate/Estradiol Valerate 50/5 mg/mL (1 mL) Ampoule, Intramuscular",S1 - Projected Inventory,2026-11,0.0
Zambia,MOH Supply Plan,"Norethisterone Enantate/Estradiol Valerate 50/5 mg/mL (1 mL) Ampoule, Intramuscular",S1 - Projected Inventory,2026-12,0.0
Zambia,MOH Supply Plan,"Norethisterone Enantate/Estradiol Valerate 50/5 mg/mL (1 mL) Ampoule, Intramuscular",S1 - Projected Inventory,2027-01,0.0
Zambia,MOH Supply Plan,"Norethisterone Enantate/Estradiol Valerate 50/5 mg/mL (1 mL) Ampoule, Intramuscular",S1 - Projected Inventory,2027-02,0.0
Zambia,MOH Supply Plan,"Norethisterone Enantate/Estradiol Valerate 50/5 mg/mL (1 mL) Ampoule, Intramuscular",S1 - Projected Inventory,2027-03,0.0
Zambia,MOH Supply Plan,"Norethisterone Enantate/Estradiol Valerate 50/5 mg/mL (1 mL) Ampoule, Intramuscular",S1 - Projected Inventory,2027-04,0.0
Zambia,MOH Supply Plan,"Norethisterone Enantate/Estradiol Valerate 50/5 mg/mL (1 mL) Ampoule, Intramuscular",S1 - Projected Inventory,2027-05,0.0
Zambia,MOH Supply Plan,"Norethisterone Enantate/Estradiol Valerate 50/5 mg/mL (1 mL) Ampoule, Intramuscular",S1 - Projected Inventory,2027-06,0.0
Zambia,MOH Supply Plan,"Norethisterone Enantate/Estradiol Valerate 50/5 mg/mL (1 mL) Ampoule, Intramuscular",S1 - Projected Inventory,2027-07,0.0
Zambia,MOH Supply Plan,"Norethisterone Enantate/Estradiol Valerate 50/5 mg/mL (1 mL) Ampoule, Intramuscular",S1 - Projected Inventory,2027-08,0.0
Zambia,MOH Supply Plan,"Norethisterone Enantate/Estradiol Valerate 50/5 mg/mL (1 mL) Ampoule, Intramuscular",S1 - Projected Inventory,2027-09,0.0
Zambia,MOH Supply Plan,"Norethisterone Enantate/Estradiol Valerate 50/5 mg/mL (1 mL) Ampoule, Intramuscular",S1 - Projected Inventory,2027-10,0.0
Zambia,MOH Supply Plan,"Norethisterone Enantate/Estradiol Valerate 50/5 mg/mL (1 mL) Ampoule, Intramuscular",S1 - Projected Inventory,2027-11,0.0
Zambia,MOH Supply Plan,"Norethisterone Enantate/Estradiol Valerate 50/5 mg/mL (1 mL) Ampoule, Intramuscular",S1 - Projected Inventory,2027-12,0.0
Zambia,MOH Supply Plan,"Norethisterone Enantate/Estradiol Valerate 50/5 mg/mL (1 mL) Ampoule, Intramuscular",S1 - Projected Inventory,2028-01,0.0
Zambia,MOH Supply Plan,"Norethisterone Enantate/Estradiol Valerate 50/5 mg/mL (1 mL) Ampoule, Intramuscular",S1 - Projected Inventory,2028-02,0.0
Zambia,MOH Supply Plan,"Norethisterone Enantate/Estradiol Valerate 50/5 mg/mL (1 mL) Ampoule, Intramuscular",S1 - Projected Inventory,2028-03,0.0
Zambia,MOH Supply Plan,"Norethisterone Enantate/Estradiol Valerate 50/5 mg/mL (1 mL) Ampoule, Intramuscular",S1 - Projected Inventory,2028-04,0.0
Zambia,MOH Supply Plan,"Norethisterone Enantate/Estradiol Valerate 50/5 mg/mL (1 mL) Ampoule, Intramuscular",S1 - Projected Inventory,2028-05,0.0
Zambia,MOH Supply Plan,"Norethisterone Enantate/Estradiol Valerate 50/5 mg/mL (1 mL) Ampoule, Intramuscular",S1 - Projected Inventory,2028-06,0.0
Zambia,MOH Supply Plan,"Norethisterone Enantate/Estradiol Valerate 50/5 mg/mL (1 mL) Ampoule, Intramuscular",S1 - Projected Inventory,2028-07,0.0
Zambia,MOH Supply Plan,"Norethisterone Enantate/Estradiol Valerate 50/5 mg/mL (1 mL) Ampoule, Intramuscular",S1 - Projected Inventory,2028-08,0.0
Zambia,MOH Supply Plan,"Norethisterone Enantate/Estradiol Valerate 50/5 mg/mL (1 mL) Ampoule, Intramuscular",S2 - Projected Inventory,2026-02,0.0
Zambia,MOH Supply Plan,"Norethisterone Enantate/Estradiol Valerate 50/5 mg/mL (1 mL) Ampoule, Intramuscular",S2 - Projected Inventory,2026-03,0.0
Zambia,MOH Supply Plan,"Norethisterone Enantate/Estradiol Valerate 50/5 mg/mL (1 mL) Ampoule, Intramuscular",S2 - Projected Inventory,2026-04,0.0
Zambia,MOH Supply Plan,"Norethisterone Enantate/Estradiol Valerate 50/5 mg/mL (1 mL) Ampoule, Intramuscular",S2 - Projected Inventory,2026-05,0.0
Zambia,MOH Supply Plan,"Norethisterone Enantate/Estradiol Valerate 50/5 mg/mL (1 mL) Ampoule, Intramuscular",S2 - Projected Inventory,2026-06,0.0
Zambia,MOH Supply Plan,"Norethisterone Enantate/Estradiol Valerate 50/5 mg/mL (1 mL) Ampoule, Intramuscular",S2 - Projected Inventory,2026-07,0.0
Zambia,MOH Supply Plan,"Norethisterone Enantate/Estradiol Valerate 50/5 mg/mL (1 mL) Ampoule, Intramuscular",S2 - Projected Inventory,2026-08,0.0
Zambia,MOH Supply Plan,"Norethisterone Enantate/Estradiol Valerate 50/5 mg/mL (1 mL) Ampoule, Intramuscular",S2 - Projected Inventory,2026-09,0.0
Zambia,MOH Supply Plan,"Norethisterone Enantate/Estradiol Valerate 50/5 mg/mL (1 mL) Ampoule, Intramuscular",S2 - Projected Inventory,2026-10,0.0
Zambia,MOH Supply Plan,"Norethisterone Enantate/Estradiol Valerate 50/5 mg/mL (1 mL) Ampoule, Intramuscular",S2 - Projected Inventory,2026-11,0.0
Zambia,MOH Supply Plan,"Norethisterone Enantate/Estradiol Valerate 50/5 mg/mL (1 mL) Ampoule, Intramuscular",S2 - Projected Inventory,2026-12,0.0
Zambia,MOH Supply Plan,"Norethisterone Enantate/Estradiol Valerate 50/5 mg/mL (1 mL) Ampoule, Intramuscular",S2 - Projected Inventory,2027-01,0.0
Zambia,MOH Supply Plan,"Norethisterone Enantate/Estradiol Valerate 50/5 mg/mL (1 mL) Ampoule, Intramuscular",S2 - Projected Inventory,2027-02,0.0
Zambia,MOH Supply Plan,"Norethisterone Enantate/Estradiol Valerate 50/5 mg/mL (1 mL) Ampoule, Intramuscular",S2 - Projected Inventory,2027-03,0.0
Zambia,MOH Supply Plan,"Norethisterone Enantate/Estradiol Valerate 50/5 mg/mL (1 mL) Ampoule, Intramuscular",S2 - Projected Inventory,2027-04,0.0
Zambia,MOH Supply Plan,"Norethisterone Enantate/Estradiol Valerate 50/5 mg/mL (1 mL) Ampoule, Intramuscular",S2 - Projected Inventory,2027-05,0.0
Zambia,MOH Supply Plan,"Norethisterone Enantate/Estradiol Valerate 50/5 mg/mL (1 mL) Ampoule, Intramuscular",S2 - Projected Inventory,2027-06,0.0
Zambia,MOH Supply Plan,"Norethisterone Enantate/Estradiol Valerate 50/5 mg/mL (1 mL) Ampoule, Intramuscular",S2 - Projected Inventory,2027-07,0.0
Zambia,MOH Supply Plan,"Norethisterone Enantate/Estradiol Valerate 50/5 mg/mL (1 mL) Ampoule, Intramuscular",S2 - Projected Inventory,2027-08,0.0
Zambia,MOH Supply Plan,"Norethisterone Enantate/Estradiol Valerate 50/5 mg/mL (1 mL) Ampoule, Intramuscular",S2 - Projected Inventory,2027-09,0.0
Zambia,MOH Supply Plan,"Norethisterone Enantate/Estradiol Valerate 50/5 mg/mL (1 mL) Ampoule, Intramuscular",S2 - Projected Inventory,2027-10,0.0
Zambia,MOH Supply Plan,"Norethisterone Enantate/Estradiol Valerate 50/5 mg/mL (1 mL) Ampoule, Intramuscular",S2 - Projected Inventory,2027-11,0.0
Zambia,MOH Supply Plan,"Norethisterone Enantate/Estradiol Valerate 50/5 mg/mL (1 mL) Ampoule, Intramuscular",S2 - Projected Inventory,2027-12,0.0
Zambia,MOH Supply Plan,"Norethisterone Enantate/Estradiol Valerate 50/5 mg/mL (1 mL) Ampoule, Intramuscular",S2 - Projected Inventory,2028-01,0.0
Zambia,MOH Supply Plan,"Norethisterone Enantate/Estradiol Valerate 50/5 mg/mL (1 mL) Ampoule, Intramuscular",S2 - Projected Inventory,2028-02,0.0
Zambia,MOH Supply Plan,"Norethisterone Enantate/Estradiol Valerate 50/5 mg/mL (1 mL) Ampoule, Intramuscular",S2 - Projected Inventory,2028-03,0.0
Zambia,MOH Supply Plan,"Norethisterone Enantate/Estradiol Valerate 50/5 mg/mL (1 mL) Ampoule, Intramuscular",S2 - Projected Inventory,2028-04,0.0
Zambia,MOH Supply Plan,"Norethisterone Enantate/Estradiol Valerate 50/5 mg/mL (1 mL) Ampoule, Intramuscular",S2 - Projected Inventory,2028-05,0.0
Zambia,MOH Supply Plan,"Norethisterone Enantate/Estradiol Valerate 50/5 mg/mL (1 mL) Ampoule, Intramuscular",S2 - Projected Inventory,2028-06,0.0
Zambia,MOH Supply Plan,"Norethisterone Enantate/Estradiol Valerate 50/5 mg/mL (1 mL) Ampoule, Intramuscular",S2 - Projected Inventory,2028-07,0.0
Zambia,MOH Supply Plan,"Norethisterone Enantate/Estradiol Valerate 50/5 mg/mL (1 mL) Ampoule, Intramuscular",S2 - Projected Inventory,2028-08,0.0
Zambia,No Supply Plan Available,"Medroxyprogesterone Acetate 104 mg/0.65 mL, Subcutaneous, Pre-Filled Device",Projected Inventory,2026-02,0.0
Zambia,No Supply Plan Available,"Medroxyprogesterone Acetate 104 mg/0.65 mL, Subcutaneous, Pre-Filled Device",Projected Inventory,2026-03,0.0
Zambia,No Supply Plan Available,"Medroxyprogesterone Acetate 104 mg/0.65 mL, Subcutaneous, Pre-Filled Device",Projected Inventory,2026-04,0.0
Zambia,No Supply Plan Available,"Medroxyprogesterone Acetate 104 mg/0.65 mL, Subcutaneous, Pre-Filled Device",Projected Inventory,2026-05,0.0
Zambia,No Supply Plan Available,"Medroxyprogesterone Acetate 104 mg/0.65 mL, Subcutaneous, Pre-Filled Device",Projected Inventory,2026-06,0.0
Zambia,No Supply Plan Available,"Medroxyprogesterone Acetate 104 mg/0.65 mL, Subcutaneous, Pre-Filled Device",Projected Inventory,2026-07,0.0
Zambia,No Supply Plan Available,"Medroxyprogesterone Acetate 104 mg/0.65 mL, Subcutaneous, Pre-Filled Device",Projected Inventory,2026-08,0.0
Zambia,No Supply Plan Available,"Medroxyprogesterone Acetate 104 mg/0.65 mL, Subcutaneous, Pre-Filled Device",Projected Inventory,2026-09,0.0
Zambia,No Supply Plan Available,"Medroxyprogesterone Acetate 104 mg/0.65 mL, Subcutaneous, Pre-Filled Device",Projected Inventory,2026-10,0.0
Zambia,No Supply Plan Available,"Medroxyprogesterone Acetate 104 mg/0.65 mL, Subcutaneous, Pre-Filled Device",Projected Inventory,2026-11,0.0
Zambia,No Supply Plan Available,"Medroxyprogesterone Acetate 104 mg/0.65 mL, Subcutaneous, Pre-Filled Device",Projected Inventory,2026-12,0.0
Zambia,No Supply Plan Available,"Medroxyprogesterone Acetate 104 mg/0.65 mL, Subcutaneous, Pre-Filled Device",Projected Inventory,2027-01,0.0
Zambia,No Supply Plan Available,"Medroxyprogesterone Acetate 104 mg/0.65 mL, Subcutaneous, Pre-Filled Device",Projected Inventory,2027-02,0.0
Zambia,No Supply Plan Available,"Medroxyprogesterone Acetate 104 mg/0.65 mL, Subcutaneous, Pre-Filled Device",Projected Inventory,2027-03,0.0
Zambia,No Supply Plan Available,"Medroxyprogesterone Acetate 104 mg/0.65 mL, Subcutaneous, Pre-Filled Device",Projected Inventory,2027-04,0.0
Zambia,No Supply Plan Available,"Medroxyprogesterone Acetate 104 mg/0.65 mL, Subcutaneous, Pre-Filled Device",Projected Inventory,2027-05,0.0
Zambia,No Supply Plan Available,"Medroxyprogesterone Acetate 104 mg/0.65 mL, Subcutaneous, Pre-Filled Device",Projected Inventory,2027-06,0.0
Zambia,No Supply Plan Available,"Medroxyprogesterone Acetate 104 mg/0.65 mL, Subcutaneous, Pre-Filled Device",Projected Inventory,2027-07,0.0
Zambia,No Supply Plan Available,"Medroxyprogesterone Acetate 104 mg/0.65 mL, Subcutaneous, Pre-Filled Device",Projected Inventory,2027-08,0.0
Zambia,No Supply Plan Available,"Medroxyprogesterone Acetate 104 mg/0.65 mL, Subcutaneous, Pre-Filled Device",Projected Inventory,2027-09,0.0
Zambia,No Supply Plan Available,"Medroxyprogesterone Acetate 104 mg/0.65 mL, Subcutaneous, Pre-Filled Device",Projected Inventory,2027-10,0.0
Zambia,No Supply Plan Available,"Medroxyprogesterone Acetate 104 mg/0.65 mL, Subcutaneous, Pre-Filled Device",Projected Inventory,2027-11,0.0
Zambia,No Supply Plan Available,"Medroxyprogesterone Acetate 104 mg/0.65 mL, Subcutaneous, Pre-Filled Device",Projected Inventory,2027-12,0.0
Zambia,No Supply Plan Available,"Medroxyprogesterone Acetate 104 mg/0.65 mL, Subcutaneous, Pre-Filled Device",Projected Inventory,2028-01,0.0
Zambia,No Supply Plan Available,"Medroxyprogesterone Acetate 104 mg/0.65 mL, Subcutaneous, Pre-Filled Device",Projected Inventory,2028-02,0.0
Zambia,No Supply Plan Available,"Medroxyprogesterone Acetate 104 mg/0.65 mL, Subcutaneous, Pre-Filled Device",Projected Inventory,2028-03,0.0
Zambia,No Supply Plan Available,"Medroxyprogesterone Acetate 104 mg/0.65 mL, Subcutaneous, Pre-Filled Device",Projected Inventory,2028-04,0.0
Zambia,No Supply Plan Available,"Medroxyprogesterone Acetate 104 mg/0.65 mL, Subcutaneous, Pre-Filled Device",Projected Inventory,2028-05,0.0
Zambia,No Supply Plan Available,"Medroxyprogesterone Acetate 104 mg/0.65 mL, Subcutaneous, Pre-Filled Device",Projected Inventory,2028-06,0.0
Zambia,No Supply Plan Available,"Medroxyprogesterone Acetate 104 mg/0.65 mL, Subcutaneous, Pre-Filled Device",Projected Inventory,2028-07,0.0
Zambia,No Supply Plan Available,"Medroxyprogesterone Acetate 104 mg/0.65 mL, Subcutaneous, Pre-Filled Device",Projected Inventory,2028-08,0.0
Zambia,No Supply Plan Available,"Medroxyprogesterone Acetate 104 mg/0.65 mL, Subcutaneous, Pre-Filled Device",Projected MOS below min MOS Alert,2026-02,0.0
Zambia,No Supply Plan Available,"Medroxyprogesterone Acetate 104 mg/0.65 mL, Subcutaneous, Pre-Filled Device",Projected MOS below min MOS Alert,2026-03,0.0
Zambia,No Supply Plan Available,"Medroxyprogesterone Acetate 104 mg/0.65 mL, Subcutaneous, Pre-Filled Device",Projected MOS below min MOS Alert,2026-04,0.0
Zambia,No Supply Plan Available,"Medroxyprogesterone Acetate 104 mg/0.65 mL, Subcutaneous, Pre-Filled Device",Projected MOS below min MOS Alert,2026-05,0.0
Zambia,No Supply Plan Available,"Medroxyprogesterone Acetate 104 mg/0.65 mL, Subcutaneous, Pre-Filled Device",Projected MOS below min MOS Alert,2026-06,0.0
Zambia,No Supply Plan Available,"Medroxyprogesterone Acetate 104 mg/0.65 mL, Subcutaneous, Pre-Filled Device",Projected MOS below min MOS Alert,2026-07,0.0
Zambia,No Supply Plan Available,"Medroxyprogesterone Acetate 104 mg/0.65 mL, Subcutaneous, Pre-Filled Device",Projected MOS below min MOS Alert,2026-08,0.0
Zambia,No Supply Plan Available,"Medroxyprogesterone Acetate 104 mg/0.65 mL, Subcutaneous, Pre-Filled Device",Projected MOS below min MOS Alert,2026-09,0.0
Zambia,No Supply Plan Available,"Medroxyprogesterone Acetate 104 mg/0.65 mL, Subcutaneous, Pre-Filled Device",Projected MOS below min MOS Alert,2026-10,0.0
Zambia,No Supply Plan Available,"Medroxyprogesterone Acetate 104 mg/0.65 mL, Subcutaneous, Pre-Filled Device",Projected MOS below min MOS Alert,2026-11,0.0
Zambia,No Supply Plan Available,"Medroxyprogesterone Acetate 104 mg/0.65 mL, Subcutaneous, Pre-Filled Device",Projected MOS below min MOS Alert,2026-12,0.0
Zambia,No Supply Plan Available,"Medroxyprogesterone Acetate 104 mg/0.65 mL, Subcutaneous, Pre-Filled Device",Projected MOS below min MOS Alert,2027-01,0.0
Zambia,No Supply Plan Available,"Medroxyprogesterone Acetate 104 mg/0.65 mL, Subcutaneous, Pre-Filled Device",Projected MOS below min MOS Alert,2027-02,0.0
Zambia,No Supply Plan Available,"Medroxyprogesterone Acetate 104 mg/0.65 mL, Subcutaneous, Pre-Filled Device",Projected MOS below min MOS Alert,2027-03,0.0
Zambia,No Supply Plan Available,"Medroxyprogesterone Acetate 104 mg/0.65 mL, Subcutaneous, Pre-Filled Device",Projected MOS below min MOS Alert,2027-04,0.0
Zambia,No Supply Plan Available,"Medroxyprogesterone Acetate 104 mg/0.65 mL, Subcutaneous, Pre-Filled Device",Projected MOS below min MOS Alert,2027-05,0.0
Zambia,No Supply Plan Available,"Medroxyprogesterone Acetate 104 mg/0.65 mL, Subcutaneous, Pre-Filled Device",Projected MOS below min MOS Alert,2027-06,0.0
Zambia,No Supply Plan Available,"Medroxyprogesterone Acetate 104 mg/0.65 mL, Subcutaneous, Pre-Filled Device",Projected MOS below min MOS Alert,2027-07,0.0
Zambia,No Supply Plan Available,"Medroxyprogesterone Acetate 104 mg/0.65 mL, Subcutaneous, Pre-Filled Device",Projected MOS below min MOS Alert,2027-08,0.0
Zambia,No Supply Plan Available,"Medroxyprogesterone Acetate 104 mg/0.65 mL, Subcutaneous, Pre-Filled Device",Projected MOS below min MOS Alert,2027-09,0.0
Zambia,No Supply Plan Available,"Medroxyprogesterone Acetate 104 mg/0.65 mL, Subcutaneous, Pre-Filled Device",Projected MOS below min MOS Alert,2027-10,0.0
Zambia,No Supply Plan Available,"Medroxyprogesterone Acetate 104 mg/0.65 mL, Subcutaneous, Pre-Filled Device",Projected MOS below min MOS Alert,2027-11,0.0
Zambia,No Supply Plan Available,"Medroxyprogesterone Acetate 104 mg/0.65 mL, Subcutaneous, Pre-Filled Device",Projected MOS below min MOS Alert,2027-12,0.0
Zambia,No Supply Plan Available,"Medroxyprogesterone Acetate 104 mg/0.65 mL, Subcutaneous, Pre-Filled Device",Projected MOS below min MOS Alert,2028-01,0.0
Zambia,No Supply Plan Available,"Medroxyprogesterone Acetate 104 mg/0.65 mL, Subcutaneous, Pre-Filled Device",Projected MOS below min MOS Alert,2028-02,0.0
Zambia,No Supply Plan Available,"Medroxyprogesterone Acetate 104 mg/0.65 mL, Subcutaneous, Pre-Filled Device",Projected MOS below min MOS Alert,2028-03,0.0
Zambia,No Supply Plan Available,"Medroxyprogesterone Acetate 104 mg/0.65 mL, Subcutaneous, Pre-Filled Device",Projected MOS below min MOS Alert,2028-04,0.0
Zambia,No Supply Plan Available,"Medroxyprogesterone Acetate 104 mg/0.65 mL, Subcutaneous, Pre-Filled Device",Projected MOS below min MOS Alert,2028-05,0.0
Zambia,No Supply Plan Available,"Medroxyprogesterone Acetate 104 mg/0.65 mL, Subcutaneous, Pre-Filled Device",Projected MOS below min MOS Alert,2028-06,0.0
Zambia,No Supply Plan Available,"Medroxyprogesterone Acetate 104 mg/0.65 mL, Subcutaneous, Pre-Filled Device",Projected MOS below min MOS Alert,2028-07,0.0
Zambia,No Supply Plan Available,"Medroxyprogesterone Acetate 104 mg/0.65 mL, Subcutaneous, Pre-Filled Device",Projected MOS below min MOS Alert,2028-08,0.0
Zambia,No Supply Plan Available,"Medroxyprogesterone Acetate 104 mg/0.65 mL, Subcutaneous, Pre-Filled Device",Projected MOS above max MOS Alert,2026-02,0.0
Zambia,No Supply Plan Available,"Medroxyprogesterone Acetate 104 mg/0.65 mL, Subcutaneous, Pre-Filled Device",Projected MOS above max MOS Alert,2026-03,0.0
Zambia,No Supply Plan Available,"Medroxyprogesterone Acetate 104 mg/0.65 mL, Subcutaneous, Pre-Filled Device",Projected MOS above max MOS Alert,2026-04,0.0
Zambia,No Supply Plan Available,"Medroxyprogesterone Acetate 104 mg/0.65 mL, Subcutaneous, Pre-Filled Device",Projected MOS above max MOS Alert,2026-05,0.0
Zambia,No Supply Plan Available,"Medroxyprogesterone Acetate 104 mg/0.65 mL, Subcutaneous, Pre-Filled Device",Projected MOS above max MOS Alert,2026-06,0.0
Zambia,No Supply Plan Available,"Medroxyprogesterone Acetate 104 mg/0.65 mL, Subcutaneous, Pre-Filled Device",Projected MOS above max MOS Alert,2026-07,0.0
Zambia,No Supply Plan Available,"Medroxyprogesterone Acetate 104 mg/0.65 mL, Subcutaneous, Pre-Filled Device",Projected MOS above max MOS Alert,2026-08,0.0
Zambia,No Supply Plan Available,"Medroxyprogesterone Acetate 104 mg/0.65 mL, Subcutaneous, Pre-Filled Device",Projected MOS above max MOS Alert,2026-09,0.0
Zambia,No Supply Plan Available,"Medroxyprogesterone Acetate 104 mg/0.65 mL, Subcutaneous, Pre-Filled Device",Projected MOS above max MOS Alert,2026-10,0.0
Zambia,No Supply Plan Available,"Medroxyprogesterone Acetate 104 mg/0.65 mL, Subcutaneous, Pre-Filled Device",Projected MOS above max MOS Alert,2026-11,0.0
Zambia,No Supply Plan Available,"Medroxyprogesterone Acetate 104 mg/0.65 mL, Subcutaneous, Pre-Filled Device",Projected MOS above max MOS Alert,2026-12,0.0
Zambia,No Supply Plan Available,"Medroxyprogesterone Acetate 104 mg/0.65 mL, Subcutaneous, Pre-Filled Device",Projected MOS above max MOS Alert,2027-01,0.0
Zambia,No Supply Plan Available,"Medroxyprogesterone Acetate 104 mg/0.65 mL, Subcutaneous, Pre-Filled Device",Projected MOS above max MOS Alert,2027-02,0.0
Zambia,No Supply Plan Available,"Medroxyprogesterone Acetate 104 mg/0.65 mL, Subcutaneous, Pre-Filled Device",Projected MOS above max MOS Alert,2027-03,0.0
Zambia,No Supply Plan Available,"Medroxyprogesterone Acetate 104 mg/0.65 mL, Subcutaneous, Pre-Filled Device",Projected MOS above max MOS Alert,2027-04,0.0
Zambia,No Supply Plan Available,"Medroxyprogesterone Acetate 104 mg/0.65 mL, Subcutaneous, Pre-Filled Device",Projected MOS above max MOS Alert,2027-05,0.0
Zambia,No Supply Plan Available,"Medroxyprogesterone Acetate 104 mg/0.65 mL, Subcutaneous, Pre-Filled Device",Projected MOS above max MOS Alert,2027-06,0.0
Zambia,No Supply Plan Available,"Medroxyprogesterone Acetate 104 mg/0.65 mL, Subcutaneous, Pre-Filled Device",Projected MOS above max MOS Alert,2027-07,0.0
Zambia,No Supply Plan Available,"Medroxyprogesterone Acetate 104 mg/0.65 mL, Subcutaneous, Pre-Filled Device",Projected MOS above max MOS Alert,2027-08,0.0
Zambia,No Supply Plan Available,"Medroxyprogesterone Acetate 104 mg/0.65 mL, Subcutaneous, Pre-Filled Device",Projected MOS above max MOS Alert,2027-09,0.0
Zambia,No Supply Plan Available,"Medroxyprogesterone Acetate 104 mg/0.65 mL, Subcutaneous, Pre-Filled Device",Projected MOS above max MOS Alert,2027-10,0.0
Zambia,No Supply Plan Available,"Medroxyprogesterone Acetate 104 mg/0.65 mL, Subcutaneous, Pre-Filled Device",Projected MOS above max MOS Alert,2027-11,0.0
Zambia,No Supply Plan Available,"Medroxyprogesterone Acetate 104 mg/0.65 mL, Subcutaneous, Pre-Filled Device",Projected MOS above max MOS Alert,2027-12,0.0
Zambia,No Supply Plan Available,"Medroxyprogesterone Acetate 104 mg/0.65 mL, Subcutaneous, Pre-Filled Device",Projected MOS above max MOS Alert,2028-01,0.0
Zambia,No Supply Plan Available,"Medroxyprogesterone Acetate 104 mg/0.65 mL, Subcutaneous, Pre-Filled Device",Projected MOS above max MOS Alert,2028-02,0.0
Zambia,No Supply Plan Available,"Medroxyprogesterone Acetate 104 mg/0.65 mL, Subcutaneous, Pre-Filled Device",Projected MOS above max MOS Alert,2028-03,0.0
Zambia,No Supply Plan Available,"Medroxyprogesterone Acetate 104 mg/0.65 mL, Subcutaneous, Pre-Filled Device",Projected MOS above max MOS Alert,2028-04,0.0
Zambia,No Supply Plan Available,"Medroxyprogesterone Acetate 104 mg/0.65 mL, Subcutaneous, Pre-Filled Device",Projected MOS above max MOS Alert,2028-05,0.0
Zambia,No Supply Plan Available,"Medroxyprogesterone Acetate 104 mg/0.65 mL, Subcutaneous, Pre-Filled Device",Projected MOS above max MOS Alert,2028-06,0.0
Zambia,No Supply Plan Available,"Medroxyprogesterone Acetate 104 mg/0.65 mL, Subcutaneous, Pre-Filled Device",Projected MOS above max MOS Alert,2028-07,0.0
Zambia,No Supply Plan Available,"Medroxyprogesterone Acetate 104 mg/0.65 mL, Subcutaneous, Pre-Filled Device",Projected MOS above max MOS Alert,2028-08,0.0
Zambia,No Supply Plan Available,"Medroxyprogesterone Acetate 104 mg/0.65 mL, Subcutaneous, Pre-Filled Device",S1 - Projected Inventory,2026-02,0.0
Zambia,No Supply Plan Available,"Medroxyprogesterone Acetate 104 mg/0.65 mL, Subcutaneous, Pre-Filled Device",S1 - Projected Inventory,2026-03,0.0
Zambia,No Supply Plan Available,"Medroxyprogesterone Acetate 104 mg/0.65 mL, Subcutaneous, Pre-Filled Device",S1 - Projected Inventory,2026-04,0.0
Zambia,No Supply Plan Available,"Medroxyprogesterone Acetate 104 mg/0.65 mL, Subcutaneous, Pre-Filled Device",S1 - Projected Inventory,2026-05,0.0
Zambia,No Supply Plan Available,"Medroxyprogesterone Acetate 104 mg/0.65 mL, Subcutaneous, Pre-Filled Device",S1 - Projected Inventory,2026-06,0.0
Zambia,No Supply Plan Available,"Medroxyprogesterone Acetate 104 mg/0.65 mL, Subcutaneous, Pre-Filled Device",S1 - Projected Inventory,2026-07,0.0
Zambia,No Supply Plan Available,"Medroxyprogesterone Acetate 104 mg/0.65 mL, Subcutaneous, Pre-Filled Device",S1 - Projected Inventory,2026-08,0.0
Zambia,No Supply Plan Available,"Medroxyprogesterone Acetate 104 mg/0.65 mL, Subcutaneous, Pre-Filled Device",S1 - Projected Inventory,2026-09,0.0
Zambia,No Supply Plan Available,"Medroxyprogesterone Acetate 104 mg/0.65 mL, Subcutaneous, Pre-Filled Device",S1 - Projected Inventory,2026-10,0.0
Zambia,No Supply Plan Available,"Medroxyprogesterone Acetate 104 mg/0.65 mL, Subcutaneous, Pre-Filled Device",S1 - Projected Inventory,2026-11,0.0
Zambia,No Supply Plan Available,"Medroxyprogesterone Acetate 104 mg/0.65 mL, Subcutaneous, Pre-Filled Device",S1 - Projected Inventory,2026-12,0.0
Zambia,No Supply Plan Available,"Medroxyprogesterone Acetate 104 mg/0.65 mL, Subcutaneous, Pre-Filled Device",S1 - Projected Inventory,2027-01,0.0
Zambia,No Supply Plan Available,"Medroxyprogesterone Acetate 104 mg/0.65 mL, Subcutaneous, Pre-Filled Device",S1 - Projected Inventory,2027-02,0.0
Zambia,No Supply Plan Available,"Medroxyprogesterone Acetate 104 mg/0.65 mL, Subcutaneous, Pre-Filled Device",S1 - Projected Inventory,2027-03,0.0
Zambia,No Supply Plan Available,"Medroxyprogesterone Acetate 104 mg/0.65 mL, Subcutaneous, Pre-Filled Device",S1 - Projected Inventory,2027-04,0.0
Zambia,No Supply Plan Available,"Medroxyprogesterone Acetate 104 mg/0.65 mL, Subcutaneous, Pre-Filled Device",S1 - Projected Inventory,2027-05,0.0
Zambia,No Supply Plan Available,"Medroxyprogesterone Acetate 104 mg/0.65 mL, Subcutaneous, Pre-Filled Device",S1 - Projected Inventory,2027-06,0.0
Zambia,No Supply Plan Available,"Medroxyprogesterone Acetate 104 mg/0.65 mL, Subcutaneous, Pre-Filled Device",S1 - Projected Inventory,2027-07,0.0
Zambia,No Supply Plan Available,"Medroxyprogesterone Acetate 104 mg/0.65 mL, Subcutaneous, Pre-Filled Device",S1 - Projected Inventory,2027-08,0.0
Zambia,No Supply Plan Available,"Medroxyprogesterone Acetate 104 mg/0.65 mL, Subcutaneous, Pre-Filled Device",S1 - Projected Inventory,2027-09,0.0
Zambia,No Supply Plan Available,"Medroxyprogesterone Acetate 104 mg/0.65 mL, Subcutaneous, Pre-Filled Device",S1 - Projected Inventory,2027-10,0.0
Zambia,No Supply Plan Available,"Medroxyprogesterone Acetate 104 mg/0.65 mL, Subcutaneous, Pre-Filled Device",S1 - Projected Inventory,2027-11,0.0
Zambia,No Supply Plan Available,"Medroxyprogesterone Acetate 104 mg/0.65 mL, Subcutaneous, Pre-Filled Device",S1 - Projected Inventory,2027-12,0.0
Zambia,No Supply Plan Available,"Medroxyprogesterone Acetate 104 mg/0.65 mL, Subcutaneous, Pre-Filled Device",S1 - Projected Inventory,2028-01,0.0
Zambia,No Supply Plan Available,"Medroxyprogesterone Acetate 104 mg/0.65 mL, Subcutaneous, Pre-Filled Device",S1 - Projected Inventory,2028-02,0.0
Zambia,No Supply Plan Available,"Medroxyprogesterone Acetate 104 mg/0.65 mL, Subcutaneous, Pre-Filled Device",S1 - Projected Inventory,2028-03,0.0
Zambia,No Supply Plan Available,"Medroxyprogesterone Acetate 104 mg/0.65 mL, Subcutaneous, Pre-Filled Device",S1 - Projected Inventory,2028-04,0.0
Zambia,No Supply Plan Available,"Medroxyprogesterone Acetate 104 mg/0.65 mL, Subcutaneous, Pre-Filled Device",S1 - Projected Inventory,2028-05,0.0
Zambia,No Supply Plan Available,"Medroxyprogesterone Acetate 104 mg/0.65 mL, Subcutaneous, Pre-Filled Device",S1 - Projected Inventory,2028-06,0.0
Zambia,No Supply Plan Available,"Medroxyprogesterone Acetate 104 mg/0.65 mL, Subcutaneous, Pre-Filled Device",S1 - Projected Inventory,2028-07,0.0
Zambia,No Supply Plan Available,"Medroxyprogesterone Acetate 104 mg/0.65 mL, Subcutaneous, Pre-Filled Device",S1 - Projected Inventory,2028-08,0.0
Zambia,No Supply Plan Available,"Medroxyprogesterone Acetate 104 mg/0.65 mL, Subcutaneous, Pre-Filled Device",S2 - Projected Inventory,2026-02,0.0
Zambia,No Supply Plan Available,"Medroxyprogesterone Acetate 104 mg/0.65 mL, Subcutaneous, Pre-Filled Device",S2 - Projected Inventory,2026-03,0.0
Zambia,No Supply Plan Available,"Medroxyprogesterone Acetate 104 mg/0.65 mL, Subcutaneous, Pre-Filled Device",S2 - Projected Inventory,2026-04,0.0
Zambia,No Supply Plan Available,"Medroxyprogesterone Acetate 104 mg/0.65 mL, Subcutaneous, Pre-Filled Device",S2 - Projected Inventory,2026-05,0.0
Zambia,No Supply Plan Available,"Medroxyprogesterone Acetate 104 mg/0.65 mL, Subcutaneous, Pre-Filled Device",S2 - Projected Inventory,2026-06,0.0
Zambia,No Supply Plan Available,"Medroxyprogesterone Acetate 104 mg/0.65 mL, Subcutaneous, Pre-Filled Device",S2 - Projected Inventory,2026-07,0.0
Zambia,No Supply Plan Available,"Medroxyprogesterone Acetate 104 mg/0.65 mL, Subcutaneous, Pre-Filled Device",S2 - Projected Inventory,2026-08,0.0
Zambia,No Supply Plan Available,"Medroxyprogesterone Acetate 104 mg/0.65 mL, Subcutaneous, Pre-Filled Device",S2 - Projected Inventory,2026-09,0.0
Zambia,No Supply Plan Available,"Medroxyprogesterone Acetate 104 mg/0.65 mL, Subcutaneous, Pre-Filled Device",S2 - Projected Inventory,2026-10,0.0
Zambia,No Supply Plan Available,"Medroxyprogesterone Acetate 104 mg/0.65 mL, Subcutaneous, Pre-Filled Device",S2 - Projected Inventory,2026-11,0.0
Zambia,No Supply Plan Available,"Medroxyprogesterone Acetate 104 mg/0.65 mL, Subcutaneous, Pre-Filled Device",S2 - Projected Inventory,2026-12,0.0
Zambia,No Supply Plan Available,"Medroxyprogesterone Acetate 104 mg/0.65 mL, Subcutaneous, Pre-Filled Device",S2 - Projected Inventory,2027-01,0.0
Zambia,No Supply Plan Available,"Medroxyprogesterone Acetate 104 mg/0.65 mL, Subcutaneous, Pre-Filled Device",S2 - Projected Inventory,2027-02,0.0
Zambia,No Supply Plan Available,"Medroxyprogesterone Acetate 104 mg/0.65 mL, Subcutaneous, Pre-Filled Device",S2 - Projected Inventory,2027-03,0.0
Zambia,No Supply Plan Available,"Medroxyprogesterone Acetate 104 mg/0.65 mL, Subcutaneous, Pre-Filled Device",S2 - Projected Inventory,2027-04,0.0
Zambia,No Supply Plan Available,"Medroxyprogesterone Acetate 104 mg/0.65 mL, Subcutaneous, Pre-Filled Device",S2 - Projected Inventory,2027-05,0.0
Zambia,No Supply Plan Available,"Medroxyprogesterone Acetate 104 mg/0.65 mL, Subcutaneous, Pre-Filled Device",S2 - Projected Inventory,2027-06,0.0
Zambia,No Supply Plan Available,"Medroxyprogesterone Acetate 104 mg/0.65 mL, Subcutaneous, Pre-Filled Device",S2 - Projected Inventory,2027-07,0.0
Zambia,No Supply Plan Available,"Medroxyprogesterone Acetate 104 mg/0.65 mL, Subcutaneous, Pre-Filled Device",S2 - Projected Inventory,2027-08,0.0
Zambia,No Supply Plan Available,"Medroxyprogesterone Acetate 104 mg/0.65 mL, Subcutaneous, Pre-Filled Device",S2 - Projected Inventory,2027-09,0.0
Zambia,No Supply Plan Available,"Medroxyprogesterone Acetate 104 mg/0.65 mL, Subcutaneous, Pre-Filled Device",S2 - Projected Inventory,2027-10,0.0
Zambia,No Supply Plan Available,"Medroxyprogesterone Acetate 104 mg/0.65 mL, Subcutaneous, Pre-Filled Device",S2 - Projected Inventory,2027-11,0.0
Zambia,No Supply Plan Available,"Medroxyprogesterone Acetate 104 mg/0.65 mL, Subcutaneous, Pre-Filled Device",S2 - Projected Inventory,2027-12,0.0
Zambia,No Supply Plan Available,"Medroxyprogesterone Acetate 104 mg/0.65 mL, Subcutaneous, Pre-Filled Device",S2 - Projected Inventory,2028-01,0.0
Zambia,No Supply Plan Available,"Medroxyprogesterone Acetate 104 mg/0.65 mL, Subcutaneous, Pre-Filled Device",S2 - Projected Inventory,2028-02,0.0
Zambia,No Supply Plan Available,"Medroxyprogesterone Acetate 104 mg/0.65 mL, Subcutaneous, Pre-Filled Device",S2 - Projected Inventory,2028-03,0.0
Zambia,No Supply Plan Available,"Medroxyprogesterone Acetate 104 mg/0.65 mL, Subcutaneous, Pre-Filled Device",S2 - Projected Inventory,2028-04,0.0
Zambia,No Supply Plan Available,"Medroxyprogesterone Acetate 104 mg/0.65 mL, Subcutaneous, Pre-Filled Device",S2 - Projected Inventory,2028-05,0.0
Zambia,No Supply Plan Available,"Medroxyprogesterone Acetate 104 mg/0.65 mL, Subcutaneous, Pre-Filled Device",S2 - Projected Inventory,2028-06,0.0
Zambia,No Supply Plan Available,"Medroxyprogesterone Acetate 104 mg/0.65 mL, Subcutaneous, Pre-Filled Device",S2 - Projected Inventory,2028-07,0.0
Zambia,No Supply Plan Available,"Medroxyprogesterone Acetate 104 mg/0.65 mL, Subcutaneous, Pre-Filled Device",S2 - Projected Inventory,2028-08,0.0
Zambia,No Supply Plan Available,"Medroxyprogesterone Acetate 150 mg/mL (1 mL) Vial, Intramuscular",Projected Inventory,2026-02,0.0
Zambia,No Supply Plan Available,"Medroxyprogesterone Acetate 150 mg/mL (1 mL) Vial, Intramuscular",Projected Inventory,2026-03,0.0
Zambia,No Supply Plan Available,"Medroxyprogesterone Acetate 150 mg/mL (1 mL) Vial, Intramuscular",Projected Inventory,2026-04,0.0
Zambia,No Supply Plan Available,"Medroxyprogesterone Acetate 150 mg/mL (1 mL) Vial, Intramuscular",Projected Inventory,2026-05,0.0
Zambia,No Supply Plan Available,"Medroxyprogesterone Acetate 150 mg/mL (1 mL) Vial, Intramuscular",Projected Inventory,2026-06,0.0
Zambia,No Supply Plan Available,"Medroxyprogesterone Acetate 150 mg/mL (1 mL) Vial, Intramuscular",Projected Inventory,2026-07,0.0
Zambia,No Supply Plan Available,"Medroxyprogesterone Acetate 150 mg/mL (1 mL) Vial, Intramuscular",Projected Inventory,2026-08,0.0
Zambia,No Supply Plan Available,"Medroxyprogesterone Acetate 150 mg/mL (1 mL) Vial, Intramuscular",Projected Inventory,2026-09,0.0
Zambia,No Supply Plan Available,"Medroxyprogesterone Acetate 150 mg/mL (1 mL) Vial, Intramuscular",Projected Inventory,2026-10,0.0
Zambia,No Supply Plan Available,"Medroxyprogesterone Acetate 150 mg/mL (1 mL) Vial, Intramuscular",Projected Inventory,2026-11,0.0
Zambia,No Supply Plan Available,"Medroxyprogesterone Acetate 150 mg/mL (1 mL) Vial, Intramuscular",Projected Inventory,2026-12,0.0
Zambia,No Supply Plan Available,"Medroxyprogesterone Acetate 150 mg/mL (1 mL) Vial, Intramuscular",Projected Inventory,2027-01,0.0
Zambia,No Supply Plan Available,"Medroxyprogesterone Acetate 150 mg/mL (1 mL) Vial, Intramuscular",Projected Inventory,2027-02,0.0
Zambia,No Supply Plan Available,"Medroxyprogesterone Acetate 150 mg/mL (1 mL) Vial, Intramuscular",Projected Inventory,2027-03,0.0
Zambia,No Supply Plan Available,"Medroxyprogesterone Acetate 150 mg/mL (1 mL) Vial, Intramuscular",Projected Inventory,2027-04,0.0
Zambia,No Supply Plan Available,"Medroxyprogesterone Acetate 150 mg/mL (1 mL) Vial, Intramuscular",Projected Inventory,2027-05,0.0
Zambia,No Supply Plan Available,"Medroxyprogesterone Acetate 150 mg/mL (1 mL) Vial, Intramuscular",Projected Inventory,2027-06,0.0
Zambia,No Supply Plan Available,"Medroxyprogesterone Acetate 150 mg/mL (1 mL) Vial, Intramuscular",Projected Inventory,2027-07,0.0
Zambia,No Supply Plan Available,"Medroxyprogesterone Acetate 150 mg/mL (1 mL) Vial, Intramuscular",Projected Inventory,2027-08,0.0
Zambia,No Supply Plan Available,"Medroxyprogesterone Acetate 150 mg/mL (1 mL) Vial, Intramuscular",Projected Inventory,2027-09,0.0
Zambia,No Supply Plan Available,"Medroxyprogesterone Acetate 150 mg/mL (1 mL) Vial, Intramuscular",Projected Inventory,2027-10,0.0
Zambia,No Supply Plan Available,"Medroxyprogesterone Acetate 150 mg/mL (1 mL) Vial, Intramuscular",Projected Inventory,2027-11,0.0
Zambia,No Supply Plan Available,"Medroxyprogesterone Acetate 150 mg/mL (1 mL) Vial, Intramuscular",Projected Inventory,2027-12,0.0
Zambia,No Supply Plan Available,"Medroxyprogesterone Acetate 150 mg/mL (1 mL) Vial, Intramuscular",Projected Inventory,2028-01,0.0
Zambia,No Supply Plan Available,"Medroxyprogesterone Acetate 150 mg/mL (1 mL) Vial, Intramuscular",Projected Inventory,2028-02,0.0
Zambia,No Supply Plan Available,"Medroxyprogesterone Acetate 150 mg/mL (1 mL) Vial, Intramuscular",Projected Inventory,2028-03,0.0
Zambia,No Supply Plan Available,"Medroxyprogesterone Acetate 150 mg/mL (1 mL) Vial, Intramuscular",Projected Inventory,2028-04,0.0
Zambia,No Supply Plan Available,"Medroxyprogesterone Acetate 150 mg/mL (1 mL) Vial, Intramuscular",Projected Inventory,2028-05,0.0
Zambia,No Supply Plan Available,"Medroxyprogesterone Acetate 150 mg/mL (1 mL) Vial, Intramuscular",Projected Inventory,2028-06,0.0
Zambia,No Supply Plan Available,"Medroxyprogesterone Acetate 150 mg/mL (1 mL) Vial, Intramuscular",Projected Inventory,2028-07,0.0
Zambia,No Supply Plan Available,"Medroxyprogesterone Acetate 150 mg/mL (1 mL) Vial, Intramuscular",Projected Inventory,2028-08,0.0
Zambia,No Supply Plan Available,"Medroxyprogesterone Acetate 150 mg/mL (1 mL) Vial, Intramuscular",Projected MOS below min MOS Alert,2026-02,0.0
Zambia,No Supply Plan Available,"Medroxyprogesterone Acetate 150 mg/mL (1 mL) Vial, Intramuscular",Projected MOS below min MOS Alert,2026-03,0.0
Zambia,No Supply Plan Available,"Medroxyprogesterone Acetate 150 mg/mL (1 mL) Vial, Intramuscular",Projected MOS below min MOS Alert,2026-04,0.0
Zambia,No Supply Plan Available,"Medroxyprogesterone Acetate 150 mg/mL (1 mL) Vial, Intramuscular",Projected MOS below min MOS Alert,2026-05,0.0
Zambia,No Supply Plan Available,"Medroxyprogesterone Acetate 150 mg/mL (1 mL) Vial, Intramuscular",Projected MOS below min MOS Alert,2026-06,0.0
Zambia,No Supply Plan Available,"Medroxyprogesterone Acetate 150 mg/mL (1 mL) Vial, Intramuscular",Projected MOS below min MOS Alert,2026-07,0.0
Zambia,No Supply Plan Available,"Medroxyprogesterone Acetate 150 mg/mL (1 mL) Vial, Intramuscular",Projected MOS below min MOS Alert,2026-08,0.0
Zambia,No Supply Plan Available,"Medroxyprogesterone Acetate 150 mg/mL (1 mL) Vial, Intramuscular",Projected MOS below min MOS Alert,2026-09,0.0
Zambia,No Supply Plan Available,"Medroxyprogesterone Acetate 150 mg/mL (1 mL) Vial, Intramuscular",Projected MOS below min MOS Alert,2026-10,0.0
Zambia,No Supply Plan Available,"Medroxyprogesterone Acetate 150 mg/mL (1 mL) Vial, Intramuscular",Projected MOS below min MOS Alert,2026-11,0.0
Zambia,No Supply Plan Available,"Medroxyprogesterone Acetate 150 mg/mL (1 mL) Vial, Intramuscular",Projected MOS below min MOS Alert,2026-12,0.0
Zambia,No Supply Plan Available,"Medroxyprogesterone Acetate 150 mg/mL (1 mL) Vial, Intramuscular",Projected MOS below min MOS Alert,2027-01,0.0
Zambia,No Supply Plan Available,"Medroxyprogesterone Acetate 150 mg/mL (1 mL) Vial, Intramuscular",Projected MOS below min MOS Alert,2027-02,0.0
Zambia,No Supply Plan Available,"Medroxyprogesterone Acetate 150 mg/mL (1 mL) Vial, Intramuscular",Projected MOS below min MOS Alert,2027-03,0.0
Zambia,No Supply Plan Available,"Medroxyprogesterone Acetate 150 mg/mL (1 mL) Vial, Intramuscular",Projected MOS below min MOS Alert,2027-04,0.0
Zambia,No Supply Plan Available,"Medroxyprogesterone Acetate 150 mg/mL (1 mL) Vial, Intramuscular",Projected MOS below min MOS Alert,2027-05,0.0
Zambia,No Supply Plan Available,"Medroxyprogesterone Acetate 150 mg/mL (1 mL) Vial, Intramuscular",Projected MOS below min MOS Alert,2027-06,0.0
Zambia,No Supply Plan Available,"Medroxyprogesterone Acetate 150 mg/mL (1 mL) Vial, Intramuscular",Projected MOS below min MOS Alert,2027-07,0.0
Zambia,No Supply Plan Available,"Medroxyprogesterone Acetate 150 mg/mL (1 mL) Vial, Intramuscular",Projected MOS below min MOS Alert,2027-08,0.0
Zambia,No Supply Plan Available,"Medroxyprogesterone Acetate 150 mg/mL (1 mL) Vial, Intramuscular",Projected MOS below min MOS Alert,2027-09,0.0
Zambia,No Supply Plan Available,"Medroxyprogesterone Acetate 150 mg/mL (1 mL) Vial, Intramuscular",Projected MOS below min MOS Alert,2027-10,0.0
Zambia,No Supply Plan Available,"Medroxyprogesterone Acetate 150 mg/mL (1 mL) Vial, Intramuscular",Projected MOS below min MOS Alert,2027-11,0.0
Zambia,No Supply Plan Available,"Medroxyprogesterone Acetate 150 mg/mL (1 mL) Vial, Intramuscular",Projected MOS below min MOS Alert,2027-12,0.0
Zambia,No Supply Plan Available,"Medroxyprogesterone Acetate 150 mg/mL (1 mL) Vial, Intramuscular",Projected MOS below min MOS Alert,2028-01,0.0
Zambia,No Supply Plan Available,"Medroxyprogesterone Acetate 150 mg/mL (1 mL) Vial, Intramuscular",Projected MOS below min MOS Alert,2028-02,0.0
Zambia,No Supply Plan Available,"Medroxyprogesterone Acetate 150 mg/mL (1 mL) Vial, Intramuscular",Projected MOS below min MOS Alert,2028-03,0.0
Zambia,No Supply Plan Available,"Medroxyprogesterone Acetate 150 mg/mL (1 mL) Vial, Intramuscular",Projected MOS below min MOS Alert,2028-04,0.0
Zambia,No Supply Plan Available,"Medroxyprogesterone Acetate 150 mg/mL (1 mL) Vial, Intramuscular",Projected MOS below min MOS Alert,2028-05,0.0
Zambia,No Supply Plan Available,"Medroxyprogesterone Acetate 150 mg/mL (1 mL) Vial, Intramuscular",Projected MOS below min MOS Alert,2028-06,0.0
Zambia,No Supply Plan Available,"Medroxyprogesterone Acetate 150 mg/mL (1 mL) Vial, Intramuscular",Projected MOS below min MOS Alert,2028-07,0.0
Zambia,No Supply Plan Available,"Medroxyprogesterone Acetate 150 mg/mL (1 mL) Vial, Intramuscular",Projected MOS below min MOS Alert,2028-08,0.0
Zambia,No Supply Plan Available,"Medroxyprogesterone Acetate 150 mg/mL (1 mL) Vial, Intramuscular",Projected MOS above max MOS Alert,2026-02,0.0
Zambia,No Supply Plan Available,"Medroxyprogesterone Acetate 150 mg/mL (1 mL) Vial, Intramuscular",Projected MOS above max MOS Alert,2026-03,0.0
Zambia,No Supply Plan Available,"Medroxyprogesterone Acetate 150 mg/mL (1 mL) Vial, Intramuscular",Projected MOS above max MOS Alert,2026-04,0.0
Zambia,No Supply Plan Available,"Medroxyprogesterone Acetate 150 mg/mL (1 mL) Vial, Intramuscular",Projected MOS above max MOS Alert,2026-05,0.0
Zambia,No Supply Plan Available,"Medroxyprogesterone Acetate 150 mg/mL (1 mL) Vial, Intramuscular",Projected MOS above max MOS Alert,2026-06,0.0
Zambia,No Supply Plan Available,"Medroxyprogesterone Acetate 150 mg/mL (1 mL) Vial, Intramuscular",Projected MOS above max MOS Alert,2026-07,0.0
Zambia,No Supply Plan Available,"Medroxyprogesterone Acetate 150 mg/mL (1 mL) Vial, Intramuscular",Projected MOS above max MOS Alert,2026-08,0.0
Zambia,No Supply Plan Available,"Medroxyprogesterone Acetate 150 mg/mL (1 mL) Vial, Intramuscular",Projected MOS above max MOS Alert,2026-09,0.0
Zambia,No Supply Plan Available,"Medroxyprogesterone Acetate 150 mg/mL (1 mL) Vial, Intramuscular",Projected MOS above max MOS Alert,2026-10,0.0
Zambia,No Supply Plan Available,"Medroxyprogesterone Acetate 150 mg/mL (1 mL) Vial, Intramuscular",Projected MOS above max MOS Alert,2026-11,0.0
Zambia,No Supply Plan Available,"Medroxyprogesterone Acetate 150 mg/mL (1 mL) Vial, Intramuscular",Projected MOS above max MOS Alert,2026-12,0.0
Zambia,No Supply Plan Available,"Medroxyprogesterone Acetate 150 mg/mL (1 mL) Vial, Intramuscular",Projected MOS above max MOS Alert,2027-01,0.0
Zambia,No Supply Plan Available,"Medroxyprogesterone Acetate 150 mg/mL (1 mL) Vial, Intramuscular",Projected MOS above max MOS Alert,2027-02,0.0
Zambia,No Supply Plan Available,"Medroxyprogesterone Acetate 150 mg/mL (1 mL) Vial, Intramuscular",Projected MOS above max MOS Alert,2027-03,0.0
Zambia,No Supply Plan Available,"Medroxyprogesterone Acetate 150 mg/mL (1 mL) Vial, Intramuscular",Projected MOS above max MOS Alert,2027-04,0.0
Zambia,No Supply Plan Available,"Medroxyprogesterone Acetate 150 mg/mL (1 mL) Vial, Intramuscular",Projected MOS above max MOS Alert,2027-05,0.0
Zambia,No Supply Plan Available,"Medroxyprogesterone Acetate 150 mg/mL (1 mL) Vial, Intramuscular",Projected MOS above max MOS Alert,2027-06,0.0
Zambia,No Supply Plan Available,"Medroxyprogesterone Acetate 150 mg/mL (1 mL) Vial, Intramuscular",Projected MOS above max MOS Alert,2027-07,0.0
Zambia,No Supply Plan Available,"Medroxyprogesterone Acetate 150 mg/mL (1 mL) Vial, Intramuscular",Projected MOS above max MOS Alert,2027-08,0.0
Zambia,No Supply Plan Available,"Medroxyprogesterone Acetate 150 mg/mL (1 mL) Vial, Intramuscular",Projected MOS above max MOS Alert,2027-09,0.0
Zambia,No Supply Plan Available,"Medroxyprogesterone Acetate 150 mg/mL (1 mL) Vial, Intramuscular",Projected MOS above max MOS Alert,2027-10,0.0
Zambia,No Supply Plan Available,"Medroxyprogesterone Acetate 150 mg/mL (1 mL) Vial, Intramuscular",Projected MOS above max MOS Alert,2027-11,0.0
Zambia,No Supply Plan Available,"Medroxyprogesterone Acetate 150 mg/mL (1 mL) Vial, Intramuscular",Projected MOS above max MOS Alert,2027-12,0.0
Zambia,No Supply Plan Available,"Medroxyprogesterone Acetate 150 mg/mL (1 mL) Vial, Intramuscular",Projected MOS above max MOS Alert,2028-01,0.0
Zambia,No Supply Plan Available,"Medroxyprogesterone Acetate 150 mg/mL (1 mL) Vial, Intramuscular",Projected MOS above max MOS Alert,2028-02,0.0
Zambia,No Supply Plan Available,"Medroxyprogesterone Acetate 150 mg/mL (1 mL) Vial, Intramuscular",Projected MOS above max MOS Alert,2028-03,0.0
Zambia,No Supply Plan Available,"Medroxyprogesterone Acetate 150 mg/mL (1 mL) Vial, Intramuscular",Projected MOS above max MOS Alert,2028-04,0.0
Zambia,No Supply Plan Available,"Medroxyprogesterone Acetate 150 mg/mL (1 mL) Vial, Intramuscular",Projected MOS above max MOS Alert,2028-05,0.0
Zambia,No Supply Plan Available,"Medroxyprogesterone Acetate 150 mg/mL (1 mL) Vial, Intramuscular",Projected MOS above max MOS Alert,2028-06,0.0
Zambia,No Supply Plan Available,"Medroxyprogesterone Acetate 150 mg/mL (1 mL) Vial, Intramuscular",Projected MOS above max MOS Alert,2028-07,0.0
Zambia,No Supply Plan Available,"Medroxyprogesterone Acetate 150 mg/mL (1 mL) Vial, Intramuscular",Projected MOS above max MOS Alert,2028-08,0.0
Zambia,No Supply Plan Available,"Medroxyprogesterone Acetate 150 mg/mL (1 mL) Vial, Intramuscular",S1 - Projected Inventory,2026-02,0.0
Zambia,No Supply Plan Available,"Medroxyprogesterone Acetate 150 mg/mL (1 mL) Vial, Intramuscular",S1 - Projected Inventory,2026-03,0.0
Zambia,No Supply Plan Available,"Medroxyprogesterone Acetate 150 mg/mL (1 mL) Vial, Intramuscular",S1 - Projected Inventory,2026-04,0.0
Zambia,No Supply Plan Available,"Medroxyprogesterone Acetate 150 mg/mL (1 mL) Vial, Intramuscular",S1 - Projected Inventory,2026-05,0.0
Zambia,No Supply Plan Available,"Medroxyprogesterone Acetate 150 mg/mL (1 mL) Vial, Intramuscular",S1 - Projected Inventory,2026-06,0.0
Zambia,No Supply Plan Available,"Medroxyprogesterone Acetate 150 mg/mL (1 mL) Vial, Intramuscular",S1 - Projected Inventory,2026-07,0.0
Zambia,No Supply Plan Available,"Medroxyprogesterone Acetate 150 mg/mL (1 mL) Vial, Intramuscular",S1 - Projected Inventory,2026-08,0.0
Zambia,No Supply Plan Available,"Medroxyprogesterone Acetate 150 mg/mL (1 mL) Vial, Intramuscular",S1 - Projected Inventory,2026-09,0.0
Zambia,No Supply Plan Available,"Medroxyprogesterone Acetate 150 mg/mL (1 mL) Vial, Intramuscular",S1 - Projected Inventory,2026-10,0.0
Zambia,No Supply Plan Available,"Medroxyprogesterone Acetate 150 mg/mL (1 mL) Vial, Intramuscular",S1 - Projected Inventory,2026-11,0.0
Zambia,No Supply Plan Available,"Medroxyprogesterone Acetate 150 mg/mL (1 mL) Vial, Intramuscular",S1 - Projected Inventory,2026-12,0.0
Zambia,No Supply Plan Available,"Medroxyprogesterone Acetate 150 mg/mL (1 mL) Vial, Intramuscular",S1 - Projected Inventory,2027-01,0.0
Zambia,No Supply Plan Available,"Medroxyprogesterone Acetate 150 mg/mL (1 mL) Vial, Intramuscular",S1 - Projected Inventory,2027-02,0.0
Zambia,No Supply Plan Available,"Medroxyprogesterone Acetate 150 mg/mL (1 mL) Vial, Intramuscular",S1 - Projected Inventory,2027-03,0.0
Zambia,No Supply Plan Available,"Medroxyprogesterone Acetate 150 mg/mL (1 mL) Vial, Intramuscular",S1 - Projected Inventory,2027-04,0.0
Zambia,No Supply Plan Available,"Medroxyprogesterone Acetate 150 mg/mL (1 mL) Vial, Intramuscular",S1 - Projected Inventory,2027-05,0.0
Zambia,No Supply Plan Available,"Medroxyprogesterone Acetate 150 mg/mL (1 mL) Vial, Intramuscular",S1 - Projected Inventory,2027-06,0.0
Zambia,No Supply Plan Available,"Medroxyprogesterone Acetate 150 mg/mL (1 mL) Vial, Intramuscular",S1 - Projected Inventory,2027-07,0.0
Zambia,No Supply Plan Available,"Medroxyprogesterone Acetate 150 mg/mL (1 mL) Vial, Intramuscular",S1 - Projected Inventory,2027-08,0.0
Zambia,No Supply Plan Available,"Medroxyprogesterone Acetate 150 mg/mL (1 mL) Vial, Intramuscular",S1 - Projected Inventory,2027-09,0.0
Zambia,No Supply Plan Available,"Medroxyprogesterone Acetate 150 mg/mL (1 mL) Vial, Intramuscular",S1 - Projected Inventory,2027-10,0.0
Zambia,No Supply Plan Available,"Medroxyprogesterone Acetate 150 mg/mL (1 mL) Vial, Intramuscular",S1 - Projected Inventory,2027-11,0.0
Zambia,No Supply Plan Available,"Medroxyprogesterone Acetate 150 mg/mL (1 mL) Vial, Intramuscular",S1 - Projected Inventory,2027-12,0.0
Zambia,No Supply Plan Available,"Medroxyprogesterone Acetate 150 mg/mL (1 mL) Vial, Intramuscular",S1 - Projected Inventory,2028-01,0.0
Zambia,No Supply Plan Available,"Medroxyprogesterone Acetate 150 mg/mL (1 mL) Vial, Intramuscular",S1 - Projected Inventory,2028-02,0.0
Zambia,No Supply Plan Available,"Medroxyprogesterone Acetate 150 mg/mL (1 mL) Vial, Intramuscular",S1 - Projected Inventory,2028-03,0.0
Zambia,No Supply Plan Available,"Medroxyprogesterone Acetate 150 mg/mL (1 mL) Vial, Intramuscular",S1 - Projected Inventory,2028-04,0.0
Zambia,No Supply Plan Available,"Medroxyprogesterone Acetate 150 mg/mL (1 mL) Vial, Intramuscular",S1 - Projected Inventory,2028-05,0.0
Zambia,No Supply Plan Available,"Medroxyprogesterone Acetate 150 mg/mL (1 mL) Vial, Intramuscular",S1 - Projected Inventory,2028-06,0.0
Zambia,No Supply Plan Available,"Medroxyprogesterone Acetate 150 mg/mL (1 mL) Vial, Intramuscular",S1 - Projected Inventory,2028-07,0.0
Zambia,No Supply Plan Available,"Medroxyprogesterone Acetate 150 mg/mL (1 mL) Vial, Intramuscular",S1 - Projected Inventory,2028-08,0.0
Zambia,No Supply Plan Available,"Medroxyprogesterone Acetate 150 mg/mL (1 mL) Vial, Intramuscular",S2 - Projected Inventory,2026-02,0.0
Zambia,No Supply Plan Available,"Medroxyprogesterone Acetate 150 mg/mL (1 mL) Vial, Intramuscular",S2 - Projected Inventory,2026-03,0.0
Zambia,No Supply Plan Available,"Medroxyprogesterone Acetate 150 mg/mL (1 mL) Vial, Intramuscular",S2 - Projected Inventory,2026-04,0.0
Zambia,No Supply Plan Available,"Medroxyprogesterone Acetate 150 mg/mL (1 mL) Vial, Intramuscular",S2 - Projected Inventory,2026-05,0.0
Zambia,No Supply Plan Available,"Medroxyprogesterone Acetate 150 mg/mL (1 mL) Vial, Intramuscular",S2 - Projected Inventory,2026-06,0.0
Zambia,No Supply Plan Available,"Medroxyprogesterone Acetate 150 mg/mL (1 mL) Vial, Intramuscular",S2 - Projected Inventory,2026-07,0.0
Zambia,No Supply Plan Available,"Medroxyprogesterone Acetate 150 mg/mL (1 mL) Vial, Intramuscular",S2 - Projected Inventory,2026-08,0.0
Zambia,No Supply Plan Available,"Medroxyprogesterone Acetate 150 mg/mL (1 mL) Vial, Intramuscular",S2 - Projected Inventory,2026-09,0.0
Zambia,No Supply Plan Available,"Medroxyprogesterone Acetate 150 mg/mL (1 mL) Vial, Intramuscular",S2 - Projected Inventory,2026-10,0.0
Zambia,No Supply Plan Available,"Medroxyprogesterone Acetate 150 mg/mL (1 mL) Vial, Intramuscular",S2 - Projected Inventory,2026-11,0.0
Zambia,No Supply Plan Available,"Medroxyprogesterone Acetate 150 mg/mL (1 mL) Vial, Intramuscular",S2 - Projected Inventory,2026-12,0.0
Zambia,No Supply Plan Available,"Medroxyprogesterone Acetate 150 mg/mL (1 mL) Vial, Intramuscular",S2 - Projected Inventory,2027-01,0.0
Zambia,No Supply Plan Available,"Medroxyprogesterone Acetate 150 mg/mL (1 mL) Vial, Intramuscular",S2 - Projected Inventory,2027-02,0.0
Zambia,No Supply Plan Available,"Medroxyprogesterone Acetate 150 mg/mL (1 mL) Vial, Intramuscular",S2 - Projected Inventory,2027-03,0.0
Zambia,No Supply Plan Available,"Medroxyprogesterone Acetate 150 mg/mL (1 mL) Vial, Intramuscular",S2 - Projected Inventory,2027-04,0.0
Zambia,No Supply Plan Available,"Medroxyprogesterone Acetate 150 mg/mL (1 mL) Vial, Intramuscular",S2 - Projected Inventory,2027-05,0.0
Zambia,No Supply Plan Available,"Medroxyprogesterone Acetate 150 mg/mL (1 mL) Vial, Intramuscular",S2 - Projected Inventory,2027-06,0.0
Zambia,No Supply Plan Available,"Medroxyprogesterone Acetate 150 mg/mL (1 mL) Vial, Intramuscular",S2 - Projected Inventory,2027-07,0.0
Zambia,No Supply Plan Available,"Medroxyprogesterone Acetate 150 mg/mL (1 mL) Vial, Intramuscular",S2 - Projected Inventory,2027-08,0.0
Zambia,No Supply Plan Available,"Medroxyprogesterone Acetate 150 mg/mL (1 mL) Vial, Intramuscular",S2 - Projected Inventory,2027-09,0.0
Zambia,No Supply Plan Available,"Medroxyprogesterone Acetate 150 mg/mL (1 mL) Vial, Intramuscular",S2 - Projected Inventory,2027-10,0.0
Zambia,No Supply Plan Available,"Medroxyprogesterone Acetate 150 mg/mL (1 mL) Vial, Intramuscular",S2 - Projected Inventory,2027-11,0.0
Zambia,No Supply Plan Available,"Medroxyprogesterone Acetate 150 mg/mL (1 mL) Vial, Intramuscular",S2 - Projected Inventory,2027-12,0.0
Zambia,No Supply Plan Available,"Medroxyprogesterone Acetate 150 mg/mL (1 mL) Vial, Intramuscular",S2 - Projected Inventory,2028-01,0.0
Zambia,No Supply Plan Available,"Medroxyprogesterone Acetate 150 mg/mL (1 mL) Vial, Intramuscular",S2 - Projected Inventory,2028-02,0.0
Zambia,No Supply Plan Available,"Medroxyprogesterone Acetate 150 mg/mL (1 mL) Vial, Intramuscular",S2 - Projected Inventory,2028-03,0.0
Zambia,No Supply Plan Available,"Medroxyprogesterone Acetate 150 mg/mL (1 mL) Vial, Intramuscular",S2 - Projected Inventory,2028-04,0.0
Zambia,No Supply Plan Available,"Medroxyprogesterone Acetate 150 mg/mL (1 mL) Vial, Intramuscular",S2 - Projected Inventory,2028-05,0.0
Zambia,No Supply Plan Available,"Medroxyprogesterone Acetate 150 mg/mL (1 mL) Vial, Intramuscular",S2 - Projected Inventory,2028-06,0.0
Zambia,No Supply Plan Available,"Medroxyprogesterone Acetate 150 mg/mL (1 mL) Vial, Intramuscular",S2 - Projected Inventory,2028-07,0.0
Zambia,No Supply Plan Available,"Medroxyprogesterone Acetate 150 mg/mL (1 mL) Vial, Intramuscular",S2 - Projected Inventory,2028-08,0.0
